"caseId","frameStartSample","validSamples","timestampSeconds","pitchHz","fractionalMidi","confidence","rms","energy","peak","clippingFraction","onsetCandidate","onsetStrength","isSilent","signalQuality"
"1","0","512","0.0","0.0",,"0.0","0.0","0.0","0.0","0.0","False","0.0","True","0.0"
"1","512","512","0.011609977324263039","0.0",,"0.0","0.0","0.0","0.0","0.0","False","0.0","True","0.0"
"1","1024","512","0.023219954648526078","0.0",,"0.0","0.0","0.0","0.0","0.0","False","0.0","True","0.0"
"1","1536","512","0.034829931972789115","0.0",,"0.0","0.0","0.0","0.0","0.0","False","0.0","True","0.0"
"1","2048","512","0.046439909297052155","0.0",,"0.0","0.0","0.0","0.0","0.0","False","0.0","True","0.0"
"1","2560","512","0.058049886621315196","0.0",,"0.0","0.0","0.0","0.0","0.0","False","0.0","True","0.0"
"1","3072","512","0.06965986394557823","0.0",,"0.0","0.0","0.0","0.0","0.0","False","0.0","True","0.0"
"1","3584","512","0.08126984126984127","0.0",,"0.0","0.0","0.0","0.0","0.0","False","0.0","True","0.0"
"1","4096","512","0.09287981859410431","0.0",,"0.0","0.000006031566044839565","3.63797880709171E-11","0.000030517578125","0.0","False","0.0","True","0.0"
"1","4608","512","0.10448979591836735","0.0",,"0.0","0.000012543627235572785","1.57342583406717E-10","0.0000457763671875","0.0","False","0.0","True","0.0"
"1","5120","512","0.11609977324263039","0.0",,"0.0","0.000013737545486947056","1.88720150617883E-10","0.000030517578125","0.0","False","0.0","True","0.0"
"1","5632","512","0.12770975056689343","0.0",,"0.0","0.000014650622688350268","2.14640749618411E-10","0.0000457763671875","0.0","False","0.0","True","0.0"
"1","6144","512","0.13931972789115646","0.0",,"0.0","0.00007551511225756258","5.70253178011626E-09","0.000457763671875","0.0","False","0.0","True","0.0"
"1","6656","512","0.1509297052154195","0.0",,"0.0","0.0002210025704698637","4.88421392219607E-08","0.0006103515625","0.0","False","0.0","True","0.0"
"1","7168","512","0.16253968253968254","0.0",,"0.0","0.0008292586426250637","6.87669853505213E-07","0.001983642578125","0.0","False","0.0","True","0.0"
"1","7680","512","0.17414965986394557","0.0",,"0.0","0.0015528110088780522","0.000002411221885267878","0.0028839111328125","0.0","False","0.0","True","0.0"
"1","8192","512","0.18575963718820862","0.0",,"0.0","0.00315410690382123","0.000009948390470526647","0.0058746337890625","0.0","False","1.0","False","1.0"
"1","8704","512","0.19736961451247165","147.44723510742188","50.07234295029015","0.8509788513183594","0.004452423192560673","0.000019824070477625355","0.0077362060546875","0.0","True","0.45650824904441833","False","1.0"
"1","9216","512","0.2089795918367347","147.11558532714844","50.03335882909366","0.8900107741355896","0.007064056117087603","0.00004990088928025216","0.012359619140625","0.0","False","0.35848572850227356","False","1.0"
"1","9728","512","0.22058956916099773","0.0",,"0.0","0.010830785147845745","0.0001173059135908261","0.0195159912109375","0.0","False","0.48633620142936707","False","1.0"
"1","10240","512","0.23219954648526078","0.0",,"0.0","0.01100087258964777","0.0001210191985592246","0.0199737548828125","0.0","False","0.2134970873594284","False","1.0"
"1","10752","512","0.2438095238095238","0.0",,"0.0","0.010527453385293484","0.00011082726996392012","0.0199737548828125","0.0","False","0.20826958119869232","False","1.0"
"1","11264","512","0.25541950113378686","0.0",,"0.0","0.013539778999984264","0.00018332561012357473","0.026702880859375","0.0","False","0.28122642636299133","False","1.0"
"1","11776","512","0.26702947845804986","0.0",,"0.0","0.015754319727420807","0.0002481985720805824","0.0300140380859375","0.0","False","0.293502539396286","False","1.0"
"1","12288","512","0.2786394557823129","0.0",,"0.0","0.018109120428562164","0.0003279402444604784","0.0296783447265625","0.0","False","0.21656107902526855","False","1.0"
"1","12800","512","0.29024943310657597","0.0",,"0.0","0.01616497151553631","0.0002613062970340252","0.0276947021484375","0.0","False","0.17982661724090576","False","1.0"
"1","13312","512","0.301859410430839","0.0",,"0.0","0.01590246707201004","0.0002528884797357023","0.0269622802734375","0.0","False","0.2675550580024719","False","1.0"
"1","13824","512","0.313469387755102","0.0",,"0.0","0.020031815394759178","0.0004012736026197672","0.0334625244140625","0.0","False","0.17521661520004272","False","1.0"
"1","14336","512","0.3250793650793651","0.0",,"0.0","0.009787834249436855","0.00009580169717082754","0.0170440673828125","0.0","False","0.19088564813137054","False","1.0"
"1","14848","512","0.33668934240362813","0.0",,"0.0","0.017038391903042793","0.00029030677978880703","0.03076171875","0.0","False","0.1679922491312027","False","1.0"
"1","15360","512","0.34829931972789113","0.0",,"0.0","0.01740911789238453","0.00030307736597023904","0.030303955078125","0.0","False","0.24858811497688293","False","1.0"
"1","15872","512","0.3599092970521542","0.0",,"0.0","0.012414219789206982","0.0001541128585813567","0.030517578125","0.0","False","0.14062999188899994","False","1.0"
"1","16384","512","0.37151927437641724","0.0",,"0.0","0.014127113856375217","0.00019957535550929606","0.0294952392578125","0.0","False","0.17324183881282806","False","1.0"
"1","16896","512","0.3831292517006803","0.0",,"0.0","0.011843467131257057","0.0001402677153237164","0.01971435546875","0.0","False","0.14394845068454742","False","1.0"
"1","17408","512","0.3947392290249433","0.0",,"0.0","0.014852689579129219","0.0002206023782491684","0.030853271484375","0.0","False","0.20647728443145752","False","1.0"
"1","17920","512","0.40634920634920635","0.0",,"0.0","0.010921957902610302","0.00011928916501346976","0.0163726806640625","0.0","False","0.1531018614768982","False","1.0"
"1","18432","512","0.4179591836734694","0.0",,"0.0","0.011804597452282906","0.00013934852904640138","0.0244903564453125","0.0","False","0.13761207461357117","False","1.0"
"1","18944","512","0.4295691609977324","0.0",,"0.0","0.01281493529677391","0.00016422256885562092","0.021636962890625","0.0","False","0.15295003354549408","False","1.0"
"1","19456","512","0.44117913832199546","0.0",,"0.0","0.009757991880178452","0.00009521839820081368","0.021759033203125","0.0","False","0.1824856549501419","False","1.0"
"1","19968","512","0.4527891156462585","0.0",,"0.0","0.007906120270490646","0.00006250673322938383","0.0153045654296875","0.0","False","0.12370634078979492","False","1.0"
"1","20480","512","0.46439909297052157","0.0",,"0.0","0.007316795643419027","0.0000535354956809897","0.0155029296875","0.0","False","0.17891766130924225","False","1.0"
"1","20992","512","0.47600907029478456","0.0",,"0.0","0.008915981277823448","0.00007949472637847066","0.0191497802734375","0.0","False","0.15774273872375488","False","1.0"
"1","21504","512","0.4876190476190476","0.0",,"0.0","0.010245263576507568","0.00010496543109184131","0.0166473388671875","0.0","False","0.144941046833992","False","1.0"
"1","22016","512","0.4992290249433107","0.0",,"0.0","0.011242859996855259","0.0001264018937945366","0.0216827392578125","0.0","False","0.19571353495121002","False","1.0"
"1","22528","512","0.5108390022675737","0.0",,"0.0","0.01754518412053585","0.000307833484839648","0.0323028564453125","0.0","False","0.2327743023633957","False","1.0"
"1","23040","512","0.5224489795918368","0.0",,"0.0","0.012874401174485683","0.00016575019981246442","0.0308990478515625","0.0","False","0.1488114297389984","False","1.0"
"1","23552","512","0.5340589569160997","0.0",,"0.0","0.010188927873969078","0.00010381425818195567","0.0201873779296875","0.0","False","0.12900936603546143","False","1.0"
"1","24064","512","0.5456689342403628","0.0",,"0.0","0.008554445579648018","0.00007317854033317417","0.0179443359375","0.0","False","0.14301025867462158","False","1.0"
"1","24576","512","0.5572789115646258","0.0",,"0.0","0.01262175664305687","0.00015930875088088214","0.023651123046875","0.0","False","0.1933930516242981","False","1.0"
"1","25088","512","0.5688888888888889","0.0",,"0.0","0.0162966251373291","0.0002655800199136138","0.0254669189453125","0.0","False","0.1768644005060196","False","1.0"
"1","25600","512","0.5804988662131519","0.0",,"0.0","0.022584520280361176","0.0005100605194456875","0.0357818603515625","0.0","False","0.23666585981845856","False","1.0"
"1","26112","512","0.592108843537415","145.99557495117188","49.901053424312494","0.860202431678772","0.024420607835054398","0.000596366124227643","0.0448455810546875","0.0","False","0.2292863130569458","False","1.0"
"1","26624","512","0.603718820861678","147.2052459716797","50.043906744767206","0.8592234253883362","0.014617971144616604","0.00021368508168961853","0.025115966796875","0.0","False","0.16439983248710632","False","1.0"
"1","27136","512","0.615328798185941","0.0",,"0.0","0.013789969496428967","0.00019016324949916452","0.027557373046875","0.0","False","0.15071633458137512","False","1.0"
"1","27648","512","0.626938775510204","0.0",,"0.0","0.01832406409084797","0.00033577135764062405","0.0287628173828125","0.0","False","0.1825079321861267","False","1.0"
"1","28160","512","0.6385487528344671","0.0",,"0.0","0.022818956524133682","0.0005207047797739506","0.03570556640625","0.0","False","0.27781015634536743","False","1.0"
"1","28672","512","0.6501587301587302","0.0",,"0.0","0.020387820899486542","0.00041566320578567684","0.0363616943359375","0.0","False","0.17229992151260376","False","1.0"
"1","29184","512","0.6617687074829932","0.0",,"0.0","0.015278755687177181","0.0002334403689019382","0.0283355712890625","0.0","False","0.17401568591594696","False","1.0"
"1","29696","512","0.6733786848072563","0.0",,"0.0","0.010298767127096653","0.00010606459545670077","0.0218505859375","0.0","False","0.16131186485290527","False","1.0"
"1","30208","512","0.6849886621315193","0.0",,"0.0","0.014011913910508156","0.00019633372721727937","0.029327392578125","0.0","False","0.13021987676620483","False","1.0"
"1","30720","512","0.6965986394557823","0.0",,"0.0","0.013902267441153526","0.00019327305199112743","0.027496337890625","0.0","False","0.15024571120738983","False","1.0"
"1","31232","512","0.7082086167800453","0.0",,"0.0","0.015122629702091217","0.0002286939270561561","0.0264129638671875","0.0","False","0.17836612462997437","False","1.0"
"1","31744","512","0.7198185941043084","0.0",,"0.0","0.008762308396399021","0.00007677804387640208","0.0168304443359375","0.0","False","0.11531636118888855","False","1.0"
"1","32256","512","0.7314285714285714","0.0",,"0.0","0.0095509123057127","0.00009121993207372725","0.017425537109375","0.0","False","0.24558615684509277","False","1.0"
"1","32768","512","0.7430385487528345","0.0",,"0.0","0.010808685794472694","0.00011682767944876105","0.0164642333984375","0.0","False","0.14847342669963837","False","1.0"
"1","33280","512","0.7546485260770975","0.0",,"0.0","0.01048701349645853","0.00010997745266649872","0.0215606689453125","0.0","False","0.15002338588237762","False","1.0"
"1","33792","512","0.7662585034013606","0.0",,"0.0","0.015451723709702492","0.000238755761529319","0.0255279541015625","0.0","False","0.13859723508358002","False","1.0"
"1","34304","512","0.7778684807256235","0.0",,"0.0","0.009438767097890377","0.0000890903320396319","0.01739501953125","0.0","False","0.12171971052885056","False","1.0"
"1","34816","512","0.7894784580498866","0.0",,"0.0","0.00607029115781188","0.000036848432500846684","0.011383056640625","0.0","False","0.1589023619890213","False","1.0"
"1","35328","512","0.8010884353741496","0.0",,"0.0","0.00795816071331501","0.0000633323288639076","0.0159759521484375","0.0","False","0.16769690811634064","False","1.0"
"1","35840","512","0.8126984126984127","0.0",,"0.0","0.007877239026129246","0.00006205090176081285","0.01739501953125","0.0","False","0.1905880570411682","False","1.0"
"1","36352","512","0.8243083900226758","0.0",,"0.0","0.012714596465229988","0.00016166095156222582","0.021728515625","0.0","False","0.18855459988117218","False","1.0"
"1","36864","512","0.8359183673469388","0.0",,"0.0","0.012264986522495747","0.00015042988525237888","0.0231475830078125","0.0","False","0.16376735270023346","False","1.0"
"1","37376","512","0.8475283446712019","0.0",,"0.0","0.009759821929037571","0.00009525412315269932","0.0157623291015625","0.0","False","0.1316682994365692","False","1.0"
"1","37888","512","0.8591383219954648","0.0",,"0.0","0.010530018247663975","0.0001108812793972902","0.0224456787109375","0.0","False","0.18155807256698608","False","1.0"
"1","38400","512","0.8707482993197279","0.0",,"0.0","0.008117999881505966","0.00006590192060684785","0.0173187255859375","0.0","False","0.16662459075450897","False","1.0"
"1","38912","512","0.8823582766439909","0.0",,"0.0","0.013553200289607048","0.0001836892479332164","0.0238494873046875","0.0","False","0.20220787823200226","False","1.0"
"1","39424","512","0.893968253968254","0.0",,"0.0","0.012851462699472904","0.0001651601050980389","0.023223876953125","0.0","False","0.17957507073879242","False","1.0"
"1","39936","512","0.905578231292517","0.0",,"0.0","0.014093860052525997","0.00019863690249621868","0.0236358642578125","0.0","False","0.20010654628276825","False","1.0"
"1","40448","512","0.9171882086167801","0.0",,"0.0","0.015294704586267471","0.00023392797447741032","0.0258941650390625","0.0","False","0.1691756695508957","False","1.0"
"1","40960","512","0.9287981859410431","147.9903106689453","50.13599037599751","0.8687070608139038","0.0168247502297163","0.00028307223692536354","0.028045654296875","0.0","False","0.20061828196048737","False","1.0"
"1","41472","512","0.9404081632653061","148.24415588378906","50.16566049452281","0.9069138169288635","0.021397998556494713","0.0004578743246383965","0.034576416015625","0.0","False","0.1746518760919571","False","1.0"
"1","41984","512","0.9520181405895691","149.6081085205078","50.32421814433653","0.9164370894432068","0.018714021891355515","0.0003502146282698959","0.030609130859375","0.0","False","0.22172783315181732","False","1.0"
"1","42496","512","0.9636281179138322","147.8359832763672","50.1179272851607","0.8856313824653625","0.02152630314230919","0.0004633817297872156","0.0351715087890625","0.0","False","0.22339478135108948","False","1.0"
"1","43008","512","0.9752380952380952","149.38259887695312","50.298102948266106","0.8857558369636536","0.019881203770637512","0.0003952622937504202","0.0343780517578125","0.0","False","0.1828813999891281","False","1.0"
"1","43520","512","0.9868480725623583","149.85562133789062","50.35283614858107","0.875805139541626","0.01598374731838703","0.0002554801758378744","0.0262298583984375","0.0","False","0.13730160892009735","False","1.0"
"1","44032","512","0.9984580498866213","148.36900329589844","50.180234366035705","0.8569486737251282","0.021107185631990433","0.0004455133166629821","0.033447265625","0.0","False","0.22239190340042114","False","1.0"
"1","44544","512","1.0100680272108844","150.6273193359375","50.44175918587927","0.8500029444694519","0.021635908633470535","0.0004681125283241272","0.0337066650390625","0.0","False","0.2006167620420456","False","1.0"
"1","45056","512","1.0216780045351475","0.0",,"0.0","0.01932048611342907","0.00037328118924051523","0.03179931640625","0.0","False","0.16657014191150665","False","1.0"
"1","45568","512","1.0332879818594105","0.0",,"0.0","0.021995386108756065","0.00048379701911471784","0.0374755859375","0.0","False","0.1200794130563736","False","1.0"
"1","46080","512","1.0448979591836736","0.0",,"0.0","0.006442718673497438","0.00004150862150709145","0.02020263671875","0.0","False","0.15189088881015778","False","1.0"
"1","46592","512","1.0565079365079366","0.0",,"0.0","0.015349902212619781","0.0002356195036554709","0.027496337890625","0.0","False","0.15950611233711243","False","1.0"
"1","47104","512","1.0681179138321995","0.0",,"0.0","0.01116981916129589","0.00012476486153900623","0.02374267578125","0.0","False","0.15541931986808777","False","1.0"
"1","47616","512","1.0797278911564625","0.0",,"0.0","0.011771323159337044","0.00013856404984835535","0.0243682861328125","0.0","False","0.15802638232707977","False","1.0"
"1","48128","512","1.0913378684807256","0.0",,"0.0","0.015331451781094074","0.00023505340504925698","0.024383544921875","0.0","False","0.14764924347400665","False","1.0"
"1","48640","512","1.1029478458049886","0.0",,"0.0","0.00828317180275917","0.0000686109415255487","0.01666259765625","0.0","False","0.17727327346801758","False","1.0"
"1","49152","512","1.1145578231292517","0.0",,"0.0","0.012520289979875088","0.00015675765462219715","0.020538330078125","0.0","False","0.14300569891929626","False","1.0"
"1","49664","512","1.1261678004535147","0.0",,"0.0","0.009840494953095913","0.00009683534153737128","0.027313232421875","0.0","False","0.23309190571308136","False","1.0"
"1","50176","512","1.1377777777777778","0.0",,"0.0","0.013164432719349861","0.00017330229457002133","0.0273284912109375","0.0","False","0.17286863923072815","False","1.0"
"1","50688","512","1.1493877551020408","0.0",,"0.0","0.01261057797819376","0.00015902667655609548","0.0224456787109375","0.0","False","0.16818541288375854","False","1.0"
"1","51200","512","1.1609977324263039","0.0",,"0.0","0.013145777396857738","0.00017281147302128375","0.0277862548828125","0.0","False","0.17937397956848145","False","1.0"
"1","51712","512","1.172607709750567","0.0",,"0.0","0.010817230679094791","0.00011701248149620369","0.0170135498046875","0.0","False","0.1416504979133606","False","1.0"
"1","52224","512","1.18421768707483","0.0",,"0.0","0.006941927131265402","0.00004819035166292451","0.0194091796875","0.0","False","0.21255140006542206","False","1.0"
"1","52736","512","1.195827664399093","0.0",,"0.0","0.014779848977923393","0.00021844393631909043","0.02886962890625","0.0","False","0.19363877177238464","False","1.0"
"1","53248","512","1.207437641723356","0.0",,"0.0","0.008242092095315456","0.00006793208012823015","0.019683837890625","0.0","False","0.16632907092571259","False","1.0"
"1","53760","512","1.2190476190476192","0.0",,"0.0","0.017626816406846046","0.0003107046359218657","0.02972412109375","0.0","False","0.24220816791057587","False","1.0"
"1","54272","512","1.230657596371882","0.0",,"0.0","0.01927117258310318","0.00037137811887077987","0.0312042236328125","0.0","False","0.16747820377349854","False","1.0"
"1","54784","512","1.242267573696145","0.0",,"0.0","0.020225651562213898","0.00040907697984948754","0.0336151123046875","0.0","False","0.23187167942523956","False","1.0"
"1","55296","512","1.253877551020408","0.0",,"0.0","0.01881527528166771","0.00035401456989347935","0.0340576171875","0.0","False","0.1413116455078125","False","1.0"
"1","55808","512","1.2654875283446712","0.0",,"0.0","0.01496552862226963","0.00022396704298444092","0.0246734619140625","0.0","False","0.19473497569561005","False","1.0"
"1","56320","512","1.2770975056689342","0.0",,"0.0","0.01673012040555477","0.000279896950814873","0.0281982421875","0.0","False","0.1586921066045761","False","1.0"
"1","56832","512","1.2887074829931973","147.38644409179688","50.065203774202494","0.8689500689506531","0.02083847112953663","0.00043424186878837645","0.033355712890625","0.0","False","0.19396448135375977","False","1.0"
"1","57344","512","1.3003174603174603","148.95054626464844","50.24795868984097","0.8989836573600769","0.022612931206822395","0.0005113446968607605","0.0355377197265625","0.0","False","0.20125891268253326","False","1.0"
"1","57856","512","1.3119274376417234","146.69827270507812","49.98418032464245","0.9158190488815308","0.02277514338493347","0.0005187071510590613","0.035003662109375","0.0","False","0.19495651125907898","False","1.0"
"1","58368","512","1.3235374149659864","148.97715759277344","50.25105141581891","0.9001057147979736","0.018637334927916527","0.0003473502874840051","0.02972412109375","0.0","False","0.210391566157341","False","1.0"
"1","58880","512","1.3351473922902495","149.03536987304688","50.25781482833864","0.8629810214042664","0.01094771083444357","0.00011985236778855324","0.02349853515625","0.0","False","0.2123459428548813","False","1.0"
"1","59392","512","1.3467573696145125","147.51695251464844","50.08052680151792","0.8537985682487488","0.021338293328881264","0.00045532273361459374","0.0326385498046875","0.0","False","0.15649107098579407","False","1.0"
"1","59904","512","1.3583673469387756","148.67442321777344","50.215835460498624","0.8548511266708374","0.020614691078662872","0.0004249654884915799","0.03619384765625","0.0","False","0.21027912199497223","False","1.0"
"1","60416","512","1.3699773242630386","0.0",,"0.0","0.02347649075090885","0.0005511455819942057","0.0369110107421875","0.0","False","0.19202347099781036","False","1.0"
"1","60928","512","1.3815873015873017","0.0",,"0.0","0.019728943705558777","0.0003892312233801931","0.0361175537109375","0.0","False","0.19612635672092438","False","1.0"
"1","61440","512","1.3931972789115645","0.0",,"0.0","0.010571438819169998","0.00011175531835760921","0.021240234375","0.0","False","0.1605381816625595","False","1.0"
"1","61952","512","1.4048072562358276","0.0",,"0.0","0.014401756227016449","0.00020741057232953608","0.0303497314453125","0.0","False","0.12025477737188339","False","1.0"
"1","62464","512","1.4164172335600906","0.0",,"0.0","0.014582588337361813","0.00021265188115648925","0.02886962890625","0.0","False","0.204475536942482","False","1.0"
"1","62976","512","1.4280272108843537","0.0",,"0.0","0.01712103560566902","0.0002931298513431102","0.03582763671875","0.0","False","0.15494173765182495","False","1.0"
"1","63488","512","1.4396371882086167","0.0",,"0.0","0.014154010452330112","0.00020033601322211325","0.025238037109375","0.0","False","0.1781577467918396","False","1.0"
"1","64000","512","1.4512471655328798","0.0",,"0.0","0.011522223241627216","0.00013276161917019635","0.0263519287109375","0.0","False","0.1364266276359558","False","1.0"
"1","64512","512","1.4628571428571429","0.0",,"0.0","0.009195183403789997","0.00008455140050500631","0.0163421630859375","0.0","False","0.12051501125097275","False","1.0"
"1","65024","512","1.474467120181406","0.0",,"0.0","0.007989603094756603","0.00006383375875884667","0.01806640625","0.0","False","0.14681971073150635","False","1.0"
"1","65536","512","1.486077097505669","0.0",,"0.0","0.013335100375115871","0.00017782491340767592","0.023345947265625","0.0","False","0.1597192883491516","False","1.0"
"1","66048","512","1.497687074829932","0.0",,"0.0","0.010289119556546211","0.00010586597636574879","0.019012451171875","0.0","False","0.1608816385269165","False","1.0"
"1","66560","512","1.509297052154195","0.0",,"0.0","0.013433019630610943","0.0001804460189305246","0.0276031494140625","0.0","False","0.20436574518680573","False","1.0"
"1","67072","512","1.5209070294784581","0.0",,"0.0","0.010458476841449738","0.00010937974002445117","0.0223388671875","0.0","False","0.14086025953292847","False","1.0"
"1","67584","512","1.5325170068027212","0.0",,"0.0","0.012140569277107716","0.00014739342441316694","0.0227508544921875","0.0","False","0.1682559847831726","False","1.0"
"1","68096","512","1.5441269841269842","0.0",,"0.0","0.011980933137238026","0.00014354275481309742","0.0202789306640625","0.0","False","0.1327614188194275","False","1.0"
"1","68608","512","1.555736961451247","0.0",,"0.0","0.01217876560986042","0.0001483223313698545","0.021636962890625","0.0","False","0.1918114274740219","False","1.0"
"1","69120","512","1.5673469387755101","0.0",,"0.0","0.01701890490949154","0.0002896430960390717","0.03167724609375","0.0","False","0.2050492912530899","False","1.0"
"1","69632","512","1.5789569160997732","0.0",,"0.0","0.01991446688771248","0.00039658602327108383","0.034942626953125","0.0","False","0.23459987342357635","False","1.0"
"1","70144","512","1.5905668934240362","0.0",,"0.0","0.022310541942715645","0.0004977602511644363","0.0421295166015625","0.0","False","0.18240922689437866","False","1.0"
"1","70656","512","1.6021768707482993","0.0",,"0.0","0.023403216153383255","0.0005477105150930583","0.038055419921875","0.0","False","0.20453283190727234","False","1.0"
"1","71168","512","1.6137868480725623","0.0",,"0.0","0.02014455758035183","0.00040580317727290094","0.032928466796875","0.0","False","0.13249018788337708","False","1.0"
"1","71680","512","1.6253968253968254","0.0",,"0.0","0.017473526298999786","0.0003053240943700075","0.031219482421875","0.0","False","0.19039233028888702","False","1.0"
"1","72192","512","1.6370068027210884","0.0",,"0.0","0.025006132200360298","0.0006253066821955144","0.043609619140625","0.0","False","0.17580664157867432","False","1.0"
"1","72704","512","1.6486167800453515","149.61622619628906","50.32515747948308","0.8509036898612976","0.02749558724462986","0.0007560073281638324","0.0439453125","0.0","False","0.2615516781806946","False","1.0"
"1","73216","512","1.6602267573696146","148.09999084472656","50.14881633230438","0.8607878684997559","0.02672765590250492","0.0007143675466068089","0.04742431640625","0.0","False","0.18681852519512177","False","1.0"
"1","73728","512","1.6718367346938776","0.0",,"0.0","0.023173784837126732","0.0005370242870412767","0.0451202392578125","0.0","False","0.19883781671524048","False","1.0"
"1","74240","512","1.6834467120181407","0.0",,"0.0","0.17340129613876343","0.030068010091781616","0.3270263671875","0.0","True","0.7267405390739441","False","1.0"
"1","74752","512","1.6950566893424037","0.0",,"0.0","0.13710926473140717","0.0187989491969347","0.252288818359375","0.0","False","0.2360137403011322","False","1.0"
"1","75264","512","1.7066666666666668","0.0",,"0.0","0.12831954658031464","0.01646590791642666","0.504547119140625","0.0","False","0.45950594544410706","False","1.0"
"1","75776","512","1.7182766439909296","0.0",,"0.0","0.33050107955932617","0.10923096537590027","0.664459228515625","0.0","True","0.3889821469783783","False","1.0"
"1","76288","512","1.7298866213151927","0.0",,"0.0","0.08937916159629822","0.007988634519279003","0.1756591796875","0.0","False","0.11472085863351822","False","1.0"
"1","76800","512","1.7414965986394557","0.0",,"0.0","0.10176999121904373","0.010357131250202656","0.2464752197265625","0.0","False","0.12512096762657166","False","1.0"
"1","77312","512","1.7531065759637188","0.0",,"0.0","0.06593007594347","0.0043467748910188675","0.1898040771484375","0.0","False","0.10579679906368256","False","1.0"
"1","77824","512","1.7647165532879818","0.0",,"0.0","0.09206344932317734","0.00847567804157734","0.2260284423828125","0.0","False","0.10539647936820984","False","1.0"
"1","78336","512","1.7763265306122449","0.0",,"0.0","0.06785248965024948","0.004603960085660219","0.145721435546875","0.0","False","0.11678294837474823","False","1.0"
"1","78848","512","1.787936507936508","0.0",,"0.0","0.06258708238601685","0.003917142748832703","0.145782470703125","0.0","False","0.10149461030960083","False","1.0"
"1","79360","512","1.799546485260771","0.0",,"0.0","0.08830301463603973","0.007797421887516975","0.2396697998046875","0.0","False","0.1916714906692505","False","1.0"
"1","79872","512","1.811156462585034","0.0",,"0.0","0.07963791489601135","0.006342197768390179","0.2080078125","0.0","False","0.10129676759243011","False","1.0"
"1","80384","512","1.822766439909297","0.0",,"0.0","0.07877974957227707","0.0062062484212219715","0.185302734375","0.0","False","0.133608877658844","False","1.0"
"1","80896","512","1.8343764172335602","0.0",,"0.0","0.07412739098072052","0.005494869779795408","0.1658782958984375","0.0","False","0.1381528377532959","False","1.0"
"1","81408","512","1.8459863945578232","0.0",,"0.0","0.05936335772275925","0.0035240082070231438","0.1375274658203125","0.0","False","0.12986662983894348","False","1.0"
"1","81920","512","1.8575963718820863","0.0",,"0.0","0.059666428714990616","0.0035600827541202307","0.1512298583984375","0.0","False","0.13636453449726105","False","1.0"
"1","82432","512","1.8692063492063493","175.63058471679688","53.100486927083395","0.8995686173439026","0.05506409704685211","0.0030320549849420786","0.1325225830078125","0.0","False","0.1420517861843109","False","1.0"
"1","82944","512","1.8808163265306121","175.67977905273438","53.10533545526452","0.924815833568573","0.05750894173979759","0.0033072782680392265","0.12872314453125","0.0","False","0.1197599321603775","False","1.0"
"1","83456","512","1.8924263038548752","175.46580505371094","53.08423656435764","0.9328681230545044","0.05212542042136192","0.002717059338465333","0.109039306640625","0.0","False","0.09507221728563309","False","1.0"
"1","83968","512","1.9040362811791383","175.59877014160156","53.09735060176072","0.9404569864273071","0.050012797117233276","0.0025012800469994545","0.1157989501953125","0.0","False","0.15665780007839203","False","1.0"
"1","84480","512","1.9156462585034013","175.6266326904297","53.10009736170105","0.934651792049408","0.04039349406957626","0.0016316344263032079","0.0962677001953125","0.0","False","0.09243965148925781","False","1.0"
"1","84992","512","1.9272562358276644","175.5731964111328","53.094829095647235","0.933270275592804","0.04056676849722862","0.0016456627054139972","0.0883331298828125","0.0","False","0.07402670383453369","False","1.0"
"1","85504","512","1.9388662131519274","175.56980895996094","53.094495073854475","0.9280050992965698","0.042053453624248505","0.0017684929771348834","0.08734130859375","0.0","False","0.08485201746225357","False","1.0"
"1","86016","512","1.9504761904761905","175.59722900390625","53.097198659821814","0.9156521558761597","0.041147634387016296","0.0016931277932599187","0.089141845703125","0.0","False","0.12108531594276428","False","1.0"
"1","86528","512","1.9620861678004535","175.52923583984375","53.090493834410694","0.9011256694793701","0.04179725795984268","0.0017470106249675155","0.089508056640625","0.0","False","0.10675357282161713","False","1.0"
"1","87040","512","1.9736961451247166","175.51246643066406","53.08883979889361","0.889487624168396","0.03918354958295822","0.0015353504568338394","0.0980224609375","0.0","False","0.093125119805336","False","1.0"
"1","87552","512","1.9853061224489796","175.45404052734375","53.083075777991056","0.8871675729751587","0.04168800264596939","0.0017378894845023751","0.110137939453125","0.0","False","0.08539532870054245","False","1.0"
"1","88064","512","1.9969160997732427","175.4623260498047","53.08389330489875","0.8902732133865356","0.038482457399368286","0.001480899634771049","0.1055755615234375","0.0","False","0.10105841606855392","False","1.0"
"1","88576","512","2.0085260770975055","175.43128967285156","53.08083076797739","0.8929473161697388","0.03781115636229515","0.0014296836452558637","0.0883941650390625","0.0","False","0.07734213024377823","False","1.0"
"1","89088","512","2.020136054421769","175.41966247558594","53.07968330637379","0.8970848917961121","0.04157913103699684","0.0017288242233917117","0.09521484375","0.0","False","0.11365199089050293","False","1.0"
"1","89600","512","2.0317460317460316","175.33558654785156","53.07138378059372","0.8858999013900757","0.03758861869573593","0.0014129041228443384","0.095611572265625","0.0","False","0.08771117776632309","False","1.0"
"1","90112","512","2.043356009070295","175.3572235107422","53.07352004605727","0.9018347859382629","0.03893828019499779","0.0015161896590143442","0.081207275390625","0.0","False","0.10226631164550781","False","1.0"
"1","90624","512","2.0549659863945577","175.36599731445312","53.074386228096294","0.9165592789649963","0.038309019058942795","0.0014675809070467949","0.0722503662109375","0.0","False","0.07642742991447449","False","1.0"
"1","91136","512","2.066575963718821","175.3460693359375","53.07241880249261","0.9044663310050964","0.03747858479619026","0.0014046442229300737","0.0882415771484375","0.0","False","0.09063728898763657","False","1.0"
"1","91648","512","2.078185941043084","175.3041229248047","53.06827683667377","0.9069798588752747","0.03512813150882721","0.0012339855311438441","0.0657806396484375","0.0","False","0.09768561273813248","False","1.0"
"1","92160","512","2.089795918367347","175.2515869140625","53.063087810865476","0.8905383348464966","0.03648131713271141","0.0013308866182342172","0.075408935546875","0.0","False","0.09328731894493103","False","1.0"
"1","92672","512","2.10140589569161","175.22434997558594","53.06039698331273","0.9016939997673035","0.0337265208363533","0.0011374781606718898","0.0760498046875","0.0","False","0.08614187687635422","False","1.0"
"1","93184","512","2.1130158730158732","175.3041534423828","53.068279850468585","0.9143298268318176","0.03188230097293854","0.0010164810810238123","0.0677032470703125","0.0","False","0.1014457643032074","False","1.0"
"1","93696","512","2.124625850340136","351.40869140625","65.10775620331206","0.8553073406219482","0.03503892943263054","0.001227726461365819","0.079833984375","0.0","False","0.09620007127523422","False","1.0"
"1","94208","512","2.136235827664399","351.51470947265625","65.11297845334788","0.8643128871917725","0.03270202502608299","0.0010694223456084728","0.0634918212890625","0.0","False","0.09645795077085495","False","1.0"
"1","94720","512","2.147845804988662","175.2255401611328","53.06051457443211","0.8884938955307007","0.0326831191778183","0.0010681862477213144","0.0805206298828125","0.0","False","0.08498097211122513","False","1.0"
"1","95232","512","2.159455782312925","175.22500610351562","53.06046180928502","0.9009889960289001","0.03064548969268799","0.000939146033488214","0.0551300048828125","0.0","False","0.09873693436384201","False","1.0"
"1","95744","512","2.1710657596371883","351.6479187011719","65.11953785640983","0.8636465072631836","0.03245320916175842","0.0010532108135521412","0.0626373291015625","0.0","False","0.09722313284873962","False","1.0"
"1","96256","512","2.182675736961451","351.5523376464844","65.11483156752993","0.8727959394454956","0.029383249580860138","0.0008633753750473261","0.059326171875","0.0","False","0.09921643137931824","False","1.0"
"1","96768","512","2.1942857142857144","351.3987121582031","65.10726456324349","0.8800187110900879","0.029230812564492226","0.0008544404408894479","0.0540313720703125","0.0","False","0.08417711406946182","False","1.0"
"1","97280","512","2.2058956916099772","351.6300048828125","65.11865590032222","0.86346036195755","0.028777483850717545","0.0008281436166726053","0.0601806640625","0.0","False","0.09723254293203354","False","1.0"
"1","97792","512","2.2175056689342405","351.5185546875","65.11316783177996","0.8681010007858276","0.027140146121382713","0.0007365875062532723","0.0528106689453125","0.0","False","0.08289197832345963","False","1.0"
"1","98304","512","2.2291156462585033","175.30853271484375","53.06871232458572","0.8640816807746887","0.030782142654061317","0.0009475403348915279","0.0625152587890625","0.0","False","0.1035890057682991","False","1.0"
"1","98816","512","2.2407256235827666","175.2458038330078","53.06251651606583","0.8728713393211365","0.028566980734467506","0.0008160723373293877","0.062591552734375","0.0","False","0.09898652881383896","False","1.0"
"1","99328","512","2.2523356009070294","175.2620086669922","53.064117299807165","0.8695698380470276","0.026516612619161606","0.0007031307322904468","0.0677337646484375","0.0","False","0.07415785640478134","False","1.0"
"1","99840","512","2.2639455782312927","175.24720764160156","53.062655196219566","0.8768476843833923","0.02874986082315445","0.0008265545475296676","0.0589141845703125","0.0","False","0.09735626727342606","False","1.0"
"1","100352","512","2.2755555555555556","175.1900634765625","53.05700911155613","0.8786390423774719","0.027948210015892982","0.0007811023970134556","0.0572509765625","0.0","False","0.12500756978988647","False","1.0"
"1","100864","512","2.2871655328798184","175.13465881347656","53.05153313832853","0.8620944023132324","0.026825489476323128","0.0007196069345809519","0.0597686767578125","0.0","False","0.1005084216594696","False","1.0"
"1","101376","512","2.2987755102040817","175.01699829101562","53.039898299181026","0.8680552244186401","0.029617179185152054","0.0008771773427724838","0.063446044921875","0.0","False","0.09783871471881866","False","1.0"
"1","101888","512","2.3103854875283445","174.9057159423828","53.02888696498226","0.8642862439155579","0.030173083767294884","0.0009104149648919702","0.065643310546875","0.0","False","0.1217777207493782","False","1.0"
"1","102400","512","2.3219954648526078","174.99998474121094","53.03821527017567","0.8564831018447876","0.02754703164100647","0.0007588389562442899","0.0604095458984375","0.0","False","0.13632023334503174","False","1.0"
"1","102912","512","2.3336054421768706","174.99481201171875","53.03770353654379","0.8549628257751465","0.031294096261262894","0.00097932037897408","0.067962646484375","0.0","False","0.13059738278388977","False","1.0"
"1","103424","512","2.345215419501134","0.0",,"0.0","0.02858424000442028","0.0008170587825588882","0.0659027099609375","0.0","False","0.0851282998919487","False","1.0"
"1","103936","512","2.3568253968253967","0.0",,"0.0","0.026525286957621574","0.0007035908056423068","0.0675201416015625","0.0","False","0.09642297774553299","False","1.0"
"1","104448","512","2.36843537414966","0.0",,"0.0","0.027928471565246582","0.0007799994782544672","0.0607757568359375","0.0","False","0.08586703985929489","False","1.0"
"1","104960","512","2.380045351473923","0.0",,"0.0","0.02750442922115326","0.0007564935949631035","0.061920166015625","0.0","False","0.11251074820756912","False","1.0"
"1","105472","512","2.391655328798186","0.0",,"0.0","0.021916495636105537","0.0004803328192792833","0.0508880615234375","0.0","False","0.13205000758171082","False","1.0"
"1","105984","512","2.403265306122449","0.0",,"0.0","0.02325308322906494","0.0005407058633863926","0.0501251220703125","0.0","False","0.0915566086769104","False","1.0"
"1","106496","512","2.414875283446712","0.0",,"0.0","0.05632824823260307","0.00317287165671587","0.1282958984375","0.0","True","0.42671510577201843","False","1.0"
"1","107008","512","2.426485260770975","0.0",,"0.0","0.04463104531168938","0.0019919301848858595","0.1243743896484375","0.0","False","0.2380792200565338","False","1.0"
"1","107520","512","2.4380952380952383","0.0",,"0.0","0.02879357896745205","0.0008290701662190259","0.053192138671875","0.0","False","0.13534091413021088","False","1.0"
"1","108032","512","2.449705215419501","0.0",,"0.0","0.020996475592255592","0.0004408519889693707","0.043182373046875","0.0","False","0.08524131029844284","False","1.0"
"1","108544","512","2.461315192743764","0.0",,"0.0","0.022315703332424164","0.0004979905788786709","0.0460052490234375","0.0","False","0.1126614660024643","False","1.0"
"1","109056","512","2.4729251700680273","0.0",,"0.0","0.02149110659956932","0.0004618676903191954","0.04815673828125","0.0","False","0.10043986886739731","False","1.0"
"1","109568","512","2.48453514739229","0.0",,"0.0","0.015051069669425488","0.00022653468477074057","0.032928466796875","0.0","False","0.09764084964990616","False","1.0"
"1","110080","512","2.4961451247165534","0.0",,"0.0","0.024505075067281723","0.0006004986935295165","0.0469207763671875","0.0","False","0.10370086133480072","False","1.0"
"1","110592","512","2.507755102040816","0.0",,"0.0","0.023969558998942375","0.0005745397647842765","0.0440216064453125","0.0","False","0.16819629073143005","False","1.0"
"1","111104","512","2.5193650793650795","0.0",,"0.0","0.020488809794187546","0.0004197913222014904","0.0428314208984375","0.0","False","0.08664709329605103","False","1.0"
"1","111616","512","2.5309750566893423","0.0",,"0.0","0.013976030983030796","0.00019532944133970886","0.02935791015625","0.0","False","0.10844756662845612","False","1.0"
"1","112128","512","2.5425850340136056","0.0",,"0.0","0.011914290487766266","0.00014195030962582678","0.0227203369140625","0.0","False","0.0945558249950409","False","1.0"
"1","112640","512","2.5541950113378684","0.0",,"0.0","0.01901027001440525","0.0003613903827499598","0.0352935791015625","0.0","False","0.15305335819721222","False","1.0"
"1","113152","512","2.5658049886621317","0.0",,"0.0","0.009363899007439613","0.00008768260886427015","0.0208892822265625","0.0","False","0.1257561296224594","False","1.0"
"1","113664","512","2.5774149659863945","0.0",,"0.0","0.013958970084786415","0.0001948528370121494","0.0278472900390625","0.0","False","0.13133090734481812","False","1.0"
"1","114176","512","2.589024943310658","0.0",,"0.0","0.01288662664592266","0.00016606514691375196","0.025177001953125","0.0","False","0.14514103531837463","False","1.0"
"1","114688","512","2.6006349206349206","0.0",,"0.0","0.012928786687552929","0.0001671535283094272","0.0237579345703125","0.0","False","0.17570523917675018","False","1.0"
"1","115200","512","2.6122448979591835","0.0",,"0.0","0.005674117710441351","0.00003219561040168628","0.016937255859375","0.0","False","0.11543480306863785","False","1.0"
"1","115712","512","2.6238548752834467","0.0",,"0.0","0.012893715873360634","0.00016624790441710502","0.025665283203125","0.0","False","0.1285787671804428","False","1.0"
"1","116224","512","2.6354648526077096","0.0",,"0.0","0.012989263981580734","0.0001687209733063355","0.02471923828125","0.0","False","0.1443416178226471","False","1.0"
"1","116736","512","2.647074829931973","0.0",,"0.0","0.009938035160303116","0.00009876454714685678","0.019683837890625","0.0","False","0.1091092899441719","False","1.0"
"1","117248","512","2.6586848072562357","0.0",,"0.0","0.010959415696561337","0.0001201087943627499","0.021697998046875","0.0","False","0.13681809604167938","False","1.0"
"1","117760","512","2.670294784580499","0.0",,"0.0","0.015045727603137493","0.0002263739297632128","0.0268096923828125","0.0","False","0.18368209898471832","False","1.0"
"1","118272","512","2.681904761904762","0.0",,"0.0","0.014231561683118343","0.00020253735419828445","0.025634765625","0.0","False","0.17328941822052002","False","1.0"
"1","118784","512","2.693514739229025","0.0",,"0.0","0.013473686762154102","0.0001815402356442064","0.02349853515625","0.0","False","0.13920849561691284","False","1.0"
"1","119296","512","2.705124716553288","0.0",,"0.0","0.019148623570799828","0.0003666697593871504","0.0320281982421875","0.0","False","0.2537577748298645","False","1.0"
"1","119808","512","2.716734693877551","0.0",,"0.0","0.014948295429348946","0.0002234515268355608","0.0282135009765625","0.0","False","0.1507689654827118","False","1.0"
"1","120320","512","2.728344671201814","0.0",,"0.0","0.013559422455728054","0.00018385793373454362","0.024932861328125","0.0","False","0.12061015516519547","False","1.0"
"1","120832","512","2.7399546485260773","0.0",,"0.0","0.01177628617733717","0.00013868091627955437","0.0210113525390625","0.0","False","0.16479451954364777","False","1.0"
"1","121344","512","2.75156462585034","0.0",,"0.0","0.012813171371817589","0.0001641773706069216","0.0230712890625","0.0","False","0.16962924599647522","False","1.0"
"1","121856","512","2.7631746031746034","0.0",,"0.0","0.05796714872121811","0.0033601904287934303","0.10064697265625","0.0","True","0.6134437322616577","False","1.0"
"1","122368","512","2.7747845804988662","0.0",,"0.0","0.04247692972421646","0.0018042895244434476","0.08734130859375","0.0","False","0.21935129165649414","False","1.0"
"1","122880","512","2.786394557823129","0.0",,"0.0","0.04611944779753685","0.002127003623172641","0.1967315673828125","0.0","False","0.4550630450248718","False","1.0"
"1","123392","512","2.7980045351473923","0.0",,"0.0","0.3458930253982544","0.1196419894695282","0.586669921875","0.0","True","0.7127496004104614","False","1.0"
"1","123904","512","2.809614512471655","0.0",,"0.0","0.14077767729759216","0.019818352535367012","0.3365936279296875","0.0","False","0.21712014079093933","False","1.0"
"1","124416","512","2.8212244897959184","0.0",,"0.0","0.18126694858074188","0.032857704907655716","0.504180908203125","0.0","False","0.21283099055290222","False","1.0"
"1","124928","512","2.8328344671201813","0.0",,"0.0","0.13727790117263794","0.018845222890377045","0.3130950927734375","0.0","False","0.13837002217769623","False","1.0"
"1","125440","512","2.8444444444444446","0.0",,"0.0","0.16423998773097992","0.02697477489709854","0.3934783935546875","0.0","False","0.15796397626399994","False","1.0"
"1","125952","512","2.8560544217687074","0.0",,"0.0","0.1178254634141922","0.013882840052247047","0.2342681884765625","0.0","False","0.11274053901433945","False","1.0"
"1","126464","512","2.8676643990929707","0.0",,"0.0","0.09394659847021103","0.008825963363051414","0.2001953125","0.0","False","0.08627761900424957","False","1.0"
"1","126976","512","2.8792743764172335","0.0",,"0.0","0.09012331813573837","0.008122212253510952","0.24127197265625","0.0","False","0.09985166043043137","False","1.0"
"1","127488","512","2.8908843537414968","0.0",,"0.0","0.10169144719839096","0.010341150686144829","0.2960357666015625","0.0","False","0.11204449087381363","False","1.0"
"1","128000","512","2.9024943310657596","0.0",,"0.0","0.08788440376520157","0.007723668590188026","0.272247314453125","0.0","False","0.12510618567466736","False","1.0"
"1","128512","512","2.914104308390023","0.0",,"0.0","0.09598781168460846","0.009213659912347794","0.238525390625","0.0","False","0.11005134880542755","False","1.0"
"1","129024","512","2.9257142857142857","110.92794036865234","45.14543125746102","0.8571566343307495","0.10265441238880157","0.010537927970290184","0.1906585693359375","0.0","False","0.10004500299692154","False","1.0"
"1","129536","512","2.9373242630385485","166.40077209472656","52.16590324568986","0.8907142281532288","0.10408005118370056","0.010832657106220722","0.205841064453125","0.0","False","0.08677773922681808","False","1.0"
"1","130048","512","2.948934240362812","166.31063842773438","52.15652319606449","0.9146341681480408","0.08986574411392212","0.008075851947069168","0.186370849609375","0.0","False","0.08560790866613388","False","1.0"
"1","130560","512","2.9605442176870747","166.2702178955078","52.152315052349294","0.915193498134613","0.08419880270957947","0.00708943884819746","0.1866607666015625","0.0","False","0.10463980585336685","False","1.0"
"1","131072","512","2.972154195011338","166.19778442382812","52.14477151170338","0.9362270832061768","0.08774054795503616","0.00769840320572257","0.194793701171875","0.0","False","0.0881965160369873","False","1.0"
"1","131584","512","2.9837641723356008","332.6422119140625","64.15761279400216","0.8912100195884705","0.09127316623926163","0.00833079032599926","0.17547607421875","0.0","False","0.09430046379566193","False","1.0"
"1","132096","512","2.995374149659864","332.4870300292969","64.14953447927361","0.9140710234642029","0.08646685630083084","0.007476517464965582","0.170166015625","0.0","False","0.09242099523544312","False","1.0"
"1","132608","512","3.006984126984127","332.4232482910156","64.14621309529264","0.915048360824585","0.08575797826051712","0.007354431319981813","0.159820556640625","0.0","False","0.07735350728034973","False","1.0"
"1","133120","512","3.01859410430839","332.4892272949219","64.14964888880397","0.9223135113716125","0.08364620059728622","0.006996687036007643","0.1656341552734375","0.0","False","0.11499635875225067","False","1.0"
"1","133632","512","3.030204081632653","332.3891296386719","64.14443613160608","0.9331480860710144","0.07260351628065109","0.0052712708711624146","0.1566619873046875","0.0","False","0.07101917266845703","False","1.0"
"1","134144","512","3.0418140589569163","332.2779846191406","64.13864622445219","0.9509409070014954","0.07202065736055374","0.005186975002288818","0.1492767333984375","0.0","False","0.07668890058994293","False","1.0"
"1","134656","512","3.053424036281179","332.22552490234375","64.13591275361838","0.9519724249839783","0.07335984706878662","0.005381667520850897","0.1444244384765625","0.0","False","0.12155315279960632","False","1.0"
"1","135168","512","3.0650340136054424","332.1609802246094","64.13254899040919","0.9436359405517578","0.06849824637174606","0.00469201011583209","0.1388397216796875","0.0","False","0.06866477429866791","False","1.0"
"1","135680","512","3.076643990929705","332.1664733886719","64.13283529357521","0.9345391988754272","0.06830313056707382","0.0046653179451823235","0.1629180908203125","0.0","False","0.06713104248046875","False","1.0"
"1","136192","512","3.0882539682539685","332.0905456542969","64.12887752795672","0.9357852339744568","0.07104340195655823","0.00504716532304883","0.146240234375","0.0","False","0.08404278755187988","False","1.0"
"1","136704","512","3.0998639455782313","332.090087890625","64.1288536640855","0.9437805414199829","0.06587669253349304","0.00433973828330636","0.140106201171875","0.0","False","0.06016356125473976","False","1.0"
"1","137216","512","3.111473922902494","332.0746765136719","64.12805022789138","0.9463602304458618","0.06510838121175766","0.004239101428538561","0.1333160400390625","0.0","False","0.07389716804027557","False","1.0"
"1","137728","512","3.1230839002267574","332.05767822265625","64.12716401838874","0.9448537826538086","0.06448601186275482","0.004158445633947849","0.1176605224609375","0.0","False","0.09138105064630508","False","1.0"
"1","138240","512","3.1346938775510202","331.9918518066406","64.12373171618977","0.9407870769500732","0.06086617335677147","0.0037046910729259253","0.119842529296875","0.0","False","0.0696553960442543","False","1.0"
"1","138752","512","3.1463038548752835","331.95306396484375","64.12170893294706","0.9517554640769958","0.06264472007751465","0.003924360498785973","0.124664306640625","0.0","False","0.08838015049695969","False","1.0"
"1","139264","512","3.1579138321995464","331.794921875","64.11345938698838","0.9575555920600891","0.06258774548768997","0.003917225636541843","0.12603759765625","0.0","False","0.07627721130847931","False","1.0"
"1","139776","512","3.1695238095238096","331.7562255859375","64.1114401806761","0.9582619071006775","0.05914556235074997","0.0034981975331902504","0.109375","0.0","False","0.06723105162382126","False","1.0"
"1","140288","512","3.1811337868480725","331.7646179199219","64.11187812002609","0.9551634192466736","0.05582254007458687","0.0031161559745669365","0.1244049072265625","0.0","False","0.05499934405088425","False","1.0"
"1","140800","512","3.1927437641723357","331.79010009765625","64.11320779526046","0.9557266235351562","0.05447034910321236","0.002967019099742174","0.105712890625","0.0","False","0.10466048866510391","False","1.0"
"1","141312","512","3.2043537414965986","331.6813659667969","64.10753327145791","0.9605475068092346","0.05624919757246971","0.0031639724038541317","0.1196441650390625","0.0","False","0.07769986987113953","False","1.0"
"1","141824","512","3.215963718820862","331.7265930175781","64.10989376802152","0.960154116153717","0.05376200005412102","0.002890352625399828","0.12359619140625","0.0","False","0.08239863067865372","False","1.0"
"1","142336","512","3.2275736961451247","331.70001220703125","64.10850649763071","0.962391197681427","0.05234774574637413","0.002740286523476243","0.116851806640625","0.0","False","0.0795138031244278","False","1.0"
"1","142848","512","3.239183673469388","331.7710876464844","64.11221572389036","0.9532541632652283","0.05247640982270241","0.0027537737041711807","0.1024169921875","0.0","False","0.07941745221614838","False","1.0"
"1","143360","512","3.250793650793651","331.73321533203125","64.1102393737725","0.949002742767334","0.05225211754441261","0.002730283886194229","0.087158203125","0.0","False","0.07985907793045044","False","1.0"
"1","143872","512","3.2624036281179136","331.564697265625","64.10144259587884","0.9510497450828552","0.0480002798140049","0.0023040268570184708","0.0837249755859375","0.0","False","0.07804165035486221","False","1.0"
"1","144384","512","3.274013605442177","331.5736999511719","64.10191265630117","0.9566500186920166","0.04620165377855301","0.0021345929708331823","0.0877532958984375","0.0","False","0.06360232084989548","False","1.0"
"1","144896","512","3.2856235827664397","331.58673095703125","64.10259302623848","0.9507721662521362","0.046548936516046524","0.0021668034605681896","0.0873870849609375","0.0","False","0.11871788650751114","False","1.0"
"1","145408","512","3.297233560090703","331.5521545410156","64.10078767685951","0.9329238533973694","0.04190443083643913","0.0017559813568368554","0.083984375","0.0","False","0.0644809901714325","False","1.0"
"1","145920","512","3.308843537414966","331.64935302734375","64.1058622530881","0.920377790927887","0.04456000775098801","0.0019855943974107504","0.087890625","0.0","False","0.08175646513700485","False","1.0"
"1","146432","512","3.320453514739229","331.62139892578125","64.104402966897","0.9079654216766357","0.04401291534304619","0.0019371366361156106","0.1069793701171875","0.0","False","0.07814971357584","False","1.0"
"1","146944","512","3.332063492063492","331.818115234375","64.11466952395776","0.8916211724281311","0.04225610941648483","0.0017855786718428135","0.1126556396484375","0.0","False","0.09885967522859573","False","1.0"
"1","147456","512","3.3436734693877552","331.8598327636719","64.11684596533192","0.8818011283874512","0.04162546992301941","0.0017326798988506198","0.0938568115234375","0.0","False","0.08603911101818085","False","1.0"
"1","147968","512","3.355283446712018","331.8844909667969","64.1181322775257","0.870259702205658","0.03889268636703491","0.0015126409707590938","0.089752197265625","0.0","False","0.09893133491277695","False","1.0"
"1","148480","512","3.3668934240362813","165.57545471191406","52.07982355788819","0.9659517407417297","0.038628384470939636","0.0014921522233635187","0.085723876953125","0.0","False","0.0852857381105423","False","1.0"
"1","148992","512","3.378503401360544","165.5470428466797","52.07685259765597","0.9657692909240723","0.04122423008084297","0.001699437270872295","0.0834197998046875","0.0","False","0.07980465143918991","False","1.0"
"1","149504","512","3.3901133786848074","165.5236358642578","52.074404602854386","0.9595928192138672","0.032327741384506226","0.0010450828121975064","0.07379150390625","0.0","False","0.08826332539319992","False","1.0"
"1","150016","512","3.4017233560090703","165.582763671875","52.080587755763844","0.958404541015625","0.02848096750676632","0.0008111655479297042","0.06439208984375","0.0","False","0.10317759215831757","False","1.0"
"1","150528","512","3.4133333333333336","165.54116821289062","52.076238237754126","0.8729397654533386","0.06500034034252167","0.004225044511258602","0.15753173828125","0.0","False","0.32276010513305664","False","1.0"
"1","151040","512","3.4249433106575964","0.0",,"0.0","0.0445982851088047","0.001989006996154785","0.1065673828125","0.0","False","0.1297452300786972","False","1.0"
"1","151552","512","3.436553287981859","0.0",,"0.0","0.019173406064510345","0.000367619504686445","0.0475616455078125","0.0","False","0.08068826049566269","False","1.0"
"1","152064","512","3.4481632653061225","0.0",,"0.0","0.023833125829696655","0.000568017887417227","0.0559234619140625","0.0","False","0.11788532137870789","False","1.0"
"1","152576","512","3.4597732426303853","0.0",,"0.0","0.021270930767059326","0.0004524524847511202","0.0434112548828125","0.0","False","0.12082197517156601","False","1.0"
"1","153088","512","3.4713832199546486","0.0",,"0.0","0.018338043242692947","0.0003362838178873062","0.0520172119140625","0.0","False","0.1053365021944046","False","1.0"
"1","153600","512","3.4829931972789114","0.0",,"0.0","0.013545356690883636","0.00018347668810747564","0.0318756103515625","0.0","False","0.09678662568330765","False","1.0"
"1","154112","512","3.4946031746031747","0.0",,"0.0","0.016872305423021317","0.00028467466472648084","0.0337371826171875","0.0","False","0.13120226562023163","False","1.0"
"1","154624","512","3.5062131519274375","0.0",,"0.0","0.01900961622595787","0.0003613654989749193","0.03546142578125","0.0","False","0.11688286811113358","False","1.0"
"1","155136","512","3.517823129251701","0.0",,"0.0","0.011082346551120281","0.00012281839735805988","0.0226287841796875","0.0","False","0.08230677992105484","False","1.0"
"1","155648","512","3.5294331065759637","0.0",,"0.0","0.012752857990562916","0.00016263539146166295","0.03179931640625","0.0","False","0.1173613891005516","False","1.0"
"1","156160","512","3.541043083900227","0.0",,"0.0","0.012622913345694542","0.00015933794202283025","0.025970458984375","0.0","False","0.1506049782037735","False","1.0"
"1","156672","512","3.5526530612244898","0.0",,"0.0","0.011002928949892521","0.00012106444773962721","0.0294952392578125","0.0","False","0.13428200781345367","False","1.0"
"1","157184","512","3.564263038548753","0.0",,"0.0","0.014730607159435749","0.00021699079661630094","0.028167724609375","0.0","False","0.1310596615076065","False","1.0"
"1","157696","512","3.575873015873016","0.0",,"0.0","0.008750677108764648","0.00007657435344299302","0.022308349609375","0.0","False","0.11424104124307632","False","1.0"
"1","158208","512","3.5874829931972787","0.0",,"0.0","0.007815469056367874","0.00006108155503170565","0.017181396484375","0.0","False","0.1742442548274994","False","1.0"
"1","158720","512","3.599092970521542","0.0",,"0.0","0.00792019721120596","0.00006272952305153012","0.017486572265625","0.0","False","0.14255273342132568","False","1.0"
"1","159232","512","3.610702947845805","0.0",,"0.0","0.006988594774156809","0.0000488404584757518","0.0169525146484375","0.0","False","0.09428335726261139","False","1.0"
"1","159744","512","3.622312925170068","0.0",,"0.0","0.011335907503962517","0.0001285027974518016","0.0197906494140625","0.0","False","0.20766966044902802","False","1.0"
"1","160256","512","3.633922902494331","0.0",,"0.0","0.011597811244428158","0.00013450923142954707","0.02117919921875","0.0","False","0.15604543685913086","False","1.0"
"1","160768","512","3.645532879818594","0.0",,"0.0","0.007528092712163925","0.00005667217919835821","0.0154571533203125","0.0","False","0.12134433537721634","False","1.0"
"1","161280","512","3.657142857142857","0.0",,"0.0","0.006798391230404377","0.00004621812331606634","0.0167694091796875","0.0","False","0.16866742074489594","False","1.0"
"1","161792","512","3.6687528344671203","0.0",,"0.0","0.008587772957980633","0.00007374984124908224","0.016571044921875","0.0","False","0.16586433351039886","False","1.0"
"1","162304","512","3.680362811791383","0.0",,"0.0","0.011736087501049042","0.0001377357548335567","0.02056884765625","0.0","False","0.1982625275850296","False","1.0"
"1","162816","512","3.6919727891156464","0.0",,"0.0","0.013086686842143536","0.00017126137390732765","0.020965576171875","0.0","False","0.18549157679080963","False","1.0"
"1","163328","512","3.7035827664399092","0.0",,"0.0","0.014629440382122993","0.00021402053243946284","0.0240020751953125","0.0","False","0.16475756466388702","False","1.0"
"1","163840","512","3.7151927437641725","0.0",,"0.0","0.01539379172027111","0.00023696882999502122","0.02459716796875","0.0","False","0.19629201292991638","False","1.0"
"1","164352","512","3.7268027210884354","0.0",,"0.0","0.009887685999274254","0.00009776633669389412","0.016632080078125","0.0","False","0.16314928233623505","False","1.0"
"1","164864","512","3.7384126984126986","0.0",,"0.0","0.010545785538852215","0.0001112135942094028","0.0179290771484375","0.0","False","0.1396809071302414","False","1.0"
"1","165376","512","3.7500226757369615","0.0",,"0.0","0.012223472818732262","0.00014941328845452517","0.0222015380859375","0.0","False","0.17762993276119232","False","1.0"
"1","165888","512","3.7616326530612243","149.4189910888672","50.30232002332954","0.8667147755622864","0.014681268483400345","0.00021553965052589774","0.0239715576171875","0.0","False","0.20679956674575806","False","1.0"
"1","166400","512","3.7732426303854876","151.96987915039062","50.59538258535253","0.8599261045455933","0.013177935965359211","0.00017365800158586353","0.02642822265625","0.0","False","0.21655240654945374","False","1.0"
"1","166912","512","3.7848526077097504","0.0",,"0.0","0.012151368893682957","0.00014765576634090394","0.02642822265625","0.0","False","0.16115328669548035","False","1.0"
"1","167424","512","3.7964625850340137","0.0",,"0.0","0.012439566664397717","0.0001547428109915927","0.0201263427734375","0.0","False","0.16280943155288696","False","1.0"
"1","167936","512","3.8080725623582765","0.0",,"0.0","0.009978090412914753","0.00009956228313967586","0.01885986328125","0.0","False","0.16890069842338562","False","1.0"
"1","168448","512","3.81968253968254","0.0",,"0.0","0.013126912526786327","0.00017231583478860557","0.02099609375","0.0","False","0.1868848204612732","False","1.0"
"1","168960","512","3.8312925170068026","0.0",,"0.0","0.009924092330038548","0.00009848760237218812","0.021331787109375","0.0","False","0.2264675348997116","False","1.0"
"1","169472","512","3.842902494331066","0.0",,"0.0","0.01037097442895174","0.00010755711991805583","0.025238037109375","0.0","False","0.13571885228157043","False","1.0"
"1","169984","512","3.8545124716553287","0.0",,"0.0","0.009736353531479836","0.0000947965745581314","0.0185699462890625","0.0","False","0.12945087254047394","False","1.0"
"1","170496","512","3.866122448979592","0.0",,"0.0","0.0077516729943454266","0.00006008843774907291","0.018035888671875","0.0","False","0.13129261136054993","False","1.0"
"1","171008","512","3.877732426303855","0.0",,"0.0","0.01313626766204834","0.00017256152932532132","0.02252197265625","0.0","False","0.18610069155693054","False","1.0"
"1","171520","512","3.889342403628118","0.0",,"0.0","0.008994173258543015","0.00008089515176834539","0.01715087890625","0.0","False","0.1995476335287094","False","1.0"
"1","172032","512","3.900952380952381","0.0",,"0.0","0.006067526526749134","0.00003681487942230888","0.0141448974609375","0.0","False","0.14225170016288757","False","1.0"
"1","172544","512","3.912562358276644","0.0",,"0.0","0.004011207725852728","0.00001608978709555231","0.0081329345703125","0.0","False","0.1384713053703308","False","1.0"
"1","173056","512","3.924172335600907","0.0",,"0.0","0.005803721956908703","0.000033683190849842504","0.012176513671875","0.0","False","0.20069758594036102","False","1.0"
"1","173568","512","3.93578231292517","0.0",,"0.0","0.009486029855906963","0.00008998476550914347","0.014678955078125","0.0","False","0.14152637124061584","False","1.0"
"1","174080","512","3.947392290249433","0.0",,"0.0","0.006268172990530729","0.00003928999285562895","0.012603759765625","0.0","False","0.16519391536712646","False","1.0"
"1","174592","512","3.959002267573696","0.0",,"0.0","0.009360072202980518","0.00008761095523368567","0.0184173583984375","0.0","False","0.17849531769752502","False","1.0"
"1","175104","512","3.9706122448979593","0.0",,"0.0","0.007177563384175301","0.00005151741424924694","0.013458251953125","0.0","False","0.1553685963153839","False","1.0"
"1","175616","512","3.982222222222222","0.0",,"0.0","0.004773507826030254","0.000022786376575822942","0.0108795166015625","0.0","False","0.1769641935825348","False","1.0"
"1","176128","512","3.9938321995464854","0.0",,"0.0","0.00490906136110425","0.000024098884750856087","0.0100860595703125","0.0","False","0.1260766237974167","False","1.0"
"1","176640","512","4.005442176870749","0.0",,"0.0","0.006689445581287146","0.000044748681830242276","0.0126190185546875","0.0","False","0.1553904265165329","False","1.0"
"1","177152","512","4.017052154195011","0.0",,"0.0","0.010894406586885452","0.00011868809815496206","0.018768310546875","0.0","False","0.21035747230052948","False","1.0"
"1","177664","512","4.028662131519274","0.0",,"0.0","0.011341055855154991","0.00012861954746767879","0.0200653076171875","0.0","False","0.19806504249572754","False","1.0"
"1","178176","512","4.040272108843538","0.0",,"0.0","0.008770089596509933","0.00007691446808166802","0.017364501953125","0.0","False","0.15927405655384064","False","1.0"
"1","178688","512","4.051882086167801","0.0",,"0.0","0.010231715627014637","0.00010468801337992772","0.0184783935546875","0.0","False","0.2382018119096756","False","1.0"
"1","179200","512","4.063492063492063","0.0",,"0.0","0.010374322533607483","0.0001076265616575256","0.0181121826171875","0.0","False","0.1598362773656845","False","1.0"
"1","179712","512","4.0751020408163265","0.0",,"0.0","0.011182750575244427","0.0001250539207831025","0.020172119140625","0.0","False","0.1949257254600525","False","1.0"
"1","180224","512","4.08671201814059","0.0",,"0.0","0.010424678213894367","0.00010867391392821446","0.0200042724609375","0.0","False","0.14841051399707794","False","1.0"
"1","180736","512","4.098321995464852","0.0",,"0.0","0.011888768523931503","0.00014134281082078815","0.018463134765625","0.0","False","0.22373293340206146","False","1.0"
"1","181248","512","4.1099319727891155","0.0",,"0.0","0.01135906670242548","0.00012902839807793498","0.0186614990234375","0.0","False","0.14997482299804688","False","1.0"
"1","181760","512","4.121541950113379","0.0",,"0.0","0.007949531078338623","0.00006319504609564319","0.0138397216796875","0.0","False","0.207574725151062","False","1.0"
"1","182272","512","4.133151927437642","0.0",,"0.0","0.008820796385407448","0.00007780645682942122","0.0149993896484375","0.0","False","0.1877601146697998","False","1.0"
"1","182784","512","4.144761904761904","0.0",,"0.0","0.01091567799448967","0.00011915203504031524","0.033905029296875","0.0","False","0.28071168065071106","False","1.0"
"1","183296","512","4.156371882086168","0.0",,"0.0","0.01671503484249115","0.0002793923777062446","0.09832763671875","0.0","True","0.4522452652454376","False","1.0"
"1","183808","512","4.167981859410431","0.0",,"0.0","0.011295978911221027","0.00012759913806803524","0.02349853515625","0.0","False","0.1326453536748886","False","1.0"
"1","184320","512","4.179591836734694","0.0",,"0.0","0.0064783645793795586","0.000041969207813963294","0.01409912109375","0.0","False","0.08683405071496964","False","1.0"
"1","184832","512","4.191201814058957","0.0",,"0.0","0.008881805464625359","0.00007888647087384015","0.0198211669921875","0.0","False","0.12277194857597351","False","1.0"
"1","185344","512","4.20281179138322","0.0",,"0.0","0.003755711019039154","0.000014105366062722169","0.0112457275390625","0.0","False","0.08261239528656006","False","1.0"
"1","185856","512","4.214421768707483","0.0",,"0.0","0.00009110959217650816","8.30095814308152E-09","0.0002899169921875","0.0","False","0.0","True","0.0"
"2","0","512","0.0","0.0",,"0.0","0.0","0.0","0.0","0.0","False","0.0","True","0.0"
"2","512","512","0.011609977324263039","0.0",,"0.0","0.0","0.0","0.0","0.0","False","0.0","True","0.0"
"2","1024","512","0.023219954648526078","0.0",,"0.0","0.0","0.0","0.0","0.0","False","0.0","True","0.0"
"2","1536","512","0.034829931972789115","0.0",,"0.0","0.0","0.0","0.0","0.0","False","0.0","True","0.0"
"2","2048","512","0.046439909297052155","0.0",,"0.0","0.0","0.0","0.0","0.0","False","0.0","True","0.0"
"2","2560","512","0.058049886621315196","0.0",,"0.0","0.0","0.0","0.0","0.0","False","0.0","True","0.0"
"2","3072","512","0.06965986394557823","0.0",,"0.0","0.0","0.0","0.0","0.0","False","0.0","True","0.0"
"2","3584","512","0.08126984126984127","0.0",,"0.0","0.0","0.0","0.0","0.0","False","0.0","True","0.0"
"2","4096","512","0.09287981859410431","0.0",,"0.0","0.000004156970135227311","1.72803993336856E-11","0.000030517578125","0.0","False","0.0","True","0.0"
"2","4608","512","0.10448979591836735","0.0",,"0.0","0.000012759292985720094","1.62799551617354E-10","0.000030517578125","0.0","False","0.0","True","0.0"
"2","5120","512","0.11609977324263039","0.0",,"0.0","0.000013587767170974985","1.84627424459904E-10","0.000030517578125","0.0","False","0.0","True","0.0"
"2","5632","512","0.12770975056689343","0.0",,"0.0","0.00001669611083343625","2.78760126093403E-10","0.0000457763671875","0.0","False","0.0","True","0.0"
"2","6144","512","0.13931972789115646","0.0",,"0.0","0.00019280501874163747","3.71737769455649E-08","0.00115966796875","0.0","False","0.0","True","0.0"
"2","6656","512","0.1509297052154195","0.0",,"0.0","0.0018325215205550194","0.000003358135018061148","0.0043182373046875","0.0","False","0.0","True","0.0"
"2","7168","512","0.16253968253968254","0.0",,"0.0","0.0038885765243321657","0.000015121027900022455","0.0067138671875","0.0","False","1.0","False","1.0"
"2","7680","512","0.17414965986394557","153.70872497558594","50.792346424434214","0.85799640417099","0.00536601897329092","0.00002879416206269525","0.0094146728515625","0.0","False","0.3614882230758667","False","1.0"
"2","8192","512","0.18575963718820862","0.0",,"0.0","0.005051967687904835","0.000025522378564346582","0.0083160400390625","0.0","False","0.26203522086143494","False","1.0"
"2","8704","512","0.19736961451247165","0.0",,"0.0","0.0081423819065094","0.00006629838753724471","0.014312744140625","0.0","False","0.34991180896759033","False","1.0"
"2","9216","512","0.2089795918367347","0.0",,"0.0","0.006619587540626526","0.000043818938138429075","0.011871337890625","0.0","False","0.27821412682533264","False","1.0"
"2","9728","512","0.22058956916099773","0.0",,"0.0","0.010239047929644585","0.00010483809455763549","0.01837158203125","0.0","False","0.24264967441558838","False","1.0"
"2","10240","512","0.23219954648526078","0.0",,"0.0","0.010380166582763195","0.00010774785187095404","0.0179901123046875","0.0","False","0.33702072501182556","False","1.0"
"2","10752","512","0.2438095238095238","0.0",,"0.0","0.009630648419260979","0.0000927493892959319","0.0177459716796875","0.0","False","0.19528421759605408","False","1.0"
"2","11264","512","0.25541950113378686","0.0",,"0.0","0.012718499638140202","0.00016176022472791374","0.0254974365234375","0.0","False","0.2887977659702301","False","1.0"
"2","11776","512","0.26702947845804986","0.0",,"0.0","0.008060946129262447","0.00006497884896816686","0.01739501953125","0.0","False","0.1557091474533081","False","1.0"
"2","12288","512","0.2786394557823129","0.0",,"0.0","0.014118289574980736","0.00019932609575334936","0.027618408203125","0.0","False","0.19695408642292023","False","1.0"
"2","12800","512","0.29024943310657597","0.0",,"0.0","0.010918236337602139","0.00011920788529096171","0.0220489501953125","0.0","False","0.18729820847511292","False","1.0"
"2","13312","512","0.301859410430839","0.0",,"0.0","0.012508735992014408","0.00015646847896277905","0.0216217041015625","0.0","False","0.23835162818431854","False","1.0"
"2","13824","512","0.313469387755102","0.0",,"0.0","0.017329595983028412","0.00030031491769477725","0.0310516357421875","0.0","False","0.1751716285943985","False","1.0"
"2","14336","512","0.3250793650793651","0.0",,"0.0","0.014743958599865437","0.00021738432405982167","0.030517578125","0.0","False","0.18555967509746552","False","1.0"
"2","14848","512","0.33668934240362813","0.0",,"0.0","0.015150263905525208","0.00022953050211071968","0.0266571044921875","0.0","False","0.12804917991161346","False","1.0"
"2","15360","512","0.34829931972789113","0.0",,"0.0","0.007733671460300684","0.0000598096739850007","0.0134735107421875","0.0","False","0.1822216659784317","False","1.0"
"2","15872","512","0.3599092970521542","0.0",,"0.0","0.00876989122480154","0.00007691099017392844","0.020599365234375","0.0","False","0.11902164667844772","False","1.0"
"2","16384","512","0.37151927437641724","0.0",,"0.0","0.012753632850944996","0.00016265515296254307","0.0215301513671875","0.0","False","0.13196761906147003","False","1.0"
"2","16896","512","0.3831292517006803","0.0",,"0.0","0.016115304082632065","0.0002597029961179942","0.032501220703125","0.0","False","0.25082284212112427","False","1.0"
"2","17408","512","0.3947392290249433","0.0",,"0.0","0.017505275085568428","0.00030643463833257556","0.03009033203125","0.0","False","0.1837889552116394","False","1.0"
"2","17920","512","0.40634920634920635","0.0",,"0.0","0.01808234490454197","0.000326971203321591","0.0351715087890625","0.0","False","0.22360357642173767","False","1.0"
"2","18432","512","0.4179591836734694","0.0",,"0.0","0.013772645965218544","0.00018968578660860658","0.023590087890625","0.0","False","0.12994752824306488","False","1.0"
"2","18944","512","0.4295691609977324","0.0",,"0.0","0.010441106744110584","0.00010901670611929148","0.0208587646484375","0.0","False","0.13430823385715485","False","1.0"
"2","19456","512","0.44117913832199546","0.0",,"0.0","0.01801895722746849","0.00032468282734043896","0.030120849609375","0.0","False","0.24537374079227448","False","1.0"
"2","19968","512","0.4527891156462585","0.0",,"0.0","0.023032106459140778","0.0005304779042489827","0.039459228515625","0.0","False","0.16923856735229492","False","1.0"
"2","20480","512","0.46439909297052157","0.0",,"0.0","0.020594021305441856","0.0004241136775817722","0.0374298095703125","0.0","False","0.23632605373859406","False","1.0"
"2","20992","512","0.47600907029478456","0.0",,"0.0","0.02253839373588562","0.0005079791881144047","0.0407867431640625","0.0","False","0.14632189273834229","False","1.0"
"2","21504","512","0.4876190476190476","0.0",,"0.0","0.013838402926921844","0.00019150139996781945","0.0297393798828125","0.0","False","0.1642085760831833","False","1.0"
"2","22016","512","0.4992290249433107","0.0",,"0.0","0.017193803563714027","0.00029562690178863704","0.0380096435546875","0.0","False","0.1301577091217041","False","1.0"
"2","22528","512","0.5108390022675737","0.0",,"0.0","0.020404309034347534","0.0004163358244113624","0.0333099365234375","0.0","False","0.1517597883939743","False","1.0"
"2","23040","512","0.5224489795918368","0.0",,"0.0","0.021842172369360924","0.00047708049532957375","0.035888671875","0.0","False","0.23484152555465698","False","1.0"
"2","23552","512","0.5340589569160997","0.0",,"0.0","0.020504413172602654","0.00042043093708343804","0.0402374267578125","0.0","False","0.16492654383182526","False","1.0"
"2","24064","512","0.5456689342403628","0.0",,"0.0","0.018658867105841637","0.0003481533203739673","0.0284881591796875","0.0","False","0.13328877091407776","False","1.0"
"2","24576","512","0.5572789115646258","0.0",,"0.0","0.01311431359499693","0.0001719852298265323","0.0254974365234375","0.0","False","0.17534923553466797","False","1.0"
"2","25088","512","0.5688888888888889","0.0",,"0.0","0.01314734946936369","0.0001728528004605323","0.0220184326171875","0.0","False","0.11491105705499649","False","1.0"
"2","25600","512","0.5804988662131519","0.0",,"0.0","0.012827375903725624","0.00016454156138934195","0.0222015380859375","0.0","False","0.1719340980052948","False","1.0"
"2","26112","512","0.592108843537415","0.0",,"0.0","0.01491724792867899","0.00022252427879720926","0.027191162109375","0.0","False","0.17110620439052582","False","1.0"
"2","26624","512","0.603718820861678","0.0",,"0.0","0.017476947978138924","0.0003054437111131847","0.032501220703125","0.0","False","0.1617821604013443","False","1.0"
"2","27136","512","0.615328798185941","0.0",,"0.0","0.009900560602545738","0.00009802109707379714","0.0210113525390625","0.0","False","0.17144615948200226","False","1.0"
"2","27648","512","0.626938775510204","0.0",,"0.0","0.012297648936510086","0.00015123217599466443","0.0226287841796875","0.0","False","0.13539381325244904","False","1.0"
"2","28160","512","0.6385487528344671","0.0",,"0.0","0.005490626208484173","0.000030146977223921567","0.0115509033203125","0.0","False","0.18151840567588806","False","1.0"
"2","28672","512","0.6501587301587302","0.0",,"0.0","0.010464457795023918","0.00010950487921945751","0.0208587646484375","0.0","False","0.13850988447666168","False","1.0"
"2","29184","512","0.6617687074829932","0.0",,"0.0","0.016032177954912186","0.0002570307406131178","0.0297393798828125","0.0","False","0.21730369329452515","False","1.0"
"2","29696","512","0.6733786848072563","0.0",,"0.0","0.015421828255057335","0.0002378327917540446","0.0299530029296875","0.0","False","0.18844179809093475","False","1.0"
"2","30208","512","0.6849886621315193","0.0",,"0.0","0.009485093876719475","0.00008996701217256486","0.0157623291015625","0.0","False","0.13714291155338287","False","1.0"
"2","30720","512","0.6965986394557823","0.0",,"0.0","0.009828954003751278","0.00009660833165980875","0.021514892578125","0.0","False","0.21066078543663025","False","1.0"
"2","31232","512","0.7082086167800453","0.0",,"0.0","0.014674593694508076","0.00021534369443543255","0.03277587890625","0.0","False","0.1747675985097885","False","1.0"
"2","31744","512","0.7198185941043084","0.0",,"0.0","0.013098194263875484","0.00017156268586404622","0.0241241455078125","0.0","False","0.1726582944393158","False","1.0"
"2","32256","512","0.7314285714285714","0.0",,"0.0","0.01420565228909254","0.00020180054707452655","0.0222930908203125","0.0","False","0.1905844509601593","False","1.0"
"2","32768","512","0.7430385487528345","0.0",,"0.0","0.01569005846977234","0.0002461779222358018","0.028778076171875","0.0","False","0.184880331158638","False","1.0"
"2","33280","512","0.7546485260770975","0.0",,"0.0","0.012915794737637043","0.00016681774286553264","0.0222625732421875","0.0","False","0.2073669135570526","False","1.0"
"2","33792","512","0.7662585034013606","0.0",,"0.0","0.014485337771475315","0.00020982501155231148","0.02850341796875","0.0","False","0.1753154993057251","False","1.0"
"2","34304","512","0.7778684807256235","0.0",,"0.0","0.02225230261683464","0.0004951649461872876","0.040802001953125","0.0","False","0.28018462657928467","False","1.0"
"2","34816","512","0.7894784580498866","0.0",,"0.0","0.023200949653983116","0.0005382840754464269","0.0428314208984375","0.0","False","0.1817709505558014","False","1.0"
"2","35328","512","0.8010884353741496","0.0",,"0.0","0.020454280078411102","0.00041837754542939365","0.0332794189453125","0.0","False","0.15184879302978516","False","1.0"
"2","35840","512","0.8126984126984127","148.08934020996094","50.14757126777132","0.8500646948814392","0.016756562516093254","0.0002807823766488582","0.0319976806640625","0.0","False","0.16224832832813263","False","1.0"
"2","36352","512","0.8243083900226758","0.0",,"0.0","0.019661659374833107","0.00038658088305965066","0.032470703125","0.0","False","0.23440274596214294","False","1.0"
"2","36864","512","0.8359183673469388","0.0",,"0.0","0.022332631051540375","0.0004987464053556323","0.0340423583984375","0.0","False","0.1697414666414261","False","1.0"
"2","37376","512","0.8475283446712019","148.35800170898438","50.178950605437784","0.8504189252853394","0.019370991736650467","0.00037523533683270216","0.0312652587890625","0.0","False","0.17344453930854797","False","1.0"
"2","37888","512","0.8591383219954648","0.0",,"0.0","0.020371142774820328","0.0004149834276176989","0.0310821533203125","0.0","False","0.16238662600517273","False","1.0"
"2","38400","512","0.8707482993197279","0.0",,"0.0","0.011888360604643822","0.00014133311924524605","0.018463134765625","0.0","False","0.2125030905008316","False","1.0"
"2","38912","512","0.8823582766439909","0.0",,"0.0","0.013533479534089565","0.00018315506167709827","0.02105712890625","0.0","False","0.12873324751853943","False","1.0"
"2","39424","512","0.893968253968254","0.0",,"0.0","0.021576248109340668","0.0004655344528146088","0.0411834716796875","0.0","False","0.18175095319747925","False","1.0"
"2","39936","512","0.905578231292517","0.0",,"0.0","0.01880129612982273","0.00035348875098861754","0.0315704345703125","0.0","False","0.19562789797782898","False","1.0"
"2","40448","512","0.9171882086167801","0.0",,"0.0","0.019579388201236725","0.00038335242425091565","0.031158447265625","0.0","False","0.17172619700431824","False","1.0"
"2","40960","512","0.9287981859410431","0.0",,"0.0","0.012194609269499779","0.00014870849554426968","0.0269317626953125","0.0","False","0.21151527762413025","False","1.0"
"2","41472","512","0.9404081632653061","0.0",,"0.0","0.01007914450019598","0.00010158915392821655","0.0240631103515625","0.0","False","0.12985557317733765","False","1.0"
"2","41984","512","0.9520181405895691","0.0",,"0.0","0.013541435822844505","0.00018337048823013902","0.02520751953125","0.0","False","0.16753211617469788","False","1.0"
"2","42496","512","0.9636281179138322","0.0",,"0.0","0.015447204001247883","0.00023861612135078758","0.028228759765625","0.0","False","0.1726347655057907","False","1.0"
"2","43008","512","0.9752380952380952","0.0",,"0.0","0.022447122260928154","0.0005038733361288905","0.03472900390625","0.0","False","0.1869944930076599","False","1.0"
"2","43520","512","0.9868480725623583","0.0",,"0.0","0.0131673039868474","0.0001733778917696327","0.0260467529296875","0.0","False","0.11789567768573761","False","1.0"
"2","44032","512","0.9984580498866213","0.0",,"0.0","0.00828558485955","0.00006865091563668102","0.0149688720703125","0.0","False","0.18252165615558624","False","1.0"
"2","44544","512","1.0100680272108844","0.0",,"0.0","0.008892524987459183","0.00007907699909992516","0.0213165283203125","0.0","False","0.17472513020038605","False","1.0"
"2","45056","512","1.0216780045351475","0.0",,"0.0","0.010404229164123535","0.00010824798664543778","0.022491455078125","0.0","False","0.10785511881113052","False","1.0"
"2","45568","512","1.0332879818594105","0.0",,"0.0","0.019865505397319794","0.0003946383367292583","0.034088134765625","0.0","False","0.2409377098083496","False","1.0"
"2","46080","512","1.0448979591836736","0.0",,"0.0","0.016888003796339035","0.0002852046745829284","0.0330657958984375","0.0","False","0.17906524240970612","False","1.0"
"2","46592","512","1.0565079365079366","0.0",,"0.0","0.014221761375665665","0.00020225849584676325","0.0234222412109375","0.0","False","0.13990400731563568","False","1.0"
"2","47104","512","1.0681179138321995","0.0",,"0.0","0.009663371369242668","0.00009338074596598744","0.020904541015625","0.0","False","0.1425861418247223","False","1.0"
"2","47616","512","1.0797278911564625","0.0",,"0.0","0.010078191757202148","0.00010156995267607272","0.0194091796875","0.0","False","0.17058616876602173","False","1.0"
"2","48128","512","1.0913378684807256","0.0",,"0.0","0.016531018540263176","0.0002732745779212564","0.0325775146484375","0.0","False","0.2089623063802719","False","1.0"
"2","48640","512","1.1029478458049886","0.0",,"0.0","0.01513697113841772","0.00022912789427209646","0.03009033203125","0.0","False","0.14685532450675964","False","1.0"
"2","49152","512","1.1145578231292517","0.0",,"0.0","0.01849297434091568","0.0003419901186134666","0.02801513671875","0.0","False","0.19246728718280792","False","1.0"
"2","49664","512","1.1261678004535147","0.0",,"0.0","0.01722666434943676","0.0002967579639516771","0.026824951171875","0.0","False","0.16560488939285278","False","1.0"
"2","50176","512","1.1377777777777778","0.0",,"0.0","0.014007960446178913","0.00019622294348664582","0.025543212890625","0.0","False","0.14509804546833038","False","1.0"
"2","50688","512","1.1493877551020408","147.15028381347656","50.03744161323958","0.8511633276939392","0.021784747019410133","0.0004745752376038581","0.0341644287109375","0.0","False","0.18976067006587982","False","1.0"
"2","51200","512","1.1609977324263039","148.43984985351562","50.18849907740357","0.8557295203208923","0.01923377439379692","0.0003699380613397807","0.0341796875","0.0","False","0.19738803803920746","False","1.0"
"2","51712","512","1.172607709750567","147.5770721435547","50.08758090233479","0.8691223859786987","0.019255682826042175","0.0003707813157234341","0.03302001953125","0.0","False","0.17311051487922668","False","1.0"
"2","52224","512","1.18421768707483","148.6829071044922","50.216823335493594","0.8708557486534119","0.017704645171761513","0.00031345448223873973","0.033294677734375","0.0","False","0.21392010152339935","False","1.0"
"2","52736","512","1.195827664399093","148.1461181640625","50.1542076055764","0.868750810623169","0.019994789734482765","0.0003997916355729103","0.035308837890625","0.0","False","0.16151972115039825","False","1.0"
"2","53248","512","1.207437641723356","0.0",,"0.0","0.01781182922422886","0.0003172612632624805","0.03533935546875","0.0","False","0.15504959225654602","False","1.0"
"2","53760","512","1.2190476190476192","0.0",,"0.0","0.015439811162650585","0.00023838775814510882","0.02685546875","0.0","False","0.19859953224658966","False","1.0"
"2","54272","512","1.230657596371882","0.0",,"0.0","0.018681764602661133","0.00034900830360129476","0.03826904296875","0.0","False","0.17307211458683014","False","1.0"
"2","54784","512","1.242267573696145","0.0",,"0.0","0.01309241633862257","0.00017141136049758643","0.028961181640625","0.0","False","0.20106136798858643","False","1.0"
"2","55296","512","1.253877551020408","0.0",,"0.0","0.016544293612241745","0.0002737136383075267","0.0325775146484375","0.0","False","0.22727689146995544","False","1.0"
"2","55808","512","1.2654875283446712","0.0",,"0.0","0.015809444710612297","0.00024993851548060775","0.027618408203125","0.0","False","0.17790429294109344","False","1.0"
"2","56320","512","1.2770975056689342","0.0",,"0.0","0.012733102776110172","0.00016213189519476146","0.0207977294921875","0.0","False","0.1378936916589737","False","1.0"
"2","56832","512","1.2887074829931973","0.0",,"0.0","0.01859235391020775","0.0003456756239756942","0.032989501953125","0.0","False","0.1375921666622162","False","1.0"
"2","57344","512","1.3003174603174603","0.0",,"0.0","0.0074187410064041615","0.000055037718993844464","0.01611328125","0.0","False","0.13355731964111328","False","1.0"
"2","57856","512","1.3119274376417234","0.0",,"0.0","0.01095899473875761","0.00012009957572445273","0.0244598388671875","0.0","False","0.16700711846351624","False","1.0"
"2","58368","512","1.3235374149659864","0.0",,"0.0","0.015570920892059803","0.00024245357781182975","0.0318756103515625","0.0","False","0.16934499144554138","False","1.0"
"2","58880","512","1.3351473922902495","0.0",,"0.0","0.014005790464580059","0.00019616217468865216","0.0268402099609375","0.0","False","0.18942855298519135","False","1.0"
"2","59392","512","1.3467573696145125","0.0",,"0.0","0.016734939068555832","0.00028005821513943374","0.0278778076171875","0.0","False","0.11734014749526978","False","1.0"
"2","59904","512","1.3583673469387756","0.0",,"0.0","0.011915543116629124","0.00014198017015587538","0.0263824462890625","0.0","False","0.15870292484760284","False","1.0"
"2","60416","512","1.3699773242630386","0.0",,"0.0","0.014789118431508541","0.00021871802164241672","0.02471923828125","0.0","False","0.1718914806842804","False","1.0"
"2","60928","512","1.3815873015873017","0.0",,"0.0","0.00823401752859354","0.00006779903924325481","0.02001953125","0.0","False","0.16406825184822083","False","1.0"
"2","61440","512","1.3931972789115645","0.0",,"0.0","0.006559086963534355","0.00004302162051317282","0.013458251953125","0.0","False","0.13842736184597015","False","1.0"
"2","61952","512","1.4048072562358276","0.0",,"0.0","0.016486693173646927","0.0002718110627029091","0.0285797119140625","0.0","False","0.22538547217845917","False","1.0"
"2","62464","512","1.4164172335600906","0.0",,"0.0","0.01473549846559763","0.00021713490423280746","0.0335540771484375","0.0","False","0.22601211071014404","False","1.0"
"2","62976","512","1.4280272108843537","0.0",,"0.0","0.022530447691679","0.0005076210363768041","0.0370330810546875","0.0","False","0.19586116075515747","False","1.0"
"2","63488","512","1.4396371882086167","0.0",,"0.0","0.01884666457772255","0.0003551967965904623","0.03009033203125","0.0","False","0.16655148565769196","False","1.0"
"2","64000","512","1.4512471655328798","0.0",,"0.0","0.019205940887331963","0.0003688681754283607","0.0326995849609375","0.0","False","0.20217542350292206","False","1.0"
"2","64512","512","1.4628571428571429","147.88360595703125","50.12350324360159","0.8512059450149536","0.016352087259292603","0.0002673907729331404","0.02960205078125","0.0","False","0.133918896317482","False","1.0"
"2","65024","512","1.474467120181406","0.0",,"0.0","0.01662728376686573","0.0002764665405265987","0.0357666015625","0.0","False","0.2127150148153305","False","1.0"
"2","65536","512","1.486077097505669","147.9958953857422","50.13664368021754","0.862899124622345","0.02219235524535179","0.0004925006651319563","0.037200927734375","0.0","False","0.20150627195835114","False","1.0"
"2","66048","512","1.497687074829932","147.98277282714844","50.13510855470322","0.8650767207145691","0.020363841205835342","0.00041468601557426155","0.0361328125","0.0","False","0.18055620789527893","False","1.0"
"2","66560","512","1.509297052154195","147.6125030517578","50.09173682111509","0.8869197964668274","0.024132834747433662","0.0005823937244713306","0.0378875732421875","0.0","False","0.1814625859260559","False","1.0"
"2","67072","512","1.5209070294784581","147.67776489257812","50.09938919134449","0.8663925528526306","0.023063337430357933","0.0005319175543263555","0.0388336181640625","0.0","False","0.15471915900707245","False","1.0"
"2","67584","512","1.5325170068027212","0.0",,"0.0","0.021211115643382072","0.00044991140021011233","0.0334625244140625","0.0","False","0.19566954672336578","False","1.0"
"2","68096","512","1.5441269841269842","147.994873046875","50.136524088119046","0.859810471534729","0.018795983865857124","0.000353289011400193","0.0341949462890625","0.0","False","0.16441592574119568","False","1.0"
"2","68608","512","1.555736961451247","148.8050079345703","50.231034677577384","0.8580912351608276","0.017874130979180336","0.00031948453397490084","0.0321502685546875","0.0","False","0.18664336204528809","False","1.0"
"2","69120","512","1.5673469387755101","148.16561889648438","50.15648630923722","0.8756418228149414","0.017349621281027794","0.0003010093350894749","0.0288543701171875","0.0","False","0.16222995519638062","False","1.0"
"2","69632","512","1.5789569160997732","0.0",,"0.0","0.017579123377799988","0.0003090255777351558","0.029876708984375","0.0","False","0.11116273701190948","False","1.0"
"2","70144","512","1.5905668934240362","0.0",,"0.0","0.02102522738277912","0.00044206020538695157","0.04736328125","0.0","False","0.27808552980422974","False","1.0"
"2","70656","512","1.6021768707482993","0.0",,"0.0","0.02792707085609436","0.0007799213053658605","0.0493621826171875","0.0","False","0.2730299234390259","False","1.0"
"2","71168","512","1.6137868480725623","0.0",,"0.0","0.014495715498924255","0.00021012575598433614","0.0450592041015625","0.0","False","0.14994414150714874","False","1.0"
"2","71680","512","1.6253968253968254","0.0",,"0.0","0.013147799298167229","0.00017286461661569774","0.0331878662109375","0.0","False","0.2628684341907501","False","1.0"
"2","72192","512","1.6370068027210884","0.0",,"0.0","0.30555543303489685","0.09336411952972412","0.628448486328125","0.0","True","0.8469244241714478","False","1.0"
"2","72704","512","1.6486167800453515","0.0",,"0.0","0.11317001283168793","0.012807452119886875","0.3246917724609375","0.0","False","0.1440352201461792","False","1.0"
"2","73216","512","1.6602267573696146","0.0",,"0.0","0.1271289736032486","0.016161777079105377","0.252838134765625","0.0","False","0.17690712213516235","False","1.0"
"2","73728","512","1.6718367346938776","0.0",,"0.0","0.07034657150506973","0.004948640242218971","0.180633544921875","0.0","False","0.11351794004440308","False","1.0"
"2","74240","512","1.6834467120181407","0.0",,"0.0","0.0873800665140152","0.007635275833308697","0.1893768310546875","0.0","False","0.11823739111423492","False","1.0"
"2","74752","512","1.6950566893424037","0.0",,"0.0","0.07724035531282425","0.005966072902083397","0.1656036376953125","0.0","False","0.09400170296430588","False","1.0"
"2","75264","512","1.7066666666666668","0.0",,"0.0","0.07207582145929337","0.0051949238404631615","0.1782989501953125","0.0","False","0.10249511152505875","False","1.0"
"2","75776","512","1.7182766439909296","0.0",,"0.0","0.09314035624265671","0.008675126358866692","0.192352294921875","0.0","False","0.10535318404436111","False","1.0"
"2","76288","512","1.7298866213151927","0.0",,"0.0","0.0874897912144661","0.007654463406652212","0.23858642578125","0.0","False","0.16755126416683197","False","1.0"
"2","76800","512","1.7414965986394557","0.0",,"0.0","0.07503306865692139","0.005629961844533682","0.1719207763671875","0.0","False","0.1193229928612709","False","1.0"
"2","77312","512","1.7531065759637188","0.0",,"0.0","0.08130749315023422","0.0066109090112149715","0.17572021484375","0.0","False","0.16837401688098907","False","1.0"
"2","77824","512","1.7647165532879818","0.0",,"0.0","0.06977054476737976","0.004867928568273783","0.1868438720703125","0.0","False","0.12175828963518143","False","1.0"
"2","78336","512","1.7763265306122449","0.0",,"0.0","0.06618539243936539","0.0043805064633488655","0.16925048828125","0.0","False","0.11625918745994568","False","1.0"
"2","78848","512","1.787936507936508","0.0",,"0.0","0.0633629634976387","0.00401486549526453","0.1565704345703125","0.0","False","0.1450066864490509","False","1.0"
"2","79360","512","1.799546485260771","0.0",,"0.0","0.060957279056310654","0.003715789644047618","0.150543212890625","0.0","False","0.15492753684520721","False","1.0"
"2","79872","512","1.811156462585034","175.28146362304688","53.06603894919117","0.8695521950721741","0.05320882797241211","0.0028311791829764843","0.1156005859375","0.0","False","0.11059839278459549","False","1.0"
"2","80384","512","1.822766439909297","175.37962341308594","53.0757313605528","0.8678268194198608","0.05436200648546219","0.0029552278574556112","0.1320648193359375","0.0","False","0.10195022821426392","False","1.0"
"2","80896","512","1.8343764172335602","175.38104248046875","53.07587144112682","0.8536847829818726","0.045418206602334976","0.002062813611701131","0.1052398681640625","0.0","False","0.09874007850885391","False","1.0"
"2","81408","512","1.8459863945578232","175.33168029785156","53.0709980797517","0.8585295677185059","0.0489879846572876","0.002399822697043419","0.107208251953125","0.0","False","0.0914955884218216","False","1.0"
"2","81920","512","1.8575963718820863","175.42869567871094","53.080574779197434","0.8601435422897339","0.04018877446651459","0.0016151375602930784","0.088653564453125","0.0","False","0.13021008670330048","False","1.0"
"2","82432","512","1.8692063492063493","175.41314697265625","53.079040272984884","0.8759544491767883","0.03687459975481033","0.0013597361976280808","0.08062744140625","0.0","False","0.08442618697881699","False","1.0"
"2","82944","512","1.8808163265306121","175.38839721679688","53.07659743196376","0.856210470199585","0.04058639705181122","0.0016472556162625551","0.097625732421875","0.0","False","0.11436240375041962","False","1.0"
"2","83456","512","1.8924263038548752","0.0",,"0.0","0.043873969465494156","0.0019249252509325743","0.096710205078125","0.0","False","0.08403745293617249","False","1.0"
"2","83968","512","1.9040362811791383","0.0",,"0.0","0.042695507407188416","0.0018229064298793674","0.116241455078125","0.0","False","0.09633127599954605","False","1.0"
"2","84480","512","1.9156462585034013","0.0",,"0.0","0.03637449070811272","0.0013231034390628338","0.088623046875","0.0","False","0.0914178341627121","False","1.0"
"2","84992","512","1.9272562358276644","175.3020477294922","53.068071897395214","0.873367190361023","0.035620465874671936","0.0012688174610957503","0.0890960693359375","0.0","False","0.10257428139448166","False","1.0"
"2","85504","512","1.9388662131519274","175.382568359375","53.076022064135344","0.893673300743103","0.03595321252942085","0.001292633474804461","0.0854949951171875","0.0","False","0.08859805762767792","False","1.0"
"2","86016","512","1.9504761904761905","175.31097412109375","53.06895342044862","0.8799853920936584","0.04115619137883186","0.0016938321059569716","0.0914306640625","0.0","False","0.09358261525630951","False","1.0"
"2","86528","512","1.9620861678004535","175.3141632080078","53.06926834686224","0.8846902251243591","0.037690840661525726","0.0014205995248630643","0.0804901123046875","0.0","False","0.08361106365919113","False","1.0"
"2","87040","512","1.9736961451247166","175.3332977294922","53.071157785048996","0.900672197341919","0.03932195156812668","0.001546215731650591","0.0735931396484375","0.0","False","0.12337294965982437","False","1.0"
"2","87552","512","1.9853061224489796","175.32363891601562","53.07020405135541","0.9215686917304993","0.03754332661628723","0.0014095013029873371","0.0725860595703125","0.0","False","0.08562149852514267","False","1.0"
"2","88064","512","1.9969160997732427","351.705322265625","65.12236371971014","0.859587550163269","0.03633033111691475","0.0013198929373174906","0.0715789794921875","0.0","False","0.07776103168725967","False","1.0"
"2","88576","512","2.0085260770975055","175.2862548828125","53.06651216971929","0.9099406003952026","0.035844940692186356","0.0012848597252741456","0.0828399658203125","0.0","False","0.082036092877388","False","1.0"
"2","89088","512","2.020136054421769","175.30081176757812","53.06794983681921","0.9118728041648865","0.03404063358902931","0.0011587648186832666","0.0718536376953125","0.0","False","0.09675531089305878","False","1.0"
"2","89600","512","2.0317460317460316","175.268798828125","53.06478801735335","0.9116076827049255","0.03215967118740082","0.001034244429320097","0.072235107421875","0.0","False","0.0873693972826004","False","1.0"
"2","90112","512","2.043356009070295","351.43798828125","65.10919946964671","0.8821123242378235","0.033255066722631454","0.001105899573303759","0.0743408203125","0.0","False","0.09399356693029404","False","1.0"
"2","90624","512","2.0549659863945577","351.6103515625","65.11768825115365","0.88533616065979","0.03395400196313858","0.0011528742033988237","0.06787109375","0.0","False","0.09025181829929352","False","1.0"
"2","91136","512","2.066575963718821","351.6202087402344","65.11817358505937","0.8613171577453613","0.03206849470734596","0.0010283883893862367","0.0668487548828125","0.0","False","0.0988539531826973","False","1.0"
"2","91648","512","2.078185941043084","351.6732482910156","65.12078483859844","0.8520106673240662","0.02965436689555645","0.0008793814922682941","0.04937744140625","0.0","False","0.08989903330802917","False","1.0"
"2","92160","512","2.089795918367347","351.3625793457031","65.10548431848329","0.8605716824531555","0.030568554997444153","0.0009344365680590272","0.0514984130859375","0.0","False","0.06848851591348648","False","1.0"
"2","92672","512","2.10140589569161","351.4493103027344","65.10975719971637","0.8737686276435852","0.030286038294434547","0.0009172440622933209","0.05145263671875","0.0","False","0.08030340820550919","False","1.0"
"2","93184","512","2.1130158730158732","351.6528625488281","65.1197812503495","0.8827916383743286","0.028177915140986443","0.0007939949282445014","0.0572357177734375","0.0","False","0.08840543031692505","False","1.0"
"2","93696","512","2.124625850340136","351.7287292480469","65.1235158665214","0.8754146099090576","0.029148641973733902","0.0008496433729305863","0.0614013671875","0.0","False","0.10290442407131195","False","1.0"
"2","94208","512","2.136235827664399","175.13731384277344","53.05179559022186","0.9247230887413025","0.02943003550171852","0.0008661269675940275","0.0642852783203125","0.0","False","0.10511565208435059","False","1.0"
"2","94720","512","2.147845804988662","175.10646057128906","53.048745472666084","0.9056264758110046","0.0312950499355793","0.0009793802164494991","0.07012939453125","0.0","False","0.10139220952987671","False","1.0"
"2","95232","512","2.159455782312925","175.02490234375","53.040680135023926","0.8987364768981934","0.031880151480436325","0.0010163441766053438","0.0740814208984375","0.0","False","0.09934526681900024","False","1.0"
"2","95744","512","2.1710657596371883","175.0141143798828","53.03961302596005","0.8915848731994629","0.02882230095565319","0.0008307250100187957","0.069091796875","0.0","False","0.10227600485086441","False","1.0"
"2","96256","512","2.182675736961451","175.02957153320312","53.041141975129776","0.8846598863601685","0.02756567671895027","0.0007598664960823953","0.0569000244140625","0.0","False","0.10547591745853424","False","1.0"
"2","96768","512","2.1942857142857144","174.9390411376953","53.03218521152298","0.8811858296394348","0.031209437176585197","0.0009740290115587413","0.068389892578125","0.0","False","0.10677798092365265","False","1.0"
"2","97280","512","2.2058956916099772","174.7623291015625","53.014688573196196","0.8664804697036743","0.030700841918587685","0.000942541693802923","0.0624542236328125","0.0","False","0.10425356030464172","False","1.0"
"2","97792","512","2.2175056689342405","0.0",,"0.0","0.02997712232172489","0.0008986278553493321","0.0618438720703125","0.0","False","0.15393011271953583","False","1.0"
"2","98304","512","2.2291156462585033","0.0",,"0.0","0.031252551823854446","0.0009767221054062247","0.0642242431640625","0.0","False","0.11054447293281555","False","1.0"
"2","98816","512","2.2407256235827666","0.0",,"0.0","0.027919312939047813","0.0007794880657456815","0.0633544921875","0.0","False","0.09164323657751083","False","1.0"
"2","99328","512","2.2523356009070294","0.0",,"0.0","0.025458062067627907","0.0006481129676103592","0.0555419921875","0.0","False","0.10693486779928207","False","1.0"
"2","99840","512","2.2639455782312927","0.0",,"0.0","0.02588770166039467","0.0006701730890199542","0.058807373046875","0.0","False","0.08764685690402985","False","1.0"
"2","100352","512","2.2755555555555556","0.0",,"0.0","0.0255808737128973","0.0006543810595758259","0.06427001953125","0.0","False","0.13691715896129608","False","1.0"
"2","100864","512","2.2871655328798184","0.0",,"0.0","0.023738661780953407","0.0005635240813717246","0.057769775390625","0.0","False","0.09982532262802124","False","1.0"
"2","101376","512","2.2987755102040817","0.0",,"0.0","0.026054970920085907","0.0006788615137338638","0.056884765625","0.0","False","0.10643061250448227","False","1.0"
"2","101888","512","2.3103854875283445","0.0",,"0.0","0.02404199168086052","0.0005780173232778907","0.0545654296875","0.0","False","0.16672034561634064","False","1.0"
"2","102400","512","2.3219954648526078","0.0",,"0.0","0.024591153487563133","0.0006047248607501388","0.0530548095703125","0.0","False","0.09608183801174164","False","1.0"
"2","102912","512","2.3336054421768706","174.99473571777344","53.0376959887369","0.8522939682006836","0.02309645526111126","0.0005334462039172649","0.045257568359375","0.0","False","0.10027924925088882","False","1.0"
"2","103424","512","2.345215419501134","0.0",,"0.0","0.021197102963924408","0.0004493171873036772","0.0502777099609375","0.0","False","0.08506189286708832","False","1.0"
"2","103936","512","2.3568253968253967","0.0",,"0.0","0.024604206904768944","0.0006053670076653361","0.0577239990234375","0.0","False","0.12038741260766983","False","1.0"
"2","104448","512","2.36843537414966","0.0",,"0.0","0.02173444628715515","0.000472386134788394","0.0428466796875","0.0","False","0.09050633013248444","False","1.0"
"2","104960","512","2.380045351473923","0.0",,"0.0","0.021224411204457283","0.0004504756652750075","0.0514984130859375","0.0","False","0.10480356961488724","False","1.0"
"2","105472","512","2.391655328798186","0.0",,"0.0","0.0200754776597023","0.0004030248092021793","0.0431976318359375","0.0","False","0.099324069917202","False","1.0"
"2","105984","512","2.403265306122449","0.0",,"0.0","0.02129792608320713","0.00045360164949670434","0.047454833984375","0.0","False","0.10236700624227524","False","1.0"
"2","106496","512","2.414875283446712","0.0",,"0.0","0.020450372248888016","0.0004182177362963557","0.042938232421875","0.0","False","0.09598717838525772","False","1.0"
"2","107008","512","2.426485260770975","0.0",,"0.0","0.019404007121920586","0.0003765155270230025","0.039764404296875","0.0","False","0.12455128133296967","False","1.0"
"2","107520","512","2.4380952380952383","0.0",,"0.0","0.02256791852414608","0.0005093109211884439","0.050384521484375","0.0","False","0.12470749020576477","False","1.0"
"2","108032","512","2.449705215419501","0.0",,"0.0","0.020113758742809296","0.00040456329588778317","0.0430145263671875","0.0","False","0.10689403116703033","False","1.0"
"2","108544","512","2.461315192743764","0.0",,"0.0","0.021587705239653587","0.00046602898510172963","0.0503082275390625","0.0","False","0.12149916589260101","False","1.0"
"2","109056","512","2.4729251700680273","0.0",,"0.0","0.020865047350525856","0.00043535022996366024","0.0437469482421875","0.0","False","0.12504974007606506","False","1.0"
"2","109568","512","2.48453514739229","0.0",,"0.0","0.01795363798737526","0.00032233312958851457","0.0393218994140625","0.0","False","0.10112450271844864","False","1.0"
"2","110080","512","2.4961451247165534","0.0",,"0.0","0.01955394446849823","0.0003823567240033299","0.050018310546875","0.0","False","0.16200850903987885","False","1.0"
"2","110592","512","2.507755102040816","0.0",,"0.0","0.023968880996108055","0.0005745072267018259","0.053436279296875","0.0","False","0.1463850438594818","False","1.0"
"2","111104","512","2.5193650793650795","0.0",,"0.0","0.020630991086363792","0.0004256378160789609","0.05157470703125","0.0","False","0.13994348049163818","False","1.0"
"2","111616","512","2.5309750566893423","0.0",,"0.0","0.022758236154913902","0.0005179373547434807","0.0561981201171875","0.0","False","0.11583166569471359","False","1.0"
"2","112128","512","2.5425850340136056","0.0",,"0.0","0.02236819639801979","0.0005003361729905009","0.0484619140625","0.0","False","0.13408376276493073","False","1.0"
"2","112640","512","2.5541950113378684","0.0",,"0.0","0.021045783534646034","0.00044292499660514295","0.050933837890625","0.0","False","0.07622553408145905","False","1.0"
"2","113152","512","2.5658049886621317","0.0",,"0.0","0.020249230787158012","0.0004100313235539943","0.0483245849609375","0.0","False","0.134494811296463","False","1.0"
"2","113664","512","2.5774149659863945","0.0",,"0.0","0.02365993522107601","0.000559792562853545","0.0493316650390625","0.0","False","0.1655654013156891","False","1.0"
"2","114176","512","2.589024943310658","0.0",,"0.0","0.021869760006666183","0.0004782864125445485","0.0533294677734375","0.0","False","0.12023647129535675","False","1.0"
"2","114688","512","2.6006349206349206","0.0",,"0.0","0.02039976418018341","0.00041615034569986165","0.0411224365234375","0.0","False","0.09619876742362976","False","1.0"
"2","115200","512","2.6122448979591835","0.0",,"0.0","0.02060622163116932","0.0004246163589414209","0.0429534912109375","0.0","False","0.10340326279401779","False","1.0"
"2","115712","512","2.6238548752834467","0.0",,"0.0","0.018243785947561264","0.0003328357415739447","0.0431671142578125","0.0","False","0.1534341275691986","False","1.0"
"2","116224","512","2.6354648526077096","0.0",,"0.0","0.015787426382303238","0.00024924281751737","0.0406341552734375","0.0","False","0.12451820075511932","False","1.0"
"2","116736","512","2.647074829931973","0.0",,"0.0","0.02045082300901413","0.00041823615902103484","0.045745849609375","0.0","False","0.14193309843540192","False","1.0"
"2","117248","512","2.6586848072562357","0.0",,"0.0","0.016257114708423615","0.00026429377612657845","0.03472900390625","0.0","False","0.0897400975227356","False","1.0"
"2","117760","512","2.670294784580499","0.0",,"0.0","0.017916636541485786","0.0003210058785043657","0.0363006591796875","0.0","False","0.16546469926834106","False","1.0"
"2","118272","512","2.681904761904762","0.0",,"0.0","0.045156996697187424","0.0020391542930155993","0.1091461181640625","0.0","True","0.4610210955142975","False","1.0"
"2","118784","512","2.693514739229025","0.0",,"0.0","0.06204274296760559","0.0038493019528687","0.11029052734375","0.0","False","0.26205483078956604","False","1.0"
"2","119296","512","2.705124716553288","0.0",,"0.0","0.026800917461514473","0.0007182891713455319","0.0802154541015625","0.0","False","0.1271096020936966","False","1.0"
"2","119808","512","2.716734693877551","0.0",,"0.0","0.3024037480354309","0.09144802391529083","0.6132659912109375","0.0","True","0.7626803517341614","False","1.0"
"2","120320","512","2.728344671201814","0.0",,"0.0","0.1699192374944687","0.028872547671198845","0.419586181640625","0.0","False","0.25539764761924744","False","1.0"
"2","120832","512","2.7399546485260773","0.0",,"0.0","0.18618462979793549","0.03466471657156944","0.5687408447265625","0.0","False","0.25523340702056885","False","1.0"
"2","121344","512","2.75156462585034","0.0",,"0.0","0.15926623344421387","0.025365732610225677","0.3267974853515625","0.0","False","0.15516814589500427","False","1.0"
"2","121856","512","2.7631746031746034","0.0",,"0.0","0.16005125641822815","0.02561640366911888","0.3951263427734375","0.0","False","0.14794471859931946","False","1.0"
"2","122368","512","2.7747845804988662","0.0",,"0.0","0.1296735256910324","0.016815224662423134","0.272491455078125","0.0","False","0.126250222325325","False","1.0"
"2","122880","512","2.786394557823129","0.0",,"0.0","0.08811669051647186","0.007764550857245922","0.20361328125","0.0","False","0.08905397355556488","False","1.0"
"2","123392","512","2.7980045351473923","0.0",,"0.0","0.11910347640514374","0.01418563723564148","0.282470703125","0.0","False","0.10183356702327728","False","1.0"
"2","123904","512","2.809614512471655","0.0",,"0.0","0.13386186957359314","0.01791899837553501","0.3575439453125","0.0","False","0.13912419974803925","False","1.0"
"2","124416","512","2.8212244897959184","0.0",,"0.0","0.10138148814439774","0.010278205387294292","0.293426513671875","0.0","False","0.12187595665454865","False","1.0"
"2","124928","512","2.8328344671201813","0.0",,"0.0","0.11520081013441086","0.013271227478981018","0.3271026611328125","0.0","False","0.117731012403965","False","1.0"
"2","125440","512","2.8444444444444446","0.0",,"0.0","0.10420191287994385","0.010858039371669292","0.194122314453125","0.0","False","0.10025931894779205","False","1.0"
"2","125952","512","2.8560544217687074","0.0",,"0.0","0.10154566913843155","0.010311522521078587","0.1807098388671875","0.0","False","0.09319605678319931","False","1.0"
"2","126464","512","2.8676643990929707","0.0",,"0.0","0.10691364854574203","0.011430528946220875","0.2178955078125","0.0","False","0.10540317744016647","False","1.0"
"2","126976","512","2.8792743764172335","0.0",,"0.0","0.09513971954584122","0.009051566012203693","0.193023681640625","0.0","False","0.1113043874502182","False","1.0"
"2","127488","512","2.8908843537414968","166.08917236328125","52.1334540103562","0.8740048408508301","0.0896834284067154","0.008043117821216583","0.180694580078125","0.0","False","0.10078058391809464","False","1.0"
"2","128000","512","2.9024943310657596","166.114990234375","52.13614493254408","0.8996216058731079","0.08843092620372772","0.007820028811693192","0.1916961669921875","0.0","False","0.1056685820221901","False","1.0"
"2","128512","512","2.914104308390023","166.13262939453125","52.13798317082686","0.9172488451004028","0.08704333007335663","0.007576541043817997","0.1681671142578125","0.0","False","0.10558733344078064","False","1.0"
"2","129024","512","2.9257142857142857","332.6851806640625","64.15984895514566","0.8550500869750977","0.08181332796812057","0.0066934204660356045","0.1777191162109375","0.0","False","0.07987216114997864","False","1.0"
"2","129536","512","2.9373242630385485","166.0738983154297","52.13186184349236","0.9366847276687622","0.08155502378940582","0.0066512213088572025","0.172454833984375","0.0","False","0.10962546616792679","False","1.0"
"2","130048","512","2.948934240362812","166.05377197265625","52.129763649752284","0.9400725364685059","0.08686362951993942","0.007545290514826775","0.1841888427734375","0.0","False","0.09273648262023926","False","1.0"
"2","130560","512","2.9605442176870747","332.6591491699219","64.15849426984944","0.8556463122367859","0.07557564228773117","0.005711677949875593","0.1653289794921875","0.0","False","0.10098529607057571","False","1.0"
"2","131072","512","2.972154195011338","332.55438232421875","64.15304110561249","0.8890970349311829","0.07291402667760849","0.005316454917192459","0.141815185546875","0.0","False","0.10358813405036926","False","1.0"
"2","131584","512","2.9837641723356008","332.3108215332031","64.14035700811905","0.900368869304657","0.07408273220062256","0.005488250870257616","0.1434173583984375","0.0","False","0.08414117991924286","False","1.0"
"2","132096","512","2.995374149659864","332.2957763671875","64.13957318491396","0.9029572010040283","0.07433543354272842","0.005525756161659956","0.1704254150390625","0.0","False","0.07638144493103027","False","1.0"
"2","132608","512","3.006984126984127","332.34588623046875","64.14218367133252","0.8988862633705139","0.07253894954919815","0.005261899437755346","0.1548614501953125","0.0","False","0.09547219425439835","False","1.0"
"2","133120","512","3.01859410430839","332.2254333496094","64.1359079827859","0.9036183953285217","0.07165896147489548","0.005135007202625275","0.150299072265625","0.0","False","0.06162711977958679","False","1.0"
"2","133632","512","3.030204081632653","332.0698547363281","64.1277988481172","0.9244313836097717","0.06654232740402222","0.004427881445735693","0.14105224609375","0.0","False","0.07598304748535156","False","1.0"
"2","134144","512","3.0418140589569163","332.0723571777344","64.12792931149357","0.9411866068840027","0.06621692329645157","0.004384681116789579","0.129180908203125","0.0","False","0.08353018015623093","False","1.0"
"2","134656","512","3.053424036281179","332.0289001464844","64.12566356387003","0.9389849305152893","0.06408422440290451","0.0041067879647016525","0.1351165771484375","0.0","False","0.07290007919073105","False","1.0"
"2","135168","512","3.0650340136054424","331.99383544921875","64.1238351566596","0.9383397102355957","0.06458612531423569","0.004171367269009352","0.1394500732421875","0.0","False","0.057560671120882034","False","1.0"
"2","135680","512","3.076643990929705","332.0338439941406","64.1259213394333","0.9445213675498962","0.05837400630116463","0.0034075246658176184","0.1212921142578125","0.0","False","0.10698700696229935","False","1.0"
"2","136192","512","3.0882539682539685","331.9067077636719","64.11929115023445","0.9663136601448059","0.057484179735183716","0.0033044309820979834","0.1075286865234375","0.0","False","0.06885924190282822","False","1.0"
"2","136704","512","3.0998639455782313","331.8604431152344","64.11687780589624","0.9639065265655518","0.05837761610746384","0.003407946089282632","0.123870849609375","0.0","False","0.0879611223936081","False","1.0"
"2","137216","512","3.111473922902494","331.9443664550781","64.1212553259783","0.9528767466545105","0.057574447244405746","0.003314817091450095","0.12054443359375","0.0","False","0.10383737832307816","False","1.0"
"2","137728","512","3.1230839002267574","331.7997741699219","64.113712567378","0.9475270509719849","0.05491314083337784","0.0030154529958963394","0.12896728515625","0.0","False","0.0650491937994957","False","1.0"
"2","138240","512","3.1346938775510202","331.821044921875","64.11482237734731","0.9483863711357117","0.05639159306883812","0.003180011874064803","0.1288604736328125","0.0","False","0.06989644467830658","False","1.0"
"2","138752","512","3.1463038548752835","331.8555603027344","64.11662307974193","0.9547917246818542","0.05687334015965462","0.003234576666727662","0.108551025390625","0.0","False","0.08103823661804199","False","1.0"
"2","139264","512","3.1579138321995464","331.73931884765625","64.11055789830894","0.9547654986381531","0.05642229691147804","0.0031834756955504417","0.0980377197265625","0.0","False","0.05585397407412529","False","1.0"
"2","139776","512","3.1695238095238096","331.7695007324219","64.11213291600471","0.9446918964385986","0.053817231208086014","0.0028962944634258747","0.1063232421875","0.0","False","0.06696277856826782","False","1.0"
"2","140288","512","3.1811337868480725","331.8668212890625","64.11721053629002","0.9347829222679138","0.05516667291522026","0.0030433619394898415","0.1062469482421875","0.0","False","0.12273725122213364","False","1.0"
"2","140800","512","3.1927437641723357","331.8304443359375","64.11531277286154","0.9272790551185608","0.049830999225378036","0.002483128570020199","0.1033782958984375","0.0","False","0.06455273926258087","False","1.0"
"2","141312","512","3.2043537414965986","331.7936706542969","64.11339410087862","0.9330875277519226","0.04795439541339874","0.002299624029546976","0.0966796875","0.0","False","0.0998482033610344","False","1.0"
"2","141824","512","3.215963718820862","331.69488525390625","64.10823890570765","0.9354292154312134","0.0483085922896862","0.002333720214664936","0.0912628173828125","0.0","False","0.08589409291744232","False","1.0"
"2","142336","512","3.2275736961451247","331.680419921875","64.10748389191222","0.9231840372085571","0.047867901623249054","0.0022913359571248293","0.1123504638671875","0.0","False","0.09222093969583511","False","1.0"
"2","142848","512","3.239183673469388","331.71063232421875","64.10906078202856","0.9018836617469788","0.045433856546878815","0.0020642352756112814","0.0976409912109375","0.0","False","0.09002596884965897","False","1.0"
"2","143360","512","3.250793650793651","331.70538330078125","64.10878682759017","0.8734917640686035","0.043189603835344315","0.0018653420265763998","0.1236419677734375","0.0","False","0.07470159977674484","False","1.0"
"2","143872","512","3.2624036281179136","331.85235595703125","64.1164559136663","0.8590443134307861","0.0443773977458477","0.0019693532958626747","0.1097869873046875","0.0","False","0.07236689329147339","False","1.0"
"2","144384","512","3.274013605442177","331.9729919433594","64.12274820515633","0.8601158261299133","0.04353718087077141","0.001895486144348979","0.1018829345703125","0.0","False","0.1311911642551422","False","1.0"
"2","144896","512","3.2856235827664397","331.88446044921875","64.11813068561423","0.8574782609939575","0.04260612279176712","0.0018152815755456686","0.0878753662109375","0.0","False","0.08280881494283676","False","1.0"
"2","145408","512","3.297233560090703","165.57020568847656","52.07927471855935","0.9574512243270874","0.041688110679388046","0.0017378984484821558","0.0951080322265625","0.0","False","0.07925774902105331","False","1.0"
"2","145920","512","3.308843537414966","165.5938262939453","52.081744358530315","0.9552332162857056","0.04237937182188034","0.0017960111144930124","0.0884857177734375","0.0","False","0.11280364543199539","False","1.0"
"2","146432","512","3.320453514739229","165.54893493652344","52.07705046477494","0.9534134268760681","0.036541081964969635","0.0013352505629882216","0.0781402587890625","0.0","False","0.06994622945785522","False","1.0"
"2","146944","512","3.332063492063492","165.5650177001953","52.07873224398552","0.9503971338272095","0.03617532551288605","0.0013086542021483183","0.0758819580078125","0.0","False","0.07283956557512283","False","1.0"
"2","147456","512","3.3436734693877552","331.69677734375","64.10833766035128","0.8532869815826416","0.037180591374635696","0.0013823963236063719","0.066436767578125","0.0","False","0.10055191069841385","False","1.0"
"2","147968","512","3.355283446712018","331.8007507324219","64.11376352147425","0.863612949848175","0.033403653651475906","0.0011158041888847947","0.0641632080078125","0.0","False","0.06593888998031616","False","1.0"
"2","148480","512","3.3668934240362813","331.7765197753906","64.1124991786543","0.8656807541847229","0.03394550085067749","0.0011522971326485276","0.0700836181640625","0.0","False","0.06978220492601395","False","1.0"
"2","148992","512","3.378503401360544","331.8680114746094","64.11727262402873","0.8849890232086182","0.03246167302131653","0.0010537602938711643","0.0745849609375","0.0","False","0.10220306366682053","False","1.0"
"2","149504","512","3.3901133786848074","331.8562316894531","64.11665810481038","0.8880883455276489","0.031288404017686844","0.0009789642645046115","0.0756988525390625","0.0","False","0.07630708068609238","False","1.0"
"2","150016","512","3.4017233560090703","331.81195068359375","64.11434789054306","0.9148834943771362","0.03195831552147865","0.00102133397012949","0.0749053955078125","0.0","False","0.08283879607915878","False","1.0"
"2","150528","512","3.4133333333333336","331.8669738769531","64.11721849626896","0.9165645241737366","0.03111332468688488","0.0009680389775894582","0.0685272216796875","0.0","False","0.0948590487241745","False","1.0"
"2","151040","512","3.4249433106575964","331.7856140136719","64.112973716129","0.9190720319747925","0.028363483026623726","0.0008044871501624584","0.054473876953125","0.0","False","0.08756216615438461","False","1.0"
"2","151552","512","3.436553287981859","331.8446960449219","64.11605630060136","0.9268890023231506","0.028973238542675972","0.0008394485339522362","0.0607147216796875","0.0","False","0.07476256042718887","False","1.0"
"2","152064","512","3.4481632653061225","331.7734069824219","64.11233675008765","0.9280442595481873","0.027267133817076683","0.0007434965809807181","0.0583343505859375","0.0","False","0.09144515544176102","False","1.0"
"2","152576","512","3.4597732426303853","331.68505859375","64.1077260096272","0.9361619353294373","0.026615409180521965","0.0007083800155669451","0.0513458251953125","0.0","False","0.07090994715690613","False","1.0"
"2","153088","512","3.4713832199546486","331.6933288574219","64.1081576716269","0.926737904548645","0.024732984602451324","0.0006117205484770238","0.046295166015625","0.0","False","0.09339587390422821","False","1.0"
"2","153600","512","3.4829931972789114","331.75299072265625","64.11127137200491","0.9143257141113281","0.02618464082479477","0.0006856354302726686","0.0540313720703125","0.0","False","0.09130788594484329","False","1.0"
"2","154112","512","3.4946031746031747","331.810302734375","64.11426190832097","0.886309027671814","0.026842908933758736","0.0007205418078228831","0.058990478515625","0.0","False","0.09122724831104279","False","1.0"
"2","154624","512","3.5062131519274375","331.9594421386719","64.122041570504","0.8656789660453796","0.025963790714740753","0.000674118404276669","0.061004638671875","0.0","False","0.08412592113018036","False","1.0"
"2","155136","512","3.517823129251701","165.69544982910156","52.092365537206916","0.9452773332595825","0.025259245187044144","0.0006380294798873365","0.0610504150390625","0.0","False","0.11754963546991348","False","1.0"
"2","155648","512","3.5294331065759637","165.6396026611328","52.08652947978284","0.9423050880432129","0.024424618110060692","0.0005965619930066168","0.0531768798828125","0.0","False","0.09857631474733353","False","1.0"
"2","156160","512","3.541043083900227","165.62673950195312","52.08518499431437","0.9389999508857727","0.026601368561387062","0.0007076328038237989","0.0518646240234375","0.0","False","0.12057746201753616","False","1.0"
"2","156672","512","3.5526530612244898","165.6006317138672","52.082455830259605","0.9390543103218079","0.026274483650922775","0.0006903484463691711","0.0559539794921875","0.0","False","0.0829704999923706","False","1.0"
"2","157184","512","3.564263038548753","165.53280639648438","52.07536373462867","0.9295985698699951","0.027566131204366684","0.000759891583584249","0.0629425048828125","0.0","False","0.10498294234275818","False","1.0"
"2","157696","512","3.575873015873016","165.47384643554688","52.069196275931816","0.9314975738525391","0.02395498752593994","0.0005738414474762976","0.0540618896484375","0.0","False","0.07443567365407944","False","1.0"
"2","158208","512","3.5874829931972787","165.4593505859375","52.06767961283148","0.9275137186050415","0.02415589801967144","0.000583507411647588","0.05499267578125","0.0","False","0.08008410036563873","False","1.0"
"2","158720","512","3.599092970521542","165.44476318359375","52.06615323666446","0.9272057414054871","0.023288482800126076","0.0005423534312285483","0.04473876953125","0.0","False","0.08636011183261871","False","1.0"
"2","159232","512","3.610702947845805","165.4300079345703","52.06460916067206","0.9251941442489624","0.024838564917445183","0.0006169543485157192","0.06298828125","0.0","False","0.13057811558246613","False","1.0"
"2","159744","512","3.622312925170068","165.3818359375","52.059567200798256","0.9119362235069275","0.024354470893740654","0.0005931402556598186","0.0589447021484375","0.0","False","0.10839861631393433","False","1.0"
"2","160256","512","3.633922902494331","165.34413146972656","52.0556198083872","0.911248505115509","0.022264886647462845","0.0004957251367159188","0.0588531494140625","0.0","False","0.12015442550182343","False","1.0"
"2","160768","512","3.645532879818594","165.3794708251953","52.059319616642064","0.9048050045967102","0.02336806245148182","0.0005460663815028965","0.0554046630859375","0.0","False","0.1367483139038086","False","1.0"
"2","161280","512","3.657142857142857","165.40963745117188","52.06247724722144","0.9076011776924133","0.022740056738257408","0.0005171101656742394","0.046295166015625","0.0","False","0.11160977929830551","False","1.0"
"2","161792","512","3.6687528344671203","165.396484375","52.06110054637897","0.9013524651527405","0.023902639746665955","0.000571336189750582","0.0511322021484375","0.0","False","0.10591953992843628","False","1.0"
"2","162304","512","3.680362811791383","165.2823028564453","52.049144839016705","0.8865715265274048","0.022553909569978714","0.0005086788441985846","0.0525054931640625","0.0","False","0.07500086724758148","False","1.0"
"2","162816","512","3.6919727891156464","165.3526611328125","52.05651288285874","0.8943696618080139","0.01982218027114868","0.00039291882421821356","0.04150390625","0.0","False","0.09400628507137299","False","1.0"
"2","163328","512","3.7035827664399092","165.39797973632812","52.061257067767784","0.8764795660972595","0.019678356125950813","0.0003872377274092287","0.04150390625","0.0","False","0.09918202459812164","False","1.0"
"2","163840","512","3.7151927437641725","165.43157958984375","52.064773634471706","0.8897872567176819","0.019238529726862907","0.0003701210080180317","0.03826904296875","0.0","False","0.13153277337551117","False","1.0"
"2","164352","512","3.7268027210884354","165.4783935546875","52.069672001824","0.8904526233673096","0.018590832129120827","0.0003456190461292863","0.0353546142578125","0.0","False","0.09345968812704086","False","1.0"
"2","164864","512","3.7384126984126986","165.42771911621094","52.06436963292633","0.8848708271980286","0.021742230281233788","0.0004727246123366058","0.05450439453125","0.0","False","0.12116948515176773","False","1.0"
"2","165376","512","3.7500226757369615","165.5563201904297","52.07782276318022","0.8907103538513184","0.02018980123102665","0.00040762804565019906","0.0442352294921875","0.0","False","0.15044410526752472","False","1.0"
"2","165888","512","3.7616326530612243","165.46365356445312","52.06812983616595","0.8797062039375305","0.02084285020828247","0.00043442443711683154","0.052825927734375","0.0","False","0.11652760207653046","False","1.0"
"2","166400","512","3.7732426303854876","165.5496368408203","52.07712386651821","0.8968520164489746","0.018575618043541908","0.0003450535878073424","0.0338592529296875","0.0","False","0.08482971787452698","False","1.0"
"2","166912","512","3.7848526077097504","165.57846069335938","52.080137856296695","0.8923264145851135","0.018116861581802368","0.0003282206889707595","0.03985595703125","0.0","False","0.09845314919948578","False","1.0"
"2","167424","512","3.7964625850340137","165.48773193359375","52.07064895494909","0.8935356736183167","0.019386347383260727","0.0003758304810617119","0.0396728515625","0.0","False","0.1105063185095787","False","1.0"
"2","167936","512","3.8080725623582765","165.48599243164062","52.070466977662804","0.8981226682662964","0.019368251785635948","0.00037512919516302645","0.0424041748046875","0.0","False","0.09898952394723892","False","1.0"
"2","168448","512","3.81968253968254","165.43643188476562","52.0652814175087","0.8978227376937866","0.01993977651000023","0.00039759467472322285","0.0435638427734375","0.0","False","0.11133972555398941","False","1.0"
"2","168960","512","3.8312925170068026","165.3920440673828","52.06063576534366","0.901540219783783","0.01836075447499752","0.00033711729338392615","0.0370635986328125","0.0","False","0.08540208637714386","False","1.0"
"2","169472","512","3.842902494331066","165.37399291992188","52.058746166192265","0.8960691690444946","0.020752111449837685","0.00043065016507171094","0.0447540283203125","0.0","False","0.1564447432756424","False","1.0"
"2","169984","512","3.8545124716553287","165.3717498779297","52.058511349523876","0.9043946862220764","0.01852680929005146","0.0003432426310610026","0.046142578125","0.0","False","0.10306403040885925","False","1.0"
"2","170496","512","3.866122448979592","165.37530517578125","52.05888354045356","0.9044994115829468","0.017045922577381134","0.0002905634755734354","0.042633056640625","0.0","False","0.08802567422389984","False","1.0"
"2","171008","512","3.877732426303855","165.31756591796875","52.05283804151201","0.9111267924308777","0.021024411544203758","0.0004420258628670126","0.044525146484375","0.0","False","0.16082780063152313","False","1.0"
"2","171520","512","3.889342403628118","165.2367706298828","52.04437495142008","0.9080743789672852","0.02024107612669468","0.0004097011697012931","0.0451812744140625","0.0","False","0.13100767135620117","False","1.0"
"2","172032","512","3.900952380952381","165.1842041015625","52.0388665260236","0.9000561237335205","0.022011911496520042","0.00048452423652634025","0.049713134765625","0.0","False","0.11917544156312943","False","1.0"
"2","172544","512","3.912562358276644","165.09519958496094","52.029535780498975","0.8929200172424316","0.020696958526968956","0.00042836408829316497","0.04522705078125","0.0","False","0.09268391132354736","False","1.0"
"2","173056","512","3.924172335600907","165.12464904785156","52.032623657453016","0.896126389503479","0.019838176667690277","0.0003935532586183399","0.044677734375","0.0","False","0.09879975020885468","False","1.0"
"2","173568","512","3.93578231292517","165.0799102783203","52.02793242715881","0.889245331287384","0.020061610266566277","0.0004024681984446943","0.046142578125","0.0","False","0.1044628769159317","False","1.0"
"2","174080","512","3.947392290249433","165.10208129882812","52.03025740106063","0.8906401991844177","0.021026981994509697","0.00044213395449332893","0.0476837158203125","0.0","False","0.15090440213680267","False","1.0"
"2","174592","512","3.959002267573696","164.96807861328125","52.01620038817025","0.8789156079292297","0.02105516940355301","0.0004433201684150845","0.0484771728515625","0.0","False","0.11880969256162643","False","1.0"
"2","175104","512","3.9706122448979593","164.9653778076172","52.01591695363915","0.8714069724082947","0.018903186544775963","0.00035733048571273685","0.0426025390625","0.0","False","0.11004501581192017","False","1.0"
"2","175616","512","3.982222222222222","165.09141540527344","52.029138956374325","0.8765662908554077","0.018658757209777832","0.0003481492167338729","0.0447845458984375","0.0","False","0.1294943243265152","False","1.0"
"2","176128","512","3.9938321995464854","165.0497589111328","52.0247700895371","0.8589552044868469","0.018897950649261475","0.00035713252145797014","0.0437469482421875","0.0","False","0.1390717476606369","False","1.0"
"2","176640","512","4.005442176870749","165.15931701660156","52.03625800694007","0.8732356429100037","0.02026737481355667","0.00041076645720750093","0.04833984375","0.0","False","0.13039161264896393","False","1.0"
"2","177152","512","4.017052154195011","165.06748962402344","52.02662979326577","0.8532164096832275","0.016959568485617638","0.0002876269572880119","0.039825439453125","0.0","False","0.09130510687828064","False","1.0"
"2","177664","512","4.028662131519274","165.03369140625","52.02308466050199","0.8547704815864563","0.019512109458446503","0.00038072242750786245","0.0428619384765625","0.0","False","0.09423207491636276","False","1.0"
"2","178176","512","4.040272108843538","165.12464904785156","52.032623657453016","0.8601869344711304","0.015107737854123116","0.00022824374900665134","0.031585693359375","0.0","False","0.09124648571014404","False","1.0"
"2","178688","512","4.051882086167801","0.0",,"0.0","0.015796024352312088","0.0002495143562555313","0.0330963134765625","0.0","False","0.0988583117723465","False","1.0"
"2","179200","512","4.063492063492063","165.29562377929688","52.05054007041966","0.8586938381195068","0.01658170484006405","0.00027495293761603534","0.033477783203125","0.0","False","0.12866553664207458","False","1.0"
"2","179712","512","4.0751020408163265","0.0",,"0.0","0.017956208437681198","0.0003224253887310624","0.0450439453125","0.0","False","0.12726128101348877","False","1.0"
"2","180224","512","4.08671201814059","0.0",,"0.0","0.01757635362446308","0.0003089281963184476","0.0365753173828125","0.0","False","0.12322390824556351","False","1.0"
"2","180736","512","4.098321995464852","0.0",,"0.0","0.01429649256169796","0.00020438971114344895","0.0460205078125","0.0","False","0.10663367062807083","False","1.0"
"2","181248","512","4.1099319727891155","0.0",,"0.0","0.01242044847458601","0.00015426754544023424","0.0277557373046875","0.0","False","0.10525275021791458","False","1.0"
"2","181760","512","4.121541950113379","0.0",,"0.0","0.022010447457432747","0.0004844598297495395","0.0538177490234375","0.0","False","0.2725871801376343","False","1.0"
"2","182272","512","4.133151927437642","0.0",,"0.0","0.07839695364236832","0.006146082188934088","0.135162353515625","0.0","True","0.51661616563797","False","1.0"
"2","182784","512","4.144761904761904","0.0",,"0.0","0.0493728443980217","0.0024376779329031706","0.09613037109375","0.0","False","0.1802154928445816","False","1.0"
"2","183296","512","4.156371882086168","0.0",,"0.0","0.0243635606020689","0.0005935830413363874","0.0499114990234375","0.0","False","0.11020074039697647","False","1.0"
"2","183808","512","4.167981859410431","0.0",,"0.0","0.0213264599442482","0.0004548179276753217","0.037261962890625","0.0","False","0.10808414965867996","False","1.0"
"2","184320","512","4.179591836734694","0.0",,"0.0","0.021323218941688538","0.00045467965537682176","0.0390167236328125","0.0","False","0.12010043859481812","False","1.0"
"2","184832","512","4.191201814058957","0.0",,"0.0","0.025706566870212555","0.0006608276162296534","0.049102783203125","0.0","False","0.11212483048439026","False","1.0"
"2","185344","512","4.20281179138322","0.0",,"0.0","0.023469673469662666","0.0005508255562745035","0.0433349609375","0.0","False","0.1092231273651123","False","1.0"
"2","185856","512","4.214421768707483","149.94680786132812","50.363367432098734","0.8578364849090576","0.017627596855163574","0.00031073216814547777","0.0334930419921875","0.0","False","0.14297649264335632","False","1.0"
"2","186368","512","4.2260317460317465","0.0",,"0.0","0.013406762853264809","0.00017974128422793","0.030731201171875","0.0","False","0.0839613825082779","False","1.0"
"2","186880","512","4.237641723356009","0.0",,"0.0","0.022896399721503258","0.0005242450861260295","0.040252685546875","0.0","False","0.09659400582313538","False","1.0"
"2","187392","512","4.249251700680272","0.0",,"0.0","0.02657628059387207","0.0007062986842356622","0.0439910888671875","0.0","False","0.145538330078125","False","1.0"
"2","187904","512","4.260861678004535","0.0",,"0.0","0.017144447192549706","0.0002939320693258196","0.0295867919921875","0.0","False","0.11136922985315323","False","1.0"
"2","188416","512","4.272471655328798","0.0",,"0.0","0.011141905561089516","0.00012414205411914736","0.019927978515625","0.0","False","0.1363714039325714","False","1.0"
"2","188928","512","4.284081632653061","0.0",,"0.0","0.00951447244733572","0.00009052519453689456","0.0167694091796875","0.0","False","0.15972094237804413","False","1.0"
"2","189440","512","4.295691609977324","0.0",,"0.0","0.02434985712170601","0.0005929155158810318","0.0392608642578125","0.0","False","0.17370478808879852","False","1.0"
"2","189952","512","4.307301587301588","148.98805236816406","50.25231742980249","0.8530478477478027","0.017597243189811707","0.00030966298072598875","0.0327911376953125","0.0","False","0.12044037133455276","False","1.0"
"2","190464","512","4.31891156462585","148.4559326171875","50.19037468694356","0.8593480587005615","0.0172231774777174","0.0002966378233395517","0.03106689453125","0.0","False","0.1681940257549286","False","1.0"
"2","190976","512","4.330521541950113","148.65875244140625","50.21401058632593","0.8569225668907166","0.019502943381667137","0.00038036477053537965","0.0311279296875","0.0","False","0.18732966482639313","False","1.0"
"2","191488","512","4.342131519274377","0.0",,"0.0","0.017049157992005348","0.00029067377909086645","0.0293426513671875","0.0","False","0.11559967696666718","False","1.0"
"2","192000","512","4.35374149659864","0.0",,"0.0","0.01302433293312788","0.00016963324742391706","0.0263214111328125","0.0","False","0.17946593463420868","False","1.0"
"2","192512","512","4.365351473922902","0.0",,"0.0","0.013808798976242542","0.00019068292749579996","0.03277587890625","0.0","False","0.14830048382282257","False","1.0"
"2","193024","512","4.3769614512471655","0.0",,"0.0","0.014332883059978485","0.00020543152641039342","0.0250396728515625","0.0","False","0.16767074167728424","False","1.0"
"2","193536","512","4.388571428571429","0.0",,"0.0","0.012918363325297832","0.00016688411415088922","0.0217742919921875","0.0","False","0.20655302703380585","False","1.0"
"2","194048","512","4.400181405895691","0.0",,"0.0","0.01823323220014572","0.00033245078520849347","0.0327606201171875","0.0","False","0.1697029322385788","False","1.0"
"2","194560","512","4.4117913832199545","0.0",,"0.0","0.005994257051497698","0.000035931119782617316","0.0125885009765625","0.0","False","0.1880141794681549","False","1.0"
"2","195072","512","4.423401360544218","0.0",,"0.0","0.008760043419897556","0.00007673836080357432","0.0186004638671875","0.0","False","0.17590071260929108","False","1.0"
"2","195584","512","4.435011337868481","0.0",,"0.0","0.014096874743700027","0.00019872187112923712","0.02752685546875","0.0","False","0.22670535743236542","False","1.0"
"2","196096","512","4.446621315192743","0.0",,"0.0","0.01152162067592144","0.00013274775119498372","0.0238800048828125","0.0","False","0.1902770847082138","False","1.0"
"2","196608","512","4.458231292517007","0.0",,"0.0","0.009406968019902706","0.00008849104051478207","0.0192718505859375","0.0","False","0.12949568033218384","False","1.0"
"2","197120","512","4.46984126984127","0.0",,"0.0","0.008432705886662006","0.00007111052400432527","0.01654052734375","0.0","False","0.1690008044242859","False","1.0"
"2","197632","512","4.481451247165533","0.0",,"0.0","0.014552670530974865","0.00021178020688239485","0.0284576416015625","0.0","False","0.18508607149124146","False","1.0"
"2","198144","512","4.493061224489796","0.0",,"0.0","0.006700942292809486","0.00004490262654144317","0.0123291015625","0.0","False","0.13944950699806213","False","1.0"
"2","198656","512","4.504671201814059","0.0",,"0.0","0.00608915975317359","0.00003707786527229473","0.01153564453125","0.0","False","0.1239122673869133","False","1.0"
"2","199168","512","4.516281179138322","0.0",,"0.0","0.01142776757478714","0.00013059387856628746","0.025390625","0.0","False","0.17951294779777527","False","1.0"
"2","199680","512","4.527891156462585","0.0",,"0.0","0.012424095533788204","0.00015435814566444606","0.0214080810546875","0.0","False","0.17327651381492615","False","1.0"
"2","200192","512","4.539501133786848","0.0",,"0.0","0.008548830635845661","0.00007308251224458218","0.0195159912109375","0.0","False","0.1285228282213211","False","1.0"
"2","200704","512","4.551111111111111","0.0",,"0.0","0.012071735225617886","0.00014572679356206208","0.0219268798828125","0.0","False","0.2251511514186859","False","1.0"
"2","201216","512","4.562721088435374","0.0",,"0.0","0.016220247372984886","0.00026309641543775797","0.0328369140625","0.0","False","0.1691935956478119","False","1.0"
"2","201728","512","4.574331065759637","0.0",,"0.0","0.010645213536918163","0.00011332056601531804","0.0182647705078125","0.0","False","0.1702643483877182","False","1.0"
"2","202240","512","4.5859410430839","0.0",,"0.0","0.01302073709666729","0.00016953960584942251","0.0247344970703125","0.0","False","0.1615382432937622","False","1.0"
"2","202752","512","4.597551020408163","0.0",,"0.0","0.01775425672531128","0.00031521363416686654","0.0317840576171875","0.0","False","0.22365282475948334","False","1.0"
"2","203264","512","4.609160997732427","0.0",,"0.0","0.019779006019234657","0.0003912090905942023","0.0341796875","0.0","False","0.2395324558019638","False","1.0"
"2","203776","512","4.620770975056689","0.0",,"0.0","0.01406621839851141","0.00019785849144682288","0.02557373046875","0.0","False","0.1515447348356247","False","1.0"
"2","204288","512","4.632380952380952","0.0",,"0.0","0.014194794930517673","0.00020149220654275268","0.0264739990234375","0.0","False","0.1470457762479782","False","1.0"
"2","204800","512","4.6439909297052155","0.0",,"0.0","0.01581057906150818","0.00024997442960739136","0.0289764404296875","0.0","False","0.20250454545021057","False","1.0"
"2","205312","512","4.655600907029479","0.0",,"0.0","0.017390519380569458","0.0003024301549885422","0.0330047607421875","0.0","False","0.17528177797794342","False","1.0"
"2","205824","512","4.667210884353741","0.0",,"0.0","0.018945971503853798","0.0003589498228393495","0.03582763671875","0.0","False","0.1908288598060608","False","1.0"
"2","206336","512","4.6788208616780045","0.0",,"0.0","0.015164343640208244","0.00022995730978436768","0.031494140625","0.0","False","0.14620350301265717","False","1.0"
"2","206848","512","4.690430839002268","0.0",,"0.0","0.0154535798355937","0.0002388131251791492","0.0288543701171875","0.0","False","0.1703391671180725","False","1.0"
"2","207360","512","4.702040816326531","0.0",,"0.0","0.010092070326209068","0.00010184988786932081","0.0198211669921875","0.0","False","0.19749566912651062","False","1.0"
"2","207872","512","4.713650793650793","0.0",,"0.0","0.013525285758078098","0.00018293334869667888","0.029632568359375","0.0","False","0.13639219105243683","False","1.0"
"2","208384","512","4.725260770975057","0.0",,"0.0","0.012052620761096478","0.00014526565792039037","0.021453857421875","0.0","False","0.21853330731391907","False","1.0"
"2","208896","512","4.73687074829932","0.0",,"0.0","0.011735910549759865","0.0001377315929858014","0.0265045166015625","0.0","False","0.17545223236083984","False","1.0"
"2","209408","512","4.748480725623582","0.0",,"0.0","0.009760753251612186","0.00009527230577077717","0.020294189453125","0.0","False","0.14786604046821594","False","1.0"
"2","209920","512","4.760090702947846","0.0",,"0.0","0.004335720557719469","0.0000187984715012135","0.0086669921875","0.0","False","0.15036748349666595","False","1.0"
"2","210432","512","4.771700680272109","0.0",,"0.0","0.01159012969583273","0.00013433110143523663","0.0200958251953125","0.0","False","0.16767726838588715","False","1.0"
"2","210944","512","4.783310657596372","0.0",,"0.0","0.013179502449929714","0.0001736992853693664","0.0223236083984375","0.0","False","0.19298027455806732","False","1.0"
"2","211456","512","4.794920634920635","0.0",,"0.0","0.012423703446984291","0.00015434841043315828","0.025238037109375","0.0","False","0.1570679247379303","False","1.0"
"2","211968","512","4.806530612244898","0.0",,"0.0","0.009261568076908588","0.00008577664266340435","0.016143798828125","0.0","False","0.12187206745147705","False","1.0"
"2","212480","512","4.818140589569161","0.0",,"0.0","0.00862039066851139","0.00007431113044731319","0.0189666748046875","0.0","False","0.19898445904254913","False","1.0"
"2","212992","512","4.829750566893424","0.0",,"0.0","0.013392125256359577","0.00017934900824911892","0.02435302734375","0.0","False","0.18529774248600006","False","1.0"
"2","213504","512","4.841360544217687","0.0",,"0.0","0.011320076882839203","0.00012814415094908327","0.0226287841796875","0.0","False","0.17171519994735718","False","1.0"
"2","214016","512","4.85297052154195","0.0",,"0.0","0.015100887976586819","0.00022803680622018874","0.0251617431640625","0.0","False","0.18498609960079193","False","1.0"
"2","214528","512","4.864580498866213","0.0",,"0.0","0.015858851373195648","0.00025150313740596175","0.0298309326171875","0.0","False","0.1938776969909668","False","1.0"
"2","215040","512","4.876190476190477","0.0",,"0.0","0.011255145072937012","0.0001266782928723842","0.0231781005859375","0.0","False","0.15830475091934204","False","1.0"
"2","215552","512","4.887800453514739","0.0",,"0.0","0.01260611042380333","0.00015891401562839746","0.027069091796875","0.0","False","0.15332825481891632","False","1.0"
"2","216064","512","4.899410430839002","0.0",,"0.0","0.012792529538273811","0.00016364880139008164","0.020660400390625","0.0","False","0.17001667618751526","False","1.0"
"2","216576","512","4.911020408163266","0.0",,"0.0","0.016173431649804115","0.00026157990214414895","0.028900146484375","0.0","False","0.18669411540031433","False","1.0"
"2","217088","512","4.922630385487528","0.0",,"0.0","0.022515075281262398","0.0005069286562502384","0.0381927490234375","0.0","False","0.19385941326618195","False","1.0"
"2","217600","512","4.934240362811791","0.0",,"0.0","0.01794779673218727","0.00032212340738624334","0.0337982177734375","0.0","False","0.16490112245082855","False","1.0"
"2","218112","512","4.9458503401360545","0.0",,"0.0","0.017826510593295097","0.00031778449192643166","0.0286865234375","0.0","False","0.17655088007450104","False","1.0"
"2","218624","512","4.957460317460318","0.0",,"0.0","0.016204938292503357","0.0002626000496093184","0.033294677734375","0.0","False","0.20390857756137848","False","1.0"
"2","219136","512","4.96907029478458","0.0",,"0.0","0.01950932666659355","0.0003806138411164284","0.0333709716796875","0.0","False","0.16513583064079285","False","1.0"
"2","219648","512","4.9806802721088435","0.0",,"0.0","0.02105623111128807","0.0004433649010024965","0.036468505859375","0.0","False","0.1884811669588089","False","1.0"
"2","220160","512","4.992290249433107","0.0",,"0.0","0.015987535938620567","0.0002556013350840658","0.0283660888671875","0.0","False","0.153133824467659","False","1.0"
"2","220672","512","5.00390022675737","0.0",,"0.0","0.00866659265011549","0.00007510982686653733","0.035064697265625","0.0","False","0.18676766753196716","False","1.0"
"3","0","512","0.0","0.0",,"0.0","0.0","0.0","0.0","0.0","False","0.0","True","0.0"
"3","512","512","0.011609977324263039","0.0",,"0.0","0.0","0.0","0.0","0.0","False","0.0","True","0.0"
"3","1024","512","0.023219954648526078","0.0",,"0.0","0.0","0.0","0.0","0.0","False","0.0","True","0.0"
"3","1536","512","0.034829931972789115","0.0",,"0.0","0.0","0.0","0.0","0.0","False","0.0","True","0.0"
"3","2048","512","0.046439909297052155","0.0",,"0.0","0.0","0.0","0.0","0.0","False","0.0","True","0.0"
"3","2560","512","0.058049886621315196","0.0",,"0.0","0.0","0.0","0.0","0.0","False","0.0","True","0.0"
"3","3072","512","0.06965986394557823","0.0",,"0.0","0.0","0.0","0.0","0.0","False","0.0","True","0.0"
"3","3584","512","0.08126984126984127","0.0",,"0.0","9.5367431640625E-07","9.09494701772928E-13","0.0000152587890625","0.0","False","0.0","True","0.0"
"3","4096","512","0.09287981859410431","0.0",,"0.0","0.000008368458111362997","7.00310920365155E-11","0.000030517578125","0.0","False","0.0","True","0.0"
"3","4608","512","0.10448979591836735","0.0",,"0.0","0.000013934744856669568","1.9417711882852E-10","0.000030517578125","0.0","False","0.0","True","0.0"
"3","5120","512","0.11609977324263039","0.0",,"0.0","0.000014400166037376039","2.07364792004228E-10","0.0000457763671875","0.0","False","0.0","True","0.0"
"3","5632","512","0.12770975056689343","0.0",,"0.0","0.000015003331100160722","2.250999386888E-10","0.0000457763671875","0.0","False","0.0","True","0.0"
"3","6144","512","0.13931972789115646","0.0",,"0.0","0.0000838176129036583","7.02539182384498E-09","0.00048828125","0.0","False","0.0","True","0.0"
"3","6656","512","0.1509297052154195","0.0",,"0.0","0.0009153738501481712","8.37909283291083E-07","0.001922607421875","0.0","False","0.0","True","0.0"
"3","7168","512","0.16253968253968254","0.0",,"0.0","0.0012338003143668175","0.0000015222631191136315","0.0021820068359375","0.0","False","0.0","True","0.0"
"3","7680","512","0.17414965986394557","0.0",,"0.0","0.0016273948131129146","0.0000026484140107640997","0.00335693359375","0.0","False","0.0","True","0.0"
"3","8192","512","0.18575963718820862","0.0",,"0.0","0.003319062991067767","0.000011016179087164346","0.0083160400390625","0.0","False","1.0","False","1.0"
"3","8704","512","0.19736961451247165","0.0",,"0.0","0.005389069207012653","0.0000290420648525469","0.0090179443359375","0.0","False","0.32311180233955383","False","1.0"
"3","9216","512","0.2089795918367347","0.0",,"0.0","0.006042799446731806","0.00003651542283478193","0.0134429931640625","0.0","False","0.30391359329223633","False","1.0"
"3","9728","512","0.22058956916099773","0.0",,"0.0","0.008144290186464787","0.00006632945587625727","0.014495849609375","0.0","False","0.2599612772464752","False","1.0"
"3","10240","512","0.23219954648526078","0.0",,"0.0","0.010254187509417534","0.00010514837049413472","0.01922607421875","0.0","False","0.29956549406051636","False","1.0"
"3","10752","512","0.2438095238095238","0.0",,"0.0","0.009829491376876831","0.00009661890362622216","0.0177001953125","0.0","False","0.3073785603046417","False","1.0"
"3","11264","512","0.25541950113378686","0.0",,"0.0","0.012880228459835052","0.0001659002882661298","0.0225372314453125","0.0","False","0.1999281346797943","False","1.0"
"3","11776","512","0.26702947845804986","0.0",,"0.0","0.015678536146879196","0.00024581648176535964","0.026214599609375","0.0","False","0.3248620331287384","False","1.0"
"3","12288","512","0.2786394557823129","0.0",,"0.0","0.023465363308787346","0.0005506232846528292","0.035003662109375","0.0","False","0.2775747776031494","False","1.0"
"3","12800","512","0.29024943310657597","0.0",,"0.0","0.015634184703230858","0.0002444277051836252","0.029266357421875","0.0","False","0.140561044216156","False","1.0"
"3","13312","512","0.301859410430839","0.0",,"0.0","0.015600449405610561","0.00024337403010576963","0.02764892578125","0.0","False","0.17547190189361572","False","1.0"
"3","13824","512","0.313469387755102","0.0",,"0.0","0.012204961851239204","0.00014896108768880367","0.0245513916015625","0.0","False","0.15351814031600952","False","1.0"
"3","14336","512","0.3250793650793651","0.0",,"0.0","0.017635919153690338","0.000311025622067973","0.030120849609375","0.0","False","0.24707745015621185","False","1.0"
"3","14848","512","0.33668934240362813","0.0",,"0.0","0.0193563811480999","0.0003746694710571319","0.038848876953125","0.0","False","0.18659192323684692","False","1.0"
"3","15360","512","0.34829931972789113","0.0",,"0.0","0.02245311066508293","0.0005041421391069889","0.0354766845703125","0.0","False","0.21366243064403534","False","1.0"
"3","15872","512","0.3599092970521542","0.0",,"0.0","0.02105173096060753","0.0004431754059623927","0.039825439453125","0.0","False","0.18442468345165253","False","1.0"
"3","16384","512","0.37151927437641724","0.0",,"0.0","0.014584609307348728","0.00021271083096507937","0.0233154296875","0.0","False","0.14948943257331848","False","1.0"
"3","16896","512","0.3831292517006803","0.0",,"0.0","0.008675127290189266","0.00007525782712036744","0.0172119140625","0.0","False","0.1457284837961197","False","1.0"
"3","17408","512","0.3947392290249433","0.0",,"0.0","0.012708378955721855","0.0001615028886590153","0.0275726318359375","0.0","False","0.1306731402873993","False","1.0"
"3","17920","512","0.40634920634920635","0.0",,"0.0","0.01651947945356369","0.00027289323043078184","0.0299835205078125","0.0","False","0.18448033928871155","False","1.0"
"3","18432","512","0.4179591836734694","0.0",,"0.0","0.010570590384304523","0.00011173737584613264","0.0186920166015625","0.0","False","0.19451592862606049","False","1.0"
"3","18944","512","0.4295691609977324","0.0",,"0.0","0.015313997864723206","0.0002345185203012079","0.0246429443359375","0.0","False","0.1410120278596878","False","1.0"
"3","19456","512","0.44117913832199546","0.0",,"0.0","0.007079065777361393","0.000050113172619603574","0.01251220703125","0.0","False","0.21418069303035736","False","1.0"
"3","19968","512","0.4527891156462585","0.0",,"0.0","0.009533864445984364","0.00009089457307709381","0.015960693359375","0.0","False","0.14842106401920319","False","1.0"
"3","20480","512","0.46439909297052157","0.0",,"0.0","0.011004853062331676","0.00012110679381294176","0.019500732421875","0.0","False","0.12727957963943481","False","1.0"
"3","20992","512","0.47600907029478456","0.0",,"0.0","0.00831605028361082","0.00006915668927831575","0.0130157470703125","0.0","False","0.13912630081176758","False","1.0"
"3","21504","512","0.4876190476190476","0.0",,"0.0","0.012924746610224247","0.00016704907466191798","0.019622802734375","0.0","False","0.19337910413742065","False","1.0"
"3","22016","512","0.4992290249433107","0.0",,"0.0","0.008523324504494667","0.00007264705345733091","0.0166473388671875","0.0","False","0.17860104143619537","False","1.0"
"3","22528","512","0.5108390022675737","0.0",,"0.0","0.012710532173514366","0.00016155761841218919","0.022125244140625","0.0","False","0.19898736476898193","False","1.0"
"3","23040","512","0.5224489795918368","0.0",,"0.0","0.013229346834123135","0.0001750156079651788","0.02496337890625","0.0","False","0.17572204768657684","False","1.0"
"3","23552","512","0.5340589569160997","0.0",,"0.0","0.012862862087786198","0.00016545320977456868","0.0230865478515625","0.0","False","0.1846848726272583","False","1.0"
"3","24064","512","0.5456689342403628","0.0",,"0.0","0.014905141666531563","0.00022216324578039348","0.0238494873046875","0.0","False","0.15949496626853943","False","1.0"
"3","24576","512","0.5572789115646258","0.0",,"0.0","0.01695410907268524","0.00028744179871864617","0.0318145751953125","0.0","False","0.23044458031654358","False","1.0"
"3","25088","512","0.5688888888888889","0.0",,"0.0","0.015308533795177937","0.00023435120237991214","0.0278472900390625","0.0","False","0.13429562747478485","False","1.0"
"3","25600","512","0.5804988662131519","0.0",,"0.0","0.015609794296324253","0.00024366567959077656","0.0288848876953125","0.0","False","0.22697359323501587","False","1.0"
"3","26112","512","0.592108843537415","0.0",,"0.0","0.017322229221463203","0.00030005964799784124","0.028076171875","0.0","False","0.16457805037498474","False","1.0"
"3","26624","512","0.603718820861678","0.0",,"0.0","0.021842939779162407","0.00047711399383842945","0.0374755859375","0.0","False","0.20876631140708923","False","1.0"
"3","27136","512","0.615328798185941","147.72433471679688","50.10484773521544","0.8530795574188232","0.023771056905388832","0.0005650631501339376","0.0387115478515625","0.0","False","0.20812776684761047","False","1.0"
"3","27648","512","0.626938775510204","146.47630310058594","49.95796513121876","0.8553906083106995","0.023510023951530457","0.0005527212633751333","0.0461273193359375","0.0","False","0.15191249549388885","False","1.0"
"3","28160","512","0.6385487528344671","0.0",,"0.0","0.01555737666785717","0.00024203196517191827","0.0303192138671875","0.0","False","0.1721741259098053","False","1.0"
"3","28672","512","0.6501587301587302","0.0",,"0.0","0.013729986734688282","0.0001885125384433195","0.0281524658203125","0.0","False","0.12381988763809204","False","1.0"
"3","29184","512","0.6617687074829932","0.0",,"0.0","0.01924046128988266","0.00037019536830484867","0.029296875","0.0","False","0.15288400650024414","False","1.0"
"3","29696","512","0.6733786848072563","0.0",,"0.0","0.017260447144508362","0.00029792304849252105","0.0264892578125","0.0","False","0.18331362307071686","False","1.0"
"3","30208","512","0.6849886621315193","0.0",,"0.0","0.018011251464486122","0.00032440514769405127","0.0329132080078125","0.0","False","0.13945023715496063","False","1.0"
"3","30720","512","0.6965986394557823","0.0",,"0.0","0.014940795488655567","0.00022322738368529826","0.02490234375","0.0","False","0.18150664865970612","False","1.0"
"3","31232","512","0.7082086167800453","0.0",,"0.0","0.011619225144386292","0.000135006383061409","0.024078369140625","0.0","False","0.17924992740154266","False","1.0"
"3","31744","512","0.7198185941043084","0.0",,"0.0","0.014989208430051804","0.00022467637609224766","0.0269775390625","0.0","False","0.1166568249464035","False","1.0"
"3","32256","512","0.7314285714285714","0.0",,"0.0","0.01113571971654892","0.00012400426203384995","0.022552490234375","0.0","False","0.16150254011154175","False","1.0"
"3","32768","512","0.7430385487528345","0.0",,"0.0","0.02081061527132988","0.00043308173189871013","0.0372314453125","0.0","False","0.17788287997245789","False","1.0"
"3","33280","512","0.7546485260770975","0.0",,"0.0","0.006809133570641279","0.00004636430094251409","0.011993408203125","0.0","False","0.1790487915277481","False","1.0"
"3","33792","512","0.7662585034013606","0.0",,"0.0","0.010383336804807186","0.00010781368473544717","0.0200653076171875","0.0","False","0.15217594802379608","False","1.0"
"3","34304","512","0.7778684807256235","0.0",,"0.0","0.014526564627885818","0.00021102109167259187","0.027740478515625","0.0","False","0.1580941528081894","False","1.0"
"3","34816","512","0.7894784580498866","0.0",,"0.0","0.01303319912403822","0.00016986428818199784","0.022247314453125","0.0","False","0.19466166198253632","False","1.0"
"3","35328","512","0.8010884353741496","0.0",,"0.0","0.017786255106329918","0.0003163508663419634","0.0294036865234375","0.0","False","0.18070204555988312","False","1.0"
"3","35840","512","0.8126984126984127","0.0",,"0.0","0.006447219755500555","0.000041566639993106946","0.016326904296875","0.0","False","0.17531143128871918","False","1.0"
"3","36352","512","0.8243083900226758","0.0",,"0.0","0.008669585920870304","0.0000751617262721993","0.0181884765625","0.0","False","0.1421375721693039","False","1.0"
"3","36864","512","0.8359183673469388","0.0",,"0.0","0.008213367313146591","0.00006745940481778234","0.0188446044921875","0.0","False","0.12628677487373352","False","1.0"
"3","37376","512","0.8475283446712019","0.0",,"0.0","0.012264556251466274","0.00015041934966575354","0.0264892578125","0.0","False","0.1622832864522934","False","1.0"
"3","37888","512","0.8591383219954648","0.0",,"0.0","0.01763295941054821","0.00031092128483578563","0.02630615234375","0.0","False","0.17232173681259155","False","1.0"
"3","38400","512","0.8707482993197279","0.0",,"0.0","0.01794431172311306","0.00032199829001910985","0.032135009765625","0.0","False","0.2200096696615219","False","1.0"
"3","38912","512","0.8823582766439909","0.0",,"0.0","0.018596846610307693","0.0003458427090663463","0.0335845947265625","0.0","False","0.1561853438615799","False","1.0"
"3","39424","512","0.893968253968254","0.0",,"0.0","0.01030407752841711","0.00010617401858326048","0.0235137939453125","0.0","False","0.13836513459682465","False","1.0"
"3","39936","512","0.905578231292517","0.0",,"0.0","0.014471720904111862","0.00020943071285728365","0.027679443359375","0.0","False","0.19383229315280914","False","1.0"
"3","40448","512","0.9171882086167801","0.0",,"0.0","0.01961452141404152","0.00038472944288514555","0.0302886962890625","0.0","False","0.1767796277999878","False","1.0"
"3","40960","512","0.9287981859410431","0.0",,"0.0","0.02071276865899563","0.0004290187789592892","0.032470703125","0.0","False","0.22335049510002136","False","1.0"
"3","41472","512","0.9404081632653061","145.8223876953125","49.8805044692934","0.8649435639381409","0.019026033580303192","0.000361989950761199","0.0305023193359375","0.0","False","0.14712321758270264","False","1.0"
"3","41984","512","0.9520181405895691","147.16796875","50.03952213417467","0.8583778738975525","0.01921689882874489","0.00036928922054357827","0.031768798828125","0.0","False","0.1853778213262558","False","1.0"
"3","42496","512","0.9636281179138322","0.0",,"0.0","0.017286324873566628","0.00029881703085266054","0.03021240234375","0.0","False","0.15213488042354584","False","1.0"
"3","43008","512","0.9752380952380952","147.56088256835938","50.08568159095184","0.8544251322746277","0.014115692116320133","0.00019925276865251362","0.0251312255859375","0.0","False","0.1153513640165329","False","1.0"
"3","43520","512","0.9868480725623583","0.0",,"0.0","0.019104331731796265","0.00036497547989711165","0.0335693359375","0.0","False","0.2153995782136917","False","1.0"
"3","44032","512","0.9984580498866213","0.0",,"0.0","0.018289264291524887","0.00033449719194322824","0.032257080078125","0.0","False","0.19656138122081757","False","1.0"
"3","44544","512","1.0100680272108844","0.0",,"0.0","0.02414541319012642","0.0005830010049976408","0.0364227294921875","0.0","False","0.21533626317977905","False","1.0"
"3","45056","512","1.0216780045351475","0.0",,"0.0","0.006986264605075121","0.00004880789128947072","0.0206756591796875","0.0","False","0.15866833925247192","False","1.0"
"3","45568","512","1.0332879818594105","0.0",,"0.0","0.012202349491417408","0.0001488973357481882","0.0196990966796875","0.0","False","0.16769912838935852","False","1.0"
"3","46080","512","1.0448979591836736","0.0",,"0.0","0.021703246980905533","0.00047103091492317617","0.0379486083984375","0.0","False","0.2500050663948059","False","1.0"
"3","46592","512","1.0565079365079366","0.0",,"0.0","0.01593611016869545","0.0002539596171118319","0.0403594970703125","0.0","False","0.13690832257270813","False","1.0"
"3","47104","512","1.0681179138321995","0.0",,"0.0","0.010752473957836628","0.00011561568680917844","0.0209808349609375","0.0","False","0.1483115702867508","False","1.0"
"3","47616","512","1.0797278911564625","0.0",,"0.0","0.013726680539548397","0.00018842176359612495","0.02532958984375","0.0","False","0.1978205144405365","False","1.0"
"3","48128","512","1.0913378684807256","0.0",,"0.0","0.023912109434604645","0.0005717889871448278","0.0399322509765625","0.0","False","0.16277649998664856","False","1.0"
"3","48640","512","1.1029478458049886","0.0",,"0.0","0.009092980064451694","0.00008268229430541396","0.022857666015625","0.0","False","0.14605095982551575","False","1.0"
"3","49152","512","1.1145578231292517","0.0",,"0.0","0.01082541886717081","0.00011718970199581236","0.021697998046875","0.0","False","0.10194528847932816","False","1.0"
"3","49664","512","1.1261678004535147","0.0",,"0.0","0.015983184799551964","0.00025546218967065215","0.0334014892578125","0.0","False","0.22954578697681427","False","1.0"
"3","50176","512","1.1377777777777778","0.0",,"0.0","0.018115729093551636","0.0003281796525698155","0.0437469482421875","0.0","False","0.19613388180732727","False","1.0"
"3","50688","512","1.1493877551020408","0.0",,"0.0","0.016043871641159058","0.0002574058307800442","0.033416748046875","0.0","False","0.13025768101215363","False","1.0"
"3","51200","512","1.1609977324263039","0.0",,"0.0","0.015859395265579224","0.00025152042508125305","0.0255126953125","0.0","False","0.20565541088581085","False","1.0"
"3","51712","512","1.172607709750567","0.0",,"0.0","0.02709571272134781","0.0007341776508837938","0.0474700927734375","0.0","False","0.20779889822006226","False","1.0"
"3","52224","512","1.18421768707483","0.0",,"0.0","0.011294620111584663","0.0001275684335269034","0.02276611328125","0.0","False","0.15207114815711975","False","1.0"
"3","52736","512","1.195827664399093","0.0",,"0.0","0.012360446155071259","0.00015278063074219972","0.0231781005859375","0.0","False","0.15556550025939941","False","1.0"
"3","53248","512","1.207437641723356","0.0",,"0.0","0.01493979524821043","0.0002231974940514192","0.033111572265625","0.0","False","0.1394360065460205","False","1.0"
"3","53760","512","1.2190476190476192","0.0",,"0.0","0.017888732254505157","0.00032000671490095556","0.0312957763671875","0.0","False","0.18895958364009857","False","1.0"
"3","54272","512","1.230657596371882","0.0",,"0.0","0.016179265454411507","0.0002617686113808304","0.0299072265625","0.0","False","0.14752213656902313","False","1.0"
"3","54784","512","1.242267573696145","0.0",,"0.0","0.0216661486774683","0.000469421996967867","0.034332275390625","0.0","False","0.22849388420581818","False","1.0"
"3","55296","512","1.253877551020408","0.0",,"0.0","0.02503269352018833","0.0006266357377171516","0.0413665771484375","0.0","False","0.17990979552268982","False","1.0"
"3","55808","512","1.2654875283446712","0.0",,"0.0","0.02182861976325512","0.00047648866893723607","0.035858154296875","0.0","False","0.23957659304141998","False","1.0"
"3","56320","512","1.2770975056689342","0.0",,"0.0","0.026336228474974632","0.0006935969577170908","0.04766845703125","0.0","False","0.19370321929454803","False","1.0"
"3","56832","512","1.2887074829931973","0.0",,"0.0","0.025993360206484795","0.0006756547372788191","0.042022705078125","0.0","False","0.18123236298561096","False","1.0"
"3","57344","512","1.3003174603174603","0.0",,"0.0","0.02521437592804432","0.0006357647944241762","0.0418243408203125","0.0","False","0.21771439909934998","False","1.0"
"3","57856","512","1.3119274376417234","148.83851623535156","50.234932676812925","0.8543832898139954","0.026937030255794525","0.0007256036042235792","0.046600341796875","0.0","False","0.1764063537120819","False","1.0"
"3","58368","512","1.3235374149659864","0.0",,"0.0","0.025397218763828278","0.0006450187065638602","0.045745849609375","0.0","False","0.1828187108039856","False","1.0"
"3","58880","512","1.3351473922902495","0.0",,"0.0","0.022660430520772934","0.0005134951206855476","0.038604736328125","0.0","False","0.24033884704113007","False","1.0"
"3","59392","512","1.3467573696145125","0.0",,"0.0","0.026078853756189346","0.0006801065756008029","0.04974365234375","0.0","False","0.18226134777069092","False","1.0"
"3","59904","512","1.3583673469387756","0.0",,"0.0","0.026721714064478874","0.000714049965608865","0.046142578125","0.0","False","0.16119733452796936","False","1.0"
"3","60416","512","1.3699773242630386","0.0",,"0.0","0.020269298925995827","0.00041084448457695544","0.0400390625","0.0","False","0.1398942470550537","False","1.0"
"3","60928","512","1.3815873015873017","0.0",,"0.0","0.017744090408086777","0.0003148527757730335","0.0331878662109375","0.0","False","0.14121724665164948","False","1.0"
"3","61440","512","1.3931972789115645","0.0",,"0.0","0.012760868296027184","0.00016283975855913013","0.03009033203125","0.0","False","0.20216956734657288","False","1.0"
"3","61952","512","1.4048072562358276","0.0",,"0.0","0.018154827877879143","0.0003295977658126503","0.041717529296875","0.0","False","0.14076083898544312","False","1.0"
"3","62464","512","1.4164172335600906","0.0",,"0.0","0.012629729695618153","0.0001595100766280666","0.0335235595703125","0.0","False","0.16926318407058716","False","1.0"
"3","62976","512","1.4280272108843537","0.0",,"0.0","0.014667906798422337","0.00021514747641049325","0.03607177734375","0.0","False","0.19883939623832703","False","1.0"
"3","63488","512","1.4396371882086167","0.0",,"0.0","0.017276592552661896","0.00029848061967641115","0.0316619873046875","0.0","False","0.1384153664112091","False","1.0"
"3","64000","512","1.4512471655328798","0.0",,"0.0","0.007902000099420547","0.00006244160613277927","0.0174102783203125","0.0","False","0.14459677040576935","False","1.0"
"3","64512","512","1.4628571428571429","0.0",,"0.0","0.014921980910003185","0.00022266550513450056","0.0281219482421875","0.0","False","0.14070822298526764","False","1.0"
"3","65024","512","1.474467120181406","0.0",,"0.0","0.007876253686845303","0.00006203537486726418","0.0191802978515625","0.0","False","0.15982738137245178","False","1.0"
"3","65536","512","1.486077097505669","0.0",,"0.0","0.009972118772566319","0.00009944316116161644","0.0194091796875","0.0","False","0.15246854722499847","False","1.0"
"3","66048","512","1.497687074829932","0.0",,"0.0","0.009574628435075283","0.00009167351527139544","0.0164337158203125","0.0","False","0.14193879067897797","False","1.0"
"3","66560","512","1.509297052154195","0.0",,"0.0","0.011035392992198467","0.00012177989992778748","0.020721435546875","0.0","False","0.2184956818819046","False","1.0"
"3","67072","512","1.5209070294784581","0.0",,"0.0","0.013028641231358051","0.00016974550089798868","0.022430419921875","0.0","False","0.13141095638275146","False","1.0"
"3","67584","512","1.5325170068027212","0.0",,"0.0","0.011554726399481297","0.00013351169764064252","0.02520751953125","0.0","False","0.16160981357097626","False","1.0"
"3","68096","512","1.5441269841269842","0.0",,"0.0","0.01675502024590969","0.00028073068824596703","0.03338623046875","0.0","False","0.1904137134552002","False","1.0"
"3","68608","512","1.555736961451247","0.0",,"0.0","0.017348656430840492","0.00030097589478828013","0.0325164794921875","0.0","False","0.22587507963180542","False","1.0"
"3","69120","512","1.5673469387755101","0.0",,"0.0","0.019798127934336662","0.0003919658774975687","0.0386199951171875","0.0","False","0.18250799179077148","False","1.0"
"3","69632","512","1.5789569160997732","0.0",,"0.0","0.023898420855402946","0.0005711345584131777","0.0419464111328125","0.0","False","0.23482787609100342","False","1.0"
"3","70144","512","1.5905668934240362","0.0",,"0.0","0.022758927196264267","0.000517968728672713","0.0399322509765625","0.0","False","0.1728443056344986","False","1.0"
"3","70656","512","1.6021768707482993","0.0",,"0.0","0.023143764585256577","0.0005356338224373758","0.039337158203125","0.0","False","0.15784360468387604","False","1.0"
"3","71168","512","1.6137868480725623","0.0",,"0.0","0.022681407630443573","0.0005144462920725346","0.0353546142578125","0.0","False","0.15565907955169678","False","1.0"
"3","71680","512","1.6253968253968254","0.0",,"0.0","0.020539164543151855","0.00042185731581412256","0.0407867431640625","0.0","False","0.22118689119815826","False","1.0"
"3","72192","512","1.6370068027210884","0.0",,"0.0","0.02506336010992527","0.0006281720125116408","0.0408935546875","0.0","False","0.16004841029644012","False","1.0"
"3","72704","512","1.6486167800453515","0.0",,"0.0","0.026187250390648842","0.0006857721018604934","0.0505828857421875","0.0","False","0.21368947625160217","False","1.0"
"3","73216","512","1.6602267573696146","148.90415954589844","50.24256637835438","0.8504214286804199","0.03302416205406189","0.0010905953822657466","0.0496063232421875","0.0","False","0.217630535364151","False","1.0"
"3","73728","512","1.6718367346938776","0.0",,"0.0","0.03013163059949875","0.0009079151786863804","0.053375244140625","0.0","False","0.12329448014497757","False","1.0"
"3","74240","512","1.6834467120181407","0.0",,"0.0","0.020673850551247597","0.0004274080856703222","0.038604736328125","0.0","False","0.1481534242630005","False","1.0"
"3","74752","512","1.6950566893424037","0.0",,"0.0","0.02377459593117237","0.0005652314284816384","0.04498291015625","0.0","False","0.1580224633216858","False","1.0"
"3","75264","512","1.7066666666666668","0.0",,"0.0","0.02461322210729122","0.0006058107246644795","0.0513763427734375","0.0","False","0.21630267798900604","False","1.0"
"3","75776","512","1.7182766439909296","0.0",,"0.0","0.02246934175491333","0.0005048713064752519","0.05120849609375","0.0","False","0.18367360532283783","False","1.0"
"3","76288","512","1.7298866213151927","0.0",,"0.0","0.021618301048874855","0.0004673509392887354","0.0460662841796875","0.0","False","0.16056159138679504","False","1.0"
"3","76800","512","1.7414965986394557","0.0",,"0.0","0.021053573116660118","0.00044325290946289897","0.04925537109375","0.0","False","0.198257714509964","False","1.0"
"3","77312","512","1.7531065759637188","0.0",,"0.0","0.022181883454322815","0.0004920359933748841","0.045623779296875","0.0","False","0.16117103397846222","False","1.0"
"3","77824","512","1.7647165532879818","0.0",,"0.0","0.007443870417773724","0.00005541120481211692","0.01727294921875","0.0","False","0.13512560725212097","False","1.0"
"3","78336","512","1.7763265306122449","0.0",,"0.0","0.01099605206400156","0.00012091315147699788","0.0226287841796875","0.0","False","0.14699558913707733","False","1.0"
"3","78848","512","1.787936507936508","0.0",,"0.0","0.018122108653187752","0.0003284108533989638","0.030181884765625","0.0","False","0.1493827849626541","False","1.0"
"3","79360","512","1.799546485260771","0.0",,"0.0","0.014360890723764896","0.0002062351704807952","0.04864501953125","0.0","False","0.2380632758140564","False","1.0"
"3","79872","512","1.811156462585034","0.0",,"0.0","0.1647028923034668","0.027127042412757874","0.47210693359375","0.0","True","0.7656683325767517","False","1.0"
"3","80384","512","1.822766439909297","0.0",,"0.0","0.07172158360481262","0.005143985617905855","0.147003173828125","0.0","False","0.1738818883895874","False","1.0"
"3","80896","512","1.8343764172335602","0.0",,"0.0","0.05658922344446182","0.0032023400999605656","0.128936767578125","0.0","False","0.13650424778461456","False","1.0"
"3","81408","512","1.8459863945578232","0.0",,"0.0","0.0480070561170578","0.0023046773858368397","0.10943603515625","0.0","False","0.10594867169857025","False","1.0"
"3","81920","512","1.8575963718820863","0.0",,"0.0","0.053231772035360336","0.0028336215764284134","0.1179962158203125","0.0","False","0.1036439910531044","False","1.0"
"3","82432","512","1.8692063492063493","0.0",,"0.0","0.03818986937403679","0.0014584660530090332","0.076446533203125","0.0","False","0.07656936347484589","False","1.0"
"3","82944","512","1.8808163265306121","0.0",,"0.0","0.0508757047355175","0.0025883372873067856","0.1154022216796875","0.0","False","0.09305299073457718","False","1.0"
"3","83456","512","1.8924263038548752","0.0",,"0.0","0.05022803694009781","0.0025228557642549276","0.1051025390625","0.0","False","0.10677557438611984","False","1.0"
"3","83968","512","1.9040362811791383","0.0",,"0.0","0.060112155973911285","0.0036134712863713503","0.124298095703125","0.0","False","0.12078452110290527","False","1.0"
"3","84480","512","1.9156462585034013","0.0",,"0.0","0.04965949431061745","0.0024660653434693813","0.12408447265625","0.0","False","0.1414494812488556","False","1.0"
"3","84992","512","1.9272562358276644","0.0",,"0.0","0.04842710494995117","0.002345184562727809","0.095245361328125","0.0","False","0.1387881338596344","False","1.0"
"3","85504","512","1.9388662131519274","0.0",,"0.0","0.051176343113183975","0.002619018079712987","0.1121063232421875","0.0","False","0.14120611548423767","False","1.0"
"3","86016","512","1.9504761904761905","0.0",,"0.0","0.04678191617131233","0.002188547747209668","0.09368896484375","0.0","False","0.1099272146821022","False","1.0"
"3","86528","512","1.9620861678004535","0.0",,"0.0","0.051051169633865356","0.002606221940368414","0.110870361328125","0.0","False","0.15172427892684937","False","1.0"
"3","87040","512","1.9736961451247166","0.0",,"0.0","0.04464950039982796","0.001993577927350998","0.099700927734375","0.0","False","0.1127786785364151","False","1.0"
"3","87552","512","1.9853061224489796","0.0",,"0.0","0.03774717450141907","0.0014248491497710347","0.076141357421875","0.0","False","0.13486482203006744","False","1.0"
"3","88064","512","1.9969160997732427","0.0",,"0.0","0.03512818366289139","0.0012339893728494644","0.0723724365234375","0.0","False","0.10100405663251877","False","1.0"
"3","88576","512","2.0085260770975055","0.0",,"0.0","0.03508010506629944","0.0012306136777624488","0.0751953125","0.0","False","0.09675919264554977","False","1.0"
"3","89088","512","2.020136054421769","0.0",,"0.0","0.04284156113862991","0.0018353993073105812","0.0867462158203125","0.0","False","0.13990482687950134","False","1.0"
"3","89600","512","2.0317460317460316","0.0",,"0.0","0.04524071142077446","0.002046721987426281","0.09344482421875","0.0","False","0.14994092285633087","False","1.0"
"3","90112","512","2.043356009070295","0.0",,"0.0","0.03487491235136986","0.001216259435750544","0.083648681640625","0.0","False","0.12004367262125015","False","1.0"
"3","90624","512","2.0549659863945577","0.0",,"0.0","0.030278446152806282","0.0009167842799797654","0.068115234375","0.0","False","0.12058363854885101","False","1.0"
"3","91136","512","2.066575963718821","0.0",,"0.0","0.033206116408109665","0.0011026462307199836","0.07977294921875","0.0","False","0.11635501682758331","False","1.0"
"3","91648","512","2.078185941043084","0.0",,"0.0","0.03885667771100998","0.0015098415315151215","0.0898284912109375","0.0","False","0.13612447679042816","False","1.0"
"3","92160","512","2.089795918367347","0.0",,"0.0","0.03205062821507454","0.0010272428626194596","0.0840301513671875","0.0","False","0.1277112364768982","False","1.0"
"3","92672","512","2.10140589569161","0.0",,"0.0","0.0355181023478508","0.0012615356827154756","0.0767974853515625","0.0","False","0.11230102926492691","False","1.0"
"3","93184","512","2.1130158730158732","0.0",,"0.0","0.029105817899107933","0.0008471485925838351","0.060455322265625","0.0","False","0.11995585262775421","False","1.0"
"3","93696","512","2.124625850340136","0.0",,"0.0","0.03125756233930588","0.0009770352626219392","0.0760650634765625","0.0","False","0.13776758313179016","False","1.0"
"3","94208","512","2.136235827664399","0.0",,"0.0","0.031347814947366714","0.0009826854802668095","0.0655059814453125","0.0","False","0.1042899414896965","False","1.0"
"3","94720","512","2.147845804988662","0.0",,"0.0","0.035805635154247284","0.0012820435222238302","0.0767669677734375","0.0","False","0.13375447690486908","False","1.0"
"3","95232","512","2.159455782312925","0.0",,"0.0","0.031205086037516594","0.0009737574146129191","0.066253662109375","0.0","False","0.08709310740232468","False","1.0"
"3","95744","512","2.1710657596371883","0.0",,"0.0","0.031271617859601974","0.0009779140818864107","0.0590972900390625","0.0","False","0.12413591891527176","False","1.0"
"3","96256","512","2.182675736961451","0.0",,"0.0","0.03229569271206856","0.0010430116672068834","0.061004638671875","0.0","False","0.11758782714605331","False","1.0"
"3","96768","512","2.1942857142857144","0.0",,"0.0","0.029607659205794334","0.0008766134851612151","0.0612335205078125","0.0","False","0.1321486085653305","False","1.0"
"3","97280","512","2.2058956916099772","0.0",,"0.0","0.03147085756063461","0.0009904149919748306","0.06414794921875","0.0","False","0.13397441804409027","False","1.0"
"3","97792","512","2.2175056689342405","0.0",,"0.0","0.03352499008178711","0.0011239249724894762","0.0657958984375","0.0","False","0.1204322874546051","False","1.0"
"3","98304","512","2.2291156462585033","0.0",,"0.0","0.030431488528847694","0.000926075445022434","0.05841064453125","0.0","False","0.08770598471164703","False","1.0"
"3","98816","512","2.2407256235827666","0.0",,"0.0","0.02591794729232788","0.0006717400392517447","0.0460357666015625","0.0","False","0.12546281516551971","False","1.0"
"3","99328","512","2.2523356009070294","0.0",,"0.0","0.029972756281495094","0.0008983660954982042","0.053558349609375","0.0","False","0.1390480101108551","False","1.0"
"3","99840","512","2.2639455782312927","0.0",,"0.0","0.029261384159326553","0.0008562286384403706","0.06329345703125","0.0","False","0.11224328726530075","False","1.0"
"3","100352","512","2.2755555555555556","0.0",,"0.0","0.03309980034828186","0.0010955968173220754","0.0696563720703125","0.0","False","0.13862672448158264","False","1.0"
"3","100864","512","2.2871655328798184","0.0",,"0.0","0.033889323472976685","0.001148486277088523","0.06182861328125","0.0","False","0.13511617481708527","False","1.0"
"3","101376","512","2.2987755102040817","0.0",,"0.0","0.030239583924412727","0.0009144323994405568","0.0781402587890625","0.0","False","0.15285201370716095","False","1.0"
"3","101888","512","2.3103854875283445","0.0",,"0.0","0.030016755685210228","0.0009010055800899863","0.068878173828125","0.0","False","0.14204180240631104","False","1.0"
"3","102400","512","2.3219954648526078","0.0",,"0.0","0.026586536318063736","0.0007068439153954387","0.057586669921875","0.0","False","0.08801072090864182","False","1.0"
"3","102912","512","2.3336054421768706","0.0",,"0.0","0.027822453528642654","0.0007740889559499919","0.0682525634765625","0.0","False","0.13614152371883392","False","1.0"
"3","103424","512","2.345215419501134","0.0",,"0.0","0.03309774398803711","0.0010954607278108597","0.0742645263671875","0.0","False","0.14749982953071594","False","1.0"
"3","103936","512","2.3568253968253967","0.0",,"0.0","0.030362185090780258","0.0009218622581101954","0.06195068359375","0.0","False","0.11180160194635391","False","1.0"
"3","104448","512","2.36843537414966","0.0",,"0.0","0.024286065250635147","0.000589812989346683","0.050872802734375","0.0","False","0.13209615647792816","False","1.0"
"3","104960","512","2.380045351473923","0.0",,"0.0","0.02313673123717308","0.0005353083251975477","0.0506744384765625","0.0","False","0.12187639623880386","False","1.0"
"3","105472","512","2.391655328798186","0.0",,"0.0","0.02880605310201645","0.0008297887397930026","0.0576019287109375","0.0","False","0.11655688285827637","False","1.0"
"3","105984","512","2.403265306122449","0.0",,"0.0","0.02158389985561371","0.0004658647521864623","0.0507049560546875","0.0","False","0.1673739105463028","False","1.0"
"3","106496","512","2.414875283446712","0.0",,"0.0","0.028692640364170074","0.000823267619125545","0.060089111328125","0.0","False","0.11366759240627289","False","1.0"
"3","107008","512","2.426485260770975","0.0",,"0.0","0.02199949324131012","0.00048397769569419324","0.049224853515625","0.0","False","0.12214624881744385","False","1.0"
"3","107520","512","2.4380952380952383","0.0",,"0.0","0.02229398488998413","0.0004970217705704272","0.045379638671875","0.0","False","0.12503598630428314","False","1.0"
"3","108032","512","2.449705215419501","0.0",,"0.0","0.02263205498456955","0.0005122098955325782","0.054718017578125","0.0","False","0.12558099627494812","False","1.0"
"3","108544","512","2.461315192743764","0.0",,"0.0","0.027557281777262688","0.0007594038033857942","0.059600830078125","0.0","False","0.16200761497020721","False","1.0"
"3","109056","512","2.4729251700680273","0.0",,"0.0","0.02705046348273754","0.0007317275740206242","0.0601043701171875","0.0","False","0.15858294069766998","False","1.0"
"3","109568","512","2.48453514739229","0.0",,"0.0","0.019765987992286682","0.0003906943020410836","0.040313720703125","0.0","False","0.11330363154411316","False","1.0"
"3","110080","512","2.4961451247165534","0.0",,"0.0","0.019223889335989952","0.00036955790710635483","0.0419769287109375","0.0","False","0.12172992527484894","False","1.0"
"3","110592","512","2.507755102040816","0.0",,"0.0","0.02029518410563469","0.0004118944925721735","0.0461883544921875","0.0","False","0.12429621815681458","False","1.0"
"3","111104","512","2.5193650793650795","0.0",,"0.0","0.02099100686609745","0.00044062233064323664","0.037628173828125","0.0","False","0.13913461565971375","False","1.0"
"3","111616","512","2.5309750566893423","0.0",,"0.0","0.02361244522035122","0.0005575475515797734","0.0481414794921875","0.0","False","0.13084422051906586","False","1.0"
"3","112128","512","2.5425850340136056","0.0",,"0.0","0.02114533819258213","0.00044712531962431967","0.0433502197265625","0.0","False","0.1271948665380478","False","1.0"
"3","112640","512","2.5541950113378684","0.0",,"0.0","0.026183724403381348","0.0006855874671600759","0.0585174560546875","0.0","False","0.1656537503004074","False","1.0"
"3","113152","512","2.5658049886621317","0.0",,"0.0","0.019471300765872","0.00037913158303126693","0.045867919921875","0.0","False","0.12647119164466858","False","1.0"
"3","113664","512","2.5774149659863945","0.0",,"0.0","0.016295617446303368","0.00026554716168902814","0.037567138671875","0.0","False","0.10628925263881683","False","1.0"
"3","114176","512","2.589024943310658","0.0",,"0.0","0.024461928755044937","0.0005983859300613403","0.048309326171875","0.0","False","0.19237090647220612","False","1.0"
"3","114688","512","2.6006349206349206","0.0",,"0.0","0.03296207636594772","0.001086498494260013","0.061492919921875","0.0","False","0.20234809815883636","False","1.0"
"3","115200","512","2.6122448979591835","0.0",,"0.0","0.024135278537869453","0.0005825116531923413","0.055328369140625","0.0","False","0.16516117751598358","False","1.0"
"3","115712","512","2.6238548752834467","0.0",,"0.0","0.020507842302322388","0.0004205716249998659","0.047332763671875","0.0","False","0.16793286800384521","False","1.0"
"3","116224","512","2.6354648526077096","0.0",,"0.0","0.025737596675753593","0.0006624238449148834","0.051849365234375","0.0","False","0.17954818904399872","False","1.0"
"3","116736","512","2.647074829931973","0.0",,"0.0","0.025147251784801483","0.0006323842681013048","0.0543670654296875","0.0","False","0.0995536521077156","False","1.0"
"3","117248","512","2.6586848072562357","0.0",,"0.0","0.028432413935661316","0.0008084021974354982","0.0510711669921875","0.0","False","0.17654816806316376","False","1.0"
"3","117760","512","2.670294784580499","0.0",,"0.0","0.033518433570861816","0.0011234853882342577","0.05859375","0.0","False","0.21838416159152985","False","1.0"
"3","118272","512","2.681904761904762","0.0",,"0.0","0.02892855554819107","0.0008368613198399544","0.057952880859375","0.0","False","0.20059865713119507","False","1.0"
"3","118784","512","2.693514739229025","0.0",,"0.0","0.021536821499466896","0.00046383467270061374","0.05047607421875","0.0","False","0.1561400592327118","False","1.0"
"3","119296","512","2.705124716553288","0.0",,"0.0","0.02906089648604393","0.0008445356506854296","0.0457916259765625","0.0","False","0.14358137547969818","False","1.0"
"3","119808","512","2.716734693877551","0.0",,"0.0","0.024593070149421692","0.0006048190989531577","0.04864501953125","0.0","False","0.1829426884651184","False","1.0"
"3","120320","512","2.728344671201814","0.0",,"0.0","0.02580328844487667","0.000665809668134898","0.0538787841796875","0.0","False","0.126496821641922","False","1.0"
"3","120832","512","2.7399546485260773","0.0",,"0.0","0.025562547147274017","0.0006534438580274582","0.053558349609375","0.0","False","0.1418512463569641","False","1.0"
"3","121344","512","2.75156462585034","0.0",,"0.0","0.018302924931049347","0.00033499705023132265","0.0456695556640625","0.0","False","0.1378537118434906","False","1.0"
"3","121856","512","2.7631746031746034","0.0",,"0.0","0.020264683291316032","0.0004106573760509491","0.0458984375","0.0","False","0.1655382364988327","False","1.0"
"3","122368","512","2.7747845804988662","0.0",,"0.0","0.02113219164311886","0.0004465695528779179","0.0443878173828125","0.0","False","0.17637169361114502","False","1.0"
"3","122880","512","2.786394557823129","0.0",,"0.0","0.02423512563109398","0.0005873413174413145","0.053863525390625","0.0","False","0.187411367893219","False","1.0"
"3","123392","512","2.7980045351473923","0.0",,"0.0","0.015507455915212631","0.00024048119666986167","0.031036376953125","0.0","False","0.11686153709888458","False","1.0"
"3","123904","512","2.809614512471655","0.0",,"0.0","0.017518851906061172","0.0003069101949222386","0.036651611328125","0.0","False","0.1785738170146942","False","1.0"
"3","124416","512","2.8212244897959184","0.0",,"0.0","0.02378479205071926","0.0005657163565047085","0.0563507080078125","0.0","False","0.1677905023097992","False","1.0"
"3","124928","512","2.8328344671201813","0.0",,"0.0","0.019968286156654358","0.00039873248897492886","0.045623779296875","0.0","False","0.17006871104240417","False","1.0"
"3","125440","512","2.8444444444444446","0.0",,"0.0","0.018008066341280937","0.0003242904203943908","0.039154052734375","0.0","False","0.10557538270950317","False","1.0"
"3","125952","512","2.8560544217687074","0.0",,"0.0","0.015815818682312965","0.000250140146818012","0.036468505859375","0.0","False","0.15207511186599731","False","1.0"
"3","126464","512","2.8676643990929707","0.0",,"0.0","0.018734650686383247","0.00035098710213787854","0.037017822265625","0.0","False","0.13364218175411224","False","1.0"
"3","126976","512","2.8792743764172335","0.0",,"0.0","0.017244864255189896","0.0002973853552248329","0.03558349609375","0.0","False","0.13670644164085388","False","1.0"
"3","127488","512","2.8908843537414968","0.0",,"0.0","0.014328325167298317","0.0002053009084193036","0.03265380859375","0.0","False","0.11857873946428299","False","1.0"
"3","128000","512","2.9024943310657596","0.0",,"0.0","0.02564270980656147","0.000657548604067415","0.0544281005859375","0.0","False","0.20090270042419434","False","1.0"
"3","128512","512","2.914104308390023","0.0",,"0.0","0.01878480799496174","0.00035286901402287185","0.03680419921875","0.0","False","0.11811831593513489","False","1.0"
"3","129024","512","2.9257142857142857","0.0",,"0.0","0.016963547095656395","0.0002877619117498398","0.0346221923828125","0.0","False","0.1983073651790619","False","1.0"
"3","129536","512","2.9373242630385485","0.0",,"0.0","0.021145278587937355","0.0004471228166949004","0.03973388671875","0.0","False","0.14455266296863556","False","1.0"
"3","130048","512","2.948934240362812","0.0",,"0.0","0.021853551268577576","0.00047757767606526613","0.041748046875","0.0","False","0.16710291802883148","False","1.0"
"3","130560","512","2.9605442176870747","0.0",,"0.0","0.02690591663122177","0.0007239283295348287","0.0496368408203125","0.0","False","0.18669413030147552","False","1.0"
"3","131072","512","2.972154195011338","0.0",,"0.0","0.02097800001502037","0.00044007645919919014","0.044647216796875","0.0","False","0.12129288166761398","False","1.0"
"3","131584","512","2.9837641723356008","0.0",,"0.0","0.021212156862020493","0.0004499556089285761","0.0373077392578125","0.0","False","0.17657102644443512","False","1.0"
"3","132096","512","2.995374149659864","0.0",,"0.0","0.023363009095191956","0.0005458301748149097","0.048187255859375","0.0","False","0.19907954335212708","False","1.0"
"3","132608","512","3.006984126984127","0.0",,"0.0","0.018668750301003456","0.0003485222696326673","0.03741455078125","0.0","False","0.15373839437961578","False","1.0"
"3","133120","512","3.01859410430839","0.0",,"0.0","0.02364616096019745","0.0005591409280896187","0.0502471923828125","0.0","False","0.16679270565509796","False","1.0"
"3","133632","512","3.030204081632653","0.0",,"0.0","0.02006603591144085","0.0004026458191219717","0.04437255859375","0.0","False","0.19535143673419952","False","1.0"
"3","134144","512","3.0418140589569163","0.0",,"0.0","0.020554598420858383","0.00042249151738360524","0.0523681640625","0.0","False","0.16120144724845886","False","1.0"
"3","134656","512","3.053424036281179","0.0",,"0.0","0.016610467806458473","0.00027590765967033803","0.0401458740234375","0.0","False","0.11228819191455841","False","1.0"
"3","135168","512","3.0650340136054424","0.0",,"0.0","0.015593443065881729","0.00024315546033903956","0.0351104736328125","0.0","False","0.17347796261310577","False","1.0"
"3","135680","512","3.076643990929705","0.0",,"0.0","0.027844741940498352","0.0007753296522423625","0.05462646484375","0.0","False","0.19467493891716003","False","1.0"
"3","136192","512","3.0882539682539685","0.0",,"0.0","0.013831338845193386","0.00019130593864247203","0.0306243896484375","0.0","False","0.16923169791698456","False","1.0"
"3","136704","512","3.0998639455782313","0.0",,"0.0","0.011285566724836826","0.00012736402277369052","0.02398681640625","0.0","False","0.15648283064365387","False","1.0"
"3","137216","512","3.111473922902494","0.0",,"0.0","0.017826151102781296","0.0003177716862410307","0.0281829833984375","0.0","False","0.16499966382980347","False","1.0"
"3","137728","512","3.1230839002267574","0.0",,"0.0","0.01479985099285841","0.0002190356026403606","0.0328216552734375","0.0","False","0.13625051081180573","False","1.0"
"3","138240","512","3.1346938775510202","0.0",,"0.0","0.016922321170568466","0.00028636492788791656","0.0285186767578125","0.0","False","0.20171292126178741","False","1.0"
"3","138752","512","3.1463038548752835","0.0",,"0.0","0.013620731420814991","0.00018552433175500482","0.030029296875","0.0","False","0.1534779667854309","False","1.0"
"3","139264","512","3.1579138321995464","0.0",,"0.0","0.01485568005591631","0.0002206912322435528","0.03240966796875","0.0","False","0.1503828763961792","False","1.0"
"3","139776","512","3.1695238095238096","0.0",,"0.0","0.02672881819307804","0.0007144297705963254","0.064056396484375","0.0","False","0.30620574951171875","False","1.0"
"3","140288","512","3.1811337868480725","0.0",,"0.0","0.0670793429017067","0.004499638453125954","0.1495361328125","0.0","True","0.5291329026222229","False","1.0"
"3","140800","512","3.1927437641723357","0.0",,"0.0","0.05685000494122505","0.003231923095881939","0.1539764404296875","0.0","False","0.25738051533699036","False","1.0"
"3","141312","512","3.2043537414965986","0.0",,"0.0","0.03179183974862099","0.0010107210837304592","0.059539794921875","0.0","False","0.1270332783460617","False","1.0"
"3","141824","512","3.215963718820862","0.0",,"0.0","0.021539775654673576","0.0004639619728550315","0.0430450439453125","0.0","False","0.07667738199234009","False","1.0"
"3","142336","512","3.2275736961451247","0.0",,"0.0","0.03754144161939621","0.0014093599747866392","0.0650634765625","0.0","False","0.1034567579627037","False","1.0"
"3","142848","512","3.239183673469388","0.0",,"0.0","0.02762390859425068","0.0007630803156644106","0.056915283203125","0.0","False","0.09505240619182587","False","1.0"
"3","143360","512","3.250793650793651","0.0",,"0.0","0.038912925869226456","0.0015142158372327685","0.065887451171875","0.0","False","0.1277538537979126","False","1.0"
"3","143872","512","3.2624036281179136","0.0",,"0.0","0.038624007254838943","0.0014918138040229678","0.067291259765625","0.0","False","0.12171778827905655","False","1.0"
"3","144384","512","3.274013605442177","0.0",,"0.0","0.03447917103767395","0.001188813359476626","0.06005859375","0.0","False","0.13617543876171112","False","1.0"
"3","144896","512","3.2856235827664397","0.0",,"0.0","0.02345012128353119","0.0005499082035385072","0.0457305908203125","0.0","False","0.10989463329315186","False","1.0"
"3","145408","512","3.297233560090703","0.0",,"0.0","0.02886437065899372","0.0008331519202329218","0.04998779296875","0.0","False","0.13278087973594666","False","1.0"
"3","145920","512","3.308843537414966","0.0",,"0.0","0.036829330027103424","0.001356399618089199","0.05694580078125","0.0","False","0.1710643321275711","False","1.0"
"3","146432","512","3.320453514739229","147.06883239746094","50.02785614033291","0.8615540862083435","0.02496785670518875","0.0006233938620425761","0.0438385009765625","0.0","False","0.11891669034957886","False","1.0"
"3","146944","512","3.332063492063492","147.3238983154297","50.05785544849302","0.8810194730758667","0.029131567105650902","0.0008486481965519488","0.0420074462890625","0.0","False","0.15639740228652954","False","1.0"
"3","147456","512","3.3436734693877552","148.21865844726562","50.162682581054526","0.8835009932518005","0.01857474446296692","0.0003450211079325527","0.031280517578125","0.0","False","0.14788499474525452","False","1.0"
"3","147968","512","3.355283446712018","149.2179412841797","50.27900982406838","0.8788675665855408","0.022830599918961525","0.0005212362739257514","0.0356292724609375","0.0","False","0.1490546613931656","False","1.0"
"3","148480","512","3.3668934240362813","148.19769287109375","50.160233571799395","0.8513734340667725","0.02962113730609417","0.0008774118032306433","0.0486297607421875","0.0","False","0.18555107712745667","False","1.0"
"3","148992","512","3.378503401360544","148.79568481445312","50.229949968879524","0.865800142288208","0.028714226558804512","0.0008245068602263927","0.047576904296875","0.0","False","0.18521054089069366","False","1.0"
"3","149504","512","3.3901133786848074","0.0",,"0.0","0.02481638267636299","0.0006158528849482536","0.04669189453125","0.0","False","0.12111668288707733","False","1.0"
"3","150016","512","3.4017233560090703","0.0",,"0.0","0.01984553597867489","0.0003938453155569732","0.0421600341796875","0.0","False","0.17714430391788483","False","1.0"
"3","150528","512","3.4133333333333336","0.0",,"0.0","0.018238816410303116","0.00033265442471019924","0.031890869140625","0.0","False","0.14174866676330566","False","1.0"
"3","151040","512","3.4249433106575964","0.0",,"0.0","0.023210708051919937","0.0005387369310483336","0.04107666015625","0.0","False","0.13808035850524902","False","1.0"
"3","151552","512","3.436553287981859","0.0",,"0.0","0.01257356908172369","0.0001580946409376338","0.020599365234375","0.0","False","0.1422288417816162","False","1.0"
"3","152064","512","3.4481632653061225","0.0",,"0.0","0.014785703271627426","0.00021861701679881662","0.028717041015625","0.0","False","0.14401496946811676","False","1.0"
"3","152576","512","3.4597732426303853","0.0",,"0.0","0.007308678235858679","0.000053416777518577874","0.0138397216796875","0.0","False","0.12971988320350647","False","1.0"
"3","153088","512","3.4713832199546486","0.0",,"0.0","0.008616895414888859","0.00007425088551826775","0.0156097412109375","0.0","False","0.24497053027153015","False","1.0"
"3","153600","512","3.4829931972789114","0.0",,"0.0","0.018121562898159027","0.00032839106279425323","0.0293731689453125","0.0","False","0.11651337891817093","False","1.0"
"3","154112","512","3.4946031746031747","0.0",,"0.0","0.012136843986809254","0.00014730298426002264","0.019683837890625","0.0","False","0.17189240455627441","False","1.0"
"3","154624","512","3.5062131519274375","0.0",,"0.0","0.01758466474711895","0.00030922042788006365","0.032318115234375","0.0","False","0.15939772129058838","False","1.0"
"3","155136","512","3.517823129251701","0.0",,"0.0","0.006104575470089912","0.000037265843275235966","0.0148773193359375","0.0","False","0.1414835900068283","False","1.0"
"3","155648","512","3.5294331065759637","0.0",,"0.0","0.006942794192582369","0.00004820239337277599","0.01318359375","0.0","False","0.15148620307445526","False","1.0"
"3","156160","512","3.541043083900227","0.0",,"0.0","0.011871769092977047","0.00014093889330979437","0.02178955078125","0.0","False","0.15901584923267365","False","1.0"
"3","156672","512","3.5526530612244898","0.0",,"0.0","0.007915516383945942","0.00006265540287131444","0.0196380615234375","0.0","False","0.145008385181427","False","1.0"
"3","157184","512","3.564263038548753","0.0",,"0.0","0.22102299332618713","0.04885116592049599","0.509521484375","0.0","True","0.8845110535621643","False","1.0"
"3","157696","512","3.575873015873016","0.0",,"0.0","0.1563115119934082","0.024433286860585213","0.325164794921875","0.0","False","0.2850337624549866","False","1.0"
"3","158208","512","3.5874829931972787","0.0",,"0.0","0.18371166288852692","0.03374997526407242","0.4146881103515625","0.0","False","0.22548513114452362","False","1.0"
"3","158720","512","3.599092970521542","0.0",,"0.0","0.14959891140460968","0.022379836067557335","0.283233642578125","0.0","False","0.15080274641513824","False","1.0"
"3","159232","512","3.610702947845805","0.0",,"0.0","0.13863570988178253","0.019219858571887016","0.2906036376953125","0.0","False","0.13020773231983185","False","1.0"
"3","159744","512","3.622312925170068","0.0",,"0.0","0.1317446529865265","0.01735665276646614","0.277587890625","0.0","False","0.12143345177173615","False","1.0"
"3","160256","512","3.633922902494331","0.0",,"0.0","0.11289897561073303","0.012746178545057774","0.2151336669921875","0.0","False","0.09908594936132431","False","1.0"
"3","160768","512","3.645532879818594","0.0",,"0.0","0.09896967560052872","0.009794996120035648","0.224517822265625","0.0","False","0.10552174597978592","False","1.0"
"3","161280","512","3.657142857142857","165.5745086669922","52.07972464045731","0.8755393624305725","0.0908183604478836","0.008247974328696728","0.193206787109375","0.0","False","0.14351053535938263","False","1.0"
"3","161792","512","3.6687528344671203","165.5263671875","52.07469027328196","0.9252737164497375","0.09126011282205582","0.008328408002853394","0.18353271484375","0.0","False","0.1423790454864502","False","1.0"
"3","162304","512","3.680362811791383","165.599853515625","52.08237447510743","0.9349904656410217","0.08899315446615219","0.007919780910015106","0.19580078125","0.0","False","0.06483857333660126","False","1.0"
"3","162816","512","3.6919727891156464","165.69984436035156","52.092824684470834","0.9330012202262878","0.0956953689455986","0.009157603606581688","0.1786956787109375","0.0","False","0.10746455192565918","False","1.0"
"3","163328","512","3.7035827664399092","165.579833984375","52.08028144250328","0.9475775361061096","0.09792865067720413","0.009590021334588528","0.179656982421875","0.0","False","0.10594196617603302","False","1.0"
"3","163840","512","3.7151927437641725","332.17816162109375","64.13344446733467","0.8600567579269409","0.08478272706270218","0.007188111077994108","0.1604766845703125","0.0","False","0.0869428962469101","False","1.0"
"3","164352","512","3.7268027210884354","331.7924499511719","64.11333040687575","0.8888000845909119","0.0765601247549057","0.00586145231500268","0.1484222412109375","0.0","False","0.06652282178401947","False","1.0"
"3","164864","512","3.7384126984126986","331.60467529296875","64.10352988534363","0.9125381708145142","0.07834824174642563","0.00613844720646739","0.161956787109375","0.0","False","0.12579485774040222","False","1.0"
"3","165376","512","3.7500226757369615","331.4371643066406","64.09478230074266","0.9018740057945251","0.07365874946117401","0.005425611045211554","0.13800048828125","0.0","False","0.0769536942243576","False","1.0"
"3","165888","512","3.7616326530612243","331.24310302734375","64.08464270490772","0.915634036064148","0.07282239198684692","0.005303100682795048","0.12420654296875","0.0","False","0.06623586267232895","False","1.0"
"3","166400","512","3.7732426303854876","331.3174743652344","64.08852926856288","0.9352984428405762","0.07434044778347015","0.005526502151042223","0.120758056640625","0.0","False","0.12817953526973724","False","1.0"
"3","166912","512","3.7848526077097504","331.3185119628906","64.08858348609495","0.9492807984352112","0.07080751657485962","0.005013704299926758","0.1233673095703125","0.0","False","0.08041368424892426","False","1.0"
"3","167424","512","3.7964625850340137","331.25567626953125","64.08529982989165","0.9487528800964355","0.07005846500396729","0.004908188246190548","0.1389923095703125","0.0","False","0.07518386840820312","False","1.0"
"3","167936","512","3.8080725623582765","331.3708190917969","64.09131646755445","0.9455520510673523","0.06762383133172989","0.0045729828998446465","0.1247100830078125","0.0","False","0.10066711902618408","False","1.0"
"3","168448","512","3.81968253968254","331.344482421875","64.08994046372212","0.9541950225830078","0.0658840611577034","0.004340709187090397","0.126373291015625","0.0","False","0.0760083720088005","False","1.0"
"3","168960","512","3.8312925170068026","331.1679992675781","64.08071698004515","0.9622769951820374","0.06634780019521713","0.004402030259370804","0.1197509765625","0.0","False","0.07978983968496323","False","1.0"
"3","169472","512","3.842902494331066","330.8919372558594","64.0662793753609","0.9741719365119934","0.061388641595840454","0.003768565133213997","0.10638427734375","0.0","False","0.07127010822296143","False","1.0"
"3","169984","512","3.8545124716553287","330.9545593261719","64.06955546615329","0.9707492589950562","0.0579170398414135","0.003354383399710059","0.112030029296875","0.0","False","0.08194317668676376","False","1.0"
"3","170496","512","3.866122448979592","330.9211120605469","64.06780574040718","0.9673245549201965","0.06312369555234909","0.003984600771218538","0.1105804443359375","0.0","False","0.0855867937207222","False","1.0"
"3","171008","512","3.877732426303855","330.6537780761719","64.05381434719341","0.9674506187438965","0.06099182739853859","0.003720003180205822","0.115631103515625","0.0","False","0.06592930108308792","False","1.0"
"3","171520","512","3.889342403628118","330.844482421875","64.06379634973062","0.9741978645324707","0.058248795568943024","0.0033929222263395786","0.09930419921875","0.0","False","0.0641355961561203","False","1.0"
"3","172032","512","3.900952380952381","330.8277893066406","64.06292281487902","0.9713039398193359","0.056627992540597916","0.0032067294232547283","0.0992431640625","0.0","False","0.09752316027879715","False","1.0"
"3","172544","512","3.912562358276644","331.00006103515625","64.07193551172094","0.9606408476829529","0.05611291900277138","0.0031486598309129477","0.1081390380859375","0.0","False","0.08533857762813568","False","1.0"
"3","173056","512","3.924172335600907","331.1214294433594","64.07828229629558","0.952411949634552","0.051899634301662445","0.002693571848794818","0.1010589599609375","0.0","False","0.0998614951968193","False","1.0"
"3","173568","512","3.93578231292517","331.2919921875","64.08719769646841","0.9436847567558289","0.053704895079135895","0.0028842156752943993","0.1000518798828125","0.0","False","0.10282903909683228","False","1.0"
"3","174080","512","3.947392290249433","331.1489562988281","64.07972144956304","0.9443216919898987","0.05002804473042488","0.0025028050877153873","0.090545654296875","0.0","False","0.09568452835083008","False","1.0"
"3","174592","512","3.959002267573696","331.2431945800781","64.08464748988854","0.9303587079048157","0.052497003227472305","0.002755935536697507","0.10357666015625","0.0","False","0.1008455753326416","False","1.0"
"3","175104","512","3.9706122448979593","331.2152404785156","64.08318641429787","0.9090197682380676","0.052971724420785904","0.0028060036711394787","0.099822998046875","0.0","False","0.10473363846540451","False","1.0"
"3","175616","512","3.982222222222222","331.2402038574219","64.08449117983137","0.8826913237571716","0.047330986708402634","0.002240222180262208","0.09051513671875","0.0","False","0.058018218725919724","False","1.0"
"3","176128","512","3.9938321995464854","331.44854736328125","64.09537687488701","0.8632413744926453","0.04907025396823883","0.002407889813184738","0.0884552001953125","0.0","False","0.08161429315805435","False","1.0"
"3","176640","512","4.005442176870749","331.56793212890625","64.10161150041493","0.8554723858833313","0.045357897877693176","0.0020573390647768974","0.08349609375","0.0","False","0.11335337907075882","False","1.0"
"3","177152","512","4.017052154195011","331.6051025390625","64.1035521908949","0.8511908054351807","0.04392751306295395","0.0019296265672892332","0.075836181640625","0.0","False","0.08128601312637329","False","1.0"
"3","177664","512","4.028662131519274","165.1055908203125","52.03062539996574","0.958247184753418","0.04591968655586243","0.0021086176857352257","0.0921478271484375","0.0","False","0.08942928910255432","False","1.0"
"3","178176","512","4.040272108843538","165.1271514892578","52.03288602161039","0.9581514000892639","0.048649780452251434","0.002366801258176565","0.0943756103515625","0.0","False","0.15065111219882965","False","1.0"
"3","178688","512","4.051882086167801","165.09197998046875","52.02919816055086","0.9530136585235596","0.04318277910351753","0.0018647523829713464","0.0825653076171875","0.0","False","0.07770635187625885","False","1.0"
"3","179200","512","4.063492063492063","165.0975799560547","52.02978539101394","0.9538638591766357","0.04200412705540657","0.0017643466126173735","0.0811767578125","0.0","False","0.07519304752349854","False","1.0"
"3","179712","512","4.0751020408163265","165.1383514404297","52.03406021247514","0.954948365688324","0.04083811119198799","0.001667751232162118","0.0677642822265625","0.0","False","0.11731427162885666","False","1.0"
"3","180224","512","4.08671201814059","165.1295928955078","52.03314198281024","0.9455792903900146","0.041038576513528824","0.0016841646283864975","0.0796661376953125","0.0","False","0.06278049200773239","False","1.0"
"3","180736","512","4.098321995464852","165.0852508544922","52.028492497596254","0.9504340291023254","0.04231194779276848","0.0017903009429574013","0.0800628662109375","0.0","False","0.0830133855342865","False","1.0"
"3","181248","512","4.1099319727891155","165.06747436523438","52.02662819291815","0.9436033964157104","0.0376550629734993","0.001417903695255518","0.0710296630859375","0.0","False","0.0832245945930481","False","1.0"
"3","181760","512","4.121541950113379","165.16419982910156","52.03676982585848","0.9478997588157654","0.03647677227854729","0.0013305549509823322","0.070770263671875","0.0","False","0.07669266313314438","False","1.0"
"3","182272","512","4.133151927437642","331.6331787109375","64.10501792127026","0.876969039440155","0.034786656498909","0.0012101114261895418","0.0673980712890625","0.0","False","0.09169093519449234","False","1.0"
"3","182784","512","4.144761904761904","331.71893310546875","64.10949400345503","0.8845050930976868","0.03530963510274887","0.0012467703782022","0.0706939697265625","0.0","False","0.092559814453125","False","1.0"
"3","183296","512","4.156371882086168","331.36700439453125","64.09111716902163","0.8850139379501343","0.032803308218717575","0.0010760570876300335","0.0666351318359375","0.0","False","0.09721504896879196","False","1.0"
"3","183808","512","4.167981859410431","331.6864929199219","64.1078008742879","0.8770014047622681","0.036287400871515274","0.001316775567829609","0.07196044921875","0.0","False","0.11846709996461868","False","1.0"
"3","184320","512","4.179591836734694","331.2659606933594","64.08583731406468","0.8934870362281799","0.033897824585437775","0.0011490624165162444","0.0610809326171875","0.0","False","0.09235477447509766","False","1.0"
"3","184832","512","4.191201814058957","331.340087890625","64.08971085336235","0.8982290625572205","0.03068736009299755","0.0009417140390723944","0.054718017578125","0.0","False","0.0803915485739708","False","1.0"
"3","185344","512","4.20281179138322","331.17523193359375","64.08109507518019","0.8925696611404419","0.03269496560096741","0.001068960758857429","0.064605712890625","0.0","False","0.07828661054372787","False","1.0"
"3","185856","512","4.214421768707483","331.3407897949219","64.08974752744362","0.88779616355896","0.030567221343517303","0.0009343550773337483","0.05645751953125","0.0","False","0.11318717151880264","False","1.0"
"3","186368","512","4.2260317460317465","331.4220886230469","64.09399481722669","0.8673042058944702","0.03266981616616249","0.0010673169745132327","0.072540283203125","0.0","False","0.0878426656126976","False","1.0"
"3","186880","512","4.237641723356009","331.5223388671875","64.09923075044249","0.8783053755760193","0.03147729113698006","0.0009908197680488229","0.0663909912109375","0.0","False","0.12684735655784607","False","1.0"
"3","187392","512","4.249251700680272","331.5903015136719","64.10277944612119","0.8780167698860168","0.02997962012887001","0.0008987776236608624","0.059417724609375","0.0","False","0.09651129692792892","False","1.0"
"3","187904","512","4.260861678004535","331.90570068359375","64.11923862059507","0.8608465194702148","0.029061367735266685","0.0008445630664937198","0.0551300048828125","0.0","False","0.0889422744512558","False","1.0"
"3","188416","512","4.272471655328798","165.18870544433594","52.03933828854718","0.9125823974609375","0.03322802856564522","0.0011041020043194294","0.0692596435546875","0.0","False","0.17590990662574768","False","1.0"
"3","188928","512","4.284081632653061","165.0395965576172","52.02370411075657","0.9040847420692444","0.02780073881149292","0.0007728810887783766","0.062957763671875","0.0","False","0.1104251891374588","False","1.0"
"3","189440","512","4.295691609977324","165.00999450683594","52.020598633291385","0.9080227613449097","0.028748949989676476","0.0008265021024271846","0.0641632080078125","0.0","False","0.0796007364988327","False","1.0"
"3","189952","512","4.307301587301588","164.8931427001953","52.008334558658824","0.9035379886627197","0.02668910287320614","0.0007123082177713513","0.0557861328125","0.0","False","0.11859063059091568","False","1.0"
"3","190464","512","4.31891156462585","164.858642578125","52.00471196803706","0.9049435257911682","0.02690860815346241","0.0007240731501951814","0.0560150146484375","0.0","False","0.0887560024857521","False","1.0"
"3","190976","512","4.330521541950113","164.78036499023438","51.996489832617954","0.905161440372467","0.025721075013279915","0.0006615736638195813","0.0516815185546875","0.0","False","0.06924096494913101","False","1.0"
"3","191488","512","4.342131519274377","164.64511108398438","51.9822737990727","0.8955398797988892","0.02527242712676525","0.0006386956083588302","0.0547332763671875","0.0","False","0.11936502903699875","False","1.0"
"3","192000","512","4.35374149659864","164.79534912109375","51.998064040694985","0.8965665698051453","0.026343125849962234","0.0006939602317288518","0.058013916015625","0.0","False","0.13306768238544464","False","1.0"
"3","192512","512","4.365351473922902","164.6703338623047","51.98492575684727","0.8835881948471069","0.026126008480787277","0.0006825683522038162","0.0569000244140625","0.0","False","0.117849200963974","False","1.0"
"3","193024","512","4.3769614512471655","164.6070556640625","51.97827183063225","0.8681877255439758","0.029046306386590004","0.0008436879143118858","0.055084228515625","0.0","False","0.10500878095626831","False","1.0"
"3","193536","512","4.388571428571429","164.697021484375","51.987731288079665","0.8701578974723816","0.02163223922252655","0.00046795373782515526","0.0462799072265625","0.0","False","0.12182459980249405","False","1.0"
"3","194048","512","4.400181405895691","164.58602905273438","51.976060241919896","0.8529421091079712","0.026303613558411598","0.0006918800645507872","0.0558013916015625","0.0","False","0.1136055737733841","False","1.0"
"3","194560","512","4.4117913832199545","164.47178649902344","51.96403921719806","0.8542145490646362","0.023670755326747894","0.0005603046156466007","0.059173583984375","0.0","False","0.08680039644241333","False","1.0"
"3","195072","512","4.423401360544218","0.0",,"0.0","0.022447915747761726","0.0005039089010097086","0.0426025390625","0.0","False","0.09050799906253815","False","1.0"
"3","195584","512","4.435011337868481","0.0",,"0.0","0.0233968086540699","0.0005474106292240322","0.045806884765625","0.0","False","0.08058637380599976","False","1.0"
"3","196096","512","4.446621315192743","164.59298706054688","51.976792119679466","0.8511220812797546","0.020297087728977203","0.00041197173413820565","0.0355377197265625","0.0","False","0.1662307232618332","False","1.0"
"3","196608","512","4.458231292517007","0.0",,"0.0","0.02112685702741146","0.0004463441146072","0.050079345703125","0.0","False","0.09142446517944336","False","1.0"
"3","197120","512","4.46984126984127","164.798583984375","51.99840387131043","0.8595126271247864","0.019876629114151","0.0003950803948100656","0.0475311279296875","0.0","False","0.13099129498004913","False","1.0"
"3","197632","512","4.481451247165533","164.9490966796875","52.0142082415194","0.8530571460723877","0.021249905228614807","0.00045155847328715026","0.0486907958984375","0.0","False","0.13072790205478668","False","1.0"
"3","198144","512","4.493061224489796","0.0",,"0.0","0.02286611683666706","0.0005228593363426626","0.0454254150390625","0.0","False","0.12536178529262543","False","1.0"
"3","198656","512","4.504671201814059","165.0317840576172","52.02288457493461","0.8597888946533203","0.02063767984509468","0.000425913865910843","0.04266357421875","0.0","False","0.11293569952249527","False","1.0"
"3","199168","512","4.516281179138322","164.8838348388672","52.00735728689293","0.8534948825836182","0.019708676263689995","0.0003884318866766989","0.0487823486328125","0.0","False","0.11142008751630783","False","1.0"
"3","199680","512","4.527891156462585","165.0349578857422","52.02321751604123","0.8645479679107666","0.02000405266880989","0.00040016212733462453","0.042449951171875","0.0","False","0.08297595381736755","False","1.0"
"3","200192","512","4.539501133786848","164.9454345703125","52.013823878164374","0.8508968949317932","0.021576926112174988","0.00046556370216421783","0.050445556640625","0.0","False","0.1385319083929062","False","1.0"
"3","200704","512","4.551111111111111","164.8893280029297","52.00793404411483","0.8580660820007324","0.020967083051800728","0.0004396185395307839","0.041473388671875","0.0","False","0.10334167629480362","False","1.0"
"3","201216","512","4.562721088435374","0.0",,"0.0","0.020595602691173553","0.00042417884105816483","0.0459442138671875","0.0","False","0.1132221519947052","False","1.0"
"3","201728","512","4.574331065759637","0.0",,"0.0","0.01979992352426052","0.000392037007259205","0.0452728271484375","0.0","False","0.1376587301492691","False","1.0"
"3","202240","512","4.5859410430839","164.9127197265625","52.01038985351725","0.857295036315918","0.017531514167785645","0.00030735397012904286","0.0413818359375","0.0","False","0.11722886562347412","False","1.0"
"3","202752","512","4.597551020408163","0.0",,"0.0","0.021404441446065903","0.00045815008343197405","0.04949951171875","0.0","False","0.1298539787530899","False","1.0"
"3","203264","512","4.609160997732427","0.0",,"0.0","0.025241326540708542","0.0006371245253831148","0.0511474609375","0.0","False","0.216536745429039","False","1.0"
"3","203776","512","4.620770975056689","0.0",,"0.0","0.021097378805279732","0.00044509940198622644","0.045501708984375","0.0","False","0.11414504051208496","False","1.0"
"3","204288","512","4.632380952380952","0.0",,"0.0","0.021103085950016975","0.0004453402361832559","0.0440521240234375","0.0","False","0.143500417470932","False","1.0"
"3","204800","512","4.6439909297052155","0.0",,"0.0","0.019127873703837395","0.0003658755449578166","0.0466766357421875","0.0","False","0.1038392037153244","False","1.0"
"3","205312","512","4.655600907029479","164.1575469970703","51.93093065166843","0.8557639122009277","0.022679783403873444","0.0005143726011738181","0.0464019775390625","0.0","False","0.12353720515966415","False","1.0"
"3","205824","512","4.667210884353741","0.0",,"0.0","0.024496527388691902","0.0006000798894092441","0.05096435546875","0.0","False","0.13642793893814087","False","1.0"
"3","206336","512","4.6788208616780045","0.0",,"0.0","0.022493980824947357","0.0005059791728854179","0.046966552734375","0.0","False","0.1322222352027893","False","1.0"
"3","206848","512","4.690430839002268","0.0",,"0.0","0.020313236862421036","0.00041262758895754814","0.0427398681640625","0.0","False","0.10663806647062302","False","1.0"
"3","207360","512","4.702040816326531","163.93907165527344","51.90787451606684","0.8585342168807983","0.01955781877040863","0.0003825082676485181","0.043121337890625","0.0","False","0.16014491021633148","False","1.0"
"3","207872","512","4.713650793650793","163.78866577148438","51.89198402065004","0.8504065871238708","0.019672265276312828","0.00038699799915775657","0.0444183349609375","0.0","False","0.09904862940311432","False","1.0"
"3","208384","512","4.725260770975057","0.0",,"0.0","0.021014761179685593","0.00044162015547044575","0.0504913330078125","0.0","False","0.13515345752239227","False","1.0"
"3","208896","512","4.73687074829932","0.0",,"0.0","0.01826554164290428","0.0003336300142109394","0.0363311767578125","0.0","False","0.14073702692985535","False","1.0"
"3","209408","512","4.748480725623582","0.0",,"0.0","0.015075432136654854","0.00022726865427102894","0.0342559814453125","0.0","False","0.16465021669864655","False","1.0"
"3","209920","512","4.760090702947846","0.0",,"0.0","0.05977275222539902","0.0035727818030864","0.1139068603515625","0.0","True","0.48808395862579346","False","1.0"
"3","210432","512","4.771700680272109","0.0",,"0.0","0.044783104211091995","0.002005526330322027","0.0978240966796875","0.0","False","0.16709743440151215","False","1.0"
"3","210944","512","4.783310657596372","0.0",,"0.0","0.008849980309605598","0.0000783221548772417","0.0223541259765625","0.0","False","0.0939762145280838","False","1.0"
"3","211456","512","4.794920634920635","0.0",,"0.0","0.01311399508267641","0.00017197687702719122","0.0302581787109375","0.0","False","0.102157361805439","False","1.0"
"3","211968","512","4.806530612244898","0.0",,"0.0","0.013201816007494926","0.0001742879394441843","0.0254669189453125","0.0","False","0.12769530713558197","False","1.0"
"3","212480","512","4.818140589569161","0.0",,"0.0","0.017369095236063004","0.00030168547527864575","0.0340423583984375","0.0","False","0.11596816778182983","False","1.0"
"3","212992","512","4.829750566893424","0.0",,"0.0","0.012006507255136967","0.00014415620535146445","0.027862548828125","0.0","False","0.11698479950428009","False","1.0"
"3","213504","512","4.841360544217687","0.0",,"0.0","0.01773323304951191","0.0003144675283692777","0.02978515625","0.0","False","0.11494129151105881","False","1.0"
"3","214016","512","4.85297052154195","0.0",,"0.0","0.009238063357770443","0.0000853418096085079","0.0203094482421875","0.0","False","0.25073376297950745","False","1.0"
"3","214528","512","4.864580498866213","0.0",,"0.0","0.008727150037884712","0.00007616314542246982","0.0223236083984375","0.0","False","0.11202660202980042","False","1.0"
"3","215040","512","4.876190476190477","0.0",,"0.0","0.009277683682739735","0.00008607542258687317","0.0192718505859375","0.0","False","0.136255145072937","False","1.0"
"3","215552","512","4.887800453514739","0.0",,"0.0","0.006220628507435322","0.00003869622014462948","0.0125579833984375","0.0","False","0.13311953842639923","False","1.0"
"3","216064","512","4.899410430839002","0.0",,"0.0","0.013143055140972137","0.00017273990670219064","0.0240325927734375","0.0","False","0.2014305591583252","False","1.0"
"3","216576","512","4.911020408163266","0.0",,"0.0","0.012663952074944973","0.00016037568275351077","0.0235595703125","0.0","False","0.15003538131713867","False","1.0"
"3","217088","512","4.922630385487528","0.0",,"0.0","0.012918828055262566","0.00016689611948095262","0.0226287841796875","0.0","False","0.1641838401556015","False","1.0"
"3","217600","512","4.934240362811791","0.0",,"0.0","0.008791683241724968","0.00007729369826847687","0.019317626953125","0.0","False","0.1705767661333084","False","1.0"
"3","218112","512","4.9458503401360545","0.0",,"0.0","0.007483399007469416","0.000056001263146754354","0.0157318115234375","0.0","False","0.1278933584690094","False","1.0"
"3","218624","512","4.957460317460318","0.0",,"0.0","0.009499610401690006","0.00009024259634315968","0.0185699462890625","0.0","False","0.11695315688848495","False","1.0"
"3","219136","512","4.96907029478458","0.0",,"0.0","0.013860185630619526","0.000192104751477018","0.027008056640625","0.0","False","0.21702933311462402","False","1.0"
"3","219648","512","4.9806802721088435","0.0",,"0.0","0.013902628794312477","0.000193283092812635","0.0242462158203125","0.0","False","0.15901736915111542","False","1.0"
"3","220160","512","4.992290249433107","149.54693603515625","50.31713794342332","0.858741044998169","0.011469644494354725","0.00013155274791643023","0.021087646484375","0.0","False","0.16211004555225372","False","1.0"
"3","220672","512","5.00390022675737","0.0",,"0.0","0.011349392123520374","0.00012880870781373233","0.0184326171875","0.0","False","0.1635904312133789","False","1.0"
"3","221184","512","5.015510204081632","0.0",,"0.0","0.01064279954880476","0.00011326919047860429","0.017913818359375","0.0","False","0.17255324125289917","False","1.0"
"3","221696","512","5.027120181405896","0.0",,"0.0","0.01464522909373045","0.00021448274492286146","0.0234527587890625","0.0","False","0.21442757546901703","False","1.0"
"3","222208","512","5.038730158730159","147.71131896972656","50.10332230629476","0.8529683947563171","0.015069452114403248","0.00022708838514517993","0.026031494140625","0.0","False","0.15216238796710968","False","1.0"
"3","222720","512","5.050340136054421","148.73731994628906","50.22315789897708","0.8590803742408752","0.010910223238170147","0.00011903297126991674","0.0194091796875","0.0","False","0.15957783162593842","False","1.0"
"3","223232","512","5.061950113378685","148.1633758544922","50.156224220090415","0.8547067046165466","0.009159957990050316","0.00008390482980757952","0.0178375244140625","0.0","False","0.15853343904018402","False","1.0"
"3","223744","512","5.073560090702948","0.0",,"0.0","0.011146529577672482","0.00012424512533470988","0.020843505859375","0.0","False","0.1566537320613861","False","1.0"
"3","224256","512","5.085170068027211","0.0",,"0.0","0.01225970033556223","0.00015030024223960936","0.024261474609375","0.0","False","0.1747048795223236","False","1.0"
"3","224768","512","5.0967800453514736","0.0",,"0.0","0.01637098751962185","0.000268009229330346","0.028411865234375","0.0","False","0.17082619667053223","False","1.0"
"3","225280","512","5.108390022675737","0.0",,"0.0","0.010462140664458275","0.00010945637768600136","0.018829345703125","0.0","False","0.10694137215614319","False","1.0"
"3","225792","512","5.12","0.0",,"0.0","0.008856778033077717","0.00007844252104405314","0.0156402587890625","0.0","False","0.19590772688388824","False","1.0"
"3","226304","512","5.131609977324263","0.0",,"0.0","0.005432609934359789","0.00002951325041067321","0.011444091796875","0.0","False","0.1269877552986145","False","1.0"
"3","226816","512","5.143219954648526","0.0",,"0.0","0.0060873618349432945","0.00003705597555381246","0.013916015625","0.0","False","0.19413073360919952","False","1.0"
"3","227328","512","5.154829931972789","0.0",,"0.0","0.01186501607298851","0.0001407786039635539","0.021636962890625","0.0","False","0.16977767646312714","False","1.0"
"3","227840","512","5.166439909297052","0.0",,"0.0","0.007563105784356594","0.00005720056651625782","0.014434814453125","0.0","False","0.1767338663339615","False","1.0"
"3","228352","512","5.178049886621316","0.0",,"0.0","0.006374219432473183","0.00004063067535753362","0.01263427734375","0.0","False","0.136838898062706","False","1.0"
"3","228864","512","5.189659863945578","0.0",,"0.0","0.005459201522171497","0.0000298028808174422","0.0128631591796875","0.0","False","0.19471466541290283","False","1.0"
"3","229376","512","5.201269841269841","0.0",,"0.0","0.006293147802352905","0.00003960370668210089","0.013641357421875","0.0","False","0.1432020366191864","False","1.0"
"3","229888","512","5.2128798185941045","0.0",,"0.0","0.009103182703256607","0.00008286794036393985","0.0172119140625","0.0","False","0.13803663849830627","False","1.0"
"3","230400","512","5.224489795918367","0.0",,"0.0","0.0064067477360367775","0.000041046416299650446","0.0153350830078125","0.0","False","0.15314584970474243","False","1.0"
"3","230912","512","5.23609977324263","0.0",,"0.0","0.008321918547153473","0.0000692543326294981","0.0160064697265625","0.0","False","0.20225107669830322","False","1.0"
"3","231424","512","5.2477097505668935","0.0",,"0.0","0.007789313327521086","0.000060673402913380414","0.014556884765625","0.0","False","0.17371463775634766","False","1.0"
"3","231936","512","5.259319727891157","0.0",,"0.0","0.006788210477679968","0.000046079803723841906","0.0147552490234375","0.0","False","0.14667759835720062","False","1.0"
"3","232448","512","5.270929705215419","0.0",,"0.0","0.008294983766973019","0.00006880675937281922","0.0137939453125","0.0","False","0.15087942779064178","False","1.0"
"3","232960","512","5.282539682539682","0.0",,"0.0","0.010117972269654274","0.00010237335663987324","0.0163116455078125","0.0","False","0.24222443997859955","False","1.0"
"3","233472","512","5.294149659863946","0.0",,"0.0","0.01258332934230566","0.00015834017540328205","0.02325439453125","0.0","False","0.1980326920747757","False","1.0"
"3","233984","512","5.305759637188209","0.0",,"0.0","0.014180118218064308","0.00020107575983274728","0.02532958984375","0.0","False","0.23160798847675323","False","1.0"
"3","234496","512","5.317369614512471","148.21510314941406","50.16226730766175","0.8500860929489136","0.01393019501119852","0.00019405032799113542","0.024627685546875","0.0","False","0.1545880287885666","False","1.0"
"3","235008","512","5.328979591836735","0.0",,"0.0","0.01407252810895443","0.00019803603936452419","0.026519775390625","0.0","False","0.18445882201194763","False","1.0"
"3","235520","512","5.340589569160998","0.0",,"0.0","0.01229867897927761","0.0001512574963271618","0.024017333984375","0.0","False","0.15559208393096924","False","1.0"
"3","236032","512","5.352199546485261","0.0",,"0.0","0.01051546260714531","0.00011057495430577546","0.0188140869140625","0.0","False","0.13197128474712372","False","1.0"
"3","236544","512","5.363809523809524","0.0",,"0.0","0.01462098304182291","0.0002137731498805806","0.0256195068359375","0.0","False","0.25133949518203735","False","1.0"
"3","237056","512","5.375419501133787","0.0",,"0.0","0.014509896747767925","0.00021053709497209638","0.028778076171875","0.0","False","0.1684931218624115","False","1.0"
"3","237568","512","5.38702947845805","0.0",,"0.0","0.013085606507956982","0.00017123309953603894","0.022216796875","0.0","False","0.15704460442066193","False","1.0"
"3","238080","512","5.3986394557823125","0.0",,"0.0","0.015292924828827381","0.00023387355031445622","0.024139404296875","0.0","False","0.16871708631515503","False","1.0"
"3","238592","512","5.410249433106576","0.0",,"0.0","0.013547714799642563","0.0001835405855672434","0.022247314453125","0.0","False","0.14971792697906494","False","1.0"
"3","239104","512","5.421859410430839","0.0",,"0.0","0.015272246673703194","0.0002332415315322578","0.026397705078125","0.0","False","0.19515623152256012","False","1.0"
"3","239616","512","5.433469387755102","0.0",,"0.0","0.010948307812213898","0.00011986543540842831","0.0226898193359375","0.0","False","0.16130414605140686","False","1.0"
"3","240128","512","5.445079365079365","0.0",,"0.0","0.013980332762002945","0.0001954496983671561","0.02703857421875","0.0","False","0.1700572371482849","False","1.0"
"3","240640","512","5.456689342403628","0.0",,"0.0","0.010523357428610325","0.00011074104259023443","0.0276947021484375","0.0","False","0.14608880877494812","False","1.0"
"3","241152","512","5.468299319727891","0.0",,"0.0","0.011205833405256271","0.0001255707029486075","0.02545166015625","0.0","False","0.1323205977678299","False","1.0"
"3","241664","512","5.479909297052155","0.0",,"0.0","0.008603510446846485","0.00007402039045700803","0.017730712890625","0.0","False","0.18912005424499512","False","1.0"
"3","242176","512","5.491519274376417","0.0",,"0.0","0.013027362525463104","0.00016971217701211572","0.0264739990234375","0.0","False","0.18214283883571625","False","1.0"
"3","242688","512","5.50312925170068","0.0",,"0.0","0.011738530360162258","0.0001377931039314717","0.0225372314453125","0.0","False","0.13398762047290802","False","1.0"
"3","243200","512","5.5147392290249435","0.0",,"0.0","0.00630088709294796","0.00003970117541030049","0.0108795166015625","0.0","False","0.17129872739315033","False","1.0"
"3","243712","512","5.526349206349207","0.0",,"0.0","0.009625168517231941","0.0000926438660826534","0.020355224609375","0.0","False","0.1648784577846527","False","1.0"
"3","244224","512","5.537959183673469","0.0",,"0.0","0.009942913427948952","0.00009886153566185385","0.0213470458984375","0.0","False","0.2643929719924927","False","1.0"
"3","244736","512","5.5495691609977325","0.0",,"0.0","0.011670934036374092","0.00013621069956570864","0.0233917236328125","0.0","False","0.17259711027145386","False","1.0"
"3","245248","512","5.561179138321996","0.0",,"0.0","0.01098402589559555","0.0001206488159368746","0.0225067138671875","0.0","False","0.1432872712612152","False","1.0"
"3","245760","512","5.572789115646258","0.0",,"0.0","0.011887817643582821","0.0001413202116964385","0.0218963623046875","0.0","False","0.17178726196289062","False","1.0"
"3","246272","512","5.584399092970521","0.0",,"0.0","0.00957145169377327","0.00009161268098978326","0.015167236328125","0.0","False","0.13031350076198578","False","1.0"
"3","246784","512","5.596009070294785","0.0",,"0.0","0.011044292710721493","0.00012197639443911612","0.02178955078125","0.0","False","0.2134108990430832","False","1.0"
"3","247296","512","5.607619047619048","0.0",,"0.0","0.01622687838971615","0.00026331160916015506","0.0299530029296875","0.0","False","0.21933099627494812","False","1.0"
"3","247808","512","5.61922902494331","0.0",,"0.0","0.02028663456439972","0.0004115475749131292","0.033050537109375","0.0","False","0.242747500538826","False","1.0"
"3","248320","512","5.630839002267574","0.0",,"0.0","0.021759603172540665","0.0004734802932944149","0.0387725830078125","0.0","False","0.1904790997505188","False","1.0"
"3","248832","512","5.642448979591837","0.0",,"0.0","0.01908784732222557","0.00036434593494050205","0.032684326171875","0.0","False","0.16099493205547333","False","1.0"
"3","249344","512","5.6540589569161","0.0",,"0.0","0.01986062340438366","0.00039444435969926417","0.03759765625","0.0","False","0.19938237965106964","False","1.0"
"3","249856","512","5.6656689342403626","147.912109375","50.12683974141392","0.8524144291877747","0.02200213260948658","0.0004840938199777156","0.0372772216796875","0.0","False","0.16462360322475433","False","1.0"
"3","250368","512","5.677278911564626","148.3666229248047","50.17995661175729","0.8623846769332886","0.0220645684748888","0.0004868451796937734","0.0397491455078125","0.0","False","0.21671174466609955","False","1.0"
"3","250880","512","5.688888888888889","148.4226837158203","50.18649689802816","0.867565929889679","0.021601829677820206","0.0004666390304919332","0.0381622314453125","0.0","False","0.1808956265449524","False","1.0"
"3","251392","512","5.7004988662131515","147.68345642089844","50.10005639928579","0.8586444854736328","0.020061887800693512","0.0004024793452117592","0.034332275390625","0.0","False","0.12171913683414459","False","1.0"
"3","251904","512","5.712108843537415","0.0",,"0.0","0.012488062493503094","0.00015595171134918928","0.023651123046875","0.0","False","0.18056541681289673","False","1.0"
"3","252416","512","5.723718820861678","0.0",,"0.0","0.018392840400338173","0.00033829655149020255","0.033447265625","0.0","False","0.16031917929649353","False","1.0"
"3","252928","512","5.735328798185941","0.0",,"0.0","0.020902588963508606","0.00043691819882951677","0.0332183837890625","0.0","False","0.19469307363033295","False","1.0"
"3","253440","512","5.746938775510204","0.0",,"0.0","0.017817895859479904","0.0003174773883074522","0.0319671630859375","0.0","False","0.21953995525836945","False","1.0"
"3","253952","512","5.758548752834467","0.0",,"0.0","0.018035471439361572","0.0003252782626077533","0.0330352783203125","0.0","False","0.13120712339878082","False","1.0"
"3","254464","512","5.77015873015873","0.0",,"0.0","0.01267955917865038","0.000160771218361333","0.0240936279296875","0.0","False","0.22741791605949402","False","1.0"
"3","254976","512","5.7817687074829935","0.0",,"0.0","0.016978338360786438","0.00028826395282521844","0.0299835205078125","0.0","False","0.1704348772764206","False","1.0"
"3","255488","512","5.793378684807256","0.0",,"0.0","0.013300413265824318","0.00017690099775791168","0.0255126953125","0.0","False","0.1778842955827713","False","1.0"
"3","256000","512","5.804988662131519","0.0",,"0.0","0.014294154942035675","0.00020432285964488983","0.0229339599609375","0.0","False","0.17401988804340363","False","1.0"
"3","256512","512","5.8165986394557825","0.0",,"0.0","0.01690051145851612","0.0002856272622011602","0.028717041015625","0.0","False","0.15653231739997864","False","1.0"
"3","257024","512","5.828208616780046","0.0",,"0.0","0.008393016643822193","0.00007044272206258029","0.0164031982421875","0.0","False","0.1853839010000229","False","1.0"
"3","257536","512","5.839818594104308","0.0",,"0.0","0.009770580567419529","0.00009546424553263932","0.0186309814453125","0.0","False","0.14058354496955872","False","1.0"
"3","258048","512","5.851428571428571","0.0",,"0.0","0.0133600365370512","0.00017849057621788234","0.022430419921875","0.0","False","0.18205301463603973","False","1.0"
"3","258560","512","5.863038548752835","0.0",,"0.0","0.014353366568684578","0.00020601913274731487","0.024688720703125","0.0","False","0.21414120495319366","False","1.0"
"3","259072","512","5.874648526077097","0.0",,"0.0","0.03125295415520668","0.0009767471347004175","0.1046905517578125","0.0","True","0.4568537473678589","False","1.0"
"3","259584","512","5.88625850340136","0.0",,"0.0","0.017490258440375328","0.00030590916867367923","0.0361480712890625","0.0","False","0.12529465556144714","False","1.0"
"3","260096","512","5.897868480725624","0.0",,"0.0","0.009336638264358044","0.00008717281889403239","0.0203857421875","0.0","False","0.10857797414064407","False","1.0"
"3","260608","512","5.909478458049887","0.0",,"0.0","0.011998393572866917","0.00014396145706996322","0.0295257568359375","0.0","False","0.12304536998271942","False","1.0"
"3","261120","512","5.921088435374149","0.0",,"0.0","0.016383931040763855","0.00026843318482860923","0.0306243896484375","0.0","False","0.11998672038316727","False","1.0"
"3","261632","512","5.932698412698413","0.0",,"0.0","0.016038469970226288","0.0002572325465735048","0.0272216796875","0.0","False","0.11523985862731934","False","1.0"
"3","262144","512","5.944308390022676","0.0",,"0.0","0.01735238917171955","0.00030110543593764305","0.0256805419921875","0.0","False","0.13408395648002625","False","1.0"
"3","262656","512","5.955918367346939","0.0",,"0.0","0.01854102313518524","0.0003437695559114218","0.0301055908203125","0.0","False","0.14221976697444916","False","1.0"
"4","0","512","0.0","0.0",,"0.0","0.0","0.0","0.0","0.0","False","0.0","True","0.0"
"4","512","512","0.011609977324263039","0.0",,"0.0","0.0","0.0","0.0","0.0","False","0.0","True","0.0"
"4","1024","512","0.023219954648526078","0.0",,"0.0","0.0","0.0","0.0","0.0","False","0.0","True","0.0"
"4","1536","512","0.034829931972789115","0.0",,"0.0","0.0","0.0","0.0","0.0","False","0.0","True","0.0"
"4","2048","512","0.046439909297052155","0.0",,"0.0","0.0","0.0","0.0","0.0","False","0.0","True","0.0"
"4","2560","512","0.058049886621315196","0.0",,"0.0","0.0","0.0","0.0","0.0","False","0.0","True","0.0"
"4","3072","512","0.06965986394557823","0.0",,"0.0","0.0","0.0","0.0","0.0","False","0.0","True","0.0"
"4","3584","512","0.08126984126984127","0.0",,"0.0","0.0000026117447760043433","6.82121026329696E-12","0.0000152587890625","0.0","False","0.0","True","0.0"
"4","4096","512","0.09287981859410431","0.0",,"0.0","0.000009560555554344319","9.14042175281793E-11","0.000030517578125","0.0","False","0.0","True","0.0"
"4","4608","512","0.10448979591836735","0.0",,"0.0","0.000013621193829749245","1.85536919161677E-10","0.0000457763671875","0.0","False","0.0","True","0.0"
"4","5120","512","0.11609977324263039","0.0",,"0.0","0.000014113091310719028","1.99179339688271E-10","0.000030517578125","0.0","False","0.0","True","0.0"
"4","5632","512","0.12770975056689343","0.0",,"0.0","0.000014431710951612331","2.08274286706001E-10","0.0000457763671875","0.0","False","0.0","True","0.0"
"4","6144","512","0.13931972789115646","0.0",,"0.0","0.00010312037920812145","1.06338120531291E-08","0.0006561279296875","0.0","False","0.0","True","0.0"
"4","6656","512","0.1509297052154195","0.0",,"0.0","0.0007660522242076695","5.86835994909052E-07","0.0015411376953125","0.0","False","0.0","True","0.0"
"4","7168","512","0.16253968253968254","0.0",,"0.0","0.0009257773635908961","8.57063696457772E-07","0.00189208984375","0.0","False","0.0","True","0.0"
"4","7680","512","0.17414965986394557","0.0",,"0.0","0.0032337307929992676","0.000010457015378051437","0.0052490234375","0.0","False","1.0","False","1.0"
"4","8192","512","0.18575963718820862","0.0",,"0.0","0.0027529459912329912","0.000007578711574751651","0.00494384765625","0.0","False","0.0","True","0.0"
"4","8704","512","0.19736961451247165","0.0",,"0.0","0.003208145732060075","0.000010292198567185551","0.005279541015625","0.0","False","0.34040942788124084","False","1.0"
"4","9216","512","0.2089795918367347","0.0",,"0.0","0.004417285788804293","0.00001951241574715823","0.0101470947265625","0.0","True","0.39309704303741455","False","1.0"
"4","9728","512","0.22058956916099773","0.0",,"0.0","0.005519239231944084","0.00003046200072276406","0.012664794921875","0.0","False","0.2589760422706604","False","1.0"
"4","10240","512","0.23219954648526078","0.0",,"0.0","0.005808219313621521","0.000033735414035618305","0.01251220703125","0.0","False","0.25330349802970886","False","1.0"
"4","10752","512","0.2438095238095238","0.0",,"0.0","0.00432788860052824","0.000018730617739493027","0.009033203125","0.0","False","0.2512303590774536","False","1.0"
"4","11264","512","0.25541950113378686","0.0",,"0.0","0.013695374131202698","0.00018756327335722744","0.0253753662109375","0.0","True","0.38951733708381653","False","1.0"
"4","11776","512","0.26702947845804986","0.0",,"0.0","0.010231586173176765","0.00010468535037944093","0.0226898193359375","0.0","False","0.23610609769821167","False","1.0"
"4","12288","512","0.2786394557823129","0.0",,"0.0","0.011941725388169289","0.0001426047965651378","0.0180816650390625","0.0","False","0.21689638495445251","False","1.0"
"4","12800","512","0.29024943310657597","0.0",,"0.0","0.016665222123265266","0.00027772964676842093","0.0283660888671875","0.0","False","0.30267563462257385","False","1.0"
"4","13312","512","0.301859410430839","0.0",,"0.0","0.015098871663212776","0.00022797593555878848","0.0276336669921875","0.0","False","0.20991729199886322","False","1.0"
"4","13824","512","0.313469387755102","146.86300659179688","50.00361019934127","0.8708596229553223","0.017185615375638008","0.0002953453513327986","0.026336669921875","0.0","False","0.2110067754983902","False","1.0"
"4","14336","512","0.3250793650793651","148.5740966796875","50.20414902886124","0.8808748722076416","0.01650119386613369","0.000272289413260296","0.031341552734375","0.0","False","0.20854458212852478","False","1.0"
"4","14848","512","0.33668934240362813","149.06158447265625","50.26085971738442","0.9227608442306519","0.019216030836105347","0.0003692558384500444","0.0305938720703125","0.0","False","0.22478576004505157","False","1.0"
"4","15360","512","0.34829931972789113","148.00579833984375","50.13780207435492","0.9272252917289734","0.021431297063827515","0.0004593004996422678","0.0363922119140625","0.0","False","0.1886521279811859","False","1.0"
"4","15872","512","0.3599092970521542","147.59535217285156","50.08972520895492","0.936673104763031","0.020708570256829262","0.0004288448835723102","0.0328521728515625","0.0","False","0.21398533880710602","False","1.0"
"4","16384","512","0.37151927437641724","146.86953735351562","50.00438003416474","0.9280389547348022","0.021982725709676743","0.00048324023373425007","0.0370941162109375","0.0","False","0.16431310772895813","False","1.0"
"4","16896","512","0.3831292517006803","149.01356506347656","50.25528173900974","0.9198564887046814","0.017959414049983025","0.00032254058169201016","0.0283355712890625","0.0","False","0.23074039816856384","False","1.0"
"4","17408","512","0.3947392290249433","148.27305603027344","50.169035200325034","0.9169334769248962","0.01502385176718235","0.00022571611043531448","0.0224151611328125","0.0","False","0.15821176767349243","False","1.0"
"4","17920","512","0.40634920634920635","148.6433868408203","50.212221063316996","0.9071959853172302","0.017952432855963707","0.0003222898521926254","0.031585693359375","0.0","False","0.2150491625070572","False","1.0"
"4","18432","512","0.4179591836734694","147.97901916503906","50.13466941236603","0.9038547277450562","0.018355926498770714","0.00033694005105644464","0.0304718017578125","0.0","False","0.20610180497169495","False","1.0"
"4","18944","512","0.4295691609977324","147.71832275390625","50.10414315755232","0.8853484988212585","0.015795473009347916","0.00024949698126874864","0.0286407470703125","0.0","False","0.15423987805843353","False","1.0"
"4","19456","512","0.44117913832199546","149.671875","50.33159549719908","0.8550975322723389","0.011339462362229824","0.00012858341506216675","0.02081298828125","0.0","False","0.15338373184204102","False","1.0"
"4","19968","512","0.4527891156462585","0.0",,"0.0","0.008769643492996693","0.00007690665370319039","0.019287109375","0.0","False","0.2071455866098404","False","1.0"
"4","20480","512","0.46439909297052157","0.0",,"0.0","0.017193784937262535","0.00029562623240053654","0.02850341796875","0.0","False","0.14312678575515747","False","1.0"
"4","20992","512","0.47600907029478456","0.0",,"0.0","0.014214018359780312","0.00020203831081744283","0.0241851806640625","0.0","False","0.1851273626089096","False","1.0"
"4","21504","512","0.4876190476190476","0.0",,"0.0","0.012835275381803513","0.00016474428412038833","0.0228118896484375","0.0","False","0.12411720305681229","False","1.0"
"4","22016","512","0.4992290249433107","0.0",,"0.0","0.007005379535257816","0.00004907534457743168","0.0126190185546875","0.0","False","0.1610642671585083","False","1.0"
"4","22528","512","0.5108390022675737","0.0",,"0.0","0.007701120339334011","0.000059307254559826106","0.0188751220703125","0.0","False","0.19916465878486633","False","1.0"
"4","23040","512","0.5224489795918368","0.0",,"0.0","0.010987522080540657","0.00012072564277332276","0.019622802734375","0.0","False","0.11036793887615204","False","1.0"
"4","23552","512","0.5340589569160997","0.0",,"0.0","0.009175083599984646","0.00008418216748395935","0.017059326171875","0.0","False","0.19801676273345947","False","1.0"
"4","24064","512","0.5456689342403628","0.0",,"0.0","0.01668328233063221","0.0002783318923320621","0.03045654296875","0.0","False","0.19135475158691406","False","1.0"
"4","24576","512","0.5572789115646258","0.0",,"0.0","0.008895836770534515","0.00007913591980468482","0.0195770263671875","0.0","False","0.18232178688049316","False","1.0"
"4","25088","512","0.5688888888888889","0.0",,"0.0","0.013103009201586246","0.00017168885096907616","0.025970458984375","0.0","False","0.15262626111507416","False","1.0"
"4","25600","512","0.5804988662131519","0.0",,"0.0","0.0067144413478672504","0.000045083725126460195","0.0146026611328125","0.0","False","0.13198891282081604","False","1.0"
"4","26112","512","0.592108843537415","0.0",,"0.0","0.010051695629954338","0.000101036588603165","0.019134521484375","0.0","False","0.19680815935134888","False","1.0"
"4","26624","512","0.603718820861678","0.0",,"0.0","0.015812935307621956","0.00025004890630953014","0.0275421142578125","0.0","False","0.19090181589126587","False","1.0"
"4","27136","512","0.615328798185941","0.0",,"0.0","0.01183301117271185","0.0001400201435899362","0.0210723876953125","0.0","False","0.16468261182308197","False","1.0"
"4","27648","512","0.626938775510204","0.0",,"0.0","0.01642942987382412","0.00026992615312337875","0.0286407470703125","0.0","False","0.20581498742103577","False","1.0"
"4","28160","512","0.6385487528344671","0.0",,"0.0","0.013494962826371193","0.00018211403221357614","0.02203369140625","0.0","False","0.18870113790035248","False","1.0"
"4","28672","512","0.6501587301587302","0.0",,"0.0","0.018100803717970848","0.0003276391071267426","0.029632568359375","0.0","False","0.2548937499523163","False","1.0"
"4","29184","512","0.6617687074829932","147.53387451171875","50.082512624627356","0.8638901114463806","0.020679743960499763","0.0004276518302503973","0.03363037109375","0.0","False","0.16825883090496063","False","1.0"
"4","29696","512","0.6733786848072563","147.97964477539062","50.13474260352912","0.8881366848945618","0.02301393635571003","0.0005296412273310125","0.0380401611328125","0.0","False","0.2827070653438568","False","1.0"
"4","30208","512","0.6849886621315193","147.01744079589844","50.021805474288506","0.9129248857498169","0.024719366803765297","0.000611047085840255","0.0388031005859375","0.0","False","0.1508740931749344","False","1.0"
"4","30720","512","0.6965986394557823","148.0300750732422","50.14064150777014","0.9052284359931946","0.01766086183488369","0.0003119060129392892","0.0312652587890625","0.0","False","0.14350959658622742","False","1.0"
"4","31232","512","0.7082086167800453","148.46324157714844","50.19122700780727","0.9077870845794678","0.01932786963880062","0.0003735665522981435","0.030975341796875","0.0","False","0.1729990839958191","False","1.0"
"4","31744","512","0.7198185941043084","147.61988830566406","50.09260295934385","0.9092932939529419","0.021433759480714798","0.0004594060592353344","0.037750244140625","0.0","False","0.14872606098651886","False","1.0"
"4","32256","512","0.7314285714285714","149.23390197753906","50.2808614927004","0.9003094434738159","0.02344461716711521","0.000549650052562356","0.042083740234375","0.0","False","0.256988525390625","False","1.0"
"4","32768","512","0.7430385487528345","147.96600341796875","50.133146608953425","0.8875482082366943","0.018689734861254692","0.0003493061813060194","0.0334320068359375","0.0","False","0.14938639104366302","False","1.0"
"4","33280","512","0.7546485260770975","149.1899871826172","50.275766271336636","0.8696478009223938","0.017395703122019768","0.0003026105114258826","0.029449462890625","0.0","False","0.14585456252098083","False","1.0"
"4","33792","512","0.7662585034013606","0.0",,"0.0","0.015788136050105095","0.00024926522746682167","0.0322723388671875","0.0","False","0.20378665626049042","False","1.0"
"4","34304","512","0.7778684807256235","0.0",,"0.0","0.02393428236246109","0.0005728498799726367","0.0446014404296875","0.0","False","0.12976667284965515","False","1.0"
"4","34816","512","0.7894784580498866","0.0",,"0.0","0.019570372998714447","0.0003829995112027973","0.0343017578125","0.0","False","0.19592349231243134","False","1.0"
"4","35328","512","0.8010884353741496","0.0",,"0.0","0.019720634445548058","0.0003889034269377589","0.0388031005859375","0.0","False","0.1858150064945221","False","1.0"
"4","35840","512","0.8126984126984127","0.0",,"0.0","0.008525773882865906","0.00007268881745403633","0.0150299072265625","0.0","False","0.11429284512996674","False","1.0"
"4","36352","512","0.8243083900226758","0.0",,"0.0","0.008100500330328941","0.00006561810005223379","0.0205841064453125","0.0","False","0.21342645585536957","False","1.0"
"4","36864","512","0.8359183673469388","0.0",,"0.0","0.016400571912527084","0.00026897876523435116","0.0291595458984375","0.0","False","0.11522967368364334","False","1.0"
"4","37376","512","0.8475283446712019","0.0",,"0.0","0.016822263598442078","0.00028298853430897","0.0281829833984375","0.0","False","0.22776129841804504","False","1.0"
"4","37888","512","0.8591383219954648","0.0",,"0.0","0.021427173167467117","0.0004591237520799041","0.040985107421875","0.0","False","0.1617898941040039","False","1.0"
"4","38400","512","0.8707482993197279","0.0",,"0.0","0.009391787461936474","0.00008820567018119618","0.0194549560546875","0.0","False","0.14084726572036743","False","1.0"
"4","38912","512","0.8823582766439909","0.0",,"0.0","0.014893037267029285","0.00022180256200954318","0.0278778076171875","0.0","False","0.165846586227417","False","1.0"
"4","39424","512","0.893968253968254","0.0",,"0.0","0.009310770779848099","0.00008669045200804248","0.0203094482421875","0.0","False","0.10967150330543518","False","1.0"
"4","39936","512","0.905578231292517","0.0",,"0.0","0.012182227335870266","0.0001484066597186029","0.025634765625","0.0","False","0.15736687183380127","False","1.0"
"4","40448","512","0.9171882086167801","0.0",,"0.0","0.01882430911064148","0.0003543546481523663","0.0326690673828125","0.0","False","0.18247058987617493","False","1.0"
"4","40960","512","0.9287981859410431","0.0",,"0.0","0.01317132730036974","0.0001734838733682409","0.0248260498046875","0.0","False","0.11280006915330887","False","1.0"
"4","41472","512","0.9404081632653061","0.0",,"0.0","0.014810708351433277","0.00021935706899967045","0.0283203125","0.0","False","0.19834701716899872","False","1.0"
"4","41984","512","0.9520181405895691","0.0",,"0.0","0.007693719118833542","0.00005919331306358799","0.0163421630859375","0.0","False","0.14785240590572357","False","1.0"
"4","42496","512","0.9636281179138322","0.0",,"0.0","0.01495205145329237","0.00022356383851729333","0.031280517578125","0.0","False","0.20756350457668304","False","1.0"
"4","43008","512","0.9752380952380952","0.0",,"0.0","0.020628871396183968","0.00042555032996460795","0.0329742431640625","0.0","False","0.16072168946266174","False","1.0"
"4","43520","512","0.9868480725623583","0.0",,"0.0","0.020786676555871964","0.000432085944339633","0.041412353515625","0.0","False","0.2224099487066269","False","1.0"
"4","44032","512","0.9984580498866213","0.0",,"0.0","0.020639773458242416","0.0004260002460796386","0.033172607421875","0.0","False","0.13198304176330566","False","1.0"
"4","44544","512","1.0100680272108844","0.0",,"0.0","0.019569551572203636","0.0003829673514701426","0.0356597900390625","0.0","False","0.17327727377414703","False","1.0"
"4","45056","512","1.0216780045351475","0.0",,"0.0","0.019967084750533104","0.0003986844967585057","0.0369720458984375","0.0","False","0.20056535303592682","False","1.0"
"4","45568","512","1.0332879818594105","0.0",,"0.0","0.019693424925208092","0.0003878309507854283","0.0378570556640625","0.0","False","0.1635543555021286","False","1.0"
"4","46080","512","1.0448979591836736","0.0",,"0.0","0.028274618089199066","0.0007994540501385927","0.0489959716796875","0.0","False","0.26407188177108765","False","1.0"
"4","46592","512","1.0565079365079366","0.0",,"0.0","0.02431607060134411","0.0005912712658755481","0.039337158203125","0.0","False","0.1509118378162384","False","1.0"
"4","47104","512","1.0681179138321995","0.0",,"0.0","0.021988678723573685","0.0004835019644815475","0.043304443359375","0.0","False","0.11379369348287582","False","1.0"
"4","47616","512","1.0797278911564625","0.0",,"0.0","0.018553756177425385","0.0003442418819759041","0.0331268310546875","0.0","False","0.1930830478668213","False","1.0"
"4","48128","512","1.0913378684807256","0.0",,"0.0","0.021453145891427994","0.00046023749746382236","0.0428466796875","0.0","False","0.13353964686393738","False","1.0"
"4","48640","512","1.1029478458049886","0.0",,"0.0","0.021045250818133354","0.0004429025575518608","0.044525146484375","0.0","False","0.20684869587421417","False","1.0"
"4","49152","512","1.1145578231292517","0.0",,"0.0","0.018191926181316376","0.00033094617538154125","0.0339813232421875","0.0","False","0.14275792241096497","False","1.0"
"4","49664","512","1.1261678004535147","0.0",,"0.0","0.023749452084302902","0.0005640364834107459","0.0400543212890625","0.0","False","0.18660129606723785","False","1.0"
"4","50176","512","1.1377777777777778","0.0",,"0.0","0.013419625349342823","0.00018008633924182504","0.0290985107421875","0.0","False","0.20331469178199768","False","1.0"
"4","50688","512","1.1493877551020408","0.0",,"0.0","0.014497884549200535","0.00021018864936195314","0.0308380126953125","0.0","False","0.11019894480705261","False","1.0"
"4","51200","512","1.1609977324263039","0.0",,"0.0","0.012272351421415806","0.00015061060548759997","0.032501220703125","0.0","False","0.20660756528377533","False","1.0"
"4","51712","512","1.172607709750567","0.0",,"0.0","0.0183228999376297","0.000335728662321344","0.0423431396484375","0.0","False","0.18025334179401398","False","1.0"
"4","52224","512","1.18421768707483","0.0",,"0.0","0.016056183725595474","0.0002578010316938162","0.030853271484375","0.0","False","0.1357053518295288","False","1.0"
"4","52736","512","1.195827664399093","0.0",,"0.0","0.008451707661151886","0.00007143135735532269","0.0164031982421875","0.0","False","0.14006665349006653","False","1.0"
"4","53248","512","1.207437641723356","0.0",,"0.0","0.015567058697342873","0.0002423333062324673","0.02783203125","0.0","False","0.19433923065662384","False","1.0"
"4","53760","512","1.2190476190476192","0.0",,"0.0","0.015587389469146729","0.00024296672199852765","0.027191162109375","0.0","False","0.13356520235538483","False","1.0"
"4","54272","512","1.230657596371882","0.0",,"0.0","0.01488021295517683","0.0002214207488577813","0.036163330078125","0.0","False","0.13763387501239777","False","1.0"
"4","54784","512","1.242267573696145","0.0",,"0.0","0.01327766664326191","0.00017629642388783395","0.0243072509765625","0.0","False","0.14923109114170074","False","1.0"
"4","55296","512","1.253877551020408","0.0",,"0.0","0.014966324903070927","0.000223990879021585","0.0328369140625","0.0","False","0.20828218758106232","False","1.0"
"4","55808","512","1.2654875283446712","0.0",,"0.0","0.009476836770772934","0.00008981043356470764","0.01812744140625","0.0","False","0.12429650127887726","False","1.0"
"4","56320","512","1.2770975056689342","0.0",,"0.0","0.011569012887775898","0.00013384206977207214","0.0218048095703125","0.0","False","0.1552731841802597","False","1.0"
"4","56832","512","1.2887074829931973","0.0",,"0.0","0.013879436068236828","0.00019263874855823815","0.02801513671875","0.0","False","0.17295655608177185","False","1.0"
"4","57344","512","1.3003174603174603","0.0",,"0.0","0.019003184512257576","0.0003611209976952523","0.0376129150390625","0.0","False","0.23915043473243713","False","1.0"
"4","57856","512","1.3119274376417234","0.0",,"0.0","0.025033311918377876","0.0006266667041927576","0.0456390380859375","0.0","False","0.1939580887556076","False","1.0"
"4","58368","512","1.3235374149659864","0.0",,"0.0","0.02603692188858986","0.0006779213435947895","0.0438690185546875","0.0","False","0.2117471843957901","False","1.0"
"4","58880","512","1.3351473922902495","0.0",,"0.0","0.02171359583735466","0.0004714802198577672","0.0381927490234375","0.0","False","0.15715408325195312","False","1.0"
"4","59392","512","1.3467573696145125","0.0",,"0.0","0.01682904176414013","0.0002832166210282594","0.0307769775390625","0.0","False","0.12836289405822754","False","1.0"
"4","59904","512","1.3583673469387756","0.0",,"0.0","0.01900836080312729","0.0003613177686929703","0.03857421875","0.0","False","0.1909056007862091","False","1.0"
"4","60416","512","1.3699773242630386","0.0",,"0.0","0.024657635018229485","0.0006079989834688604","0.0457611083984375","0.0","False","0.19303269684314728","False","1.0"
"4","60928","512","1.3815873015873017","0.0",,"0.0","0.03267361596226692","0.0010675652883946896","0.064697265625","0.0","False","0.2279682159423828","False","1.0"
"4","61440","512","1.3931972789115645","0.0",,"0.0","0.023761341348290443","0.0005646013305522501","0.0419769287109375","0.0","False","0.1278291493654251","False","1.0"
"4","61952","512","1.4048072562358276","0.0",,"0.0","0.06384164094924927","0.00407575536519289","0.1790618896484375","0.0","True","0.566504716873169","False","1.0"
"4","62464","512","1.4164172335600906","0.0",,"0.0","0.16432327032089233","0.027002135291695595","0.4509124755859375","0.0","False","0.5752792358398438","False","1.0"
"4","62976","512","1.4280272108843537","0.0",,"0.0","0.06842850893735886","0.004682461265474558","0.1688079833984375","0.0","False","0.16156451404094696","False","1.0"
"4","63488","512","1.4396371882086167","0.0",,"0.0","0.05216279625892639","0.0027209571562707424","0.1188507080078125","0.0","False","0.10855930298566818","False","1.0"
"4","64000","512","1.4512471655328798","0.0",,"0.0","0.055244315415620804","0.0030519342981278896","0.114227294921875","0.0","False","0.11875320971012115","False","1.0"
"4","64512","512","1.4628571428571429","0.0",,"0.0","0.05107032135128975","0.0026081777177751064","0.1312713623046875","0.0","False","0.0994531512260437","False","1.0"
"4","65024","512","1.474467120181406","0.0",,"0.0","0.044395554810762405","0.001970965415239334","0.1137237548828125","0.0","False","0.08974988758563995","False","1.0"
"4","65536","512","1.486077097505669","0.0",,"0.0","0.04729331284761429","0.0022366573102772236","0.10455322265625","0.0","False","0.09714903682470322","False","1.0"
"4","66048","512","1.497687074829932","0.0",,"0.0","0.05608050152659416","0.0031450227834284306","0.1376953125","0.0","False","0.12979917228221893","False","1.0"
"4","66560","512","1.509297052154195","0.0",,"0.0","0.05694767087697983","0.0032430370338261127","0.126983642578125","0.0","False","0.11711634695529938","False","1.0"
"4","67072","512","1.5209070294784581","0.0",,"0.0","0.060233768075704575","0.0036281070206314325","0.1454010009765625","0.0","False","0.17590802907943726","False","1.0"
"4","67584","512","1.5325170068027212","0.0",,"0.0","0.054036010056734085","0.002919890219345689","0.105224609375","0.0","False","0.1345144659280777","False","1.0"
"4","68096","512","1.5441269841269842","0.0",,"0.0","0.0407816544175148","0.0016631432808935642","0.091461181640625","0.0","False","0.14509014785289764","False","1.0"
"4","68608","512","1.555736961451247","0.0",,"0.0","0.04397916793823242","0.0019341673469170928","0.1036224365234375","0.0","False","0.10367394238710403","False","1.0"
"4","69120","512","1.5673469387755101","0.0",,"0.0","0.046344079077243805","0.0021477737464010715","0.0879669189453125","0.0","False","0.13508054614067078","False","1.0"
"4","69632","512","1.5789569160997732","0.0",,"0.0","0.04646245017647743","0.002158759394660592","0.109039306640625","0.0","False","0.11010244488716125","False","1.0"
"4","70144","512","1.5905668934240362","0.0",,"0.0","0.04000471532344818","0.0016003772616386414","0.0796966552734375","0.0","False","0.14544978737831116","False","1.0"
"4","70656","512","1.6021768707482993","0.0",,"0.0","0.0348980650305748","0.0012178748147562146","0.0778961181640625","0.0","False","0.10423123091459274","False","1.0"
"4","71168","512","1.6137868480725623","0.0",,"0.0","0.03084593452513218","0.0009514716803096235","0.0554656982421875","0.0","False","0.12954507768154144","False","1.0"
"4","71680","512","1.6253968253968254","0.0",,"0.0","0.03229902312159538","0.0010432268027216196","0.0718994140625","0.0","False","0.07291349023580551","False","1.0"
"4","72192","512","1.6370068027210884","0.0",,"0.0","0.0727991834282875","0.0052997213788330555","0.195465087890625","0.0","False","0.341901034116745","False","1.0"
"4","72704","512","1.6486167800453515","0.0",,"0.0","0.07029816508293152","0.004941832274198532","0.1353302001953125","0.0","False","0.2633073627948761","False","1.0"
"4","73216","512","1.6602267573696146","0.0",,"0.0","0.05665653198957443","0.003209962509572506","0.101470947265625","0.0","False","0.18325017392635345","False","1.0"
"4","73728","512","1.6718367346938776","0.0",,"0.0","0.04306789115071297","0.0018548432271927595","0.110870361328125","0.0","False","0.1263226568698883","False","1.0"
"4","74240","512","1.6834467120181407","0.0",,"0.0","0.034625984728336334","0.0011989587219431996","0.0644989013671875","0.0","False","0.12588226795196533","False","1.0"
"4","74752","512","1.6950566893424037","0.0",,"0.0","0.053087033331394196","0.002818233100697398","0.108917236328125","0.0","False","0.16625645756721497","False","1.0"
"4","75264","512","1.7066666666666668","0.0",,"0.0","0.048729702830314636","0.0023745838552713394","0.098724365234375","0.0","False","0.1282368153333664","False","1.0"
"4","75776","512","1.7182766439909296","0.0",,"0.0","0.05511488765478134","0.0030376508366316557","0.086517333984375","0.0","False","0.13997523486614227","False","1.0"
"4","76288","512","1.7298866213151927","0.0",,"0.0","0.03670639917254448","0.001347359735518694","0.0698699951171875","0.0","False","0.14050206542015076","False","1.0"
"4","76800","512","1.7414965986394557","0.0",,"0.0","0.02277466468513012","0.0005186853231862187","0.045074462890625","0.0","False","0.1181020587682724","False","1.0"
"4","77312","512","1.7531065759637188","0.0",,"0.0","0.020651498809456825","0.0004264844174031168","0.045196533203125","0.0","False","0.16853764653205872","False","1.0"
"4","77824","512","1.7647165532879818","0.0",,"0.0","0.029062071815133095","0.0008446040446870029","0.0589447021484375","0.0","False","0.12205472588539124","False","1.0"
"4","78336","512","1.7763265306122449","0.0",,"0.0","0.030481724068522453","0.0009291355381719768","0.04998779296875","0.0","False","0.1458244025707245","False","1.0"
"4","78848","512","1.787936507936508","0.0",,"0.0","0.024628998711705208","0.0006065875641070306","0.0461273193359375","0.0","False","0.187320277094841","False","1.0"
"4","79360","512","1.799546485260771","0.0",,"0.0","0.16431313753128052","0.02699880860745907","0.428009033203125","0.0","True","0.6147098541259766","False","1.0"
"4","79872","512","1.811156462585034","0.0",,"0.0","0.2255173921585083","0.050858091562986374","0.5667877197265625","0.0","False","0.4855321943759918","False","1.0"
"4","80384","512","1.822766439909297","0.0",,"0.0","0.2047923058271408","0.04193988814949989","0.4426116943359375","0.0","False","0.2383563071489334","False","1.0"
"4","80896","512","1.8343764172335602","0.0",,"0.0","0.1693921983242035","0.02869371511042118","0.3149871826171875","0.0","False","0.13566845655441284","False","1.0"
"4","81408","512","1.8459863945578232","0.0",,"0.0","0.15589432418346405","0.024303041398525238","0.3025970458984375","0.0","False","0.15783236920833588","False","1.0"
"4","81920","512","1.8575963718820863","0.0",,"0.0","0.14964169263839722","0.02239263616502285","0.3158416748046875","0.0","False","0.13433001935482025","False","1.0"
"4","82432","512","1.8692063492063493","0.0",,"0.0","0.11890147626399994","0.014137561433017254","0.2398834228515625","0.0","False","0.10437889397144318","False","1.0"
"4","82944","512","1.8808163265306121","0.0",,"0.0","0.10777594149112701","0.011615653522312641","0.2330780029296875","0.0","False","0.10837699472904205","False","1.0"
"4","83456","512","1.8924263038548752","165.58966064453125","52.08130884683442","0.8635979890823364","0.10579390823841095","0.011192350648343563","0.2404327392578125","0.0","False","0.15775085985660553","False","1.0"
"4","83968","512","1.9040362811791383","332.1661071777344","64.13281620684478","0.9004455208778381","0.1045626699924469","0.010933352634310722","0.2406463623046875","0.0","False","0.14825744926929474","False","1.0"
"4","84480","512","1.9156462585034013","331.9884948730469","64.12355666167898","0.9100940823554993","0.09808273613452911","0.009620223194360733","0.2003173828125","0.0","False","0.08361763507127762","False","1.0"
"4","84992","512","1.9272562358276644","332.1374816894531","64.13132419563651","0.8981536030769348","0.0984363779425621","0.00968972034752369","0.185943603515625","0.0","False","0.10867844521999359","False","1.0"
"4","85504","512","1.9388662131519274","332.63604736328125","64.15729195741804","0.8989315032958984","0.10359776765108109","0.010732497088611126","0.187042236328125","0.0","False","0.12585672736167908","False","1.0"
"4","86016","512","1.9504761904761905","332.205810546875","64.13488540401484","0.9013445377349854","0.09473433345556259","0.008974594064056873","0.1753387451171875","0.0","False","0.07409829646348953","False","1.0"
"4","86528","512","1.9620861678004535","332.1243591308594","64.13064018162711","0.900196373462677","0.08756576478481293","0.007667763624340296","0.1798858642578125","0.0","False","0.09149713069200516","False","1.0"
"4","87040","512","1.9736961451247166","331.87615966796875","64.11769768025962","0.9277727603912354","0.08561938256025314","0.00733067886903882","0.1676025390625","0.0","False","0.10483997315168381","False","1.0"
"4","87552","512","1.9853061224489796","331.8463439941406","64.11614227391202","0.9435698390007019","0.08109692484140396","0.006576710846275091","0.142120361328125","0.0","False","0.0885753333568573","False","1.0"
"4","88064","512","1.9969160997732427","331.6967468261719","64.10833606753891","0.9421815872192383","0.08151362836360931","0.0066444710828363895","0.1478424072265625","0.0","False","0.08093561977148056","False","1.0"
"4","88576","512","2.0085260770975055","331.763427734375","64.11181601293788","0.9335401654243469","0.08384448289871216","0.007029897067695856","0.14984130859375","0.0","False","0.11657977104187012","False","1.0"
"4","89088","512","2.020136054421769","331.6419372558594","64.10547514002684","0.9304144978523254","0.07769936323165894","0.006037191487848759","0.1514892578125","0.0","False","0.06692104786634445","False","1.0"
"4","89600","512","2.0317460317460316","331.5185546875","64.09903313666673","0.937924325466156","0.0748940259218216","0.005609114654362202","0.1454010009765625","0.0","False","0.08993703871965408","False","1.0"
"4","90112","512","2.043356009070295","331.3723449707031","64.09139618632518","0.946861743927002","0.07221898436546326","0.005215581972151995","0.14044189453125","0.0","False","0.07666333019733429","False","1.0"
"4","90624","512","2.0549659863945577","331.3854675292969","64.0920817526006","0.9481722712516785","0.07145443558692932","0.0051057361997663975","0.14019775390625","0.0","False","0.045943886041641235","False","1.0"
"4","91136","512","2.066575963718821","331.4231872558594","64.09405220589947","0.9416337609291077","0.06747414171695709","0.004552760161459446","0.1202239990234375","0.0","False","0.07363191246986389","False","1.0"
"4","91648","512","2.078185941043084","331.47222900390625","64.09661377872429","0.9331757426261902","0.056452762335538864","0.0031869143713265657","0.0975341796875","0.0","False","0.1075938493013382","False","1.0"
"4","92160","512","2.089795918367347","331.89080810546875","64.11846180004866","0.9227883219718933","0.048182617872953415","0.0023215648252516985","0.10052490234375","0.0","False","0.09164248406887054","False","1.0"
"4","92672","512","2.10140589569161","165.48191833496094","52.07004076021622","0.945136547088623","0.08684828877449036","0.007542625535279512","0.1837310791015625","0.0","False","0.2820276916027069","False","1.0"
"4","93184","512","2.1130158730158732","165.26223754882812","52.04704298952","0.9197508692741394","0.07584618031978607","0.00575264310464263","0.1500244140625","0.0","False","0.15845046937465668","False","1.0"
"4","93696","512","2.124625850340136","165.13157653808594","52.03334994849863","0.8939169645309448","0.04523268714547157","0.002045996021479368","0.094329833984375","0.0","False","0.0804307609796524","False","1.0"
"4","94208","512","2.136235827664399","165.01646423339844","52.02127740377284","0.8792694211006165","0.03476861119270325","0.0012088562361896038","0.0795745849609375","0.0","False","0.09518596529960632","False","1.0"
"4","94720","512","2.147845804988662","164.84201049804688","52.0029652912808","0.8617032170295715","0.03324127942323685","0.0011049826862290502","0.075347900390625","0.0","False","0.10735983401536942","False","1.0"
"4","95232","512","2.159455782312925","0.0",,"0.0","0.03427343815565109","0.0011746685486286879","0.0712738037109375","0.0","False","0.0978325828909874","False","1.0"
"4","95744","512","2.1710657596371883","0.0",,"0.0","0.023878060281276703","0.000570161733776331","0.0550079345703125","0.0","False","0.09505447000265121","False","1.0"
"4","96256","512","2.182675736961451","0.0",,"0.0","0.026011023670434952","0.0006765733123756945","0.0561981201171875","0.0","False","0.12361984699964523","False","1.0"
"4","96768","512","2.1942857142857144","0.0",,"0.0","0.015161079354584217","0.00022985832765698433","0.039093017578125","0.0","False","0.17145322263240814","False","1.0"
"4","97280","512","2.2058956916099772","0.0",,"0.0","0.015683652833104134","0.0002459769893903285","0.03277587890625","0.0","False","0.08837812393903732","False","1.0"
"4","97792","512","2.2175056689342405","0.0",,"0.0","0.025582313537597656","0.0006544547504745424","0.0547332763671875","0.0","False","0.15307462215423584","False","1.0"
"4","98304","512","2.2291156462585033","0.0",,"0.0","0.013058040291070938","0.00017051241593435407","0.031829833984375","0.0","False","0.08359592407941818","False","1.0"
"4","98816","512","2.2407256235827666","0.0",,"0.0","0.011605258099734783","0.0001346820208709687","0.0305023193359375","0.0","False","0.11717428267002106","False","1.0"
"4","99328","512","2.2523356009070294","0.0",,"0.0","0.010528819635510445","0.0001108560391003266","0.0252532958984375","0.0","False","0.1047324389219284","False","1.0"
"4","99840","512","2.2639455782312927","0.0",,"0.0","0.012285582721233368","0.0001509355497546494","0.0274810791015625","0.0","False","0.1873229593038559","False","1.0"
"4","100352","512","2.2755555555555556","0.0",,"0.0","0.008468976244330406","0.0000717235598131083","0.0196075439453125","0.0","False","0.07920677214860916","False","1.0"
"4","100864","512","2.2871655328798184","0.0",,"0.0","0.011028573848307133","0.00012162943312432617","0.022064208984375","0.0","False","0.14785648882389069","False","1.0"
"4","101376","512","2.2987755102040817","0.0",,"0.0","0.012733756564557552","0.00016214855713769794","0.02691650390625","0.0","False","0.1442369520664215","False","1.0"
"4","101888","512","2.3103854875283445","0.0",,"0.0","0.010906325653195381","0.0001189479444292374","0.023040771484375","0.0","False","0.10582999140024185","False","1.0"
"4","102400","512","2.3219954648526078","0.0",,"0.0","0.012076592072844505","0.00014584408199880272","0.0212554931640625","0.0","False","0.1463061422109604","False","1.0"
"4","102912","512","2.3336054421768706","0.0",,"0.0","0.01630108244717121","0.0002657253062352538","0.0312957763671875","0.0","False","0.1797463744878769","False","1.0"
"4","103424","512","2.345215419501134","0.0",,"0.0","0.016174837946891785","0.0002616253914311528","0.0294952392578125","0.0","False","0.17430929839611053","False","1.0"
"4","103936","512","2.3568253968253967","0.0",,"0.0","0.013341616839170456","0.00017799873603507876","0.027252197265625","0.0","False","0.10455787926912308","False","1.0"
"4","104448","512","2.36843537414966","0.0",,"0.0","0.01323225349187851","0.00017509254394099116","0.0224151611328125","0.0","False","0.1694195419549942","False","1.0"
"4","104960","512","2.380045351473923","0.0",,"0.0","0.012470947578549385","0.00015552452532574534","0.021484375","0.0","False","0.14060939848423004","False","1.0"
"4","105472","512","2.391655328798186","0.0",,"0.0","0.015069117769598961","0.0002270783152198419","0.02435302734375","0.0","False","0.1628084033727646","False","1.0"
"4","105984","512","2.403265306122449","0.0",,"0.0","0.01299274992197752","0.0001688115589786321","0.02203369140625","0.0","False","0.1525682508945465","False","1.0"
"4","106496","512","2.414875283446712","0.0",,"0.0","0.014708073809742928","0.00021632744756061584","0.030364990234375","0.0","False","0.19458511471748352","False","1.0"
"4","107008","512","2.426485260770975","0.0",,"0.0","0.015384754166007042","0.000236690670135431","0.029266357421875","0.0","False","0.20586508512496948","False","1.0"
"4","107520","512","2.4380952380952383","0.0",,"0.0","0.013314161449670792","0.00017726689111441374","0.022491455078125","0.0","False","0.18905872106552124","False","1.0"
"4","108032","512","2.449705215419501","0.0",,"0.0","0.018903981894254684","0.0003573605208657682","0.02880859375","0.0","False","0.1634598672389984","False","1.0"
"4","108544","512","2.461315192743764","0.0",,"0.0","0.012500448152422905","0.0001562612014822662","0.026580810546875","0.0","False","0.124984510242939","False","1.0"
"4","109056","512","2.4729251700680273","0.0",,"0.0","0.0118548683822155","0.00014053791528567672","0.02178955078125","0.0","False","0.13938848674297333","False","1.0"
"4","109568","512","2.48453514739229","0.0",,"0.0","0.00821963232010603","0.00006756235234206542","0.015899658203125","0.0","False","0.11886253952980042","False","1.0"
"4","110080","512","2.4961451247165534","0.0",,"0.0","0.008737165480852127","0.0000763380594435148","0.01806640625","0.0","False","0.17162096500396729","False","1.0"
"4","110592","512","2.507755102040816","0.0",,"0.0","0.013466598466038704","0.00018134928541257977","0.0257110595703125","0.0","False","0.16171211004257202","False","1.0"
"4","111104","512","2.5193650793650795","0.0",,"0.0","0.008533553220331669","0.00007282153092091903","0.0191192626953125","0.0","False","0.18718372285366058","False","1.0"
"4","111616","512","2.5309750566893423","0.0",,"0.0","0.010446191765367985","0.00010912292054854333","0.02008056640625","0.0","False","0.18252618610858917","False","1.0"
"4","112128","512","2.5425850340136056","0.0",,"0.0","0.007322799880057573","0.000053623400162905455","0.0166168212890625","0.0","False","0.19304582476615906","False","1.0"
"4","112640","512","2.5541950113378684","0.0",,"0.0","0.0050897542387247086","0.000025905597794917412","0.012664794921875","0.0","False","0.12123536318540573","False","1.0"
"4","113152","512","2.5658049886621317","0.0",,"0.0","0.006591964978724718","0.00004345400520833209","0.0128173828125","0.0","False","0.08626656234264374","False","1.0"
"4","113664","512","2.5774149659863945","0.0",,"0.0","0.006013431586325169","0.000036161360185360536","0.011810302734375","0.0","False","0.18272317945957184","False","1.0"
"4","114176","512","2.589024943310658","0.0",,"0.0","0.00946860946714878","0.0000896545680006966","0.0169677734375","0.0","False","0.230941504240036","False","1.0"
"4","114688","512","2.6006349206349206","0.0",,"0.0","0.008090467192232609","0.00006545566429849714","0.0195465087890625","0.0","False","0.15381960570812225","False","1.0"
"4","115200","512","2.6122448979591835","0.0",,"0.0","0.0073391166515648365","0.000053862633649259806","0.0159149169921875","0.0","False","0.15053270757198334","False","1.0"
"4","115712","512","2.6238548752834467","0.0",,"0.0","0.005564551800489426","0.00003096423461101949","0.01300048828125","0.0","False","0.11504877358675003","False","1.0"
"4","116224","512","2.6354648526077096","0.0",,"0.0","0.004467489663511515","0.000019958462871727534","0.0085601806640625","0.0","False","0.14312201738357544","False","1.0"
"4","116736","512","2.647074829931973","0.0",,"0.0","0.0048739793710410595","0.000023755674192216247","0.00946044921875","0.0","False","0.10010913759469986","False","1.0"
"4","117248","512","2.6586848072562357","0.0",,"0.0","0.006863775663077831","0.00004711141809821129","0.01446533203125","0.0","False","0.20306754112243652","False","1.0"
"4","117760","512","2.670294784580499","0.0",,"0.0","0.009827658534049988","0.00009658286580815911","0.016998291015625","0.0","False","0.18044836819171906","False","1.0"
"4","118272","512","2.681904761904762","0.0",,"0.0","0.010693133808672428","0.00011434310727054253","0.017547607421875","0.0","False","0.21016435325145721","False","1.0"
"4","118784","512","2.693514739229025","0.0",,"0.0","0.009276151657104492","0.00008604699542047456","0.0214385986328125","0.0","False","0.17049607634544373","False","1.0"
"4","119296","512","2.705124716553288","0.0",,"0.0","0.009095757268369198","0.00008273280400317162","0.01715087890625","0.0","False","0.15525265038013458","False","1.0"
"4","119808","512","2.716734693877551","0.0",,"0.0","0.008416245691478252","0.00007083319360390306","0.0163421630859375","0.0","False","0.15199370682239532","False","1.0"
"4","120320","512","2.728344671201814","148.10247802734375","50.149107072300545","0.8501222133636475","0.011749250814318657","0.00013804489572066814","0.018707275390625","0.0","False","0.2615933120250702","False","1.0"
"4","120832","512","2.7399546485260773","147.90687561035156","50.12622714573717","0.8732559084892273","0.01405948307365179","0.00019766905461438","0.02545166015625","0.0","False","0.2572311758995056","False","1.0"
"4","121344","512","2.75156462585034","148.68991088867188","50.2176388229163","0.8705640435218811","0.014507995918393135","0.0002104819577652961","0.02423095703125","0.0","False","0.16764000058174133","False","1.0"
"4","121856","512","2.7631746031746034","147.70631408691406","50.10273570464558","0.8778723478317261","0.011370278894901276","0.00012928324576932937","0.018951416015625","0.0","False","0.12314856052398682","False","1.0"
"4","122368","512","2.7747845804988662","149.52752685546875","50.31489088879606","0.869999349117279","0.00960982870310545","0.00009234880417352542","0.0171661376953125","0.0","False","0.19389037787914276","False","1.0"
"4","122880","512","2.786394557823129","148.96958923339844","50.250171889421125","0.8703315258026123","0.011497853323817253","0.00013220062828622758","0.0203399658203125","0.0","False","0.17524202167987823","False","1.0"
"4","123392","512","2.7980045351473923","148.5696258544922","50.20362806582422","0.8606345653533936","0.015072841197252274","0.00022719053959008306","0.0220794677734375","0.0","False","0.2044404298067093","False","1.0"
"4","123904","512","2.809614512471655","148.42337036132812","50.18657698964915","0.8668003678321838","0.013583610765635967","0.00018451448704581708","0.0230255126953125","0.0","False","0.18993321061134338","False","1.0"
"4","124416","512","2.8212244897959184","148.84347534179688","50.23550949194953","0.8545282483100891","0.011116551235318184","0.00012357771629467607","0.0196990966796875","0.0","False","0.14651648700237274","False","1.0"
"4","124928","512","2.8328344671201813","0.0",,"0.0","0.008114184252917767","0.00006583998037967831","0.017486572265625","0.0","False","0.24827957153320312","False","1.0"
"4","125440","512","2.8444444444444446","0.0",,"0.0","0.006164755206555128","0.0000380042074539233","0.012054443359375","0.0","False","0.1261986494064331","False","1.0"
"4","125952","512","2.8560544217687074","0.0",,"0.0","0.008667077869176865","0.00007511823787353933","0.0162811279296875","0.0","False","0.1683594137430191","False","1.0"
"4","126464","512","2.8676643990929707","0.0",,"0.0","0.005611319560557604","0.000031486906664213166","0.0113983154296875","0.0","False","0.12020983546972275","False","1.0"
"4","126976","512","2.8792743764172335","0.0",,"0.0","0.011378911323845387","0.00012947962386533618","0.02105712890625","0.0","False","0.22293339669704437","False","1.0"
"4","127488","512","2.8908843537414968","0.0",,"0.0","0.007142896298319101","0.000051020964747294784","0.0159759521484375","0.0","False","0.16474193334579468","False","1.0"
"4","128000","512","2.9024943310657596","0.0",,"0.0","0.0070473006926476955","0.000049664449761621654","0.0155029296875","0.0","False","0.17869926989078522","False","1.0"
"4","128512","512","2.914104308390023","0.0",,"0.0","0.006819026079028845","0.000046499117161147296","0.0159149169921875","0.0","False","0.14163969457149506","False","1.0"
"4","129024","512","2.9257142857142857","0.0",,"0.0","0.0033117765560746193","0.000010967864000122063","0.007568359375","0.0","False","0.11216439306735992","False","1.0"
"4","129536","512","2.9373242630385485","0.0",,"0.0","0.007188877090811729","0.000051679951866390184","0.0146636962890625","0.0","False","0.1264442801475525","False","1.0"
"4","130048","512","2.948934240362812","0.0",,"0.0","0.004470326937735081","0.00001998382322199177","0.011077880859375","0.0","False","0.1931733638048172","False","1.0"
"4","130560","512","2.9605442176870747","0.0",,"0.0","0.008520657196640968","0.00007260160055011511","0.018463134765625","0.0","False","0.18250620365142822","False","1.0"
"4","131072","512","2.972154195011338","0.0",,"0.0","0.005075131077319384","0.00002575695725681726","0.011627197265625","0.0","False","0.1498551368713379","False","1.0"
"4","131584","512","2.9837641723356008","0.0",,"0.0","0.005414559505879879","0.00002931745257228613","0.0100250244140625","0.0","False","0.20966462790966034","False","1.0"
"4","132096","512","2.995374149659864","0.0",,"0.0","0.005747608840465546","0.00003303500488982536","0.0106964111328125","0.0","False","0.11791113764047623","False","1.0"
"4","132608","512","3.006984126984127","0.0",,"0.0","0.006158122327178717","0.00003792247298406437","0.0097198486328125","0.0","False","0.16991595923900604","False","1.0"
"4","133120","512","3.01859410430839","0.0",,"0.0","0.00943461898714304","0.00008901202818378806","0.01690673828125","0.0","False","0.21076297760009766","False","1.0"
"4","133632","512","3.030204081632653","0.0",,"0.0","0.009315631352365017","0.00008678098674863577","0.0170135498046875","0.0","False","0.19197894632816315","False","1.0"
"4","134144","512","3.0418140589569163","0.0",,"0.0","0.010642756707966328","0.00011326826643198729","0.018768310546875","0.0","False","0.21684302389621735","False","1.0"
"4","134656","512","3.053424036281179","0.0",,"0.0","0.010676074773073196","0.00011397857451811433","0.020538330078125","0.0","False","0.17852242290973663","False","1.0"
"4","135168","512","3.0650340136054424","148.65377807617188","50.21343127737772","0.8616539835929871","0.011165950447320938","0.0001246784522663802","0.0203399658203125","0.0","False","0.1936199963092804","False","1.0"
"4","135680","512","3.076643990929705","147.57383728027344","50.08720141473859","0.8743056058883667","0.01110895536839962","0.00012340889952611178","0.0190582275390625","0.0","False","0.17030639946460724","False","1.0"
"4","136192","512","3.0882539682539685","148.29495239257812","50.17159162765131","0.8641574382781982","0.008220460265874863","0.00006757596565876156","0.0148468017578125","0.0","False","0.13177058100700378","False","1.0"
"4","136704","512","3.0998639455782313","148.52452087402344","50.1983713295721","0.8696001172065735","0.01158964540809393","0.00013431988190859556","0.0212554931640625","0.0","False","0.2378072291612625","False","1.0"
"4","137216","512","3.111473922902494","0.0",,"0.0","0.011468321084976196","0.00013152239262126386","0.0185394287109375","0.0","False","0.14352434873580933","False","1.0"
"4","137728","512","3.1230839002267574","0.0",,"0.0","0.011870050802826881","0.00014089810429140925","0.0202484130859375","0.0","False","0.21643373370170593","False","1.0"
"4","138240","512","3.1346938775510202","0.0",,"0.0","0.008793837390840054","0.0000773315696278587","0.018035888671875","0.0","False","0.15092603862285614","False","1.0"
"4","138752","512","3.1463038548752835","0.0",,"0.0","0.010198362171649933","0.00010400658356957138","0.0177459716796875","0.0","False","0.20198415219783783","False","1.0"
"4","139264","512","3.1579138321995464","0.0",,"0.0","0.009562050923705101","0.00009143281931756064","0.016357421875","0.0","False","0.1304626613855362","False","1.0"
"4","139776","512","3.1695238095238096","0.0",,"0.0","0.011652578599750996","0.0001357825967716053","0.0220947265625","0.0","False","0.1894090324640274","False","1.0"
"4","140288","512","3.1811337868480725","0.0",,"0.0","0.011635834351181984","0.00013539263454731554","0.0196075439453125","0.0","False","0.19207988679409027","False","1.0"
"4","140800","512","3.1927437641723357","0.0",,"0.0","0.012588001787662506","0.0001584577839821577","0.0244140625","0.0","False","0.1898341178894043","False","1.0"
"4","141312","512","3.2043537414965986","0.0",,"0.0","0.004823644645512104","0.000023267548385774717","0.0094757080078125","0.0","False","0.19061167538166046","False","1.0"
"4","141824","512","3.215963718820862","0.0",,"0.0","0.005028017330914736","0.00002528095865272917","0.0103759765625","0.0","False","0.13906128704547882","False","1.0"
"4","142336","512","3.2275736961451247","0.0",,"0.0","0.009875301271677017","0.00009752157347975299","0.018280029296875","0.0","False","0.1309615522623062","False","1.0"
"4","142848","512","3.239183673469388","0.0",,"0.0","0.007291005924344063","0.00005315876842360012","0.01275634765625","0.0","False","0.17363889515399933","False","1.0"
"4","143360","512","3.250793650793651","0.0",,"0.0","0.010533238761126995","0.00011094911315012723","0.02001953125","0.0","False","0.14835597574710846","False","1.0"
"4","143872","512","3.2624036281179136","0.0",,"0.0","0.009954352863132954","0.00009908914216794074","0.020233154296875","0.0","False","0.17801599204540253","False","1.0"
"4","144384","512","3.274013605442177","0.0",,"0.0","0.006103289779275656","0.000037250145396683365","0.014495849609375","0.0","False","0.1761024296283722","False","1.0"
"4","144896","512","3.2856235827664397","0.0",,"0.0","0.00664239376783371","0.000044121396058471873","0.012969970703125","0.0","False","0.10043755918741226","False","1.0"
"4","145408","512","3.297233560090703","0.0",,"0.0","0.008433191105723381","0.00007111871673259884","0.0186920166015625","0.0","False","0.21097925305366516","False","1.0"
"4","145920","512","3.308843537414966","0.0",,"0.0","0.01452843938022852","0.00021107555949129164","0.0269927978515625","0.0","False","0.2404569834470749","False","1.0"
"4","146432","512","3.320453514739229","0.0",,"0.0","0.014342978596687317","0.00020572102221194655","0.0244598388671875","0.0","False","0.18529577553272247","False","1.0"
"4","146944","512","3.332063492063492","0.0",,"0.0","0.010140619240701199","0.00010283214942319319","0.0201873779296875","0.0","False","0.1427323967218399","False","1.0"
"4","147456","512","3.3436734693877552","0.0",,"0.0","0.007057849783450365","0.000049813243094831705","0.0159759521484375","0.0","False","0.21908318996429443","False","1.0"
"4","147968","512","3.355283446712018","0.0",,"0.0","0.019130166620016098","0.00036596329300664365","0.136260986328125","0.0","True","0.5037842392921448","False","1.0"
"4","148480","512","3.3668934240362813","0.0",,"0.0","0.021908028051257133","0.00047996165812946856","0.0380401611328125","0.0","False","0.17237843573093414","False","1.0"
"4","148992","512","3.378503401360544","0.0",,"0.0","0.019038159400224686","0.0003624514793045819","0.0323333740234375","0.0","False","0.12616294622421265","False","1.0"
"4","149504","512","3.3901133786848074","0.0",,"0.0","0.020196978002786636","0.0004079179489053786","0.0311126708984375","0.0","False","0.1325472593307495","False","1.0"
"4","150016","512","3.4017233560090703","0.0",,"0.0","0.01917010173201561","0.00036749281571246684","0.03436279296875","0.0","False","0.12147679924964905","False","1.0"
"4","150528","512","3.4133333333333336","0.0",,"0.0","0.01370262075215578","0.00018776180513668805","0.025665283203125","0.0","False","0.12292259931564331","False","1.0"
"4","151040","512","3.4249433106575964","0.0",,"0.0","0.01505410484969616","0.00022662608535028994","0.0260162353515625","0.0","False","0.09519967436790466","False","1.0"
"4","151552","512","3.436553287981859","0.0",,"0.0","0.02340948022902012","0.0005480037652887404","0.042205810546875","0.0","False","0.19120998680591583","False","1.0"
"4","152064","512","3.4481632653061225","147.24867248535156","50.049013245644495","0.8543107509613037","0.020658165216445923","0.00042675979784689844","0.03790283203125","0.0","False","0.12036314606666565","False","1.0"
"4","152576","512","3.4597732426303853","0.0",,"0.0","0.01291357446461916","0.00016676039376761764","0.0233001708984375","0.0","False","0.1163986325263977","False","1.0"
"4","153088","512","3.4713832199546486","0.0",,"0.0","0.015556405298411846","0.00024200174084398896","0.0270843505859375","0.0","False","0.1792367696762085","False","1.0"
"4","153600","512","3.4829931972789114","0.0",,"0.0","0.015275473706424236","0.00023334009165409952","0.03851318359375","0.0","False","0.19876708090305328","False","1.0"
"4","154112","512","3.4946031746031747","0.0",,"0.0","0.00026900210650637746","7.23621269571595E-08","0.000701904296875","0.0","False","0.0","True","0.0"
"5","0","512","0.0","0.0",,"0.0","0.0","0.0","0.0","0.0","False","0.0","True","0.0"
"5","512","512","0.011609977324263039","0.0",,"0.0","0.0","0.0","0.0","0.0","False","0.0","True","0.0"
"5","1024","512","0.023219954648526078","0.0",,"0.0","0.0","0.0","0.0","0.0","False","0.0","True","0.0"
"5","1536","512","0.034829931972789115","0.0",,"0.0","0.0","0.0","0.0","0.0","False","0.0","True","0.0"
"5","2048","512","0.046439909297052155","0.0",,"0.0","0.0","0.0","0.0","0.0","False","0.0","True","0.0"
"5","2560","512","0.058049886621315196","0.0",,"0.0","0.0","0.0","0.0","0.0","False","0.0","True","0.0"
"5","3072","512","0.06965986394557823","0.0",,"0.0","0.0","0.0","0.0","0.0","False","0.0","True","0.0"
"5","3584","512","0.08126984126984127","0.0",,"0.0","0.000002431401981084491","5.91171556152403E-12","0.0000152587890625","0.0","False","0.0","True","0.0"
"5","4096","512","0.09287981859410431","0.0",,"0.0","0.000009270774171454832","8.59472493175417E-11","0.000030517578125","0.0","False","0.0","True","0.0"
"5","4608","512","0.10448979591836735","0.0",,"0.0","0.00001307612365053501","1.70985003933311E-10","0.000030517578125","0.0","False","0.0","True","0.0"
"5","5120","512","0.11609977324263039","0.0",,"0.0","0.00001307612365053501","1.70985003933311E-10","0.000030517578125","0.0","False","0.0","True","0.0"
"5","5632","512","0.12770975056689343","0.0",,"0.0","0.000014032305443834048","1.96905602933839E-10","0.0000457763671875","0.0","False","0.0","True","0.0"
"5","6144","512","0.13931972789115646","0.0",,"0.0","0.00008478320523863658","7.18819137546234E-09","0.0005035400390625","0.0","False","0.0","True","0.0"
"5","6656","512","0.1509297052154195","0.0",,"0.0","0.0005621996824629605","3.1606850825483E-07","0.0013275146484375","0.0","False","0.0","True","0.0"
"5","7168","512","0.16253968253968254","0.0",,"0.0","0.0017891761381179094","0.000003201151230314281","0.003326416015625","0.0","False","0.0","True","0.0"
"5","7680","512","0.17414965986394557","0.0",,"0.0","0.0025746480096131563","0.00000662881257085246","0.0039825439453125","0.0","False","0.0","True","0.0"
"5","8192","512","0.18575963718820862","149.10081481933594","50.26541541672691","0.8828904628753662","0.004376697354018688","0.000019155479094479233","0.00665283203125","0.0","False","1.0","False","1.0"
"5","8704","512","0.19736961451247165","148.10751342773438","50.14969567206823","0.8949123620986938","0.005437271669507027","0.000029563921998487785","0.0094146728515625","0.0","False","0.31724730134010315","False","1.0"
"5","9216","512","0.2089795918367347","150.4661407470703","50.42322421752732","0.8586345314979553","0.00720953568816185","0.00005197740756557323","0.014495849609375","0.0","False","0.4433366358280182","False","1.0"
"5","9728","512","0.22058956916099773","147.79025268554688","50.11257117349585","0.8985890746116638","0.011997684836387634","0.00014394443132914603","0.019378662109375","0.0","False","0.33926883339881897","False","1.0"
"5","10240","512","0.23219954648526078","147.8647918701172","50.121300588361464","0.9061055779457092","0.013299801386892796","0.00017688471416477114","0.0234527587890625","0.0","False","0.33725979924201965","False","1.0"
"5","10752","512","0.2438095238095238","146.37896728515625","49.94645698360381","0.9030331969261169","0.013002128340303898","0.0001690553326625377","0.0216064453125","0.0","False","0.15564016997814178","False","1.0"
"5","11264","512","0.25541950113378686","147.84791564941406","50.11932456993618","0.8569414615631104","0.013770620338618755","0.0001896299800137058","0.0231781005859375","0.0","False","0.29616019129753113","False","1.0"
"5","11776","512","0.26702947845804986","0.0",,"0.0","0.019886910915374756","0.00039548921631649137","0.03564453125","0.0","False","0.2892373204231262","False","1.0"
"5","12288","512","0.2786394557823129","0.0",,"0.0","0.017473619431257248","0.0003053273831028491","0.033447265625","0.0","False","0.19100545346736908","False","1.0"
"5","12800","512","0.29024943310657597","0.0",,"0.0","0.01715889386832714","0.0002944276493508369","0.0301971435546875","0.0","False","0.22039736807346344","False","1.0"
"5","13312","512","0.301859410430839","0.0",,"0.0","0.018074296414852142","0.00032668019412085414","0.03289794921875","0.0","False","0.19549329578876495","False","1.0"
"5","13824","512","0.313469387755102","0.0",,"0.0","0.018425604328513145","0.0003395028761588037","0.0346832275390625","0.0","False","0.16763603687286377","False","1.0"
"5","14336","512","0.3250793650793651","0.0",,"0.0","0.012963834218680859","0.0001680610002949834","0.0233001708984375","0.0","False","0.15192604064941406","False","1.0"
"5","14848","512","0.33668934240362813","0.0",,"0.0","0.012230047956109047","0.0001495740725658834","0.022491455078125","0.0","False","0.16744060814380646","False","1.0"
"5","15360","512","0.34829931972789113","0.0",,"0.0","0.0160977840423584","0.0002591386728454381","0.033447265625","0.0","False","0.20671482384204865","False","1.0"
"5","15872","512","0.3599092970521542","0.0",,"0.0","0.012019624002277851","0.0001444713561795652","0.023651123046875","0.0","False","0.17465519905090332","False","1.0"
"5","16384","512","0.37151927437641724","0.0",,"0.0","0.014219565317034721","0.0002021960390266031","0.024993896484375","0.0","False","0.13080599904060364","False","1.0"
"5","16896","512","0.3831292517006803","0.0",,"0.0","0.007675569504499435","0.00005891436740057543","0.01953125","0.0","False","0.15684889256954193","False","1.0"
"5","17408","512","0.3947392290249433","0.0",,"0.0","0.01151672750711441","0.00013263501750770956","0.0267486572265625","0.0","False","0.1559317260980606","False","1.0"
"5","17920","512","0.40634920634920635","0.0",,"0.0","0.00964261218905449","0.00009297997166868299","0.0190582275390625","0.0","False","0.17790330946445465","False","1.0"
"5","18432","512","0.4179591836734694","0.0",,"0.0","0.012449539266526699","0.0001549910375615582","0.023956298828125","0.0","False","0.1853620409965515","False","1.0"
"5","18944","512","0.4295691609977324","0.0",,"0.0","0.014199089258909225","0.00020161413704045117","0.0250396728515625","0.0","False","0.17224563658237457","False","1.0"
"5","19456","512","0.44117913832199546","0.0",,"0.0","0.006929677911102772","0.00004802043622476049","0.0139312744140625","0.0","False","0.14721746742725372","False","1.0"
"5","19968","512","0.4527891156462585","0.0",,"0.0","0.013728354126214981","0.00018846771854441613","0.025177001953125","0.0","False","0.16684812307357788","False","1.0"
"5","20480","512","0.46439909297052157","0.0",,"0.0","0.007840410806238651","0.00006147204112494364","0.0209808349609375","0.0","False","0.19534607231616974","False","1.0"
"5","20992","512","0.47600907029478456","0.0",,"0.0","0.015528148040175438","0.0002411233726888895","0.023590087890625","0.0","False","0.2234635204076767","False","1.0"
"5","21504","512","0.4876190476190476","0.0",,"0.0","0.014996478334069252","0.0002248943637823686","0.0303192138671875","0.0","False","0.18045778572559357","False","1.0"
"5","22016","512","0.4992290249433107","0.0",,"0.0","0.017001809552311897","0.0002890615432988852","0.0279541015625","0.0","False","0.18878166377544403","False","1.0"
"5","22528","512","0.5108390022675737","0.0",,"0.0","0.017344055697321892","0.00030081626027822495","0.031524658203125","0.0","False","0.1465338170528412","False","1.0"
"5","23040","512","0.5224489795918368","0.0",,"0.0","0.014817502349615097","0.00021955836564302444","0.0310516357421875","0.0","False","0.1730429083108902","False","1.0"
"5","23552","512","0.5340589569160997","0.0",,"0.0","0.018622880801558495","0.0003468116628937423","0.0331268310546875","0.0","False","0.18100997805595398","False","1.0"
"5","24064","512","0.5456689342403628","0.0",,"0.0","0.02100300043821335","0.00044112600153312087","0.0381317138671875","0.0","False","0.24081115424633026","False","1.0"
"5","24576","512","0.5572789115646258","0.0",,"0.0","0.022734303027391434","0.0005168485222384334","0.0399322509765625","0.0","False","0.16888828575611115","False","1.0"
"5","25088","512","0.5688888888888889","0.0",,"0.0","0.02140282839536667","0.0004580810491461307","0.039215087890625","0.0","False","0.15432025492191315","False","1.0"
"5","25600","512","0.5804988662131519","0.0",,"0.0","0.024586480110883713","0.0006044949986971915","0.0412750244140625","0.0","False","0.2101382166147232","False","1.0"
"5","26112","512","0.592108843537415","0.0",,"0.0","0.02420368418097496","0.0005858183722011745","0.0395965576171875","0.0","False","0.19600248336791992","False","1.0"
"5","26624","512","0.603718820861678","0.0",,"0.0","0.02434033714234829","0.0005924520082771778","0.03985595703125","0.0","False","0.13544818758964539","False","1.0"
"5","27136","512","0.615328798185941","0.0",,"0.0","0.01884729415178299","0.0003552204871084541","0.038299560546875","0.0","False","0.1670091152191162","False","1.0"
"5","27648","512","0.626938775510204","0.0",,"0.0","0.024103853851556778","0.0005809957510791719","0.039398193359375","0.0","False","0.17432500422000885","False","1.0"
"5","28160","512","0.6385487528344671","0.0",,"0.0","0.024003446102142334","0.0005761654465459287","0.045867919921875","0.0","False","0.1819782555103302","False","1.0"
"5","28672","512","0.6501587301587302","0.0",,"0.0","0.020170560106635094","0.00040685152634978294","0.0380096435546875","0.0","False","0.12256379425525665","False","1.0"
"5","29184","512","0.6617687074829932","0.0",,"0.0","0.02368139661848545","0.0005608085775747895","0.0460662841796875","0.0","False","0.1467396467924118","False","1.0"
"5","29696","512","0.6733786848072563","0.0",,"0.0","0.017414717003703117","0.00030327236163429916","0.0351409912109375","0.0","False","0.18000338971614838","False","1.0"
"5","30208","512","0.6849886621315193","0.0",,"0.0","0.021462885662913322","0.000460655486676842","0.042755126953125","0.0","False","0.1462670862674713","False","1.0"
"5","30720","512","0.6965986394557823","0.0",,"0.0","0.015873832628130913","0.00025197857758030295","0.0300445556640625","0.0","False","0.17762166261672974","False","1.0"
"5","31232","512","0.7082086167800453","0.0",,"0.0","0.012059514410793781","0.00014543189899995923","0.0298919677734375","0.0","False","0.13504378497600555","False","1.0"
"5","31744","512","0.7198185941043084","0.0",,"0.0","0.01684257946908474","0.0002836725034285337","0.03253173828125","0.0","False","0.15692934393882751","False","1.0"
"5","32256","512","0.7314285714285714","0.0",,"0.0","0.010642336681485176","0.00011325932428007945","0.02276611328125","0.0","False","0.1287400722503662","False","1.0"
"5","32768","512","0.7430385487528345","0.0",,"0.0","0.01198936253786087","0.0001437448081560433","0.024322509765625","0.0","False","0.14147965610027313","False","1.0"
"5","33280","512","0.7546485260770975","0.0",,"0.0","0.011026575230062008","0.00012158536264905706","0.02642822265625","0.0","False","0.1414274275302887","False","1.0"
"5","33792","512","0.7662585034013606","0.0",,"0.0","0.011438201181590557","0.0001308324426645413","0.0237579345703125","0.0","False","0.1813168078660965","False","1.0"
"5","34304","512","0.7778684807256235","0.0",,"0.0","0.011005653068423271","0.00012112440163036808","0.020904541015625","0.0","False","0.11483121663331985","False","1.0"
"5","34816","512","0.7894784580498866","0.0",,"0.0","0.013266673311591148","0.0001760046143317595","0.0254058837890625","0.0","False","0.2301941066980362","False","1.0"
"5","35328","512","0.8010884353741496","0.0",,"0.0","0.016464784741401672","0.00027108914218842983","0.0323333740234375","0.0","False","0.17208315432071686","False","1.0"
"5","35840","512","0.8126984126984127","0.0",,"0.0","0.013653534464538097","0.00018641899805516005","0.0310821533203125","0.0","False","0.15417525172233582","False","1.0"
"5","36352","512","0.8243083900226758","0.0",,"0.0","0.0181940495967865","0.0003310234460514039","0.032745361328125","0.0","False","0.178156316280365","False","1.0"
"5","36864","512","0.8359183673469388","0.0",,"0.0","0.017716586589813232","0.00031387744820676744","0.031524658203125","0.0","False","0.19956213235855103","False","1.0"
"5","37376","512","0.8475283446712019","0.0",,"0.0","0.014753732830286026","0.00021767262660432607","0.027679443359375","0.0","False","0.1155238226056099","False","1.0"
"5","37888","512","0.8591383219954648","0.0",,"0.0","0.01750739850103855","0.0003065089986193925","0.0314788818359375","0.0","False","0.16776470839977264","False","1.0"
"5","38400","512","0.8707482993197279","0.0",,"0.0","0.015809880569577217","0.00024995231069624424","0.025177001953125","0.0","False","0.1624760776758194","False","1.0"
"5","38912","512","0.8823582766439909","0.0",,"0.0","0.018261108547449112","0.0003334681096021086","0.035369873046875","0.0","False","0.1668575555086136","False","1.0"
"5","39424","512","0.893968253968254","0.0",,"0.0","0.028538377955555916","0.0008144390303641558","0.0501251220703125","0.0","False","0.22344203293323517","False","1.0"
"5","39936","512","0.905578231292517","0.0",,"0.0","0.023607639595866203","0.0005573206581175327","0.043609619140625","0.0","False","0.15320418775081635","False","1.0"
"5","40448","512","0.9171882086167801","0.0",,"0.0","0.07021234184503555","0.004929773043841124","0.189483642578125","0.0","True","0.646464467048645","False","1.0"
"5","40960","512","0.9287981859410431","0.0",,"0.0","0.09129945188760757","0.008335589431226254","0.199798583984375","0.0","False","0.38063573837280273","False","1.0"
"5","41472","512","0.9404081632653061","0.0",,"0.0","0.04166732355952263","0.0017361657228320837","0.1232147216796875","0.0","False","0.13850903511047363","False","1.0"
"5","41984","512","0.9520181405895691","0.0",,"0.0","0.03343428298830986","0.0011178512359037995","0.0757598876953125","0.0","False","0.10758762061595917","False","1.0"
"5","42496","512","0.9636281179138322","0.0",,"0.0","0.03460723161697388","0.0011976605746895075","0.072906494140625","0.0","False","0.10847065597772598","False","1.0"
"5","43008","512","0.9752380952380952","0.0",,"0.0","0.032695792615413666","0.0010690148919820786","0.0709991455078125","0.0","False","0.09418876469135284","False","1.0"
"5","43520","512","0.9868480725623583","0.0",,"0.0","0.03393397107720375","0.0011515144724398851","0.07366943359375","0.0","False","0.10491377860307693","False","1.0"
"5","44032","512","0.9984580498866213","0.0",,"0.0","0.042065978050231934","0.001769546652212739","0.0773162841796875","0.0","False","0.1257179081439972","False","1.0"
"5","44544","512","1.0100680272108844","0.0",,"0.0","0.036841802299022675","0.0013573183678090572","0.1004791259765625","0.0","False","0.17494657635688782","False","1.0"
"5","45056","512","1.0216780045351475","0.0",,"0.0","0.034212835133075714","0.0011705179931595922","0.0668487548828125","0.0","False","0.10502177476882935","False","1.0"
"5","45568","512","1.0332879818594105","0.0",,"0.0","0.03864312171936035","0.001493290881626308","0.0874176025390625","0.0","False","0.16695989668369293","False","1.0"
"5","46080","512","1.0448979591836736","0.0",,"0.0","0.034066297113895416","0.0011605126783251762","0.0726776123046875","0.0","False","0.13034731149673462","False","1.0"
"5","46592","512","1.0565079365079366","0.0",,"0.0","0.03107491508126259","0.0009656503098085523","0.0825653076171875","0.0","False","0.14194035530090332","False","1.0"
"5","47104","512","1.0681179138321995","0.0",,"0.0","0.031003039330244064","0.0009611884597688913","0.0781402587890625","0.0","False","0.15546059608459473","False","1.0"
"5","47616","512","1.0797278911564625","0.0",,"0.0","0.030427146703004837","0.0009258112986572087","0.0781402587890625","0.0","False","0.12303925305604935","False","1.0"
"5","48128","512","1.0913378684807256","0.0",,"0.0","0.028429796919226646","0.0008082533604465425","0.0684661865234375","0.0","False","0.1431596279144287","False","1.0"
"5","48640","512","1.1029478458049886","0.0",,"0.0","0.025082500651478767","0.000629131798632443","0.052093505859375","0.0","False","0.11012253165245056","False","1.0"
"5","49152","512","1.1145578231292517","0.0",,"0.0","0.03160293400287628","0.0009987454395741224","0.0713043212890625","0.0","False","0.13542449474334717","False","1.0"
"5","49664","512","1.1261678004535147","0.0",,"0.0","0.024302007630467415","0.0005905876168981194","0.0619049072265625","0.0","False","0.10852400213479996","False","1.0"
"5","50176","512","1.1377777777777778","0.0",,"0.0","0.024928532540798187","0.000621431740000844","0.05706787109375","0.0","False","0.13122397661209106","False","1.0"
"5","50688","512","1.1493877551020408","0.0",,"0.0","0.030868269503116608","0.0009528500959277153","0.06304931640625","0.0","False","0.13674426078796387","False","1.0"
"5","51200","512","1.1609977324263039","0.0",,"0.0","0.02435273490846157","0.0005930556799285114","0.05682373046875","0.0","False","0.17086942493915558","False","1.0"
"5","51712","512","1.172607709750567","0.0",,"0.0","0.032761260867118835","0.0010733002563938498","0.0631561279296875","0.0","False","0.1319396048784256","False","1.0"
"5","52224","512","1.18421768707483","0.0",,"0.0","0.03287274017930031","0.0010806170757859945","0.0680084228515625","0.0","False","0.13785837590694427","False","1.0"
"5","52736","512","1.195827664399093","0.0",,"0.0","0.03293762728571892","0.0010848873062059283","0.0657501220703125","0.0","False","0.1408613920211792","False","1.0"
"5","53248","512","1.207437641723356","0.0",,"0.0","0.03763481229543686","0.0014163792366161942","0.067138671875","0.0","False","0.1294088065624237","False","1.0"
"5","53760","512","1.2190476190476192","0.0",,"0.0","0.028939705342054367","0.0008375064935535192","0.0547637939453125","0.0","False","0.1176319494843483","False","1.0"
"5","54272","512","1.230657596371882","0.0",,"0.0","0.03334244713187218","0.0011117187095806003","0.06689453125","0.0","False","0.15724211931228638","False","1.0"
"5","54784","512","1.242267573696145","0.0",,"0.0","0.03622419014573097","0.001312191947363317","0.06915283203125","0.0","False","0.1350087672472","False","1.0"
"5","55296","512","1.253877551020408","0.0",,"0.0","0.031950946897268295","0.0010208629537373781","0.0726318359375","0.0","False","0.13075347244739532","False","1.0"
"5","55808","512","1.2654875283446712","0.0",,"0.0","0.031089449301362038","0.000966553867328912","0.0724945068359375","0.0","False","0.1250133067369461","False","1.0"
"5","56320","512","1.2770975056689342","0.0",,"0.0","0.030492424964904785","0.000929787929635495","0.0610809326171875","0.0","False","0.14200368523597717","False","1.0"
"5","56832","512","1.2887074829931973","0.0",,"0.0","0.02856425940990448","0.0008159169228747487","0.0679931640625","0.0","False","0.13036346435546875","False","1.0"
"5","57344","512","1.3003174603174603","0.0",,"0.0","0.029843641445040703","0.0008906429866328835","0.0630035400390625","0.0","False","0.129120334982872","False","1.0"
"5","57856","512","1.3119274376417234","0.0",,"0.0","0.02925669029355049","0.0008559539564885199","0.0596466064453125","0.0","False","0.14146119356155396","False","1.0"
"5","58368","512","1.3235374149659864","0.0",,"0.0","0.03228378668427467","0.0010422428604215384","0.0681304931640625","0.0","False","0.12737512588500977","False","1.0"
"5","58880","512","1.3351473922902495","0.0",,"0.0","0.02149888500571251","0.00046220203512348235","0.040802001953125","0.0","False","0.11937635391950607","False","1.0"
"5","59392","512","1.3467573696145125","0.0",,"0.0","0.024922911077737808","0.0006211514701135457","0.0551300048828125","0.0","False","0.13645896315574646","False","1.0"
"5","59904","512","1.3583673469387756","0.0",,"0.0","0.025433216243982315","0.000646848464384675","0.0603790283203125","0.0","False","0.12600518763065338","False","1.0"
"5","60416","512","1.3699773242630386","0.0",,"0.0","0.022119401022791862","0.0004892678698524833","0.0470428466796875","0.0","False","0.16157884895801544","False","1.0"
"5","60928","512","1.3815873015873017","0.0",,"0.0","0.029018033295869827","0.0008420462254434824","0.06658935546875","0.0","False","0.11456037312746048","False","1.0"
"5","61440","512","1.3931972789115645","0.0",,"0.0","0.017717557027935982","0.00031391181983053684","0.0372161865234375","0.0","False","0.11785638332366943","False","1.0"
"5","61952","512","1.4048072562358276","0.0",,"0.0","0.020629871636629105","0.0004255915991961956","0.04351806640625","0.0","False","0.15257495641708374","False","1.0"
"5","62464","512","1.4164172335600906","0.0",,"0.0","0.01970522850751877","0.00038829600089229643","0.041015625","0.0","False","0.12276248633861542","False","1.0"
"5","62976","512","1.4280272108843537","0.0",,"0.0","0.0223977193236351","0.0005016578361392021","0.04583740234375","0.0","False","0.12901030480861664","False","1.0"
"5","63488","512","1.4396371882086167","0.0",,"0.0","0.02260749414563179","0.000511098769493401","0.048004150390625","0.0","False","0.16107115149497986","False","1.0"
"5","64000","512","1.4512471655328798","0.0",,"0.0","0.020122544839978218","0.0004049168201163411","0.0393218994140625","0.0","False","0.14776521921157837","False","1.0"
"5","64512","512","1.4628571428571429","0.0",,"0.0","0.023343771696090698","0.0005449316813610494","0.0456085205078125","0.0","False","0.14003735780715942","False","1.0"
"5","65024","512","1.474467120181406","0.0",,"0.0","0.01622796803712845","0.00026334697031416","0.033355712890625","0.0","False","0.14368237555027008","False","1.0"
"5","65536","512","1.486077097505669","0.0",,"0.0","0.02114582061767578","0.0004471457505133003","0.04443359375","0.0","False","0.14351916313171387","False","1.0"
"5","66048","512","1.497687074829932","0.0",,"0.0","0.021398086100816727","0.0004578780790325254","0.0371551513671875","0.0","False","0.12483694404363632","False","1.0"
"5","66560","512","1.509297052154195","0.0",,"0.0","0.0184504222124815","0.0003404181043151766","0.0358734130859375","0.0","False","0.1405642181634903","False","1.0"
"5","67072","512","1.5209070294784581","0.0",,"0.0","0.027472522109746933","0.0007547394488938153","0.04864501953125","0.0","False","0.1469952017068863","False","1.0"
"5","67584","512","1.5325170068027212","0.0",,"0.0","0.024772264063358307","0.0006136650335974991","0.059326171875","0.0","False","0.14398600161075592","False","1.0"
"5","68096","512","1.5441269841269842","0.0",,"0.0","0.028280867263674736","0.0007998074288479984","0.060028076171875","0.0","False","0.21836769580841064","False","1.0"
"5","68608","512","1.555736961451247","0.0",,"0.0","0.02676812745630741","0.0007165326387621462","0.054229736328125","0.0","False","0.1170954778790474","False","1.0"
"5","69120","512","1.5673469387755101","0.0",,"0.0","0.021500855684280396","0.0004622867563739419","0.04241943359375","0.0","False","0.1532149612903595","False","1.0"
"5","69632","512","1.5789569160997732","0.0",,"0.0","0.026331640779972076","0.000693355337716639","0.0573272705078125","0.0","False","0.1430061161518097","False","1.0"
"5","70144","512","1.5905668934240362","0.0",,"0.0","0.03199136257171631","0.001023447373881936","0.0675811767578125","0.0","False","0.23740068078041077","False","1.0"
"5","70656","512","1.6021768707482993","0.0",,"0.0","0.032054632902145386","0.0010274994419887662","0.064788818359375","0.0","False","0.1619352400302887","False","1.0"
"5","71168","512","1.6137868480725623","0.0",,"0.0","0.029941176995635033","0.0008964741136878729","0.0582275390625","0.0","False","0.14709199965000153","False","1.0"
"5","71680","512","1.6253968253968254","0.0",,"0.0","0.025829771533608437","0.000667177140712738","0.054290771484375","0.0","False","0.12117404490709305","False","1.0"
"5","72192","512","1.6370068027210884","0.0",,"0.0","0.02652817964553833","0.0007037442992441356","0.0574493408203125","0.0","False","0.18820545077323914","False","1.0"
"5","72704","512","1.6486167800453515","0.0",,"0.0","0.025151601061224937","0.0006326030124910176","0.05694580078125","0.0","False","0.1464557647705078","False","1.0"
"5","73216","512","1.6602267573696146","0.0",,"0.0","0.02283087745308876","0.0005212489631958306","0.0511932373046875","0.0","False","0.15997371077537537","False","1.0"
"5","73728","512","1.6718367346938776","0.0",,"0.0","0.028576817363500595","0.000816634448710829","0.0563507080078125","0.0","False","0.11428773403167725","False","1.0"
"5","74240","512","1.6834467120181407","0.0",,"0.0","0.017197081819176674","0.00029573962092399597","0.035797119140625","0.0","False","0.21242325007915497","False","1.0"
"5","74752","512","1.6950566893424037","0.0",,"0.0","0.018719803541898727","0.0003504310443531722","0.0423431396484375","0.0","False","0.13709820806980133","False","1.0"
"5","75264","512","1.7066666666666668","0.0",,"0.0","0.016223663464188576","0.00026320727192796767","0.037261962890625","0.0","False","0.17050886154174805","False","1.0"
"5","75776","512","1.7182766439909296","0.0",,"0.0","0.014223781414330006","0.00020231596136000007","0.030609130859375","0.0","False","0.10676120966672897","False","1.0"
"5","76288","512","1.7298866213151927","0.0",,"0.0","0.021519986912608147","0.00046310987090691924","0.0410919189453125","0.0","False","0.13416452705860138","False","1.0"
"5","76800","512","1.7414965986394557","0.0",,"0.0","0.019202204421162605","0.0003687246353365481","0.035919189453125","0.0","False","0.18186137080192566","False","1.0"
"5","77312","512","1.7531065759637188","0.0",,"0.0","0.01640116050839424","0.00026899809017777443","0.03143310546875","0.0","False","0.19678013026714325","False","1.0"
"5","77824","512","1.7647165532879818","0.0",,"0.0","0.013574357144534588","0.00018426316091790795","0.029876708984375","0.0","False","0.13391387462615967","False","1.0"
"5","78336","512","1.7763265306122449","0.0",,"0.0","0.014459600672125816","0.0002090800553560257","0.030731201171875","0.0","False","0.1627802699804306","False","1.0"
"5","78848","512","1.787936507936508","0.0",,"0.0","0.015889868140220642","0.0002524878946132958","0.0326995849609375","0.0","False","0.13475552201271057","False","1.0"
"5","79360","512","1.799546485260771","0.0",,"0.0","0.014087727293372154","0.00019846406939905137","0.0269622802734375","0.0","False","0.1429903209209442","False","1.0"
"5","79872","512","1.811156462585034","0.0",,"0.0","0.0183875672519207","0.00033810260356403887","0.035247802734375","0.0","False","0.15462176501750946","False","1.0"
"5","80384","512","1.822766439909297","0.0",,"0.0","0.013829128816723824","0.00019124480604659766","0.0364837646484375","0.0","False","0.16642163693904877","False","1.0"
"5","80896","512","1.8343764172335602","0.0",,"0.0","0.017683861777186394","0.0003127189411316067","0.0301361083984375","0.0","False","0.17495815455913544","False","1.0"
"5","81408","512","1.8459863945578232","0.0",,"0.0","0.015482770279049873","0.00023971617338247597","0.0315093994140625","0.0","False","0.15585805475711823","False","1.0"
"5","81920","512","1.8575963718820863","0.0",,"0.0","0.013237847946584225","0.00017524062423035502","0.0266876220703125","0.0","False","0.13785868883132935","False","1.0"
"5","82432","512","1.8692063492063493","0.0",,"0.0","0.01861468516290188","0.00034650650923140347","0.035003662109375","0.0","False","0.16724732518196106","False","1.0"
"5","82944","512","1.8808163265306121","0.0",,"0.0","0.01952918991446495","0.00038138925447128713","0.03765869140625","0.0","False","0.19154031574726105","False","1.0"
"5","83456","512","1.8924263038548752","0.0",,"0.0","0.025881940498948097","0.0006698748329654336","0.0450286865234375","0.0","False","0.22123217582702637","False","1.0"
"5","83968","512","1.9040362811791383","0.0",,"0.0","0.025157513096928596","0.0006329004536382854","0.0388641357421875","0.0","False","0.18456779420375824","False","1.0"
"5","84480","512","1.9156462585034013","0.0",,"0.0","0.018351422622799873","0.00033677471219561994","0.036224365234375","0.0","False","0.1278529167175293","False","1.0"
"5","84992","512","1.9272562358276644","0.0",,"0.0","0.021929219365119934","0.0004808906523976475","0.0369720458984375","0.0","False","0.15648360550403595","False","1.0"
"5","85504","512","1.9388662131519274","0.0",,"0.0","0.019117413088679314","0.0003654754546005279","0.032928466796875","0.0","False","0.14335200190544128","False","1.0"
"5","86016","512","1.9504761904761905","0.0",,"0.0","0.021852875128388405","0.000477548164781183","0.0388946533203125","0.0","False","0.21465733647346497","False","1.0"
"5","86528","512","1.9620861678004535","0.0",,"0.0","0.029137633740901947","0.0008490016916766763","0.050567626953125","0.0","False","0.2564987242221832","False","1.0"
"5","87040","512","1.9736961451247166","0.0",,"0.0","0.022216921672225","0.0004935915931127965","0.044830322265625","0.0","False","0.14743967354297638","False","1.0"
"5","87552","512","1.9853061224489796","0.0",,"0.0","0.023089352995157242","0.0005331182619556785","0.04290771484375","0.0","False","0.13932408392429352","False","1.0"
"5","88064","512","1.9969160997732427","0.0",,"0.0","0.015948200598359108","0.0002543451264500618","0.0300445556640625","0.0","False","0.20266616344451904","False","1.0"
"5","88576","512","2.0085260770975055","0.0",,"0.0","0.018940232694149017","0.00035873244632966816","0.0364837646484375","0.0","False","0.15080104768276215","False","1.0"
"5","89088","512","2.020136054421769","0.0",,"0.0","0.02017679251730442","0.0004071029252372682","0.0408477783203125","0.0","False","0.1665128469467163","False","1.0"
"5","89600","512","2.0317460317460316","0.0",,"0.0","0.01611582189798355","0.0002597197308205068","0.0395965576171875","0.0","False","0.13239248096942902","False","1.0"
"5","90112","512","2.043356009070295","0.0",,"0.0","0.022197574377059937","0.000492732273414731","0.04351806640625","0.0","False","0.16436989605426788","False","1.0"
"5","90624","512","2.0549659863945577","0.0",,"0.0","0.012420128099620342","0.0001542595709906891","0.0238494873046875","0.0","False","0.2109745293855667","False","1.0"
"5","91136","512","2.066575963718821","0.0",,"0.0","0.012615958228707314","0.00015916240226943046","0.022552490234375","0.0","False","0.12362195551395416","False","1.0"
"5","91648","512","2.078185941043084","0.0",,"0.0","0.016860127449035645","0.0002842638932634145","0.0330352783203125","0.0","False","0.1623159945011139","False","1.0"
"5","92160","512","2.089795918367347","0.0",,"0.0","0.01542146597057581","0.00023782160133123398","0.03338623046875","0.0","False","0.15932981669902802","False","1.0"
"5","92672","512","2.10140589569161","0.0",,"0.0","0.018338540568947792","0.00033630203688517213","0.039031982421875","0.0","False","0.15580695867538452","False","1.0"
"5","93184","512","2.1130158730158732","0.0",,"0.0","0.016606109216809273","0.00027576283900998533","0.0337677001953125","0.0","False","0.1457768678665161","False","1.0"
"5","93696","512","2.124625850340136","0.0",,"0.0","0.01394642237573862","0.00019450270337983966","0.02587890625","0.0","False","0.14351001381874084","False","1.0"
"5","94208","512","2.136235827664399","0.0",,"0.0","0.01401954423636198","0.0001965476112673059","0.0294647216796875","0.0","False","0.17823860049247742","False","1.0"
"5","94720","512","2.147845804988662","0.0",,"0.0","0.017025699838995934","0.00028987444238737226","0.0289306640625","0.0","False","0.1689893901348114","False","1.0"
"5","95232","512","2.159455782312925","0.0",,"0.0","0.019999206066131592","0.0003999682667199522","0.0401763916015625","0.0","False","0.17641480267047882","False","1.0"
"5","95744","512","2.1710657596371883","0.0",,"0.0","0.023038595914840698","0.0005307769170030951","0.039337158203125","0.0","False","0.2537440061569214","False","1.0"
"5","96256","512","2.182675736961451","0.0",,"0.0","0.02550174668431282","0.0006503391196019948","0.0447235107421875","0.0","False","0.16573822498321533","False","1.0"
"5","96768","512","2.1942857142857144","0.0",,"0.0","0.01655753143131733","0.0002741518255788833","0.0296783447265625","0.0","False","0.15394017100334167","False","1.0"
"5","97280","512","2.2058956916099772","0.0",,"0.0","0.01865622214972973","0.0003480546292848885","0.0400390625","0.0","False","0.1872202605009079","False","1.0"
"5","97792","512","2.2175056689342405","0.0",,"0.0","0.028680896386504173","0.0008225938654504716","0.043304443359375","0.0","False","0.2219850718975067","False","1.0"
"5","98304","512","2.2291156462585033","0.0",,"0.0","0.022596394643187523","0.0005105970776639879","0.0396575927734375","0.0","False","0.14238399267196655","False","1.0"
"5","98816","512","2.2407256235827666","0.0",,"0.0","0.02520074136555195","0.0006350773619487882","0.039520263671875","0.0","False","0.16588720679283142","False","1.0"
"5","99328","512","2.2523356009070294","0.0",,"0.0","0.023580048233270645","0.0005560186691582203","0.04388427734375","0.0","False","0.15886366367340088","False","1.0"
"5","99840","512","2.2639455782312927","0.0",,"0.0","0.01912097819149494","0.0003656118060462177","0.0366668701171875","0.0","False","0.19230391085147858","False","1.0"
"5","100352","512","2.2755555555555556","0.0",,"0.0","0.022140035405755043","0.0004901811480522156","0.03826904296875","0.0","False","0.10386621206998825","False","1.0"
"5","100864","512","2.2871655328798184","0.0",,"0.0","0.019440701231360435","0.0003779408289119601","0.035919189453125","0.0","False","0.22261007130146027","False","1.0"
"5","101376","512","2.2987755102040817","0.0",,"0.0","0.02341749705374241","0.0005483792047016323","0.0410308837890625","0.0","False","0.20240703225135803","False","1.0"
"5","101888","512","2.3103854875283445","0.0",,"0.0","0.017685147002339363","0.0003127644013147801","0.0311126708984375","0.0","False","0.19996020197868347","False","1.0"
"5","102400","512","2.3219954648526078","0.0",,"0.0","0.014746906235814095","0.0002174712426494807","0.0247039794921875","0.0","False","0.1295061707496643","False","1.0"
"5","102912","512","2.3336054421768706","0.0",,"0.0","0.02437894232571125","0.0005943328724242747","0.0387725830078125","0.0","False","0.18073734641075134","False","1.0"
"5","103424","512","2.345215419501134","0.0",,"0.0","0.01216079667210579","0.00014788497355766594","0.0253143310546875","0.0","False","0.14421938359737396","False","1.0"
"5","103936","512","2.3568253968253967","0.0",,"0.0","0.01468581985682249","0.00021567329531535506","0.0260162353515625","0.0","False","0.17293241620063782","False","1.0"
"5","104448","512","2.36843537414966","0.0",,"0.0","0.01589447446167469","0.0002526343450881541","0.03570556640625","0.0","False","0.20705749094486237","False","1.0"
"5","104960","512","2.380045351473923","0.0",,"0.0","0.009248952381312847","0.00008554312807973474","0.024444580078125","0.0","False","0.17295074462890625","False","1.0"
"5","105472","512","2.391655328798186","0.0",,"0.0","0.03267211839556694","0.0010674672666937113","0.0614013671875","0.0","False","0.24577777087688446","False","1.0"
"5","105984","512","2.403265306122449","0.0",,"0.0","0.021786648780107498","0.00047465809620916843","0.038818359375","0.0","False","0.1460430771112442","False","1.0"
"5","106496","512","2.414875283446712","0.0",,"0.0","0.02089061215519905","0.0004364177002571523","0.0447540283203125","0.0","False","0.150939479470253","False","1.0"
"5","107008","512","2.426485260770975","0.0",,"0.0","0.011791562661528587","0.0001390409452142194","0.0241546630859375","0.0","False","0.16466878354549408","False","1.0"
"5","107520","512","2.4380952380952383","0.0",,"0.0","0.005798339378088713","0.00003362073766766116","0.015228271484375","0.0","False","0.09909003227949142","False","1.0"
"5","108032","512","2.449705215419501","0.0",,"0.0","0.01876346580684185","0.00035206766915507615","0.036956787109375","0.0","False","0.15011513233184814","False","1.0"
"5","108544","512","2.461315192743764","0.0",,"0.0","0.01155674085021019","0.00013355824921745807","0.031280517578125","0.0","False","0.14410100877285004","False","1.0"
"5","109056","512","2.4729251700680273","0.0",,"0.0","0.01592366211116314","0.00025356299011036754","0.0298004150390625","0.0","False","0.15941570699214935","False","1.0"
"5","109568","512","2.48453514739229","0.0",,"0.0","0.019628096371889114","0.0003852621593978256","0.0314483642578125","0.0","False","0.2030610889196396","False","1.0"
"5","110080","512","2.4961451247165534","0.0",,"0.0","0.019973786547780037","0.0003989521355833858","0.0355682373046875","0.0","False","0.16849757730960846","False","1.0"
"5","110592","512","2.507755102040816","0.0",,"0.0","0.016641991212964058","0.00027695586322806776","0.028411865234375","0.0","False","0.16540956497192383","False","1.0"
"5","111104","512","2.5193650793650795","0.0",,"0.0","0.011449998244643211","0.00013110245345160365","0.022735595703125","0.0","False","0.1541670858860016","False","1.0"
"5","111616","512","2.5309750566893423","0.0",,"0.0","0.021812038496136665","0.00047576503129675984","0.0389251708984375","0.0","False","0.25043392181396484","False","1.0"
"5","112128","512","2.5425850340136056","0.0",,"0.0","0.02666858397424221","0.000711213331669569","0.04693603515625","0.0","False","0.24385671317577362","False","1.0"
"5","112640","512","2.5541950113378684","146.58279418945312","49.97054696258235","0.8652066588401794","0.026139842346310616","0.0006832913495600224","0.0437469482421875","0.0","False","0.15493133664131165","False","1.0"
"5","113152","512","2.5658049886621317","145.95443725585938","49.89617457681678","0.8761016726493835","0.028752746060490608","0.0008267203811556101","0.0468597412109375","0.0","False","0.17932860553264618","False","1.0"
"5","113664","512","2.5774149659863945","147.25955200195312","50.050292326364186","0.8574998378753662","0.023273054510354996","0.0005416350904852152","0.04364013671875","0.0","False","0.1812063604593277","False","1.0"
"5","114176","512","2.589024943310658","147.39312744140625","50.065988797557225","0.8570074439048767","0.020488975569605827","0.0004197981033939868","0.031524658203125","0.0","False","0.16767887771129608","False","1.0"
"5","114688","512","2.6006349206349206","0.0",,"0.0","0.01959720253944397","0.0003840503632090986","0.036041259765625","0.0","False","0.19194020330905914","False","1.0"
"5","115200","512","2.6122448979591835","0.0",,"0.0","0.025873562321066856","0.0006694412440992892","0.0655364990234375","0.0","False","0.33178940415382385","False","1.0"
"5","115712","512","2.6238548752834467","0.0",,"0.0","0.06271421909332275","0.0039330730214715","0.1390838623046875","0.0","True","0.5220677256584167","False","1.0"
"5","116224","512","2.6354648526077096","0.0",,"0.0","0.0729626715183258","0.005323551595211029","0.1440582275390625","0.0","False","0.2708835005760193","False","1.0"
"5","116736","512","2.647074829931973","0.0",,"0.0","0.06615181267261505","0.004376062657684088","0.1174468994140625","0.0","False","0.23495075106620789","False","1.0"
"5","117248","512","2.6586848072562357","0.0",,"0.0","0.06117068603634834","0.0037418529391288757","0.114776611328125","0.0","False","0.16371288895606995","False","1.0"
"5","117760","512","2.670294784580499","0.0",,"0.0","0.05804447829723358","0.0033691616263240576","0.113311767578125","0.0","False","0.1403271108865738","False","1.0"
"5","118272","512","2.681904761904762","0.0",,"0.0","0.055542077869176865","0.003084922442212701","0.1191558837890625","0.0","False","0.16165775060653687","False","1.0"
"5","118784","512","2.693514739229025","0.0",,"0.0","0.04634919390082359","0.002148247789591551","0.097259521484375","0.0","False","0.13261368870735168","False","1.0"
"5","119296","512","2.705124716553288","164.90206909179688","52.00927172648463","0.8653137683868408","0.05247926712036133","0.0027540733572095633","0.115570068359375","0.0","False","0.15190903842449188","False","1.0"
"5","119808","512","2.716734693877551","165.03102111816406","52.022804540060164","0.9017875790596008","0.04549892991781235","0.0020701526664197445","0.089752197265625","0.0","False","0.1725182831287384","False","1.0"
"5","120320","512","2.728344671201814","165.13014221191406","52.03319957355868","0.9030898809432983","0.04505503550171852","0.002029956318438053","0.081298828125","0.0","False","0.1297687292098999","False","1.0"
"5","120832","512","2.7399546485260773","165.03347778320312","52.02306225103344","0.9046808481216431","0.05820740759372711","0.0033881023991853","0.1181488037109375","0.0","False","0.15722240507602692","False","1.0"
"5","121344","512","2.75156462585034","164.94606018066406","52.013889540841916","0.8874786496162415","0.046383023262023926","0.0021513847168534994","0.088287353515625","0.0","False","0.07419523596763611","False","1.0"
"5","121856","512","2.7631746031746034","164.81373596191406","51.99999553629729","0.8786550164222717","0.044958021491765976","0.0020212235394865274","0.097869873046875","0.0","False","0.09617007523775101","False","1.0"
"5","122368","512","2.7747845804988662","164.7096710205078","51.989060909375596","0.9073534607887268","0.04126253351569176","0.0017025965498760343","0.072113037109375","0.0","False","0.09418990463018417","False","1.0"
"5","122880","512","2.786394557823129","164.72869873046875","51.991060762605905","0.8967022895812988","0.03976874798536301","0.0015815533697605133","0.078277587890625","0.0","False","0.1260174959897995","False","1.0"
"5","123392","512","2.7980045351473923","164.58734130859375","51.976198273864725","0.9016870260238647","0.03778877481818199","0.0014279915485531092","0.0794677734375","0.0","False","0.08081508427858353","False","1.0"
"5","123904","512","2.809614512471655","164.54855346679688","51.97211784181309","0.8944554328918457","0.03502143546938896","0.0012265009572729468","0.069305419921875","0.0","False","0.10075050592422485","False","1.0"
"5","124416","512","2.8212244897959184","164.59385681152344","51.97688360222398","0.8907482624053955","0.044269539415836334","0.0019597921054810286","0.0973663330078125","0.0","False","0.19078491628170013","False","1.0"
"5","124928","512","2.8328344671201813","164.80848693847656","51.999444160360305","0.886198878288269","0.037733908742666245","0.0014238477451726794","0.071929931640625","0.0","False","0.12928837537765503","False","1.0"
"5","125440","512","2.8444444444444446","164.64268493652344","51.9820186891571","0.8743129372596741","0.036739129573106766","0.0013497637119144201","0.0755462646484375","0.0","False","0.12900333106517792","False","1.0"
"5","125952","512","2.8560544217687074","164.7008514404297","51.98813387418441","0.8828974366188049","0.03125309944152832","0.0009767563315108418","0.0598297119140625","0.0","False","0.09149106591939926","False","1.0"
"5","126464","512","2.8676643990929707","164.54843139648438","51.97210499865188","0.8817776441574097","0.03652716800570488","0.001334233907982707","0.073883056640625","0.0","False","0.10899384319782257","False","1.0"
"5","126976","512","2.8792743764172335","164.3226318359375","51.94833203759737","0.8878746032714844","0.03722921013832092","0.0013860141625627875","0.08087158203125","0.0","False","0.10655119270086288","False","1.0"
"5","127488","512","2.8908843537414968","164.2447052001953","51.940120068089215","0.8883539438247681","0.036450039595365524","0.0013286053435876966","0.0857391357421875","0.0","False","0.09653489291667938","False","1.0"
"5","128000","512","2.9024943310657596","163.98683166503906","51.91291734768443","0.8698078393936157","0.04032692313194275","0.0016262608114629984","0.07769775390625","0.0","False","0.15697774291038513","False","1.0"
"5","128512","512","2.914104308390023","164.08309936523438","51.92307749400833","0.860307514667511","0.03743696212768555","0.0014015260385349393","0.0702667236328125","0.0","False","0.1508130580186844","False","1.0"
"5","129024","512","2.9257142857142857","163.76901245117188","51.889906554627714","0.8686531186103821","0.03541156277060509","0.001253978698514402","0.066131591796875","0.0","False","0.0843280628323555","False","1.0"
"5","129536","512","2.9373242630385485","0.0",,"0.0","0.03834441676735878","0.001470294315367937","0.0837860107421875","0.0","False","0.12737895548343658","False","1.0"
"5","130048","512","2.948934240362812","163.7104949951172","51.88371945521164","0.8503508567810059","0.03646761178970337","0.0013298867270350456","0.077606201171875","0.0","False","0.1930733174085617","False","1.0"
"5","130560","512","2.9605442176870747","0.0",,"0.0","0.03529044985771179","0.0012454157695174217","0.0787200927734375","0.0","False","0.13899549841880798","False","1.0"
"5","131072","512","2.972154195011338","0.0",,"0.0","0.03828413039445877","0.0014656746061518788","0.0720062255859375","0.0","False","0.10508666187524796","False","1.0"
"5","131584","512","2.9837641723356008","0.0",,"0.0","0.027515845373272896","0.0007571217720396817","0.051666259765625","0.0","False","0.07341327518224716","False","1.0"
"5","132096","512","2.995374149659864","0.0",,"0.0","0.02889658883213997","0.0008350128773599863","0.059661865234375","0.0","False","0.11270660907030106","False","1.0"
"5","132608","512","3.006984126984127","0.0",,"0.0","0.029148152098059654","0.0008496147929690778","0.0614776611328125","0.0","False","0.11144372820854187","False","1.0"
"5","133120","512","3.01859410430839","0.0",,"0.0","0.029542461037635803","0.0008727569947950542","0.07208251953125","0.0","False","0.15141844749450684","False","1.0"
"5","133632","512","3.030204081632653","0.0",,"0.0","0.030901214107871056","0.0009548850357532501","0.055511474609375","0.0","False","0.13857848942279816","False","1.0"
"5","134144","512","3.0418140589569163","0.0",,"0.0","0.025745294988155365","0.0006628202390857041","0.0540008544921875","0.0","False","0.1473727822303772","False","1.0"
"5","134656","512","3.053424036281179","0.0",,"0.0","0.02713203988969326","0.0007361476309597492","0.0572357177734375","0.0","False","0.12126459181308746","False","1.0"
"5","135168","512","3.0650340136054424","0.0",,"0.0","0.02087080292403698","0.0004355904529802501","0.04351806640625","0.0","False","0.14830537140369415","False","1.0"
"5","135680","512","3.076643990929705","0.0",,"0.0","0.028015339747071266","0.0007848592940717936","0.0654754638671875","0.0","False","0.12541845440864563","False","1.0"
"5","136192","512","3.0882539682539685","0.0",,"0.0","0.028863942250609398","0.0008331271237693727","0.05133056640625","0.0","False","0.18243372440338135","False","1.0"
"5","136704","512","3.0998639455782313","0.0",,"0.0","0.026855889707803726","0.000721238786354661","0.0528106689453125","0.0","False","0.10848865658044815","False","1.0"
"5","137216","512","3.111473922902494","0.0",,"0.0","0.022636692970991135","0.000512419908773154","0.0475311279296875","0.0","False","0.0998038649559021","False","1.0"
"5","137728","512","3.1230839002267574","0.0",,"0.0","0.02465854026377201","0.000608043628744781","0.059173583984375","0.0","False","0.18611697852611542","False","1.0"
"5","138240","512","3.1346938775510202","0.0",,"0.0","0.025731902569532394","0.000662130827549845","0.057769775390625","0.0","False","0.09519161283969879","False","1.0"
"5","138752","512","3.1463038548752835","0.0",,"0.0","0.024111786857247353","0.0005813782336190343","0.0473785400390625","0.0","False","0.1609378606081009","False","1.0"
"5","139264","512","3.1579138321995464","0.0",,"0.0","0.029433775693178177","0.0008663471671752632","0.0578155517578125","0.0","False","0.18825913965702057","False","1.0"
"5","139776","512","3.1695238095238096","0.0",,"0.0","0.024661459028720856","0.00060818757629022","0.044281005859375","0.0","False","0.10608404874801636","False","1.0"
"5","140288","512","3.1811337868480725","0.0",,"0.0","0.02707197330892086","0.0007328917272388935","0.0529632568359375","0.0","False","0.19412991404533386","False","1.0"
"5","140800","512","3.1927437641723357","0.0",,"0.0","0.02083042450249195","0.0004339065635576844","0.0467071533203125","0.0","False","0.10535489022731781","False","1.0"
"5","141312","512","3.2043537414965986","0.0",,"0.0","0.02874269150197506","0.0008261422626674175","0.0619964599609375","0.0","False","0.15418913960456848","False","1.0"
"5","141824","512","3.215963718820862","0.0",,"0.0","0.02594279684126377","0.000673028698656708","0.0595703125","0.0","False","0.13402636349201202","False","1.0"
"5","142336","512","3.2275736961451247","0.0",,"0.0","0.026181936264038086","0.0006854938110336661","0.050079345703125","0.0","False","0.10876953601837158","False","1.0"
"5","142848","512","3.239183673469388","0.0",,"0.0","0.029492348432540894","0.0008697986486367881","0.0558013916015625","0.0","False","0.1542433649301529","False","1.0"
"5","143360","512","3.250793650793651","0.0",,"0.0","0.02603857032954693","0.000678007141686976","0.0583038330078125","0.0","False","0.11805065721273422","False","1.0"
"5","143872","512","3.2624036281179136","0.0",,"0.0","0.02447778917849064","0.0005991621292196214","0.052154541015625","0.0","False","0.18282513320446014","False","1.0"
"5","144384","512","3.274013605442177","0.0",,"0.0","0.023341050371527672","0.0005448046722449362","0.0564727783203125","0.0","False","0.11861227452754974","False","1.0"
"5","144896","512","3.2856235827664397","0.0",,"0.0","0.025620846077799797","0.0006564277573488653","0.0482635498046875","0.0","False","0.12666141986846924","False","1.0"
"5","145408","512","3.297233560090703","0.0",,"0.0","0.02339630015194416","0.0005473868222907186","0.0471954345703125","0.0","False","0.19615454971790314","False","1.0"
"5","145920","512","3.308843537414966","0.0",,"0.0","0.03129841014742851","0.0009795904625207186","0.0566864013671875","0.0","False","0.1854327917098999","False","1.0"
"5","146432","512","3.320453514739229","0.0",,"0.0","0.023543639108538628","0.0005543029401451349","0.0542755126953125","0.0","False","0.11117308586835861","False","1.0"
"5","146944","512","3.332063492063492","0.0",,"0.0","0.018815891817212105","0.00035403776564635336","0.0428924560546875","0.0","False","0.127515509724617","False","1.0"
"5","147456","512","3.3436734693877552","0.0",,"0.0","0.022464526817202568","0.0005046550068072975","0.0406494140625","0.0","False","0.09976205229759216","False","1.0"
"5","147968","512","3.355283446712018","0.0",,"0.0","0.014681506901979446","0.00021554664999712259","0.028564453125","0.0","False","0.19460324943065643","False","1.0"
"5","148480","512","3.3668934240362813","0.0",,"0.0","0.022559529170393944","0.0005089323967695236","0.0399627685546875","0.0","False","0.12106847763061523","False","1.0"
"5","148992","512","3.378503401360544","0.0",,"0.0","0.01559484750032425","0.00024319927615579218","0.0326690673828125","0.0","False","0.14403416216373444","False","1.0"
"5","149504","512","3.3901133786848074","0.0",,"0.0","0.020392760634422302","0.00041586466250009835","0.0460052490234375","0.0","False","0.1846015602350235","False","1.0"
"5","150016","512","3.4017233560090703","0.0",,"0.0","0.018928568810224533","0.0003582907374948263","0.036346435546875","0.0","False","0.13506045937538147","False","1.0"
"5","150528","512","3.4133333333333336","0.0",,"0.0","0.014419791288673878","0.00020793038129340857","0.03564453125","0.0","False","0.12416688352823257","False","1.0"
"5","151040","512","3.4249433106575964","0.0",,"0.0","0.02166900224983692","0.0004695456591434777","0.0409698486328125","0.0","False","0.1590130776166916","False","1.0"
"5","151552","512","3.436553287981859","0.0",,"0.0","0.017949091270565987","0.00032216988620348275","0.0341949462890625","0.0","False","0.14937563240528107","False","1.0"
"5","152064","512","3.4481632653061225","0.0",,"0.0","0.018517836928367615","0.0003429102653171867","0.04583740234375","0.0","False","0.1255776584148407","False","1.0"
"5","152576","512","3.4597732426303853","0.0",,"0.0","0.016943925991654396","0.0002870966272894293","0.0358123779296875","0.0","False","0.13470733165740967","False","1.0"
"5","153088","512","3.4713832199546486","0.0",,"0.0","0.016989996656775475","0.00028865999775007367","0.033905029296875","0.0","False","0.1592784821987152","False","1.0"
"5","153600","512","3.4829931972789114","0.0",,"0.0","0.023578977212309837","0.0005559682031162083","0.047088623046875","0.0","False","0.1597973108291626","False","1.0"
"5","154112","512","3.4946031746031747","0.0",,"0.0","0.02365580014884472","0.0005595968686975539","0.053436279296875","0.0","False","0.1825755536556244","False","1.0"
"5","154624","512","3.5062131519274375","0.0",,"0.0","0.0267991553992033","0.0007181947003118694","0.05755615234375","0.0","False","0.13729336857795715","False","1.0"
"5","155136","512","3.517823129251701","0.0",,"0.0","0.023380596190690994","0.0005466522416099906","0.052001953125","0.0","False","0.19896115362644196","False","1.0"
"5","155648","512","3.5294331065759637","0.0",,"0.0","0.019849495962262154","0.0003940024762414396","0.0402069091796875","0.0","False","0.13242605328559875","False","1.0"
"5","156160","512","3.541043083900227","0.0",,"0.0","0.022995853796601295","0.0005288093234412372","0.0377349853515625","0.0","False","0.157166987657547","False","1.0"
"5","156672","512","3.5526530612244898","0.0",,"0.0","0.027382001280784607","0.000749773986171931","0.053558349609375","0.0","False","0.16639985144138336","False","1.0"
"5","157184","512","3.564263038548753","0.0",,"0.0","0.026475585997104645","0.0007009566761553288","0.0507965087890625","0.0","False","0.1305781900882721","False","1.0"
"5","157696","512","3.575873015873016","0.0",,"0.0","0.028453165665268898","0.0008095826487988234","0.0581512451171875","0.0","False","0.14087048172950745","False","1.0"
"5","158208","512","3.5874829931972787","0.0",,"0.0","0.021910568699240685","0.00048007298028096557","0.0423583984375","0.0","False","0.13746486604213715","False","1.0"
"5","158720","512","3.599092970521542","0.0",,"0.0","0.022967662662267685","0.0005275135627016425","0.04443359375","0.0","False","0.1162741631269455","False","1.0"
"5","159232","512","3.610702947845805","0.0",,"0.0","0.026263527572155","0.0006897728890180588","0.0418853759765625","0.0","False","0.17439839243888855","False","1.0"
"5","159744","512","3.622312925170068","0.0",,"0.0","0.029228949919342995","0.0008543315343558788","0.0557861328125","0.0","False","0.19798943400382996","False","1.0"
"5","160256","512","3.633922902494331","0.0",,"0.0","0.029093898832798004","0.0008464549318887293","0.05657958984375","0.0","False","0.1443948596715927","False","1.0"
"5","160768","512","3.645532879818594","0.0",,"0.0","0.016616735607385635","0.0002761159266810864","0.0345001220703125","0.0","False","0.12881770730018616","False","1.0"
"5","161280","512","3.657142857142857","0.0",,"0.0","0.0176713764667511","0.0003122775524388999","0.0347747802734375","0.0","False","0.13783808052539825","False","1.0"
"5","161792","512","3.6687528344671203","0.0",,"0.0","0.018670910969376564","0.00034860288724303246","0.045684814453125","0.0","False","0.20526404678821564","False","1.0"
"5","162304","512","3.680362811791383","0.0",,"0.0","0.018087929114699364","0.00032717318390496075","0.0381622314453125","0.0","False","0.13623610138893127","False","1.0"
"5","162816","512","3.6919727891156464","0.0",,"0.0","0.025998415425419807","0.0006759176030755043","0.0567474365234375","0.0","False","0.20334488153457642","False","1.0"
"5","163328","512","3.7035827664399092","0.0",,"0.0","0.01785384863615036","0.00031875993590801954","0.0371246337890625","0.0","False","0.1014636680483818","False","1.0"
"5","163840","512","3.7151927437641725","0.0",,"0.0","0.017616182565689087","0.0003103298950009048","0.0391845703125","0.0","False","0.17135249078273773","False","1.0"
"5","164352","512","3.7268027210884354","0.0",,"0.0","0.009613693691790104","0.00009242309897672385","0.0236358642578125","0.0","False","0.14759565889835358","False","1.0"
"5","164864","512","3.7384126984126986","0.0",,"0.0","0.01465192437171936","0.00021467889018822461","0.0328826904296875","0.0","False","0.13315823674201965","False","1.0"
"5","165376","512","3.7500226757369615","0.0",,"0.0","0.021270716562867165","0.00045244337525218725","0.0408477783203125","0.0","False","0.18922778964042664","False","1.0"
"5","165888","512","3.7616326530612243","0.0",,"0.0","0.014167471788823605","0.00020071725884918123","0.0340118408203125","0.0","False","0.15508292615413666","False","1.0"
"5","166400","512","3.7732426303854876","0.0",,"0.0","0.019048428162932396","0.0003628426056820899","0.0396728515625","0.0","False","0.12915253639221191","False","1.0"
"5","166912","512","3.7848526077097504","0.0",,"0.0","0.00753802340477705","0.00005682179835275747","0.015167236328125","0.0","False","0.11520623415708542","False","1.0"
"5","167424","512","3.7964625850340137","0.0",,"0.0","0.011572716757655144","0.00013392778055276722","0.02374267578125","0.0","False","0.14940866827964783","False","1.0"
"5","167936","512","3.8080725623582765","0.0",,"0.0","0.012512014247477055","0.00015655049355700612","0.0262603759765625","0.0","False","0.15530002117156982","False","1.0"
"5","168448","512","3.81968253968254","0.0",,"0.0","0.012427947483956814","0.00015445386816281825","0.030364990234375","0.0","False","0.13503380119800568","False","1.0"
"5","168960","512","3.8312925170068026","0.0",,"0.0","0.01669815555214882","0.000278828403679654","0.0323944091796875","0.0","False","0.20674821734428406","False","1.0"
"5","169472","512","3.842902494331066","0.0",,"0.0","0.01782233454287052","0.000317635596729815","0.042999267578125","0.0","False","0.17132441699504852","False","1.0"
"5","169984","512","3.8545124716553287","0.0",,"0.0","0.01791093684732914","0.0003208016569260508","0.0302734375","0.0","False","0.1345759928226471","False","1.0"
"5","170496","512","3.866122448979592","0.0",,"0.0","0.016832759603857994","0.00028334176749922335","0.028045654296875","0.0","False","0.1381116658449173","False","1.0"
"5","171008","512","3.877732426303855","0.0",,"0.0","0.016783343628048897","0.0002816806372720748","0.031524658203125","0.0","False","0.17934735119342804","False","1.0"
"5","171520","512","3.889342403628118","0.0",,"0.0","0.02094191312789917","0.00043856370029971004","0.041290283203125","0.0","False","0.16779500246047974","False","1.0"
"5","172032","512","3.900952380952381","0.0",,"0.0","0.022080648690462112","0.00048755508032627404","0.0449981689453125","0.0","False","0.16798701882362366","False","1.0"
"5","172544","512","3.912562358276644","0.0",,"0.0","0.026379000395536423","0.0006958516896702349","0.0457916259765625","0.0","False","0.20476976037025452","False","1.0"
"5","173056","512","3.924172335600907","0.0",,"0.0","0.02570575289428234","0.0006607857649214566","0.0447540283203125","0.0","False","0.17741768062114716","False","1.0"
"5","173568","512","3.93578231292517","0.0",,"0.0","0.02143946662545204","0.0004596507060341537","0.03582763671875","0.0","False","0.15986399352550507","False","1.0"
"5","174080","512","3.947392290249433","0.0",,"0.0","0.024708183482289314","0.0006104942876845598","0.0390167236328125","0.0","False","0.15908659994602203","False","1.0"
"5","174592","512","3.959002267573696","0.0",,"0.0","0.019730951637029648","0.00038931044400669634","0.040313720703125","0.0","False","0.19277386367321014","False","1.0"
"5","175104","512","3.9706122448979593","0.0",,"0.0","0.01789678819477558","0.00032029501744545996","0.040679931640625","0.0","False","0.1323579102754593","False","1.0"
"5","175616","512","3.982222222222222","0.0",,"0.0","0.027058277279138565","0.0007321503944694996","0.045135498046875","0.0","False","0.23025871813297272","False","1.0"
"5","176128","512","3.9938321995464854","0.0",,"0.0","0.026213817298412323","0.0006871641962788999","0.0450897216796875","0.0","False","0.16634514927864075","False","1.0"
"5","176640","512","4.005442176870749","0.0",,"0.0","0.025354839861392975","0.0006428679334931076","0.041351318359375","0.0","False","0.13535238802433014","False","1.0"
"5","177152","512","4.017052154195011","0.0",,"0.0","0.012203249149024487","0.00014891928003635257","0.028900146484375","0.0","False","0.12618809938430786","False","1.0"
"5","177664","512","4.028662131519274","0.0",,"0.0","0.014013417065143585","0.00019637586956378073","0.029022216796875","0.0","False","0.1574898213148117","False","1.0"
"5","178176","512","4.040272108843538","0.0",,"0.0","0.017965588718652725","0.00032276238198392093","0.029815673828125","0.0","False","0.13661934435367584","False","1.0"
"5","178688","512","4.051882086167801","0.0",,"0.0","0.01448872871696949","0.00020992325153201818","0.0263214111328125","0.0","False","0.15618903934955597","False","1.0"
"5","179200","512","4.063492063492063","0.0",,"0.0","0.021701984107494354","0.00047097611241042614","0.0399017333984375","0.0","False","0.13608276844024658","False","1.0"
"5","179712","512","4.0751020408163265","0.0",,"0.0","0.013922817073762417","0.00019384482584428042","0.029541015625","0.0","False","0.1765141636133194","False","1.0"
"5","180224","512","4.08671201814059","0.0",,"0.0","0.009941628202795982","0.00009883597522275522","0.019989013671875","0.0","False","0.1326371431350708","False","1.0"
"5","180736","512","4.098321995464852","0.0",,"0.0","0.01536890584975481","0.00023620325373485684","0.031219482421875","0.0","False","0.14861196279525757","False","1.0"
"5","181248","512","4.1099319727891155","0.0",,"0.0","0.018613416701555252","0.00034645930281840265","0.04461669921875","0.0","False","0.26109808683395386","False","1.0"
"5","181760","512","4.121541950113379","0.0",,"0.0","0.03723226115107536","0.0013862414052709937","0.076873779296875","0.0","False","0.32013484835624695","False","1.0"
"5","182272","512","4.133151927437642","0.0",,"0.0","0.020435910671949387","0.0004176264628767967","0.047760009765625","0.0","False","0.1641806811094284","False","1.0"
"5","182784","512","4.144761904761904","0.0",,"0.0","0.014560399577021599","0.00021200523769948632","0.0254669189453125","0.0","False","0.12235035002231598","False","1.0"
"5","183296","512","4.156371882086168","0.0",,"0.0","0.016002042219042778","0.0002560653374530375","0.0283966064453125","0.0","False","0.13568411767482758","False","1.0"
"5","183808","512","4.167981859410431","0.0",,"0.0","0.009702985174953938","0.00009414793021278456","0.0249481201171875","0.0","False","0.09640513360500336","False","1.0"
"5","184320","512","4.179591836734694","0.0",,"0.0","0.013745849020779133","0.0001889483683044091","0.025238037109375","0.0","False","0.11771784722805023","False","1.0"
"5","184832","512","4.191201814058957","0.0",,"0.0","0.01945020817220211","0.0003783105930779129","0.041290283203125","0.0","False","0.17110402882099152","False","1.0"
"5","185344","512","4.20281179138322","0.0",,"0.0","0.02351360023021698","0.0005528894253075123","0.0377960205078125","0.0","False","0.1565685123205185","False","1.0"
"5","185856","512","4.214421768707483","0.0",,"0.0","0.024365486577153206","0.0005936769302934408","0.0407257080078125","0.0","False","0.15103210508823395","False","1.0"
"5","186368","512","4.2260317460317465","0.0",,"0.0","0.013138567097485065","0.00017262193432543427","0.023406982421875","0.0","False","0.1336725354194641","False","1.0"
"5","186880","512","4.237641723356009","0.0",,"0.0","0.012769678607583046","0.00016306470206473023","0.026580810546875","0.0","False","0.15396542847156525","False","1.0"
"5","187392","512","4.249251700680272","0.0",,"0.0","0.02010936290025711","0.00040438646101392806","0.0333709716796875","0.0","False","0.18393349647521973","False","1.0"
"5","187904","512","4.260861678004535","0.0",,"0.0","0.023292947560548782","0.0005425614072009921","0.04058837890625","0.0","False","0.14701928198337555","False","1.0"
"5","188416","512","4.272471655328798","0.0",,"0.0","0.02057894878089428","0.00042349312570877373","0.0338897705078125","0.0","False","0.1763700693845749","False","1.0"
"5","188928","512","4.284081632653061","0.0",,"0.0","0.019632846117019653","0.00038544865674339235","0.0404052734375","0.0","False","0.16997301578521729","False","1.0"
"5","189440","512","4.295691609977324","0.0",,"0.0","0.017207354307174683","0.0002960930287372321","0.029327392578125","0.0","False","0.1684180200099945","False","1.0"
"5","189952","512","4.307301587301588","0.0",,"0.0","0.012039903551340103","0.0001449592673452571","0.02587890625","0.0","False","0.14727164804935455","False","1.0"
"5","190464","512","4.31891156462585","0.0",,"0.0","0.012298389337956905","0.00015125038044061512","0.026763916015625","0.0","False","0.13721928000450134","False","1.0"
"5","190976","512","4.330521541950113","0.0",,"0.0","0.026373418048024178","0.0006955572171136737","0.0449066162109375","0.0","False","0.26934999227523804","False","1.0"
"5","191488","512","4.342131519274377","0.0",,"0.0","0.02008264698088169","0.0004033127333968878","0.03631591796875","0.0","False","0.1529633104801178","False","1.0"
"5","192000","512","4.35374149659864","0.0",,"0.0","0.012208369560539722","0.00014904428098816425","0.024932861328125","0.0","False","0.15015128254890442","False","1.0"
"5","192512","512","4.365351473922902","0.0",,"0.0","0.00956657249480486","0.00009151930862572044","0.015960693359375","0.0","False","0.21432657539844513","False","1.0"
"5","193024","512","4.3769614512471655","0.0",,"0.0","0.012101192958652973","0.00014643886242993176","0.02117919921875","0.0","False","0.09826508909463882","False","1.0"
"5","193536","512","4.388571428571429","0.0",,"0.0","0.015073155052959919","0.00022720001288689673","0.0301055908203125","0.0","False","0.1633060723543167","False","1.0"
"5","194048","512","4.400181405895691","0.0",,"0.0","0.013494503684341908","0.00018210161942988634","0.0272674560546875","0.0","False","0.16899175941944122","False","1.0"
"5","194560","512","4.4117913832199545","0.0",,"0.0","0.016074154525995255","0.0002583784225862473","0.0248260498046875","0.0","False","0.16872869431972504","False","1.0"
"5","195072","512","4.423401360544218","0.0",,"0.0","0.007279056590050459","0.00005298466203385033","0.017608642578125","0.0","False","0.1882428228855133","False","1.0"
"5","195584","512","4.435011337868481","0.0",,"0.0","0.012066720053553581","0.00014560572162736207","0.0270843505859375","0.0","False","0.1443534940481186","False","1.0"
"5","196096","512","4.446621315192743","0.0",,"0.0","0.013529951684176922","0.00018305958656128496","0.028778076171875","0.0","False","0.18208780884742737","False","1.0"
"5","196608","512","4.458231292517007","0.0",,"0.0","0.014795200899243355","0.0002188979706261307","0.0298614501953125","0.0","False","0.18319149315357208","False","1.0"
"5","197120","512","4.46984126984127","0.0",,"0.0","0.016513489186763763","0.0002726953534875065","0.0321044921875","0.0","False","0.18986450135707855","False","1.0"
"5","197632","512","4.481451247165533","0.0",,"0.0","0.012647666968405247","0.00015996348520275205","0.0262908935546875","0.0","False","0.18091173470020294","False","1.0"
"5","198144","512","4.493061224489796","0.0",,"0.0","0.01886536367237568","0.00035590195329859853","0.0313873291015625","0.0","False","0.20015422999858856","False","1.0"
"5","198656","512","4.504671201814059","0.0",,"0.0","0.0174183901399374","0.00030340030207298696","0.0357666015625","0.0","False","0.2240438014268875","False","1.0"
"5","199168","512","4.516281179138322","0.0",,"0.0","0.021135112270712852","0.0004466929822228849","0.0320892333984375","0.0","False","0.16230148077011108","False","1.0"
"5","199680","512","4.527891156462585","0.0",,"0.0","0.019423935562372208","0.00037728925235569477","0.03021240234375","0.0","False","0.14931528270244598","False","1.0"
"5","200192","512","4.539501133786848","0.0",,"0.0","0.02166849374771118","0.00046952362754382193","0.039031982421875","0.0","False","0.18432363867759705","False","1.0"
"5","200704","512","4.551111111111111","0.0",,"0.0","0.023591648787260056","0.0005565658793784678","0.0395050048828125","0.0","False","0.1805962771177292","False","1.0"
"5","201216","512","4.562721088435374","149.42691040039062","50.30323756522584","0.8636029362678528","0.028345631435513496","0.0008034748607315123","0.0424041748046875","0.0","False","0.23286716639995575","False","1.0"
"5","201728","512","4.574331065759637","147.70974731445312","50.103138101210334","0.8860664963722229","0.02760172449052334","0.0007618551608175039","0.041900634765625","0.0","False","0.1730920523405075","False","1.0"
"5","202240","512","4.5859410430839","148.04513549804688","50.14240275756795","0.8889009356498718","0.027551034465432167","0.000759059505071491","0.0508880615234375","0.0","False","0.18280628323554993","False","1.0"
"5","202752","512","4.597551020408163","147.89524841308594","50.12486614132394","0.8737223744392395","0.020243139937520027","0.0004097847267985344","0.0385284423828125","0.0","False","0.14379164576530457","False","1.0"
"5","203264","512","4.609160997732427","147.59182739257812","50.08931176148514","0.8700072765350342","0.02212614007294178","0.000489566067699343","0.0396728515625","0.0","False","0.1802251785993576","False","1.0"
"5","203776","512","4.620770975056689","149.1923828125","50.276044263365606","0.8637545108795166","0.02450471557676792","0.0006004811148159206","0.036376953125","0.0","False","0.19635096192359924","False","1.0"
"5","204288","512","4.632380952380952","147.583984375","50.088391760689646","0.8656330704689026","0.02477475069463253","0.0006137882592156529","0.04180908203125","0.0","False","0.20099586248397827","False","1.0"
"5","204800","512","4.6439909297052155","148.2445526123047","50.165706825455146","0.8597921133041382","0.024508720263838768","0.0006006773328408599","0.042144775390625","0.0","False","0.18275399506092072","False","1.0"
"5","205312","512","4.655600907029479","0.0",,"0.0","0.016591574996709824","0.00027528038481250405","0.036346435546875","0.0","False","0.1495819389820099","False","1.0"
"5","205824","512","4.667210884353741","0.0",,"0.0","0.014450210146605968","0.00020880857482552528","0.027099609375","0.0","False","0.1415945142507553","False","1.0"
"5","206336","512","4.6788208616780045","0.0",,"0.0","0.006193607579916716","0.00003836077667074278","0.012603759765625","0.0","False","0.1617894023656845","False","1.0"
"6","0","512","0.0","0.0",,"0.0","0.0","0.0","0.0","0.0","False","0.0","True","0.0"
"6","512","512","0.011609977324263039","0.0",,"0.0","0.0","0.0","0.0","0.0","False","0.0","True","0.0"
"6","1024","512","0.023219954648526078","0.0",,"0.0","0.0","0.0","0.0","0.0","False","0.0","True","0.0"
"6","1536","512","0.034829931972789115","0.0",,"0.0","0.0","0.0","0.0","0.0","False","0.0","True","0.0"
"6","2048","512","0.046439909297052155","0.0",,"0.0","0.0","0.0","0.0","0.0","False","0.0","True","0.0"
"6","2560","512","0.058049886621315196","0.0",,"0.0","0.0","0.0","0.0","0.0","False","0.0","True","0.0"
"6","3072","512","0.06965986394557823","0.0",,"0.0","0.0","0.0","0.0","0.0","False","0.0","True","0.0"
"6","3584","512","0.08126984126984127","0.0",,"0.0","0.0000011680077705022995","1.36424205265939E-12","0.0000152587890625","0.0","False","0.0","True","0.0"
"6","4096","512","0.09287981859410431","0.0",,"0.0","0.000008203816832974553","6.73026079311967E-11","0.000030517578125","0.0","False","0.0","True","0.0"
"6","4608","512","0.10448979591836735","0.0",,"0.0","0.000012971373507753015","1.68256519827992E-10","0.0000457763671875","0.0","False","0.0","True","0.0"
"6","5120","512","0.11609977324263039","0.0",,"0.0","0.00001343631993222516","1.80534698301926E-10","0.0000457763671875","0.0","False","0.0","True","0.0"
"6","5632","512","0.12770975056689343","0.0",,"0.0","0.00001534793591417838","2.35559127759188E-10","0.0000457763671875","0.0","False","0.0","True","0.0"
"6","6144","512","0.13931972789115646","0.0",,"0.0","0.00005892364424653351","3.47199602401815E-09","0.0003662109375","0.0","False","0.0","True","0.0"
"6","6656","512","0.1509297052154195","0.0",,"0.0","0.0007938443450257182","6.30188878858462E-07","0.00177001953125","0.0","False","0.0","True","0.0"
"6","7168","512","0.16253968253968254","0.0",,"0.0","0.0011654772097244859","0.0000013583371583081316","0.002197265625","0.0","False","0.0","True","0.0"
"6","7680","512","0.17414965986394557","0.0",,"0.0","0.002166499849408865","0.000004693721621151781","0.004150390625","0.0","False","0.0","True","0.0"
"6","8192","512","0.18575963718820862","0.0",,"0.0","0.0032835176680237055","0.000010781488526845351","0.0059661865234375","0.0","False","1.0","False","1.0"
"6","8704","512","0.19736961451247165","0.0",,"0.0","0.0057133096270263195","0.00003264190672780387","0.0098419189453125","0.0","True","0.467704176902771","False","1.0"
"6","9216","512","0.2089795918367347","0.0",,"0.0","0.008111515082418919","0.0000657966811559163","0.0158538818359375","0.0","False","0.3061196208000183","False","1.0"
"6","9728","512","0.22058956916099773","0.0",,"0.0","0.009564531967043877","0.00009148027311312035","0.02093505859375","0.0","False","0.30931711196899414","False","1.0"
"6","10240","512","0.23219954648526078","0.0",,"0.0","0.014221915043890476","0.000202262875973247","0.0278167724609375","0.0","False","0.2779337465763092","False","1.0"
"6","10752","512","0.2438095238095238","0.0",,"0.0","0.013096831738948822","0.00017152699001599103","0.0258331298828125","0.0","False","0.1915258765220642","False","1.0"
"6","11264","512","0.25541950113378686","0.0",,"0.0","0.015604345127940178","0.0002434955968055874","0.0244598388671875","0.0","False","0.30923745036125183","False","1.0"
"6","11776","512","0.26702947845804986","0.0",,"0.0","0.018669988960027695","0.00034856845741160214","0.03173828125","0.0","False","0.24750462174415588","False","1.0"
"6","12288","512","0.2786394557823129","0.0",,"0.0","0.023588931187987328","0.0005564376479014754","0.040618896484375","0.0","False","0.2696796953678131","False","1.0"
"6","12800","512","0.29024943310657597","0.0",,"0.0","0.021607767790555954","0.0004668956098612398","0.0355682373046875","0.0","False","0.16848264634609222","False","1.0"
"6","13312","512","0.301859410430839","0.0",,"0.0","0.017520608380436897","0.00030697169131599367","0.0328521728515625","0.0","False","0.18054063618183136","False","1.0"
"6","13824","512","0.313469387755102","0.0",,"0.0","0.017747024074196815","0.00031495688017457724","0.03271484375","0.0","False","0.16747763752937317","False","1.0"
"6","14336","512","0.3250793650793651","0.0",,"0.0","0.020707784220576286","0.0004288123454898596","0.0386199951171875","0.0","False","0.18986806273460388","False","1.0"
"6","14848","512","0.33668934240362813","0.0",,"0.0","0.02413564920425415","0.0005825295811519027","0.0435638427734375","0.0","False","0.21437427401542664","False","1.0"
"6","15360","512","0.34829931972789113","0.0",,"0.0","0.021281350404024124","0.000452895910711959","0.0420074462890625","0.0","False","0.22752565145492554","False","1.0"
"6","15872","512","0.3599092970521542","0.0",,"0.0","0.025768853724002838","0.0006640338688157499","0.0407257080078125","0.0","False","0.20041994750499725","False","1.0"
"6","16384","512","0.37151927437641724","0.0",,"0.0","0.01338872779160738","0.0001792580442270264","0.032867431640625","0.0","False","0.17920921742916107","False","1.0"
"6","16896","512","0.3831292517006803","0.0",,"0.0","0.015156172215938568","0.0002297095488756895","0.0252532958984375","0.0","False","0.12057850509881973","False","1.0"
"6","17408","512","0.3947392290249433","0.0",,"0.0","0.01806294359266758","0.00032626991742290556","0.0325469970703125","0.0","False","0.24092543125152588","False","1.0"
"6","17920","512","0.40634920634920635","0.0",,"0.0","0.020151903852820396","0.0004060991923324764","0.041595458984375","0.0","False","0.1589607298374176","False","1.0"
"6","18432","512","0.4179591836734694","0.0",,"0.0","0.01973583549261093","0.00038950316957198083","0.0335845947265625","0.0","False","0.1453135460615158","False","1.0"
"6","18944","512","0.4295691609977324","0.0",,"0.0","0.010598916560411453","0.00011233702389290556","0.018157958984375","0.0","False","0.1408509463071823","False","1.0"
"6","19456","512","0.44117913832199546","0.0",,"0.0","0.010691228322684765","0.00011430236918386072","0.018890380859375","0.0","False","0.21184410154819489","False","1.0"
"6","19968","512","0.4527891156462585","0.0",,"0.0","0.012311700731515884","0.0001515779731562361","0.0233154296875","0.0","False","0.18431328237056732","False","1.0"
"6","20480","512","0.46439909297052157","0.0",,"0.0","0.012499314732849598","0.00015623286890331656","0.0261383056640625","0.0","False","0.11284749954938889","False","1.0"
"6","20992","512","0.47600907029478456","0.0",,"0.0","0.01942400261759758","0.0003772918717004359","0.03253173828125","0.0","False","0.198570117354393","False","1.0"
"6","21504","512","0.4876190476190476","0.0",,"0.0","0.019144663587212563","0.0003665181284304708","0.03155517578125","0.0","False","0.19797173142433167","False","1.0"
"6","22016","512","0.4992290249433107","0.0",,"0.0","0.017179440706968307","0.00029513321351259947","0.0296173095703125","0.0","False","0.14016316831111908","False","1.0"
"6","22528","512","0.5108390022675737","0.0",,"0.0","0.009378720074892044","0.00008796039037406445","0.01776123046875","0.0","False","0.11552640795707703","False","1.0"
"6","23040","512","0.5224489795918368","0.0",,"0.0","0.009347755461931229","0.00008738054020795971","0.018463134765625","0.0","False","0.16462980210781097","False","1.0"
"6","23552","512","0.5340589569160997","0.0",,"0.0","0.01361254695802927","0.00018530144006945193","0.025238037109375","0.0","False","0.17897765338420868","False","1.0"
"6","24064","512","0.5456689342403628","0.0",,"0.0","0.013851108029484749","0.00019185319251846522","0.0260162353515625","0.0","False","0.1584497094154358","False","1.0"
"6","24576","512","0.5572789115646258","0.0",,"0.0","0.019247015938162804","0.00037044764030724764","0.031524658203125","0.0","False","0.21995364129543304","False","1.0"
"6","25088","512","0.5688888888888889","0.0",,"0.0","0.02440183237195015","0.0005954494117759168","0.0430450439453125","0.0","False","0.20275446772575378","False","1.0"
"6","25600","512","0.5804988662131519","0.0",,"0.0","0.020823275670409203","0.0004336088022682816","0.0398712158203125","0.0","False","0.12521380186080933","False","1.0"
"6","26112","512","0.592108843537415","0.0",,"0.0","0.014855511486530304","0.00022068622638471425","0.0243072509765625","0.0","False","0.1485387235879898","False","1.0"
"6","26624","512","0.603718820861678","0.0",,"0.0","0.015633633360266685","0.0002444105048198253","0.03472900390625","0.0","False","0.1582891047000885","False","1.0"
"6","27136","512","0.615328798185941","0.0",,"0.0","0.02123258076608181","0.0004508224956225604","0.03826904296875","0.0","False","0.21385224163532257","False","1.0"
"6","27648","512","0.626938775510204","0.0",,"0.0","0.02223319374024868","0.0004943149397149682","0.0380096435546875","0.0","False","0.1906542181968689","False","1.0"
"6","28160","512","0.6385487528344671","0.0",,"0.0","0.01991383172571659","0.0003965607029385865","0.0332489013671875","0.0","False","0.16471630334854126","False","1.0"
"6","28672","512","0.6501587301587302","0.0",,"0.0","0.025331713259220123","0.0006416956894099712","0.0383148193359375","0.0","False","0.21090278029441833","False","1.0"
"6","29184","512","0.6617687074829932","0.0",,"0.0","0.018559210002422333","0.00034444427001290023","0.0346221923828125","0.0","False","0.21836481988430023","False","1.0"
"6","29696","512","0.6733786848072563","148.55364990234375","50.20176633942248","0.8587899804115295","0.025999270379543304","0.0006759620155207813","0.0417022705078125","0.0","False","0.1666308045387268","False","1.0"
"6","30208","512","0.6849886621315193","149.08642578125","50.26374460125963","0.8570111989974976","0.020080311223864555","0.0004032188735436648","0.0339813232421875","0.0","False","0.1606573611497879","False","1.0"
"6","30720","512","0.6965986394557823","148.12579345703125","50.1518322994117","0.8651617169380188","0.01726260781288147","0.00029799764160998166","0.03216552734375","0.0","False","0.13324104249477386","False","1.0"
"6","31232","512","0.7082086167800453","149.41177368164062","50.301483762635385","0.852307140827179","0.018217064440250397","0.0003318614326417446","0.033355712890625","0.0","False","0.19931939244270325","False","1.0"
"6","31744","512","0.7198185941043084","0.0",,"0.0","0.015346542932093143","0.0002355163887841627","0.0306549072265625","0.0","False","0.1393413543701172","False","1.0"
"6","32256","512","0.7314285714285714","0.0",,"0.0","0.017208417877554893","0.00029612964135594666","0.0291595458984375","0.0","False","0.1751232147216797","False","1.0"
"6","32768","512","0.7430385487528345","0.0",,"0.0","0.016820015385746956","0.0002829128934536129","0.030029296875","0.0","False","0.19175727665424347","False","1.0"
"6","33280","512","0.7546485260770975","0.0",,"0.0","0.015948140993714333","0.00025434320559725165","0.03228759765625","0.0","False","0.1528482437133789","False","1.0"
"6","33792","512","0.7662585034013606","0.0",,"0.0","0.014442440122365952","0.00020858406787738204","0.0301971435546875","0.0","False","0.1679721623659134","False","1.0"
"6","34304","512","0.7778684807256235","0.0",,"0.0","0.014384453184902668","0.00020691250392701477","0.032135009765625","0.0","False","0.15839335322380066","False","1.0"
"6","34816","512","0.7894784580498866","0.0",,"0.0","0.018428733572363853","0.00033961821463890374","0.035552978515625","0.0","False","0.14608825743198395","False","1.0"
"6","35328","512","0.8010884353741496","0.0",,"0.0","0.008932029828429222","0.0000797811517259106","0.015960693359375","0.0","False","0.14314141869544983","False","1.0"
"6","35840","512","0.8126984126984127","0.0",,"0.0","0.011232486926019192","0.00012616875756066293","0.0265045166015625","0.0","False","0.1298571228981018","False","1.0"
"6","36352","512","0.8243083900226758","0.0",,"0.0","0.012968761846423149","0.00016818878066260368","0.0294952392578125","0.0","False","0.18081983923912048","False","1.0"
"6","36864","512","0.8359183673469388","0.0",,"0.0","0.01232881285250187","0.00015199962945189327","0.02294921875","0.0","False","0.13136188685894012","False","1.0"
"6","37376","512","0.8475283446712019","0.0",,"0.0","0.017268920317292213","0.00029821560019627213","0.0310516357421875","0.0","False","0.19238421320915222","False","1.0"
"6","37888","512","0.8591383219954648","0.0",,"0.0","0.016734277829527855","0.0002800360380206257","0.03057861328125","0.0","False","0.184727743268013","False","1.0"
"6","38400","512","0.8707482993197279","0.0",,"0.0","0.01577611081302166","0.00024888565531000495","0.0276031494140625","0.0","False","0.13316749036312103","False","1.0"
"6","38912","512","0.8823582766439909","0.0",,"0.0","0.009952782653272152","0.00009905787737807259","0.016632080078125","0.0","False","0.1415732502937317","False","1.0"
"6","39424","512","0.893968253968254","0.0",,"0.0","0.010871078819036484","0.0001181803600047715","0.0199737548828125","0.0","False","0.16635854542255402","False","1.0"
"6","39936","512","0.905578231292517","0.0",,"0.0","0.013010581023991108","0.00016927521210163832","0.0256195068359375","0.0","False","0.18967272341251373","False","1.0"
"6","40448","512","0.9171882086167801","0.0",,"0.0","0.015275818295776844","0.00023335061268880963","0.02825927734375","0.0","False","0.18324945867061615","False","1.0"
"6","40960","512","0.9287981859410431","0.0",,"0.0","0.01943669654428959","0.0003777851816266775","0.032501220703125","0.0","False","0.18263961374759674","False","1.0"
"6","41472","512","0.9404081632653061","0.0",,"0.0","0.015782508999109268","0.00024908757768571377","0.0281219482421875","0.0","False","0.16711357235908508","False","1.0"
"6","41984","512","0.9520181405895691","0.0",,"0.0","0.01576048694550991","0.0002483929565642029","0.0295257568359375","0.0","False","0.17722667753696442","False","1.0"
"6","42496","512","0.9636281179138322","0.0",,"0.0","0.015812942758202553","0.0002500491391401738","0.0272216796875","0.0","False","0.129570871591568","False","1.0"
"6","43008","512","0.9752380952380952","0.0",,"0.0","0.01768721640110016","0.0003128375974483788","0.030181884765625","0.0","False","0.20610801875591278","False","1.0"
"6","43520","512","0.9868480725623583","147.85415649414062","50.120055329975074","0.8676825761795044","0.022989695891737938","0.0005285260849632323","0.039886474609375","0.0","False","0.21452747285366058","False","1.0"
"6","44032","512","0.9984580498866213","148.7592315673828","50.2257081231315","0.8755073547363281","0.02217721752822399","0.0004918289487250149","0.0395660400390625","0.0","False","0.17900721728801727","False","1.0"
"6","44544","512","1.0100680272108844","0.0",,"0.0","0.017853109166026115","0.00031873350962996483","0.0357208251953125","0.0","False","0.1117338314652443","False","1.0"
"6","45056","512","1.0216780045351475","0.0",,"0.0","0.012056172825396061","0.00014535131049342453","0.023284912109375","0.0","False","0.15822185575962067","False","1.0"
"6","45568","512","1.0332879818594105","0.0",,"0.0","0.010278407484292984","0.0001056456530932337","0.0223236083984375","0.0","False","0.1677720844745636","False","1.0"
"6","46080","512","1.0448979591836736","0.0",,"0.0","0.017034607008099556","0.00029017782071605325","0.0333709716796875","0.0","False","0.16963167488574982","False","1.0"
"6","46592","512","1.0565079365079366","0.0",,"0.0","0.017541930079460144","0.00030771931051276624","0.034698486328125","0.0","False","0.2309374362230301","False","1.0"
"6","47104","512","1.0681179138321995","0.0",,"0.0","0.014980102889239788","0.00022440346947405487","0.0342864990234375","0.0","False","0.17314279079437256","False","1.0"
"6","47616","512","1.0797278911564625","0.0",,"0.0","0.012749487534165382","0.00016254943329840899","0.026519775390625","0.0","False","0.16303972899913788","False","1.0"
"6","48128","512","1.0913378684807256","0.0",,"0.0","0.006806656252592802","0.00004633056960301474","0.0147552490234375","0.0","False","0.14027099311351776","False","1.0"
"6","48640","512","1.1029478458049886","0.0",,"0.0","0.0120119983330369","0.00014428810391109437","0.02044677734375","0.0","False","0.12487318366765976","False","1.0"
"6","49152","512","1.1145578231292517","0.0",,"0.0","0.015561900101602077","0.0002421727403998375","0.02801513671875","0.0","False","0.1750103086233139","False","1.0"
"6","49664","512","1.1261678004535147","0.0",,"0.0","0.01685522496700287","0.0002840986126102507","0.03411865234375","0.0","False","0.19781388342380524","False","1.0"
"6","50176","512","1.1377777777777778","0.0",,"0.0","0.015001275576651096","0.00022503826767206192","0.0235443115234375","0.0","False","0.12914206087589264","False","1.0"
"6","50688","512","1.1493877551020408","0.0",,"0.0","0.009802814573049545","0.00009609516564523801","0.0213470458984375","0.0","False","0.18272200226783752","False","1.0"
"6","51200","512","1.1609977324263039","0.0",,"0.0","0.013147332705557346","0.00017285234935116023","0.0248870849609375","0.0","False","0.15310624241828918","False","1.0"
"6","51712","512","1.172607709750567","0.0",,"0.0","0.011442878283560276","0.00013093947200104594","0.02545166015625","0.0","False","0.1383851021528244","False","1.0"
"6","52224","512","1.18421768707483","0.0",,"0.0","0.020391860976815224","0.00041582799167372286","0.03802490234375","0.0","False","0.2050471156835556","False","1.0"
"6","52736","512","1.195827664399093","0.0",,"0.0","0.0192794781178236","0.0003716982901096344","0.0373992919921875","0.0","False","0.19306574761867523","False","1.0"
"6","53248","512","1.207437641723356","0.0",,"0.0","0.019137170165777206","0.0003662313101813197","0.0364532470703125","0.0","False","0.13727900385856628","False","1.0"
"6","53760","512","1.2190476190476192","0.0",,"0.0","0.01621014066040516","0.00026276864809915423","0.0319366455078125","0.0","False","0.20921799540519714","False","1.0"
"6","54272","512","1.230657596371882","0.0",,"0.0","0.014990435913205147","0.0002247131778858602","0.029998779296875","0.0","False","0.16196399927139282","False","1.0"
"6","54784","512","1.242267573696145","0.0",,"0.0","0.018978260457515717","0.00036017439560964704","0.033782958984375","0.0","False","0.1606622338294983","False","1.0"
"6","55296","512","1.253877551020408","0.0",,"0.0","0.02534027025103569","0.0006421292782761157","0.044036865234375","0.0","False","0.20396992564201355","False","1.0"
"6","55808","512","1.2654875283446712","0.0",,"0.0","0.02549315057694912","0.0006499006994999945","0.04412841796875","0.0","False","0.21501509845256805","False","1.0"
"6","56320","512","1.2770975056689342","0.0",,"0.0","0.02568589150905609","0.000659765035379678","0.0664520263671875","0.0","False","0.34751221537590027","False","1.0"
"6","56832","512","1.2887074829931973","0.0",,"0.0","0.03208036720752716","0.0010291498620063066","0.0749664306640625","0.0","False","0.26000186800956726","False","1.0"
"6","57344","512","1.3003174603174603","0.0",,"0.0","0.021048985421657562","0.0004430597764439881","0.04400634765625","0.0","False","0.15118826925754547","False","1.0"
"6","57856","512","1.3119274376417234","0.0",,"0.0","0.025935295969247818","0.0006726395804435015","0.0675811767578125","0.0","False","0.22199326753616333","False","1.0"
"6","58368","512","1.3235374149659864","0.0",,"0.0","0.3009854555130005","0.09059224277734756","0.6611175537109375","0.0","True","0.8064102530479431","False","1.0"
"6","58880","512","1.3351473922902495","0.0",,"0.0","0.1103535071015358","0.01217789575457573","0.26873779296875","0.0","False","0.16597695648670197","False","1.0"
"6","59392","512","1.3467573696145125","0.0",,"0.0","0.1205979585647583","0.014543866738677025","0.2654876708984375","0.0","False","0.17168450355529785","False","1.0"
"6","59904","512","1.3583673469387756","0.0",,"0.0","0.06891687214374542","0.004749535117298365","0.17388916015625","0.0","False","0.112334243953228","False","1.0"
"6","60416","512","1.3699773242630386","0.0",,"0.0","0.09409613907337189","0.00885408278554678","0.2120819091796875","0.0","False","0.14010502398014069","False","1.0"
"6","60928","512","1.3815873015873017","0.0",,"0.0","0.07359347492456436","0.0054159993305802345","0.1544342041015625","0.0","False","0.0873313844203949","False","1.0"
"6","61440","512","1.3931972789115645","0.0",,"0.0","0.07266395539045334","0.005280050449073315","0.159942626953125","0.0","False","0.10153046995401382","False","1.0"
"6","61952","512","1.4048072562358276","0.0",,"0.0","0.09123356640338898","0.008323563262820244","0.2152862548828125","0.0","False","0.11315900832414627","False","1.0"
"6","62464","512","1.4164172335600906","0.0",,"0.0","0.08412861824035645","0.007077624090015888","0.23260498046875","0.0","False","0.14673274755477905","False","1.0"
"6","62976","512","1.4280272108843537","0.0",,"0.0","0.08019862323999405","0.006431818939745426","0.1764373779296875","0.0","False","0.13173259794712067","False","1.0"
"6","63488","512","1.4396371882086167","0.0",,"0.0","0.08129948377609253","0.006609606556594372","0.1727142333984375","0.0","False","0.16175204515457153","False","1.0"
"6","64000","512","1.4512471655328798","0.0",,"0.0","0.07120061665773392","0.005069528240710497","0.19281005859375","0.0","False","0.116656593978405","False","1.0"
"6","64512","512","1.4628571428571429","0.0",,"0.0","0.0640135109424591","0.004097729921340942","0.156768798828125","0.0","False","0.11036600917577744","False","1.0"
"6","65024","512","1.474467120181406","0.0",,"0.0","0.061793453991413116","0.003818431170657277","0.164947509765625","0.0","False","0.13998554646968842","False","1.0"
"6","65536","512","1.486077097505669","175.82131958007812","53.11927793194284","0.8670530915260315","0.06170343607664108","0.003807313973084092","0.1345367431640625","0.0","False","0.13099882006645203","False","1.0"
"6","66048","512","1.497687074829932","175.6361846923828","53.10103892170705","0.8860013484954834","0.05346774682402611","0.002858799882233143","0.1259002685546875","0.0","False","0.12302937358617783","False","1.0"
"6","66560","512","1.509297052154195","175.65676879882812","53.10306776433736","0.885631263256073","0.05781988427042961","0.003343139076605439","0.1516876220703125","0.0","False","0.12810422480106354","False","1.0"
"6","67072","512","1.5209070294784581","175.67872619628906","53.10523170135507","0.8694119453430176","0.04449436813592911","0.0019797489512711763","0.1013641357421875","0.0","False","0.08590271323919296","False","1.0"
"6","67584","512","1.5325170068027212","175.64244079589844","53.101655570636765","0.8635854125022888","0.046213679015636444","0.0021357042714953423","0.104522705078125","0.0","False","0.08940156549215317","False","1.0"
"6","68096","512","1.5441269841269842","175.6932373046875","53.106661646118624","0.8684996962547302","0.0436268225312233","0.0019032997079193592","0.0855712890625","0.0","False","0.09965024143457413","False","1.0"
"6","68608","512","1.555736961451247","175.66360473632812","53.10374148602562","0.8688769936561584","0.038415949791669846","0.0014757852768525481","0.078521728515625","0.0","False","0.08836674690246582","False","1.0"
"6","69120","512","1.5673469387755101","0.0",,"0.0","0.045158643275499344","0.002039303071796894","0.11041259765625","0.0","False","0.1129579022526741","False","1.0"
"6","69632","512","1.5789569160997732","0.0",,"0.0","0.04572461172938347","0.002090740017592907","0.107513427734375","0.0","False","0.09591254591941833","False","1.0"
"6","70144","512","1.5905668934240362","0.0",,"0.0","0.043601687997579575","0.0019011071417480707","0.1223907470703125","0.0","False","0.1243000254034996","False","1.0"
"6","70656","512","1.6021768707482993","0.0",,"0.0","0.041277263313531876","0.0017038125079125166","0.1007843017578125","0.0","False","0.09088127315044403","False","1.0"
"6","71168","512","1.6137868480725623","175.53614807128906","53.09117557012051","0.8652365207672119","0.03811423480510712","0.001452694763429463","0.0966033935546875","0.0","False","0.0915580540895462","False","1.0"
"6","71680","512","1.6253968253968254","175.54420471191406","53.09197014210171","0.883020281791687","0.0397338792681694","0.0015787810552865267","0.0956573486328125","0.0","False","0.08106005936861038","False","1.0"
"6","72192","512","1.6370068027210884","175.52053833007812","53.08963598312239","0.886318027973175","0.04354889318346977","0.001896505942568183","0.1021881103515625","0.0","False","0.1192009225487709","False","1.0"
"6","72704","512","1.6486167800453515","175.44703674316406","53.082384689223815","0.8871697783470154","0.03784437105059624","0.001432196469977498","0.0929412841796875","0.0","False","0.06879841536283493","False","1.0"
"6","73216","512","1.6602267573696146","175.4755096435547","53.08519404161497","0.9043933153152466","0.03766746446490288","0.0014188379282131791","0.0814971923828125","0.0","False","0.10176774859428406","False","1.0"
"6","73728","512","1.6718367346938776","175.45748901367188","53.08341604249915","0.9175207018852234","0.039254818111658096","0.001540940604172647","0.0779876708984375","0.0","False","0.1008591279387474","False","1.0"
"6","74240","512","1.6834467120181407","175.44361877441406","53.0820474158433","0.921600878238678","0.03746328875422478","0.001403497881256044","0.0808258056640625","0.0","False","0.0978836640715599","False","1.0"
"6","74752","512","1.6950566893424037","175.42584228515625","53.08029318716752","0.9227791428565979","0.03483472764492035","0.0012134581338614225","0.067718505859375","0.0","False","0.09232086688280106","False","1.0"
"6","75264","512","1.7066666666666668","175.4109344482422","53.07882190726811","0.9113701581954956","0.035313066095113754","0.0012470125220716","0.0729522705078125","0.0","False","0.07700981944799423","False","1.0"
"6","75776","512","1.7182766439909296","175.36895751953125","53.07467846060708","0.9147249460220337","0.03324570134282112","0.0011052766349166632","0.080902099609375","0.0","False","0.09148155897855759","False","1.0"
"6","76288","512","1.7298866213151927","175.42832946777344","53.08053863930005","0.9248167276382446","0.034269068390131","0.0011743690120056272","0.07318115234375","0.0","False","0.10393456369638443","False","1.0"
"6","76800","512","1.7414965986394557","351.5351867675781","65.1139869447907","0.8664849400520325","0.03596445173025131","0.0012934417463839054","0.0738677978515625","0.0","False","0.08704187721014023","False","1.0"
"6","77312","512","1.7531065759637188","351.6783142089844","65.12103422425832","0.8723449110984802","0.03222699463367462","0.0010385792702436447","0.0636444091796875","0.0","False","0.10803407430648804","False","1.0"
"6","77824","512","1.7647165532879818","351.66900634765625","65.12057601290284","0.8690485954284668","0.030803272500634193","0.0009488416253589094","0.0692291259765625","0.0","False","0.0909680500626564","False","1.0"
"6","78336","512","1.7763265306122449","351.6274108886719","65.11852818575062","0.8731264472007751","0.03152494132518768","0.0009938220027834177","0.061798095703125","0.0","False","0.10350049287080765","False","1.0"
"6","78848","512","1.787936507936508","351.68011474609375","65.12112286046491","0.8736749291419983","0.032265134155750275","0.0010410387767478824","0.0641632080078125","0.0","False","0.0876237079501152","False","1.0"
"6","79360","512","1.799546485260771","351.691650390625","65.12169072234342","0.8615230917930603","0.030533570796251297","0.000932298949919641","0.0587615966796875","0.0","False","0.09166399389505386","False","1.0"
"6","79872","512","1.811156462585034","351.6104431152344","65.11769275896151","0.8684825897216797","0.027811704203486443","0.000773490930441767","0.05889892578125","0.0","False","0.0821189358830452","False","1.0"
"6","80384","512","1.822766439909297","175.3973388671875","53.07748002712212","0.8752611875534058","0.028102392330765724","0.0007897444302216172","0.065460205078125","0.0","False","0.08623895794153214","False","1.0"
"6","80896","512","1.8343764172335602","351.6944274902344","65.1218274270509","0.8580206632614136","0.027024097740650177","0.0007303018937818706","0.0521392822265625","0.0","False","0.08136074990034103","False","1.0"
"6","81408","512","1.8459863945578232","175.385498046875","53.07631125663825","0.8909239768981934","0.030760804191231728","0.0009462270536459982","0.063812255859375","0.0","False","0.10766953974962234","False","1.0"
"6","81920","512","1.8575963718820863","175.3072509765625","53.0685857479136","0.8873890042304993","0.02862739749252796","0.0008195278351195157","0.0626068115234375","0.0","False","0.085398368537426","False","1.0"
"6","82432","512","1.8692063492063493","175.37191772460938","53.07497068818506","0.887082576751709","0.026938974857330322","0.0007257083198055625","0.06671142578125","0.0","False","0.12443947046995163","False","1.0"
"6","82944","512","1.8808163265306121","175.27342224121094","53.06524469330715","0.8873072266578674","0.03091510199010372","0.0009557434823364019","0.0691986083984375","0.0","False","0.09753002971410751","False","1.0"
"6","83456","512","1.8924263038548752","175.29310607910156","53.067188822461276","0.8982760310173035","0.026721980422735214","0.0007140642846934497","0.0576629638671875","0.0","False","0.10875456035137177","False","1.0"
"6","83968","512","1.9040362811791383","175.28225708007812","53.06611731781563","0.8856993913650513","0.02653619274497032","0.0007041695644147694","0.0589141845703125","0.0","False","0.08513844013214111","False","1.0"
"6","84480","512","1.9156462585034013","175.18643188476562","53.056650232724095","0.8840969204902649","0.028315702453255653","0.0008017789805307984","0.0609893798828125","0.0","False","0.11095709353685379","False","1.0"
"6","84992","512","1.9272562358276644","175.08949279785156","53.04706782980058","0.8806828856468201","0.0297250896692276","0.0008835809421725571","0.06475830078125","0.0","False","0.11122593283653259","False","1.0"
"6","85504","512","1.9388662131519274","175.10049438476562","53.048155600585744","0.8621723651885986","0.02821064181625843","0.000795840285718441","0.066802978515625","0.0","False","0.12995563447475433","False","1.0"
"6","86016","512","1.9504761904761905","175.04518127441406","53.04268588055469","0.8729615807533264","0.030496228486299515","0.000930019945371896","0.0653839111328125","0.0","False","0.10612429678440094","False","1.0"
"6","86528","512","1.9620861678004535","174.96270751953125","53.03452712871958","0.8562238812446594","0.025217780843377113","0.00063593644881621","0.0566558837890625","0.0","False","0.10576605051755905","False","1.0"
"6","87040","512","1.9736961451247166","0.0",,"0.0","0.02660994604229927","0.0007080892683006823","0.06890869140625","0.0","False","0.09937804192304611","False","1.0"
"6","87552","512","1.9853061224489796","0.0",,"0.0","0.0249025896191597","0.0006201390060596168","0.0540771484375","0.0","False","0.07873252779245377","False","1.0"
"6","88064","512","1.9969160997732427","0.0",,"0.0","0.02634849213063717","0.0006942430045455694","0.0617218017578125","0.0","False","0.12064112722873688","False","1.0"
"6","88576","512","2.0085260770975055","175.01214599609375","53.039418312967165","0.8510122299194336","0.026045553386211395","0.0006783708231523633","0.0529937744140625","0.0","False","0.13822004199028015","False","1.0"
"6","89088","512","2.020136054421769","0.0",,"0.0","0.02410624921321869","0.0005811112932860851","0.0533294677734375","0.0","False","0.0842428132891655","False","1.0"
"6","89600","512","2.0317460317460316","0.0",,"0.0","0.023533130064606667","0.0005538081750273705","0.0504150390625","0.0","False","0.08072935789823532","False","1.0"
"6","90112","512","2.043356009070295","0.0",,"0.0","0.021780868992209435","0.0004744062898680568","0.04620361328125","0.0","False","0.1340533345937729","False","1.0"
"6","90624","512","2.0549659863945577","0.0",,"0.0","0.023525211960077286","0.0005534355877898633","0.0526275634765625","0.0","False","0.09178349375724792","False","1.0"
"6","91136","512","2.066575963718821","0.0",,"0.0","0.022815976291894913","0.0005205688066780567","0.0487518310546875","0.0","False","0.12157242000102997","False","1.0"
"6","91648","512","2.078185941043084","0.0",,"0.0","0.020537609234452248","0.00042179340380243957","0.0478515625","0.0","False","0.10432280600070953","False","1.0"
"6","92160","512","2.089795918367347","0.0",,"0.0","0.022021668031811714","0.00048495386727154255","0.049530029296875","0.0","False","0.092525914311409","False","1.0"
"6","92672","512","2.10140589569161","0.0",,"0.0","0.018592972308397293","0.000345698616001755","0.0415802001953125","0.0","False","0.10009659081697464","False","1.0"
"6","93184","512","2.1130158730158732","0.0",,"0.0","0.019708259031176567","0.0003884154721163213","0.040618896484375","0.0","False","0.1168539747595787","False","1.0"
"6","93696","512","2.124625850340136","0.0",,"0.0","0.020509283989667892","0.00042063070577569306","0.0477447509765625","0.0","False","0.120855912566185","False","1.0"
"6","94208","512","2.136235827664399","0.0",,"0.0","0.020553626120090485","0.00042245155782438815","0.0478057861328125","0.0","False","0.09979335218667984","False","1.0"
"6","94720","512","2.147845804988662","0.0",,"0.0","0.01991334743797779","0.0003965414362028241","0.04766845703125","0.0","False","0.09716320782899857","False","1.0"
"6","95232","512","2.159455782312925","0.0",,"0.0","0.02166765183210373","0.00046948710223659873","0.0472869873046875","0.0","False","0.12252482026815414","False","1.0"
"6","95744","512","2.1710657596371883","0.0",,"0.0","0.01977837085723877","0.00039118394488468766","0.04681396484375","0.0","False","0.09229177981615067","False","1.0"
"6","96256","512","2.182675736961451","0.0",,"0.0","0.01847718469798565","0.0003414063830859959","0.042755126953125","0.0","False","0.10008452832698822","False","1.0"
"6","96768","512","2.1942857142857144","0.0",,"0.0","0.019216837361454964","0.00036928686313331127","0.040771484375","0.0","False","0.12011106312274933","False","1.0"
"6","97280","512","2.2058956916099772","0.0",,"0.0","0.021080493927001953","0.0004443872603587806","0.0465545654296875","0.0","False","0.1654030978679657","False","1.0"
"6","97792","512","2.2175056689342405","0.0",,"0.0","0.021494422107934952","0.000462010211776942","0.04443359375","0.0","False","0.17343486845493317","False","1.0"
"6","98304","512","2.2291156462585033","0.0",,"0.0","0.02155623957514763","0.00046467146603390574","0.0434112548828125","0.0","False","0.10041622817516327","False","1.0"
"6","98816","512","2.2407256235827666","0.0",,"0.0","0.01784575544297695","0.00031847096397541463","0.0325775146484375","0.0","False","0.1106920838356018","False","1.0"
"6","99328","512","2.2523356009070294","0.0",,"0.0","0.019673733040690422","0.0003870557702612132","0.038360595703125","0.0","False","0.1728421151638031","False","1.0"
"6","99840","512","2.2639455782312927","0.0",,"0.0","0.018864354118704796","0.0003558638854883611","0.036407470703125","0.0","False","0.1199704110622406","False","1.0"
"6","100352","512","2.2755555555555556","0.0",,"0.0","0.01900443062186241","0.0003611684078350663","0.046417236328125","0.0","False","0.09931492060422897","False","1.0"
"6","100864","512","2.2871655328798184","0.0",,"0.0","0.0716373473405838","0.005131909158080816","0.1815032958984375","0.0","True","0.6224549412727356","False","1.0"
"6","101376","512","2.2987755102040817","0.0",,"0.0","0.11205269396305084","0.012555805966258049","0.19488525390625","0.0","False","0.3868396282196045","False","1.0"
"6","101888","512","2.3103854875283445","0.0",,"0.0","0.06180164963006973","0.003819443751126528","0.201904296875","0.0","False","0.23618100583553314","False","1.0"
"6","102400","512","2.3219954648526078","0.0",,"0.0","0.33147966861724854","0.10987876355648041","0.6305084228515625","0.0","True","0.6237562894821167","False","1.0"
"6","102912","512","2.3336054421768706","0.0",,"0.0","0.1304110437631607","0.017007039859890938","0.366363525390625","0.0","False","0.1956578940153122","False","1.0"
"6","103424","512","2.345215419501134","0.0",,"0.0","0.15291166305541992","0.023381974548101425","0.389892578125","0.0","False","0.19382266700267792","False","1.0"
"6","103936","512","2.3568253968253967","0.0",,"0.0","0.15855243802070618","0.025138873606920242","0.3537139892578125","0.0","False","0.15386243164539337","False","1.0"
"6","104448","512","2.36843537414966","0.0",,"0.0","0.17489099502563477","0.030586861073970795","0.4312896728515625","0.0","False","0.16775722801685333","False","1.0"
"6","104960","512","2.380045351473923","0.0",,"0.0","0.13312570750713348","0.01772245392203331","0.2782440185546875","0.0","False","0.12033440172672272","False","1.0"
"6","105472","512","2.391655328798186","0.0",,"0.0","0.10155763477087021","0.010313953272998333","0.2441253662109375","0.0","False","0.1065254956483841","False","1.0"
"6","105984","512","2.403265306122449","0.0",,"0.0","0.10598733276128769","0.01123331394046545","0.2288665771484375","0.0","False","0.10806506872177124","False","1.0"
"6","106496","512","2.414875283446712","0.0",,"0.0","0.14272719621658325","0.020371051505208015","0.38470458984375","0.0","False","0.11651700735092163","False","1.0"
"6","107008","512","2.426485260770975","0.0",,"0.0","0.119735486805439","0.01433658692985773","0.29437255859375","0.0","False","0.1342623233795166","False","1.0"
"6","107520","512","2.4380952380952383","0.0",,"0.0","0.10512547940015793","0.011051367036998272","0.2728271484375","0.0","False","0.09869517385959625","False","1.0"
"6","108032","512","2.449705215419501","0.0",,"0.0","0.10480385273694992","0.010983847081661224","0.1997222900390625","0.0","False","0.11323311924934387","False","1.0"
"6","108544","512","2.461315192743764","0.0",,"0.0","0.11444239318370819","0.013097061775624752","0.2488555908203125","0.0","False","0.12286887317895889","False","1.0"
"6","109056","512","2.4729251700680273","0.0",,"0.0","0.09627335518598557","0.009268559515476227","0.1942291259765625","0.0","False","0.09880750626325607","False","1.0"
"6","109568","512","2.48453514739229","0.0",,"0.0","0.08689147233963013","0.007550127804279327","0.2017669677734375","0.0","False","0.12028761208057404","False","1.0"
"6","110080","512","2.4961451247165534","166.03933715820312","52.12825864759465","0.8695089817047119","0.09244900941848755","0.008546818979084492","0.1848602294921875","0.0","False","0.10327411442995071","False","1.0"
"6","110592","512","2.507755102040816","165.98829650878906","52.12293599960464","0.90003901720047","0.09582167863845825","0.009181794710457325","0.179046630859375","0.0","False","0.08698535710573196","False","1.0"
"6","111104","512","2.5193650793650795","166.00128173828125","52.12429028738451","0.9114730358123779","0.10040038079023361","0.01008023601025343","0.2100830078125","0.0","False","0.10301412642002106","False","1.0"
"6","111616","512","2.5309750566893423","165.98341369628906","52.12242672179596","0.928754985332489","0.09288624674081802","0.008627855218946934","0.1895751953125","0.0","False","0.07125961780548096","False","1.0"
"6","112128","512","2.5425850340136056","165.9255828857422","52.11639382299852","0.9281554222106934","0.08661755174398422","0.00750260055065155","0.18109130859375","0.0","False","0.09743170440196991","False","1.0"
"6","112640","512","2.5541950113378684","332.7414855957031","64.16277871495126","0.8542322516441345","0.08382466435432434","0.007026574108749628","0.1783599853515625","0.0","False","0.07716790586709976","False","1.0"
"6","113152","512","2.5658049886621317","332.48419189453125","64.14938669917787","0.8701077103614807","0.08124704658985138","0.006601082626730204","0.1736907958984375","0.0","False","0.08608158677816391","False","1.0"
"6","113664","512","2.5774149659863945","332.4328308105469","64.14671213815653","0.8855025768280029","0.08119403570890427","0.006592471618205309","0.17034912109375","0.0","False","0.08263273537158966","False","1.0"
"6","114176","512","2.589024943310658","332.4453430175781","64.14736373298086","0.888701319694519","0.07841233909130096","0.006148494780063629","0.15045166015625","0.0","False","0.10164337605237961","False","1.0"
"6","114688","512","2.6006349206349206","332.27093505859375","64.13827892450213","0.9003458023071289","0.07699144631624222","0.005927682854235172","0.152801513671875","0.0","False","0.09329639375209808","False","1.0"
"6","115200","512","2.6122448979591835","332.0456848144531","64.12653871221494","0.9170364141464233","0.07445181161165237","0.005543072707951069","0.1557769775390625","0.0","False","0.0741371288895607","False","1.0"
"6","115712","512","2.6238548752834467","331.9999084472656","64.1241518397939","0.9384279251098633","0.07507658749818802","0.005636494141072035","0.160919189453125","0.0","False","0.0735185295343399","False","1.0"
"6","116224","512","2.6354648526077096","331.88812255859375","64.11832171394543","0.931796133518219","0.06740699708461761","0.004543703515082598","0.1461181640625","0.0","False","0.08294996619224548","False","1.0"
"6","116736","512","2.647074829931973","331.8584289550781","64.11677273181172","0.9299238324165344","0.06471075862646103","0.004187482409179211","0.1212615966796875","0.0","False","0.05185921490192413","False","1.0"
"6","117248","512","2.6586848072562357","331.804931640625","64.11398166700344","0.9350946545600891","0.06825568526983261","0.004658838734030724","0.1356353759765625","0.0","False","0.10215669870376587","False","1.0"
"6","117760","512","2.670294784580499","331.9384765625","64.12094813977265","0.9457627534866333","0.06533578038215637","0.004268764518201351","0.133575439453125","0.0","False","0.08166316896677017","False","1.0"
"6","118272","512","2.681904761904762","331.8390197753906","64.11576016704105","0.9465512633323669","0.061896175146102905","0.0038311362732201815","0.1405029296875","0.0","False","0.09890060126781464","False","1.0"
"6","118784","512","2.693514739229025","331.84246826171875","64.11594007674341","0.9397146105766296","0.06293976306915283","0.003961414098739624","0.1229248046875","0.0","False","0.09703841805458069","False","1.0"
"6","119296","512","2.705124716553288","331.7899169921875","64.11319824107215","0.9365960359573364","0.0584961473941803","0.00342179904691875","0.1104736328125","0.0","False","0.08187560737133026","False","1.0"
"6","119808","512","2.716734693877551","331.7931823730469","64.11336862330559","0.9415910840034485","0.05931417644023895","0.0035181716084480286","0.1132659912109375","0.0","False","0.071657195687294","False","1.0"
"6","120320","512","2.728344671201814","331.5968017578125","64.10311882075402","0.9529575109481812","0.06526991724967957","0.004260161891579628","0.125274658203125","0.0","False","0.08859377354383469","False","1.0"
"6","120832","512","2.7399546485260773","331.62652587890625","64.10467061811718","0.9557874202728271","0.05855104699730873","0.003428224939852953","0.1356048583984375","0.0","False","0.04731237143278122","False","1.0"
"6","121344","512","2.75156462585034","331.6040344238281","64.10349642696286","0.9522954225540161","0.0560314916074276","0.0031395279802381992","0.1088104248046875","0.0","False","0.07117706537246704","False","1.0"
"6","121856","512","2.7631746031746034","331.5826110839844","64.1023779238794","0.9538964033126831","0.05653959885239601","0.003196726320311427","0.1123046875","0.0","False","0.10419557988643646","False","1.0"
"6","122368","512","2.7747845804988662","331.639892578125","64.10536840362751","0.9577671885490417","0.05258948728442192","0.002765654120594263","0.09014892578125","0.0","False","0.06590752303600311","False","1.0"
"6","122880","512","2.786394557823129","331.5625305175781","64.10132946078689","0.9603685140609741","0.05333099514245987","0.0028441951144486666","0.0961456298828125","0.0","False","0.06885982304811478","False","1.0"
"6","123392","512","2.7980045351473923","331.6019287109375","64.10338649182788","0.9541254043579102","0.05041045695543289","0.002541213994845748","0.094635009765625","0.0","False","0.1129283681511879","False","1.0"
"6","123904","512","2.809614512471655","331.7074279785156","64.10889354291591","0.9431398510932922","0.0495663546025753","0.0024568233639001846","0.1023406982421875","0.0","False","0.07273636013269424","False","1.0"
"6","124416","512","2.8212244897959184","331.6579895019531","64.10631307755362","0.9448482990264893","0.04927399754524231","0.002427926752716303","0.0922088623046875","0.0","False","0.08624640852212906","False","1.0"
"6","124928","512","2.8328344671201813","331.5932922363281","64.10293559114476","0.9468855261802673","0.04770341515541077","0.0022756156977266073","0.1027679443359375","0.0","False","0.10946321487426758","False","1.0"
"6","125440","512","2.8444444444444446","331.6204833984375","64.10435517160082","0.9515733122825623","0.04677126556634903","0.0021875512320548296","0.107940673828125","0.0","False","0.06862599402666092","False","1.0"
"6","125952","512","2.8560544217687074","331.5682678222656","64.10162902814977","0.9424988627433777","0.04715748131275177","0.0022238281089812517","0.1096038818359375","0.0","False","0.07914956659078598","False","1.0"
"6","126464","512","2.8676643990929707","331.6498718261719","64.10588933474784","0.9280343055725098","0.04455259069800377","0.001984933391213417","0.1178131103515625","0.0","False","0.09309153258800507","False","1.0"
"6","126976","512","2.8792743764172335","331.62591552734375","64.10463875509366","0.9220573306083679","0.04496340453624725","0.002021707594394684","0.0991973876953125","0.0","False","0.06069464236497879","False","1.0"
"6","127488","512","2.8908843537414968","331.6961669921875","64.10830580407618","0.9070025682449341","0.042303651571273804","0.001789598842151463","0.099273681640625","0.0","False","0.09060623496770859","False","1.0"
"6","128000","512","2.9024943310657596","331.8421630859375","64.11592415560622","0.9094083309173584","0.041880227625370026","0.0017539534019306302","0.08154296875","0.0","False","0.11711689084768295","False","1.0"
"6","128512","512","2.914104308390023","331.8244323730469","64.11499911239663","0.8961489200592041","0.04042698070406914","0.0016343407332897186","0.0834503173828125","0.0","False","0.0667472556233406","False","1.0"
"6","129024","512","2.9257142857142857","331.861328125","64.1169239746105","0.881453812122345","0.040238767862319946","0.001619158429093659","0.0852508544921875","0.0","False","0.09197865426540375","False","1.0"
"6","129536","512","2.9373242630385485","331.8973388671875","64.11880245925163","0.8658731579780579","0.03893766552209854","0.0015161419287323952","0.0823822021484375","0.0","False","0.10164070874452591","False","1.0"
"6","130048","512","2.948934240362812","165.5417938232422","52.07630366413157","0.9604758620262146","0.04009505733847618","0.0016076135216280818","0.0830841064453125","0.0","False","0.0824732631444931","False","1.0"
"6","130560","512","2.9605442176870747","165.55291748046875","52.07746693575692","0.9625972509384155","0.040619559586048126","0.0016499486519023776","0.077545166015625","0.0","False","0.09087849408388138","False","1.0"
"6","131072","512","2.972154195011338","165.53802490234375","52.07590950635941","0.9621785283088684","0.03695002198219299","0.0013653042260557413","0.07952880859375","0.0","False","0.06282362341880798","False","1.0"
"6","131584","512","2.9837641723356008","165.5786895751953","52.08016178741383","0.9642038941383362","0.0358637198805809","0.0012862063013017178","0.0859527587890625","0.0","False","0.05726785585284233","False","1.0"
"6","132096","512","2.995374149659864","165.55674743652344","52.077867440546186","0.9633220434188843","0.035215072333812714","0.0012401012936607003","0.0781707763671875","0.0","False","0.10366125404834747","False","1.0"
"6","132608","512","3.006984126984127","165.55166625976562","52.077336091546925","0.9579848051071167","0.0353999137878418","0.0012531537795439363","0.0828704833984375","0.0","False","0.09135516732931137","False","1.0"
"6","133120","512","3.01859410430839","165.53106689453125","52.07518180689492","0.9590799808502197","0.0350586362183094","0.0012291079619899392","0.0746612548828125","0.0","False","0.08976028859615326","False","1.0"
"6","133632","512","3.030204081632653","165.56680297851562","52.07891892097771","0.9568645358085632","0.033777665346860886","0.0011409305734559894","0.070953369140625","0.0","False","0.11875312775373459","False","1.0"
"6","134144","512","3.0418140589569163","165.56544494628906","52.07877691900448","0.9575989842414856","0.03314841911196709","0.0010988176800310612","0.0798797607421875","0.0","False","0.07733272016048431","False","1.0"
"6","134656","512","3.053424036281179","165.6016845703125","52.082565898386385","0.9536083340644836","0.03062298148870468","0.0009377669775858521","0.062347412109375","0.0","False","0.09184833616018295","False","1.0"
"6","135168","512","3.0650340136054424","165.57461547851562","52.07973580858265","0.9492872953414917","0.029399415478110313","0.0008643256151117384","0.0590362548828125","0.0","False","0.08614809066057205","False","1.0"
"6","135680","512","3.076643990929705","165.59397888183594","52.081760311131674","0.9484915137290955","0.02905266359448433","0.0008440573001280427","0.056488037109375","0.0","False","0.06999655067920685","False","1.0"
"6","136192","512","3.0882539682539685","165.55850219726562","52.078050935661444","0.9384459257125854","0.029365405440330505","0.0008623270550742745","0.0573883056640625","0.0","False","0.07504623383283615","False","1.0"
"6","136704","512","3.0998639455782313","165.5869598388672","52.081026476254095","0.9390461444854736","0.02896783873438835","0.0008391356677748263","0.0626373291015625","0.0","False","0.11122345924377441","False","1.0"
"6","137216","512","3.111473922902494","165.58290100097656","52.08060211406495","0.933326005935669","0.028050696477293968","0.0007868415559642017","0.0622100830078125","0.0","False","0.07358888536691666","False","1.0"
"6","137728","512","3.1230839002267574","165.54769897460938","52.07692121312272","0.9296207427978516","0.025336438789963722","0.0006419350975193083","0.05743408203125","0.0","False","0.08032072335481644","False","1.0"
"6","138240","512","3.1346938775510202","165.59664916992188","52.082039479276176","0.9229402542114258","0.024347959086298943","0.0005928231403231621","0.050018310546875","0.0","False","0.1274866908788681","False","1.0"
"6","138752","512","3.1463038548752835","165.53524780273438","52.07561906857431","0.9157025218009949","0.025092607364058495","0.0006296389037743211","0.058624267578125","0.0","False","0.08988048881292343","False","1.0"
"6","139264","512","3.1579138321995464","165.51084899902344","52.07306715570021","0.9113538861274719","0.02623775787651539","0.0006884199101477861","0.0595550537109375","0.0","False","0.08902671188116074","False","1.0"
"6","139776","512","3.1695238095238096","165.5445556640625","52.0765924946964","0.9074522852897644","0.026778116822242737","0.000717067567165941","0.0575408935546875","0.0","False","0.12545892596244812","False","1.0"
"6","140288","512","3.1811337868480725","165.48880004882812","52.070760694440175","0.9113951921463013","0.026464542374014854","0.0007003720384091139","0.0543975830078125","0.0","False","0.1096724346280098","False","1.0"
"6","140800","512","3.1927437641723357","165.4300994873047","52.06461874171296","0.9092287421226501","0.025113245472311974","0.0006306750583462417","0.0557403564453125","0.0","False","0.09593939036130905","False","1.0"
"6","141312","512","3.2043537414965986","165.41796875","52.06334920759819","0.9022523760795593","0.023490479215979576","0.0005518026300705969","0.0481414794921875","0.0","False","0.09550808370113373","False","1.0"
"6","141824","512","3.215963718820862","165.43638610839844","52.065276627172274","0.9105225205421448","0.021393928676843643","0.00045770019642077386","0.0504302978515625","0.0","False","0.06866860389709473","False","1.0"
"6","142336","512","3.2275736961451247","165.4517059326172","52.06687971909188","0.9154499769210815","0.02278294786810875","0.0005190627416595817","0.050750732421875","0.0","False","0.0951332226395607","False","1.0"
"6","142848","512","3.239183673469388","165.41412353515625","52.06294676980458","0.9122243523597717","0.022758448496460915","0.0005179469590075314","0.0551910400390625","0.0","False","0.11565595120191574","False","1.0"
"6","143360","512","3.250793650793651","165.4065399169922","52.06215304562508","0.912813663482666","0.01962009258568287","0.00038494804175570607","0.05322265625","0.0","False","0.1219521015882492","False","1.0"
"6","143872","512","3.2624036281179136","165.4480743408203","52.06649971670166","0.9078232049942017","0.021429957821965218","0.00045924310688860714","0.0467376708984375","0.0","False","0.12988430261611938","False","1.0"
"6","144384","512","3.274013605442177","165.345458984375","52.05575880511563","0.9094386100769043","0.017149243503808975","0.0002940965350717306","0.0425872802734375","0.0","False","0.0952448919415474","False","1.0"
"6","144896","512","3.2856235827664397","165.45294189453125","52.06700904573404","0.8868480920791626","0.015539934858679771","0.00024148957163561136","0.0365447998046875","0.0","False","0.13907870650291443","False","1.0"
"6","145408","512","3.297233560090703","165.37094116210938","52.058426686950696","0.8523944616317749","0.01517440378665924","0.00023026252165436745","0.03173828125","0.0","False","0.1278335303068161","False","1.0"
"6","145920","512","3.308843537414966","0.0",,"0.0","0.016799282282590866","0.00028221585671417415","0.0353851318359375","0.0","False","0.13919836282730103","False","1.0"
"6","146432","512","3.320453514739229","0.0",,"0.0","0.012719527818262577","0.00016178638907149434","0.0335845947265625","0.0","False","0.10874108970165253","False","1.0"
"6","146944","512","3.332063492063492","0.0",,"0.0","0.013580388389527798","0.00018442695727571845","0.0290679931640625","0.0","False","0.15523798763751984","False","1.0"
"6","147456","512","3.3436734693877552","0.0",,"0.0","0.01213485561311245","0.00014725471555721015","0.0240478515625","0.0","False","0.13114814460277557","False","1.0"
"6","147968","512","3.355283446712018","0.0",,"0.0","0.01367129571735859","0.00018690433353185654","0.0343017578125","0.0","False","0.1397808939218521","False","1.0"
"6","148480","512","3.3668934240362813","0.0",,"0.0","0.010513657703995705","0.00011053699563490227","0.019317626953125","0.0","False","0.12902136147022247","False","1.0"
"6","148992","512","3.378503401360544","0.0",,"0.0","0.009685846045613289","0.00009381560812471434","0.0196990966796875","0.0","False","0.13170109689235687","False","1.0"
"6","149504","512","3.3901133786848074","0.0",,"0.0","0.011715805158019066","0.00013726008182857186","0.0247650146484375","0.0","False","0.15362654626369476","False","1.0"
"6","150016","512","3.4017233560090703","0.0",,"0.0","0.006856807041913271","0.0000470158011012245","0.015411376953125","0.0","False","0.10369724780321121","False","1.0"
"6","150528","512","3.4133333333333336","0.0",,"0.0","0.01176512148231268","0.0001384180795866996","0.024017333984375","0.0","False","0.1559947282075882","False","1.0"
"6","151040","512","3.4249433106575964","0.0",,"0.0","0.0068882363848388195","0.000047447800170630217","0.013702392578125","0.0","False","0.13891033828258514","False","1.0"
"6","151552","512","3.436553287981859","0.0",,"0.0","0.004594153258949518","0.000021106243366375566","0.009765625","0.0","False","0.1410978138446808","False","1.0"
"6","152064","512","3.4481632653061225","0.0",,"0.0","0.00800328329205513","0.00006405254680430517","0.019775390625","0.0","False","0.1515609323978424","False","1.0"
"6","152576","512","3.4597732426303853","0.0",,"0.0","0.008055255748331547","0.0000648871500743553","0.0195465087890625","0.0","False","0.13312232494354248","False","1.0"
"6","153088","512","3.4713832199546486","0.0",,"0.0","0.010003406554460526","0.00010006813681684434","0.020294189453125","0.0","False","0.17718850076198578","False","1.0"
"6","153600","512","3.4829931972789114","0.0",,"0.0","0.006039885804057121","0.0000364802181138657","0.017547607421875","0.0","False","0.17265170812606812","False","1.0"
"6","154112","512","3.4946031746031747","0.0",,"0.0","0.0072999135591089725","0.000053288735216483474","0.0129852294921875","0.0","False","0.13714008033275604","False","1.0"
"6","154624","512","3.5062131519274375","0.0",,"0.0","0.004442514851689339","0.00001973593680304475","0.0121002197265625","0.0","False","0.16057197749614716","False","1.0"
"6","155136","512","3.517823129251701","0.0",,"0.0","0.008585749194025993","0.00007371508399955928","0.016510009765625","0.0","False","0.1648014783859253","False","1.0"
"6","155648","512","3.5294331065759637","0.0",,"0.0","0.010839696042239666","0.0001174990029539913","0.0202178955078125","0.0","False","0.19144901633262634","False","1.0"
"6","156160","512","3.541043083900227","0.0",,"0.0","0.011348513886332512","0.00012878875713795424","0.0236968994140625","0.0","False","0.17207229137420654","False","1.0"
"6","156672","512","3.5526530612244898","0.0",,"0.0","0.010606084018945694","0.00011248901864746585","0.0176849365234375","0.0","False","0.14982330799102783","False","1.0"
"6","157184","512","3.564263038548753","0.0",,"0.0","0.009028376080095768","0.000081511570897419","0.0180511474609375","0.0","False","0.19719596207141876","False","1.0"
"6","157696","512","3.575873015873016","0.0",,"0.0","0.010134690441191196","0.00010271195060340688","0.019195556640625","0.0","False","0.16556163132190704","False","1.0"
"6","158208","512","3.5874829931972787","0.0",,"0.0","0.011398878879845142","0.00012993442942388356","0.0225830078125","0.0","False","0.1947055459022522","False","1.0"
"6","158720","512","3.599092970521542","0.0",,"0.0","0.015869736671447754","0.00025184854166582227","0.026397705078125","0.0","False","0.2782856225967407","False","1.0"
"6","159232","512","3.610702947845805","148.04983520507812","50.14295233075486","0.8618521094322205","0.014226427301764488","0.00020239123841747642","0.023284912109375","0.0","False","0.14375893771648407","False","1.0"
"6","159744","512","3.622312925170068","149.4988250732422","50.31156746913812","0.8761837482452393","0.01329551450908184","0.00017677071446087211","0.0233917236328125","0.0","False","0.1611790657043457","False","1.0"
"6","160256","512","3.633922902494331","149.61004638671875","50.32444238874896","0.8692373633384705","0.008558264933526516","0.00007324389298446476","0.016876220703125","0.0","False","0.11299663037061691","False","1.0"
"6","160768","512","3.645532879818594","149.40097045898438","50.30023194809421","0.8702267408370972","0.009590024128556252","0.00009196856990456581","0.016845703125","0.0","False","0.15492388606071472","False","1.0"
"6","161280","512","3.657142857142857","149.21102905273438","50.27820784492931","0.8882191181182861","0.010633675381541252","0.00011307505337754264","0.0189208984375","0.0","False","0.1487877517938614","False","1.0"
"6","161792","512","3.6687528344671203","148.87901306152344","50.239642475725056","0.8682944774627686","0.01283119898289442","0.0001646396704018116","0.0219573974609375","0.0","False","0.19799460470676422","False","1.0"
"6","162304","512","3.680362811791383","149.10549926757812","50.26595932716177","0.856499433517456","0.01426897756755352","0.00020360371854621917","0.020538330078125","0.0","False","0.2149604856967926","False","1.0"
"6","162816","512","3.6919727891156464","0.0",,"0.0","0.009792880155146122","0.00009590050467522815","0.0191192626953125","0.0","False","0.1784476488828659","False","1.0"
"6","163328","512","3.7035827664399092","0.0",,"0.0","0.00845921691507101","0.00007155834464356303","0.015625","0.0","False","0.12643148005008698","False","1.0"
"6","163840","512","3.7151927437641725","0.0",,"0.0","0.005829939618706703","0.000033988195355050266","0.0115814208984375","0.0","False","0.1794452965259552","False","1.0"
"6","164352","512","3.7268027210884354","0.0",,"0.0","0.009920570068061352","0.00009841771679930389","0.0204620361328125","0.0","False","0.1647304892539978","False","1.0"
"6","164864","512","3.7384126984126986","0.0",,"0.0","0.007275685202330351","0.00005293559661367908","0.0133514404296875","0.0","False","0.18078894913196564","False","1.0"
"6","165376","512","3.7500226757369615","0.0",,"0.0","0.007933915592730045","0.00006294702325249091","0.0175628662109375","0.0","False","0.1338363140821457","False","1.0"
"6","165888","512","3.7616326530612243","0.0",,"0.0","0.007153462618589401","0.00005117202817928046","0.01470947265625","0.0","False","0.15221571922302246","False","1.0"
"6","166400","512","3.7732426303854876","0.0",,"0.0","0.004498783499002457","0.000020239052901160903","0.0101776123046875","0.0","False","0.16429013013839722","False","1.0"
"6","166912","512","3.7848526077097504","0.0",,"0.0","0.005334008485078812","0.000028451646358007565","0.00982666015625","0.0","False","0.11709972470998764","False","1.0"
"6","167424","512","3.7964625850340137","0.0",,"0.0","0.0048130047507584095","0.000023165015591075644","0.0106201171875","0.0","False","0.1801738739013672","False","1.0"
"6","167936","512","3.8080725623582765","0.0",,"0.0","0.00754614919424057","0.000056944365496747196","0.0131683349609375","0.0","False","0.17256954312324524","False","1.0"
"6","168448","512","3.81968253968254","0.0",,"0.0","0.007845934480428696","0.00006155869050417095","0.015411376953125","0.0","False","0.13707071542739868","False","1.0"
"6","168960","512","3.8312925170068026","0.0",,"0.0","0.007789794821292162","0.00006068090078770183","0.0149383544921875","0.0","False","0.1846141368150711","False","1.0"
"6","169472","512","3.842902494331066","0.0",,"0.0","0.009965702891349792","0.00009931523527484387","0.018890380859375","0.0","False","0.15822620689868927","False","1.0"
"6","169984","512","3.8545124716553287","0.0",,"0.0","0.0058173551224172115","0.00003384162118891254","0.0121917724609375","0.0","False","0.1598251909017563","False","1.0"
"6","170496","512","3.866122448979592","0.0",,"0.0","0.009206072427332401","0.0000847517658257857","0.0170135498046875","0.0","False","0.14062738418579102","False","1.0"
"6","171008","512","3.877732426303855","0.0",,"0.0","0.011257674545049667","0.0001267352345166728","0.0183868408203125","0.0","False","0.27588528394699097","False","1.0"
"6","171520","512","3.889342403628118","0.0",,"0.0","0.01304312702268362","0.00017012316675391048","0.0241546630859375","0.0","False","0.18206477165222168","False","1.0"
"6","172032","512","3.900952380952381","0.0",,"0.0","0.011738834902644157","0.00013780024892184883","0.019989013671875","0.0","False","0.15262003242969513","False","1.0"
"6","172544","512","3.912562358276644","0.0",,"0.0","0.013014154508709908","0.0001693682133918628","0.022003173828125","0.0","False","0.24031385779380798","False","1.0"
"6","173056","512","3.924172335600907","0.0",,"0.0","0.012679998762905598","0.00016078236512839794","0.0216827392578125","0.0","False","0.15227702260017395","False","1.0"
"6","173568","512","3.93578231292517","0.0",,"0.0","0.01165183074772358","0.00013576516357716173","0.02001953125","0.0","False","0.16429582238197327","False","1.0"
"6","174080","512","3.947392290249433","0.0",,"0.0","0.010900706984102726","0.00011882540275109932","0.0205230712890625","0.0","False","0.14191985130310059","False","1.0"
"6","174592","512","3.959002267573696","0.0",,"0.0","0.014987131580710411","0.0002246141229989007","0.0242462158203125","0.0","False","0.24387651681900024","False","1.0"
"6","175104","512","3.9706122448979593","0.0",,"0.0","0.015539770014584064","0.00024148444936145097","0.0244598388671875","0.0","False","0.1813429743051529","False","1.0"
"6","175616","512","3.982222222222222","0.0",,"0.0","0.012130620889365673","0.00014715196448378265","0.0215301513671875","0.0","False","0.14690208435058594","False","1.0"
"6","176128","512","3.9938321995464854","0.0",,"0.0","0.016221392899751663","0.0002631335810292512","0.0271148681640625","0.0","False","0.17851975560188293","False","1.0"
"6","176640","512","4.005442176870749","0.0",,"0.0","0.009306114166975021","0.0000866037662490271","0.017242431640625","0.0","False","0.1838187873363495","False","1.0"
"6","177152","512","4.017052154195011","0.0",,"0.0","0.011938406154513359","0.0001425255322828889","0.019012451171875","0.0","False","0.14016762375831604","False","1.0"
"6","177664","512","4.028662131519274","0.0",,"0.0","0.009417373687028885","0.00008868693112162873","0.0196533203125","0.0","False","0.21701326966285706","False","1.0"
"6","178176","512","4.040272108843538","0.0",,"0.0","0.010924269445240498","0.00011933966015931219","0.0235595703125","0.0","False","0.14900889992713928","False","1.0"
"6","178688","512","4.051882086167801","0.0",,"0.0","0.00020150757336523384","4.06053004553542E-08","0.0005950927734375","0.0","False","0.0","True","0.0"
"7","0","512","0.0","0.0",,"0.0","0.0","0.0","0.0","0.0","False","0.0","True","0.0"
"7","512","512","0.011609977324263039","0.0",,"0.0","0.0","0.0","0.0","0.0","False","0.0","True","0.0"
"7","1024","512","0.023219954648526078","0.0",,"0.0","0.0","0.0","0.0","0.0","False","0.0","True","0.0"
"7","1536","512","0.034829931972789115","0.0",,"0.0","0.0","0.0","0.0","0.0","False","0.0","True","0.0"
"7","2048","512","0.046439909297052155","0.0",,"0.0","0.0","0.0","0.0","0.0","False","0.0","True","0.0"
"7","2560","512","0.058049886621315196","0.0",,"0.0","0.0","0.0","0.0","0.0","False","0.0","True","0.0"
"7","3072","512","0.06965986394557823","0.0",,"0.0","0.0","0.0","0.0","0.0","False","0.0","True","0.0"
"7","3584","512","0.08126984126984127","0.0",,"0.0","0.0","0.0","0.0","0.0","False","0.0","True","0.0"
"7","4096","512","0.09287981859410431","0.0",,"0.0","0.000006538061825267505","4.27462509833276E-11","0.000030517578125","0.0","False","0.0","True","0.0"
"7","4608","512","0.10448979591836735","0.0",,"0.0","0.000011911388355656527","1.41881173476577E-10","0.000030517578125","0.0","False","0.0","True","0.0"
"7","5120","512","0.11609977324263039","0.0",,"0.0","0.000014384368114406243","2.06910044653341E-10","0.000030517578125","0.0","False","0.0","True","0.0"
"7","5632","512","0.12770975056689343","0.0",,"0.0","0.000015228957636281848","2.31921148952097E-10","0.0000457763671875","0.0","False","0.0","True","0.0"
"7","6144","512","0.13931972789115646","0.0",,"0.0","0.00009236620098818094","8.53151504998095E-09","0.00054931640625","0.0","False","0.0","True","0.0"
"7","6656","512","0.1509297052154195","0.0",,"0.0","0.0007516078767366707","5.64914444112219E-07","0.0014801025390625","0.0","False","0.0","True","0.0"
"7","7168","512","0.16253968253968254","0.0",,"0.0","0.0008753514848649502","7.66240191296674E-07","0.0019378662109375","0.0","False","0.0","True","0.0"
"7","7680","512","0.17414965986394557","0.0",,"0.0","0.002275765873491764","0.0000051791107580356766","0.004058837890625","0.0","False","0.0","True","0.0"
"7","8192","512","0.18575963718820862","0.0",,"0.0","0.002146026585251093","0.000004605429694493068","0.0058135986328125","0.0","False","0.0","True","0.0"
"7","8704","512","0.19736961451247165","0.0",,"0.0","0.0038299905136227608","0.000014668827134300955","0.0079498291015625","0.0","False","1.0","False","1.0"
"7","9216","512","0.2089795918367347","0.0",,"0.0","0.004373352508991957","0.000019126213373965584","0.008331298828125","0.0","False","0.3431642949581146","False","1.0"
"7","9728","512","0.22058956916099773","0.0",,"0.0","0.0036779455840587616","0.000013527283954317681","0.008056640625","0.0","False","0.1982886791229248","False","1.0"
"7","10240","512","0.23219954648526078","0.0",,"0.0","0.006167642306536436","0.000038039812352508307","0.011505126953125","0.0","False","0.28456735610961914","False","1.0"
"7","10752","512","0.2438095238095238","0.0",,"0.0","0.010785775259137154","0.00011633294343482703","0.01947021484375","0.0","True","0.45264890789985657","False","1.0"
"7","11264","512","0.25541950113378686","0.0",,"0.0","0.014121439307928085","0.00019941503705922514","0.0236358642578125","0.0","False","0.2840907871723175","False","1.0"
"7","11776","512","0.26702947845804986","0.0",,"0.0","0.012450234964489937","0.00015500835434067994","0.0213470458984375","0.0","False","0.2593206763267517","False","1.0"
"7","12288","512","0.2786394557823129","148.34356689453125","50.177266081664584","0.8583263158798218","0.016357650980353355","0.0002675727300811559","0.027099609375","0.0","False","0.2648632824420929","False","1.0"
"7","12800","512","0.29024943310657597","148.85812377929688","50.23721320290446","0.8736054301261902","0.018730029463768005","0.00035081402165815234","0.03094482421875","0.0","False","0.30727046728134155","False","1.0"
"7","13312","512","0.301859410430839","149.52369689941406","50.31444744969252","0.88102787733078","0.015898913145065308","0.00025277541135437787","0.0283966064453125","0.0","False","0.1576753705739975","False","1.0"
"7","13824","512","0.313469387755102","149.42355346679688","50.30284863240218","0.8968610167503357","0.015771351754665375","0.0002487355377525091","0.0255889892578125","0.0","False","0.22616107761859894","False","1.0"
"7","14336","512","0.3250793650793651","148.48536682128906","50.193806846539474","0.8730006217956543","0.024004044011235237","0.0005761940847150981","0.04095458984375","0.0","False","0.24539439380168915","False","1.0"
"7","14848","512","0.33668934240362813","149.05072021484375","50.25959787258597","0.8865481019020081","0.020842064172029495","0.00043439166620373726","0.0363922119140625","0.0","False","0.22096092998981476","False","1.0"
"7","15360","512","0.34829931972789113","147.9922637939453","50.13621885677941","0.8770245313644409","0.020814307034015656","0.0004332354001235217","0.033935546875","0.0","False","0.18799440562725067","False","1.0"
"7","15872","512","0.3599092970521542","149.52328491210938","50.3143997483952","0.8638982176780701","0.01601508818566799","0.00025648303562775254","0.03179931640625","0.0","False","0.21173158288002014","False","1.0"
"7","16384","512","0.37151927437641724","0.0",,"0.0","0.01606934331357479","0.00025822376483120024","0.02886962890625","0.0","False","0.15548856556415558","False","1.0"
"7","16896","512","0.3831292517006803","0.0",,"0.0","0.023187994956970215","0.0005376831395551562","0.040771484375","0.0","False","0.20139506459236145","False","1.0"
"7","17408","512","0.3947392290249433","0.0",,"0.0","0.01994725503027439","0.0003978929598815739","0.0380096435546875","0.0","False","0.19523391127586365","False","1.0"
"7","17920","512","0.40634920634920635","0.0",,"0.0","0.024272263050079346","0.0005891427281312644","0.04351806640625","0.0","False","0.18409442901611328","False","1.0"
"7","18432","512","0.4179591836734694","0.0",,"0.0","0.013951078988611698","0.00019463259377516806","0.0247650146484375","0.0","False","0.1782992035150528","False","1.0"
"7","18944","512","0.4295691609977324","0.0",,"0.0","0.010477443225681782","0.00010977682541124523","0.024383544921875","0.0","False","0.14992253482341766","False","1.0"
"7","19456","512","0.44117913832199546","0.0",,"0.0","0.014267982915043831","0.00020357534231152385","0.026458740234375","0.0","False","0.11901271343231201","False","1.0"
"7","19968","512","0.4527891156462585","0.0",,"0.0","0.013263712637126446","0.0001759260630933568","0.0271453857421875","0.0","False","0.18940182030200958","False","1.0"
"7","20480","512","0.46439909297052157","0.0",,"0.0","0.020874835550785065","0.00043575873132795095","0.037567138671875","0.0","False","0.16924817860126495","False","1.0"
"7","20992","512","0.47600907029478456","0.0",,"0.0","0.009114446118474007","0.00008307312964461744","0.016357421875","0.0","False","0.1395639181137085","False","1.0"
"7","21504","512","0.4876190476190476","0.0",,"0.0","0.013753354549407959","0.00018915475811809301","0.0260467529296875","0.0","False","0.22255839407444","False","1.0"
"7","22016","512","0.4992290249433107","0.0",,"0.0","0.0077593144960701466","0.00006020696309860796","0.0164031982421875","0.0","False","0.11916635930538177","False","1.0"
"7","22528","512","0.5108390022675737","0.0",,"0.0","0.007528053130954504","0.000056671582569833845","0.0164947509765625","0.0","False","0.1301669180393219","False","1.0"
"7","23040","512","0.5224489795918368","0.0",,"0.0","0.018586689606308937","0.0003454649995546788","0.031036376953125","0.0","False","0.19977225363254547","False","1.0"
"7","23552","512","0.5340589569160997","0.0",,"0.0","0.012900871224701405","0.0001664324663579464","0.02392578125","0.0","False","0.15825945138931274","False","1.0"
"7","24064","512","0.5456689342403628","0.0",,"0.0","0.016513938084244728","0.00027271013823337853","0.029815673828125","0.0","False","0.13593198359012604","False","1.0"
"7","24576","512","0.5572789115646258","0.0",,"0.0","0.008222674019634724","0.00006761236727470532","0.0170135498046875","0.0","False","0.14908741414546967","False","1.0"
"7","25088","512","0.5688888888888889","0.0",,"0.0","0.011202496476471424","0.00012549592065624893","0.02191162109375","0.0","False","0.17484475672245026","False","1.0"
"7","25600","512","0.5804988662131519","0.0",,"0.0","0.01648685336112976","0.0002718163304962218","0.0285797119140625","0.0","False","0.17527909576892853","False","1.0"
"7","26112","512","0.592108843537415","0.0",,"0.0","0.016208374872803688","0.00026271140086464584","0.03070068359375","0.0","False","0.16784116625785828","False","1.0"
"7","26624","512","0.603718820861678","0.0",,"0.0","0.020710717886686325","0.000428933824878186","0.036224365234375","0.0","False","0.17564542591571808","False","1.0"
"7","27136","512","0.615328798185941","0.0",,"0.0","0.018559304997324944","0.0003444477915763855","0.03118896484375","0.0","False","0.158507838845253","False","1.0"
"7","27648","512","0.626938775510204","0.0",,"0.0","0.018319621682167053","0.0003356085508130491","0.0319061279296875","0.0","False","0.21152262389659882","False","1.0"
"7","28160","512","0.6385487528344671","0.0",,"0.0","0.01848597638309002","0.0003417312982492149","0.0317535400390625","0.0","False","0.1371982991695404","False","1.0"
"7","28672","512","0.6501587301587302","0.0",,"0.0","0.015673469752073288","0.00024565766216255724","0.028778076171875","0.0","False","0.18920400738716125","False","1.0"
"7","29184","512","0.6617687074829932","148.6290740966797","50.21055399264837","0.8684771060943604","0.022895412519574165","0.0005241999169811606","0.039520263671875","0.0","False","0.24420426785945892","False","1.0"
"7","29696","512","0.6733786848072563","149.13778686523438","50.26970776954036","0.8626654744148254","0.01729273423552513","0.000299038685625419","0.0334014892578125","0.0","False","0.14437125623226166","False","1.0"
"7","30208","512","0.6849886621315193","149.2405242919922","50.28162971773128","0.8654528856277466","0.022634664550423622","0.0005123280570842326","0.039306640625","0.0","False","0.1990722268819809","False","1.0"
"7","30720","512","0.6965986394557823","0.0",,"0.0","0.02437741681933403","0.0005942584248259664","0.0428314208984375","0.0","False","0.14027252793312073","False","1.0"
"7","31232","512","0.7082086167800453","0.0",,"0.0","0.016077551990747452","0.00025848770746961236","0.02880859375","0.0","False","0.18860246241092682","False","1.0"
"7","31744","512","0.7198185941043084","0.0",,"0.0","0.01852954924106598","0.0003433442034292966","0.038177490234375","0.0","False","0.13955934345722198","False","1.0"
"7","32256","512","0.7314285714285714","0.0",,"0.0","0.021918930113315582","0.0004804394848179072","0.0372314453125","0.0","False","0.16431352496147156","False","1.0"
"7","32768","512","0.7430385487528345","0.0",,"0.0","0.017301024869084358","0.0002993254747707397","0.0328216552734375","0.0","False","0.14624838531017303","False","1.0"
"7","33280","512","0.7546485260770975","0.0",,"0.0","0.024034231901168823","0.0005776443285867572","0.0460968017578125","0.0","False","0.1573566198348999","False","1.0"
"7","33792","512","0.7662585034013606","0.0",,"0.0","0.01770985871553421","0.0003136390878353268","0.03106689453125","0.0","False","0.1504969447851181","False","1.0"
"7","34304","512","0.7778684807256235","0.0",,"0.0","0.022715484723448753","0.0005159932770766318","0.04302978515625","0.0","False","0.20082823932170868","False","1.0"
"7","34816","512","0.7894784580498866","0.0",,"0.0","0.01248113438487053","0.00015577871818095446","0.02252197265625","0.0","False","0.12292065471410751","False","1.0"
"7","35328","512","0.8010884353741496","0.0",,"0.0","0.010656020604074001","0.00011355078459018841","0.0216827392578125","0.0","False","0.18427470326423645","False","1.0"
"7","35840","512","0.8126984126984127","0.0",,"0.0","0.01947605237364769","0.00037931662518531084","0.033111572265625","0.0","False","0.14137041568756104","False","1.0"
"7","36352","512","0.8243083900226758","0.0",,"0.0","0.01048964075744152","0.00011003256804542616","0.0231475830078125","0.0","False","0.2033248096704483","False","1.0"
"7","36864","512","0.8359183673469388","0.0",,"0.0","0.019972635433077812","0.00039890618063509464","0.033782958984375","0.0","False","0.15529461205005646","False","1.0"
"7","37376","512","0.8475283446712019","0.0",,"0.0","0.014544977806508541","0.00021155638387426734","0.0245819091796875","0.0","False","0.157143697142601","False","1.0"
"7","37888","512","0.8591383219954648","0.0",,"0.0","0.015092093497514725","0.00022777129197493196","0.0303955078125","0.0","False","0.16643516719341278","False","1.0"
"7","38400","512","0.8707482993197279","0.0",,"0.0","0.009590164758265018","0.00009197125473292544","0.0220794677734375","0.0","False","0.14783288538455963","False","1.0"
"7","38912","512","0.8823582766439909","0.0",,"0.0","0.010175715200603008","0.00010354518599342555","0.0218353271484375","0.0","False","0.15708579123020172","False","1.0"
"7","39424","512","0.893968253968254","0.0",,"0.0","0.017934881150722504","0.00032165992888621986","0.0341033935546875","0.0","False","0.2111399918794632","False","1.0"
"7","39936","512","0.905578231292517","0.0",,"0.0","0.015161631628870964","0.00022987507691141218","0.030670166015625","0.0","False","0.1520521342754364","False","1.0"
"7","40448","512","0.9171882086167801","0.0",,"0.0","0.022080810740590096","0.0004875622398685664","0.0391845703125","0.0","False","0.23253260552883148","False","1.0"
"7","40960","512","0.9287981859410431","0.0",,"0.0","0.019790709018707275","0.0003916721907444298","0.036865234375","0.0","False","0.16652022302150726","False","1.0"
"7","41472","512","0.9404081632653061","0.0",,"0.0","0.020340796560049057","0.000413747999118641","0.040252685546875","0.0","False","0.2053416222333908","False","1.0"
"7","41984","512","0.9520181405895691","0.0",,"0.0","0.017030321061611176","0.0002900318067986518","0.0294036865234375","0.0","False","0.10139850527048111","False","1.0"
"7","42496","512","0.9636281179138322","0.0",,"0.0","0.01935536414384842","0.0003746300935745239","0.0391845703125","0.0","False","0.21942433714866638","False","1.0"
"7","43008","512","0.9752380952380952","0.0",,"0.0","0.024938080459833145","0.0006219078204594553","0.04583740234375","0.0","False","0.2304438054561615","False","1.0"
"7","43520","512","0.9868480725623583","0.0",,"0.0","0.025687865912914276","0.0006598664913326502","0.0437164306640625","0.0","False","0.14693620800971985","False","1.0"
"7","44032","512","0.9984580498866213","0.0",,"0.0","0.0178541149944067","0.00031876942375674844","0.034637451171875","0.0","False","0.15641406178474426","False","1.0"
"7","44544","512","1.0100680272108844","0.0",,"0.0","0.019319623708724976","0.0003732478362508118","0.035125732421875","0.0","False","0.19936922192573547","False","1.0"
"7","45056","512","1.0216780045351475","0.0",,"0.0","0.023360449820756912","0.0005457106162793934","0.0383453369140625","0.0","False","0.18089458346366882","False","1.0"
"7","45568","512","1.0332879818594105","0.0",,"0.0","0.02094917558133602","0.0004388679808471352","0.039215087890625","0.0","False","0.12988771498203278","False","1.0"
"7","46080","512","1.0448979591836736","0.0",,"0.0","0.02199188433587551","0.0004836430016439408","0.0408477783203125","0.0","False","0.14314329624176025","False","1.0"
"7","46592","512","1.0565079365079366","0.0",,"0.0","0.018885284662246704","0.00035665396717377007","0.0312347412109375","0.0","False","0.20245593786239624","False","1.0"
"7","47104","512","1.0681179138321995","0.0",,"0.0","0.02011500857770443","0.00040461355820298195","0.0364227294921875","0.0","False","0.14417564868927002","False","1.0"
"7","47616","512","1.0797278911564625","0.0",,"0.0","0.01054296363145113","0.00011115407687611878","0.0203399658203125","0.0","False","0.13058556616306305","False","1.0"
"7","48128","512","1.0913378684807256","0.0",,"0.0","0.014366147108376026","0.00020638617570511997","0.031036376953125","0.0","False","0.2042628824710846","False","1.0"
"7","48640","512","1.1029478458049886","0.0",,"0.0","0.022154636681079865","0.0004908278933726251","0.0393218994140625","0.0","False","0.21186868846416473","False","1.0"
"7","49152","512","1.1145578231292517","0.0",,"0.0","0.014943190850317478","0.0002232989645563066","0.028656005859375","0.0","False","0.2087116688489914","False","1.0"
"7","49664","512","1.1261678004535147","0.0",,"0.0","0.020243089646100998","0.00040978266042657197","0.036590576171875","0.0","False","0.11830994486808777","False","1.0"
"7","50176","512","1.1377777777777778","0.0",,"0.0","0.01102706603705883","0.00012159618927398697","0.0186614990234375","0.0","False","0.16911163926124573","False","1.0"
"7","50688","512","1.1493877551020408","0.0",,"0.0","0.01475931704044342","0.00021783744159620255","0.027130126953125","0.0","False","0.15444351732730865","False","1.0"
"7","51200","512","1.1609977324263039","0.0",,"0.0","0.01293915044516325","0.0001674216182436794","0.023406982421875","0.0","False","0.10870140790939331","False","1.0"
"7","51712","512","1.172607709750567","0.0",,"0.0","0.011502029374241829","0.00013229668547865003","0.0244903564453125","0.0","False","0.17905306816101074","False","1.0"
"7","52224","512","1.18421768707483","0.0",,"0.0","0.0203674528747797","0.0004148331645410508","0.035369873046875","0.0","False","0.2402564138174057","False","1.0"
"7","52736","512","1.195827664399093","0.0",,"0.0","0.011037825606763363","0.00012183360377093777","0.0260467529296875","0.0","False","0.1574801504611969","False","1.0"
"7","53248","512","1.207437641723356","0.0",,"0.0","0.010140465572476387","0.00010282904258929193","0.0214691162109375","0.0","False","0.16925975680351257","False","1.0"
"7","53760","512","1.2190476190476192","0.0",,"0.0","0.1568206548690796","0.024592716246843338","0.5234527587890625","0.0","True","0.85190749168396","False","1.0"
"7","54272","512","1.230657596371882","0.0",,"0.0","0.27090221643447876","0.0733880028128624","0.64019775390625","0.0","False","0.47338026762008667","False","1.0"
"7","54784","512","1.242267573696145","0.0",,"0.0","0.10156605392694473","0.010315663181245327","0.248321533203125","0.0","False","0.18987014889717102","False","1.0"
"7","55296","512","1.253877551020408","0.0",,"0.0","0.10853833705186844","0.0117805702611804","0.240020751953125","0.0","False","0.13327765464782715","False","1.0"
"7","55808","512","1.2654875283446712","0.0",,"0.0","0.06290434300899506","0.003956956323236227","0.1612091064453125","0.0","False","0.10533544421195984","False","1.0"
"7","56320","512","1.2770975056689342","0.0",,"0.0","0.0761202946305275","0.005794299300760031","0.1832275390625","0.0","False","0.09477580338716507","False","1.0"
"7","56832","512","1.2887074829931973","0.0",,"0.0","0.07797424495220184","0.006079983431845903","0.2073822021484375","0.0","False","0.08881759643554688","False","1.0"
"7","57344","512","1.3003174603174603","0.0",,"0.0","0.08840052038431168","0.007814651355147362","0.203704833984375","0.0","False","0.11081721633672714","False","1.0"
"7","57856","512","1.3119274376417234","0.0",,"0.0","0.07737415283918381","0.005986759904772043","0.1713104248046875","0.0","False","0.17095103859901428","False","1.0"
"7","58368","512","1.3235374149659864","0.0",,"0.0","0.086678646504879","0.007513187825679779","0.207855224609375","0.0","False","0.1115497350692749","False","1.0"
"7","58880","512","1.3351473922902495","0.0",,"0.0","0.08559751510620117","0.007326934486627579","0.1920318603515625","0.0","False","0.16810081899166107","False","1.0"
"7","59392","512","1.3467573696145125","0.0",,"0.0","0.08317337930202484","0.006917810998857021","0.184326171875","0.0","False","0.13118892908096313","False","1.0"
"7","59904","512","1.3583673469387756","0.0",,"0.0","0.06900007277727127","0.004761009942740202","0.186370849609375","0.0","False","0.12488315254449844","False","1.0"
"7","60416","512","1.3699773242630386","0.0",,"0.0","0.06116218492388725","0.0037408126518130302","0.1573486328125","0.0","False","0.12159121036529541","False","1.0"
"7","60928","512","1.3815873015873017","0.0",,"0.0","0.056035224348306656","0.0031399463769048452","0.1342620849609375","0.0","False","0.12050072103738785","False","1.0"
"7","61440","512","1.3931972789115645","0.0",,"0.0","0.06067682430148125","0.003681677160784602","0.1343536376953125","0.0","False","0.1602097600698471","False","1.0"
"7","61952","512","1.4048072562358276","0.0",,"0.0","0.0489247627556324","0.0023936324287205935","0.1150054931640625","0.0","False","0.0998123437166214","False","1.0"
"7","62464","512","1.4164172335600906","0.0",,"0.0","0.05769062414765358","0.003328208113089204","0.145050048828125","0.0","False","0.10463814437389374","False","1.0"
"7","62976","512","1.4280272108843537","0.0",,"0.0","0.037257224321365356","0.0013881007907912135","0.0915069580078125","0.0","False","0.10956809669733047","False","1.0"
"7","63488","512","1.4396371882086167","0.0",,"0.0","0.043858304619789124","0.0019235508516430855","0.08837890625","0.0","False","0.0870739296078682","False","1.0"
"7","64000","512","1.4512471655328798","0.0",,"0.0","0.0440644808113575","0.0019416783470660448","0.089324951171875","0.0","False","0.11428793519735336","False","1.0"
"7","64512","512","1.4628571428571429","0.0",,"0.0","0.039902232587337494","0.0015921880258247256","0.090789794921875","0.0","False","0.09046997874975204","False","1.0"
"7","65024","512","1.474467120181406","0.0",,"0.0","0.04171732813119888","0.001740335370413959","0.1020660400390625","0.0","False","0.12440211325883865","False","1.0"
"7","65536","512","1.486077097505669","0.0",,"0.0","0.0385160930454731","0.001483489410020411","0.0879058837890625","0.0","False","0.07382061332464218","False","1.0"
"7","66048","512","1.497687074829932","0.0",,"0.0","0.03741774335503578","0.0014000874944031239","0.088531494140625","0.0","False","0.09738310426473618","False","1.0"
"7","66560","512","1.509297052154195","117.02173614501953","46.071276043587076","0.8639670610427856","0.036989033222198486","0.0013681886484846473","0.0920867919921875","0.0","False","0.08702757209539413","False","1.0"
"7","67072","512","1.5209070294784581","117.04350280761719","46.074495931144995","0.8565096259117126","0.03930176794528961","0.001544628874398768","0.099884033203125","0.0","False","0.09880810976028442","False","1.0"
"7","67584","512","1.5325170068027212","175.327880859375","53.07062291717313","0.8518480658531189","0.038924358785152435","0.0015151057159528136","0.0898590087890625","0.0","False","0.0872758999466896","False","1.0"
"7","68096","512","1.5441269841269842","175.44577026367188","53.08225971815712","0.8727601170539856","0.03511130437254906","0.0012328035663813353","0.0979766845703125","0.0","False","0.11784043163061142","False","1.0"
"7","68608","512","1.555736961451247","175.3686981201172","53.07465285280075","0.8873451948165894","0.038407739251852036","0.0014751545386388898","0.073974609375","0.0","False","0.09986349940299988","False","1.0"
"7","69120","512","1.5673469387755101","175.4415283203125","53.08184113379639","0.9082481861114502","0.037531424313783646","0.0014086079318076372","0.074981689453125","0.0","False","0.10808078199625015","False","1.0"
"7","69632","512","1.5789569160997732","175.41348266601562","53.079073404094366","0.9012360572814941","0.035917412489652634","0.001290060579776764","0.0832061767578125","0.0","False","0.06619598716497421","False","1.0"
"7","70144","512","1.5905668934240362","175.3439483642578","53.072209392574806","0.9006358981132507","0.03711944818496704","0.0013778535649180412","0.078338623046875","0.0","False","0.10227476805448532","False","1.0"
"7","70656","512","1.6021768707482993","175.2459716796875","53.06253309744702","0.9045439958572388","0.0342097245156765","0.0011703053023666143","0.0751495361328125","0.0","False","0.08875354379415512","False","1.0"
"7","71168","512","1.6137868480725623","175.23733520507812","53.06167988939877","0.9081769585609436","0.03513943776488304","0.001234780065715313","0.0773162841796875","0.0","False","0.09494459629058838","False","1.0"
"7","71680","512","1.6253968253968254","175.21604919433594","53.05957683842244","0.9171076416969299","0.03508186340332031","0.0012307370780035853","0.0713958740234375","0.0","False","0.09294598549604416","False","1.0"
"7","72192","512","1.6370068027210884","175.15451049804688","53.05349539781625","0.9054406881332397","0.03149713575839996","0.000992069486528635","0.0714263916015625","0.0","False","0.09284135699272156","False","1.0"
"7","72704","512","1.6486167800453515","175.1526336669922","53.05330989010507","0.8876290321350098","0.030636493116617203","0.0009385947487317026","0.0630645751953125","0.0","False","0.1212439015507698","False","1.0"
"7","73216","512","1.6602267573696146","175.0179443359375","53.03999187984863","0.8891947269439697","0.036821309477090836","0.0013558088103309274","0.079803466796875","0.0","False","0.16656295955181122","False","1.0"
"7","73728","512","1.6718367346938776","0.0",,"0.0","0.042543090879917145","0.0018099144799634814","0.0867156982421875","0.0","False","0.17147916555404663","False","1.0"
"7","74240","512","1.6834467120181407","0.0",,"0.0","0.030767280608415604","0.0009466256015002728","0.081207275390625","0.0","False","0.1347339004278183","False","1.0"
"7","74752","512","1.6950566893424037","0.0",,"0.0","0.02160606160759926","0.00046682191896252334","0.0511016845703125","0.0","False","0.09694580733776093","False","1.0"
"7","75264","512","1.7066666666666668","0.0",,"0.0","0.020464448258280754","0.0004187936137896031","0.045654296875","0.0","False","0.09160123020410538","False","1.0"
"7","75776","512","1.7182766439909296","0.0",,"0.0","0.0199173204600811","0.0003966996737290174","0.0474700927734375","0.0","False","0.14212830364704132","False","1.0"
"7","76288","512","1.7298866213151927","0.0",,"0.0","0.018918080255389214","0.000357893732143566","0.0483856201171875","0.0","False","0.1088489517569542","False","1.0"
"7","76800","512","1.7414965986394557","0.0",,"0.0","0.01177564449608326","0.00013866581139154732","0.0277862548828125","0.0","False","0.13208532333374023","False","1.0"
"7","77312","512","1.7531065759637188","0.0",,"0.0","0.012899908237159252","0.0001664076407905668","0.0286407470703125","0.0","False","0.1506536602973938","False","1.0"
"7","77824","512","1.7647165532879818","0.0",,"0.0","0.018765274435281754","0.00035213553928770125","0.040771484375","0.0","False","0.0866737887263298","False","1.0"
"7","78336","512","1.7763265306122449","0.0",,"0.0","0.016139667481184006","0.0002604888577479869","0.03253173828125","0.0","False","0.13826341927051544","False","1.0"
"7","78848","512","1.787936507936508","0.0",,"0.0","0.0184403695166111","0.000340047205099836","0.0419769287109375","0.0","False","0.13669507205486298","False","1.0"
"7","79360","512","1.799546485260771","0.0",,"0.0","0.0069272867403924465","0.000047987301513785496","0.0161895751953125","0.0","False","0.1245521754026413","False","1.0"
"7","79872","512","1.811156462585034","0.0",,"0.0","0.009948723949491978","0.00009897710697259754","0.0201873779296875","0.0","False","0.16605037450790405","False","1.0"
"7","80384","512","1.822766439909297","0.0",,"0.0","0.00961904227733612","0.00009252596646547318","0.0234832763671875","0.0","False","0.1193210706114769","False","1.0"
"7","80896","512","1.8343764172335602","0.0",,"0.0","0.009360751137137413","0.00008762365905568004","0.02532958984375","0.0","False","0.14179736375808716","False","1.0"
"7","81408","512","1.8459863945578232","0.0",,"0.0","0.016492605209350586","0.0002720060001593083","0.027557373046875","0.0","False","0.15257300436496735","False","1.0"
"7","81920","512","1.8575963718820863","0.0",,"0.0","0.010031186044216156","0.00010062468936666846","0.0213623046875","0.0","False","0.14903835952281952","False","1.0"
"7","82432","512","1.8692063492063493","0.0",,"0.0","0.012255452573299408","0.0001501961232861504","0.020782470703125","0.0","False","0.17872881889343262","False","1.0"
"7","82944","512","1.8808163265306121","0.0",,"0.0","0.009941056370735168","0.00009882461017696187","0.018341064453125","0.0","False","0.14045773446559906","False","1.0"
"7","83456","512","1.8924263038548752","0.0",,"0.0","0.008935357443988323","0.00007984061085153371","0.0175933837890625","0.0","False","0.15868785977363586","False","1.0"
"7","83968","512","1.9040362811791383","0.0",,"0.0","0.13068927824497223","0.017079686746001244","0.3756866455078125","0.0","True","0.8563790321350098","False","1.0"
"7","84480","512","1.9156462585034013","0.0",,"0.0","0.2453228384256363","0.06018329784274101","0.49066162109375","0.0","False","0.48406973481178284","False","1.0"
"7","84992","512","1.9272562358276644","0.0",,"0.0","0.11846929788589478","0.01403497438877821","0.2565460205078125","0.0","False","0.18437153100967407","False","1.0"
"7","85504","512","1.9388662131519274","0.0",,"0.0","0.058917101472616196","0.003471225034445524","0.134918212890625","0.0","False","0.08593318611383438","False","1.0"
"7","86016","512","1.9504761904761905","0.0",,"0.0","0.05428667366504669","0.002947042929008603","0.1243896484375","0.0","False","0.08654715865850449","False","1.0"
"7","86528","512","1.9620861678004535","0.0",,"0.0","0.056137815117836","0.0031514542642980814","0.12554931640625","0.0","False","0.08175782114267349","False","1.0"
"7","87040","512","1.9736961451247166","0.0",,"0.0","0.05763763189315796","0.003322096774354577","0.137664794921875","0.0","False","0.08848346769809723","False","1.0"
"7","87552","512","1.9853061224489796","0.0",,"0.0","0.07941097021102905","0.006306102499365807","0.1701202392578125","0.0","False","0.10017529875040054","False","1.0"
"7","88064","512","1.9969160997732427","0.0",,"0.0","0.07122344523668289","0.005072779022157192","0.1761932373046875","0.0","False","0.17542925477027893","False","1.0"
"7","88576","512","2.0085260770975055","0.0",,"0.0","0.06700902432203293","0.004490209743380547","0.15496826171875","0.0","False","0.12498946487903595","False","1.0"
"7","89088","512","2.020136054421769","0.0",,"0.0","0.06187046319246292","0.003827954176813364","0.138702392578125","0.0","False","0.1421780288219452","False","1.0"
"7","89600","512","2.0317460317460316","0.0",,"0.0","0.05898754671216011","0.0034795308019965887","0.13299560546875","0.0","False","0.12039411813020706","False","1.0"
"7","90112","512","2.043356009070295","0.0",,"0.0","0.061206359416246414","0.003746218513697386","0.1348419189453125","0.0","False","0.12055802345275879","False","1.0"
"7","90624","512","2.0549659863945577","0.0",,"0.0","0.050457973033189774","0.0025460070464760065","0.109771728515625","0.0","False","0.11695943027734756","False","1.0"
"7","91136","512","2.066575963718821","0.0",,"0.0","0.05279335752129555","0.002787138568237424","0.1141815185546875","0.0","False","0.16815032064914703","False","1.0"
"7","91648","512","2.078185941043084","0.0",,"0.0","0.04491372033953667","0.0020172421354800463","0.0872650146484375","0.0","False","0.11889348924160004","False","1.0"
"7","92160","512","2.089795918367347","0.0",,"0.0","0.04321770742535591","0.0018677703337743878","0.098419189453125","0.0","False","0.14242254197597504","False","1.0"
"7","92672","512","2.10140589569161","0.0",,"0.0","0.03660466521978378","0.0013399015879258513","0.0856170654296875","0.0","False","0.08678828924894333","False","1.0"
"7","93184","512","2.1130158730158732","0.0",,"0.0","0.0408373586833477","0.0016676898812875152","0.07794189453125","0.0","False","0.12099195271730423","False","1.0"
"7","93696","512","2.124625850340136","0.0",,"0.0","0.03797483444213867","0.0014420881634578109","0.08154296875","0.0","False","0.0958404690027237","False","1.0"
"7","94208","512","2.136235827664399","0.0",,"0.0","0.03602593019604683","0.0012978677405044436","0.072418212890625","0.0","False","0.10174615681171417","False","1.0"
"7","94720","512","2.147845804988662","175.30038452148438","53.067907642839685","0.8643429279327393","0.033429354429244995","0.0011175217805430293","0.0684814453125","0.0","False","0.10386282205581665","False","1.0"
"7","95232","512","2.159455782312925","175.2935333251953","53.06723101819276","0.8553647994995117","0.035476163029670715","0.001258558128029108","0.077606201171875","0.0","False","0.10887229442596436","False","1.0"
"7","95744","512","2.1710657596371883","175.1610565185547","53.05414239695972","0.85023033618927","0.037702832370996475","0.0014215034898370504","0.08831787109375","0.0","False","0.09885948896408081","False","1.0"
"7","96256","512","2.182675736961451","117.04071044921875","46.07408289808569","0.8770915865898132","0.036172397434711456","0.001308442442677915","0.080963134765625","0.0","False","0.08234952390193939","False","1.0"
"7","96768","512","2.1942857142857144","175.07310485839844","53.045447362110096","0.8547066450119019","0.03412054106593132","0.0011642113095149398","0.06463623046875","0.0","False","0.09539157152175903","False","1.0"
"7","97280","512","2.2058956916099772","175.1754913330078","53.05556902757766","0.8971729874610901","0.03062663972377777","0.0009379910188727081","0.0641021728515625","0.0","False","0.10066040605306625","False","1.0"
"7","97792","512","2.2175056689342405","175.1664276123047","53.05467324999311","0.8869850635528564","0.03415306657552719","0.0011664319317787886","0.077880859375","0.0","False","0.09328063577413559","False","1.0"
"7","98304","512","2.2291156462585033","175.03167724609375","53.04135025193085","0.889091432094574","0.03307090327143669","0.001093684695661068","0.0734100341796875","0.0","False","0.0915682464838028","False","1.0"
"7","98816","512","2.2407256235827666","175.0614471435547","53.04429453484619","0.9004391431808472","0.03455335646867752","0.001193934353068471","0.0774688720703125","0.0","False","0.10506968945264816","False","1.0"
"7","99328","512","2.2523356009070294","175.04405212402344","53.04257420482083","0.9057032465934753","0.03549643233418465","0.0012599966721609235","0.06640625","0.0","False","0.12013851851224899","False","1.0"
"7","99840","512","2.2639455782312927","175.0730438232422","53.04544132656516","0.921806275844574","0.032796647399663925","0.001075620180927217","0.0573272705078125","0.0","False","0.12672743201255798","False","1.0"
"7","100352","512","2.2755555555555556","175.01483154296875","53.0396839673589","0.9149976968765259","0.03393639996647835","0.001151679316535592","0.0716094970703125","0.0","False","0.09083669632673264","False","1.0"
"7","100864","512","2.2871655328798184","174.8455810546875","53.0229337309537","0.903844952583313","0.03395877406001091","0.0011531984200701118","0.06976318359375","0.0","False","0.10675686597824097","False","1.0"
"7","101376","512","2.2987755102040817","174.66921997070312","53.00546252008991","0.9011145234107971","0.03314710035920143","0.001098730368539691","0.069610595703125","0.0","False","0.1003565639257431","False","1.0"
"7","101888","512","2.3103854875283445","174.67172241210938","53.005710547803965","0.8924527764320374","0.031653087586164474","0.0010019178735092282","0.06060791015625","0.0","False","0.12131346017122269","False","1.0"
"7","102400","512","2.3219954648526078","174.60389709472656","52.99898683198987","0.9019131660461426","0.03046264685690403","0.0009279728983528912","0.0564727783203125","0.0","False","0.10968290269374847","False","1.0"
"7","102912","512","2.3336054421768706","174.5982666015625","52.998428547850025","0.8965513706207275","0.029239576309919357","0.0008549527847208083","0.0551605224609375","0.0","False","0.09810661524534225","False","1.0"
"7","103424","512","2.345215419501134","174.4958953857422","52.988274924051574","0.8859575986862183","0.029048627242445946","0.0008438227814622223","0.05633544921875","0.0","False","0.10702147334814072","False","1.0"
"7","103936","512","2.3568253968253967","174.3546600341797","52.97425680316185","0.875974178314209","0.03269854560494423","0.001069194870069623","0.0669708251953125","0.0","False","0.13345938920974731","False","1.0"
"7","104448","512","2.36843537414966","174.1749725341797","52.956405744503726","0.8567922711372375","0.029856791719794273","0.0008914279751479626","0.058624267578125","0.0","False","0.09966911375522614","False","1.0"
"7","104960","512","2.380045351473923","174.4170379638672","52.98044943849072","0.8720146417617798","0.028190789744257927","0.0007947206613607705","0.058929443359375","0.0","False","0.10343838483095169","False","1.0"
"7","105472","512","2.391655328798186","174.30465698242188","52.969291096976534","0.8771635890007019","0.026115981861948967","0.000682044483255595","0.0560455322265625","0.0","False","0.10802701860666275","False","1.0"
"7","105984","512","2.403265306122449","174.31893920898438","52.97070958254122","0.8756335973739624","0.02710050716996193","0.0007344374898821115","0.05535888671875","0.0","False","0.1027536690235138","False","1.0"
"7","106496","512","2.414875283446712","174.3974609375","52.97850614686904","0.8726348280906677","0.025940563529729843","0.0006729128072038293","0.05242919921875","0.0","False","0.10678213089704514","False","1.0"
"7","107008","512","2.426485260770975","174.3120880126953","52.97002914830743","0.8512740135192871","0.03108602575957775","0.0009663409437052906","0.0626373291015625","0.0","False","0.1297251135110855","False","1.0"
"7","107520","512","2.4380952380952383","174.33018493652344","52.97182640659615","0.8628727197647095","0.02508457936346531","0.0006292361649684608","0.060150146484375","0.0","False","0.10395610332489014","False","1.0"
"7","108032","512","2.449705215419501","0.0",,"0.0","0.024976316839456558","0.0006238163914531469","0.056854248046875","0.0","False","0.10406585037708282","False","1.0"
"7","108544","512","2.461315192743764","174.52029418945312","52.99069544442119","0.8514068126678467","0.02635176107287407","0.0006944153574295342","0.0523529052734375","0.0","False","0.114351786673069","False","1.0"
"7","109056","512","2.4729251700680273","0.0",,"0.0","0.025780804455280304","0.0006646498804911971","0.0431976318359375","0.0","False","0.12543201446533203","False","1.0"
"7","109568","512","2.48453514739229","0.0",,"0.0","0.027661820873618126","0.0007651763735339046","0.061492919921875","0.0","False","0.11928386241197586","False","1.0"
"7","110080","512","2.4961451247165534","0.0",,"0.0","0.023898424580693245","0.0005711347330361605","0.045928955078125","0.0","False","0.10407139360904694","False","1.0"
"7","110592","512","2.507755102040816","0.0",,"0.0","0.02403235249221325","0.0005775539320893586","0.053436279296875","0.0","False","0.10488839447498322","False","1.0"
"7","111104","512","2.5193650793650795","0.0",,"0.0","0.02264944277703762","0.0005129972705617547","0.0421142578125","0.0","False","0.13978517055511475","False","1.0"
"7","111616","512","2.5309750566893423","0.0",,"0.0","0.019094016402959824","0.00036458144313655794","0.03363037109375","0.0","False","0.08623592555522919","False","1.0"
"7","112128","512","2.5425850340136056","0.0",,"0.0","0.017497468739748","0.0003061613824684173","0.0321502685546875","0.0","False","0.09934122115373611","False","1.0"
"7","112640","512","2.5541950113378684","0.0",,"0.0","0.023150604218244553","0.000535950472112745","0.058990478515625","0.0","False","0.2090376615524292","False","1.0"
"7","113152","512","2.5658049886621317","0.0",,"0.0","0.026168327778577805","0.0006847813492640853","0.0445709228515625","0.0","False","0.1477271020412445","False","1.0"
"7","113664","512","2.5774149659863945","0.0",,"0.0","0.024422407150268555","0.0005964539595879614","0.042388916015625","0.0","False","0.1672738641500473","False","1.0"
"7","114176","512","2.589024943310658","0.0",,"0.0","0.024753393605351448","0.0006127305096015334","0.0446929931640625","0.0","False","0.1957225203514099","False","1.0"
"7","114688","512","2.6006349206349206","0.0",,"0.0","0.021809948608279228","0.00047567381989210844","0.035308837890625","0.0","False","0.14070282876491547","False","1.0"
"7","115200","512","2.6122448979591835","0.0",,"0.0","0.018955543637275696","0.00035931263118982315","0.042816162109375","0.0","False","0.1146608367562294","False","1.0"
"7","115712","512","2.6238548752834467","0.0",,"0.0","0.01638351008296013","0.00026841938961297274","0.03173828125","0.0","False","0.11755084991455078","False","1.0"
"7","116224","512","2.6354648526077096","0.0",,"0.0","0.017862584441900253","0.00031907192897051573","0.0375823974609375","0.0","False","0.1426275670528412","False","1.0"
"7","116736","512","2.647074829931973","0.0",,"0.0","0.01496618427336216","0.000223986673518084","0.0337982177734375","0.0","False","0.1390184611082077","False","1.0"
"7","117248","512","2.6586848072562357","0.0",,"0.0","0.019020237028598785","0.00036176940193399787","0.0374298095703125","0.0","False","0.135694220662117","False","1.0"
"7","117760","512","2.670294784580499","0.0",,"0.0","0.0186383668333292","0.000347388704540208","0.0325927734375","0.0","False","0.16108447313308716","False","1.0"
"7","118272","512","2.681904761904762","0.0",,"0.0","0.015057753771543503","0.0002267359523102641","0.032867431640625","0.0","False","0.1728207767009735","False","1.0"
"7","118784","512","2.693514739229025","0.0",,"0.0","0.017567163333296776","0.0003086052311118692","0.033599853515625","0.0","False","0.16506803035736084","False","1.0"
"7","119296","512","2.705124716553288","0.0",,"0.0","0.012532401829957962","0.00015706109115853906","0.0262603759765625","0.0","False","0.15584024786949158","False","1.0"
"7","119808","512","2.716734693877551","0.0",,"0.0","0.016767127439379692","0.0002811365411616862","0.0321197509765625","0.0","False","0.15257568657398224","False","1.0"
"7","120320","512","2.728344671201814","0.0",,"0.0","0.012710467912256718","0.0001615559885976836","0.02337646484375","0.0","False","0.15334877371788025","False","1.0"
"7","120832","512","2.7399546485260773","0.0",,"0.0","0.016178330406546593","0.00026173837250098586","0.030120849609375","0.0","False","0.1600673347711563","False","1.0"
"7","121344","512","2.75156462585034","0.0",,"0.0","0.010797511786222458","0.00011658627045108005","0.01983642578125","0.0","False","0.18629240989685059","False","1.0"
"7","121856","512","2.7631746031746034","0.0",,"0.0","0.007049268111586571","0.00004969217843608931","0.014923095703125","0.0","False","0.15043388307094574","False","1.0"
"7","122368","512","2.7747845804988662","0.0",,"0.0","0.015384161844849586","0.00023667243658564985","0.0292510986328125","0.0","False","0.16692614555358887","False","1.0"
"7","122880","512","2.786394557823129","0.0",,"0.0","0.010216275230050087","0.00010437227319926023","0.0186309814453125","0.0","False","0.2221127450466156","False","1.0"
"7","123392","512","2.7980045351473923","0.0",,"0.0","0.01486746221780777","0.00022104142408352345","0.02471923828125","0.0","False","0.16409344971179962","False","1.0"
"7","123904","512","2.809614512471655","0.0",,"0.0","0.006736888084560633","0.00004538566281553358","0.0138092041015625","0.0","False","0.18891820311546326","False","1.0"
"7","124416","512","2.8212244897959184","0.0",,"0.0","0.01006508618593216","0.00010130595182999969","0.022430419921875","0.0","False","0.14563427865505219","False","1.0"
"7","124928","512","2.8328344671201813","0.0",,"0.0","0.010973703116178513","0.00012042216258123517","0.0192718505859375","0.0","False","0.12133200466632843","False","1.0"
"7","125440","512","2.8444444444444446","0.0",,"0.0","0.008275571279227734","0.00006848508201073855","0.016387939453125","0.0","False","0.18314892053604126","False","1.0"
"7","125952","512","2.8560544217687074","0.0",,"0.0","0.013403770513832569","0.00017966107407119125","0.0247802734375","0.0","False","0.18237654864788055","False","1.0"
"7","126464","512","2.8676643990929707","0.0",,"0.0","0.00837850384414196","0.00007019932672847062","0.021759033203125","0.0","False","0.18737266957759857","False","1.0"
"7","126976","512","2.8792743764172335","0.0",,"0.0","0.009337380528450012","0.0000871866723173298","0.0194549560546875","0.0","False","0.1189810261130333","False","1.0"
"7","127488","512","2.8908843537414968","0.0",,"0.0","0.00922332238405943","0.00008506968151777983","0.01837158203125","0.0","False","0.13829180598258972","False","1.0"
"7","128000","512","2.9024943310657596","0.0",,"0.0","0.012071131728589535","0.00014571221254300326","0.0219879150390625","0.0","False","0.1988459974527359","False","1.0"
"7","128512","512","2.914104308390023","0.0",,"0.0","0.013797268271446228","0.00019036461890209466","0.0232696533203125","0.0","False","0.13614143431186676","False","1.0"
"7","129024","512","2.9257142857142857","0.0",,"0.0","0.010333998128771782","0.00010679152183001861","0.0194091796875","0.0","False","0.12899062037467957","False","1.0"
"7","129536","512","2.9373242630385485","0.0",,"0.0","0.012647171504795551","0.00015995095600374043","0.0229949951171875","0.0","False","0.18420329689979553","False","1.0"
"7","130048","512","2.948934240362812","0.0",,"0.0","0.01172900665551424","0.00013756960106547922","0.0219268798828125","0.0","False","0.16806185245513916","False","1.0"
"7","130560","512","2.9605442176870747","0.0",,"0.0","0.011741680093109608","0.00013786705676466227","0.021575927734375","0.0","False","0.18586155772209167","False","1.0"
"7","131072","512","2.972154195011338","0.0",,"0.0","0.013840778730809689","0.00019156716007273644","0.02301025390625","0.0","False","0.18108244240283966","False","1.0"
"7","131584","512","2.9837641723356008","0.0",,"0.0","0.017376607283949852","0.00030194647843018174","0.02911376953125","0.0","False","0.21326793730258942","False","1.0"
"7","132096","512","2.995374149659864","0.0",,"0.0","0.01823105476796627","0.0003323713899590075","0.0280914306640625","0.0","False","0.2036406546831131","False","1.0"
"7","132608","512","3.006984126984127","0.0",,"0.0","0.01771697588264942","0.00031389124342240393","0.0299835205078125","0.0","False","0.12149108201265335","False","1.0"
"7","133120","512","3.01859410430839","0.0",,"0.0","0.01673605665564537","0.00028009561356157064","0.03033447265625","0.0","False","0.1736205816268921","False","1.0"
"7","133632","512","3.030204081632653","147.48902893066406","50.077249426647526","0.8659026026725769","0.01717270351946354","0.00029490175074897707","0.027801513671875","0.0","False","0.1747070699930191","False","1.0"
"7","134144","512","3.0418140589569163","148.86764526367188","50.2383205251229","0.8501327037811279","0.009472559206187725","0.00008972938667284325","0.0170440673828125","0.0","False","0.14466968178749084","False","1.0"
"7","134656","512","3.053424036281179","0.0",,"0.0","0.010677140206098557","0.00011400131916161627","0.0175323486328125","0.0","False","0.13660387694835663","False","1.0"
"7","135168","512","3.0650340136054424","0.0",,"0.0","0.014288162812590599","0.00020415158360265195","0.0284881591796875","0.0","False","0.20532922446727753","False","1.0"
"7","135680","512","3.076643990929705","0.0",,"0.0","0.012453433126211166","0.0001550879969727248","0.023834228515625","0.0","False","0.23636038601398468","False","1.0"
"7","136192","512","3.0882539682539685","0.0",,"0.0","0.017460880801081657","0.00030488238553516567","0.033050537109375","0.0","False","0.16826699674129486","False","1.0"
"7","136704","512","3.0998639455782313","0.0",,"0.0","0.009888920933008194","0.00009779075480764732","0.02197265625","0.0","False","0.19773118197917938","False","1.0"
"7","137216","512","3.111473922902494","0.0",,"0.0","0.013612045906484127","0.00018528780492488295","0.0280609130859375","0.0","False","0.1655624806880951","False","1.0"
"7","137728","512","3.1230839002267574","0.0",,"0.0","0.004650064744055271","0.000021623101929435506","0.0089569091796875","0.0","False","0.11825839430093765","False","1.0"
"7","138240","512","3.1346938775510202","0.0",,"0.0","0.007776231970638037","0.00006046978523954749","0.0166778564453125","0.0","False","0.13695859909057617","False","1.0"
"7","138752","512","3.1463038548752835","0.0",,"0.0","0.01551960501819849","0.0002408581494819373","0.02789306640625","0.0","False","0.18793806433677673","False","1.0"
"7","139264","512","3.1579138321995464","0.0",,"0.0","0.009012618102133274","0.00008122727740556002","0.0177459716796875","0.0","False","0.134843111038208","False","1.0"
"7","139776","512","3.1695238095238096","0.0",,"0.0","0.011340850964188576","0.0001286148908548057","0.0224609375","0.0","False","0.1956881433725357","False","1.0"
"7","140288","512","3.1811337868480725","0.0",,"0.0","0.006173557601869106","0.00003811281203525141","0.0142974853515625","0.0","False","0.14533407986164093","False","1.0"
"7","140800","512","3.1927437641723357","0.0",,"0.0","0.00804839376360178","0.00006477663555415347","0.0143890380859375","0.0","False","0.20294834673404694","False","1.0"
"7","141312","512","3.2043537414965986","0.0",,"0.0","0.010645730420947075","0.0001133315745391883","0.0225372314453125","0.0","False","0.10735807567834854","False","1.0"
"7","141824","512","3.215963718820862","0.0",,"0.0","0.008593954145908356","0.00007385604112641886","0.0195770263671875","0.0","False","0.1473681628704071","False","1.0"
"7","142336","512","3.2275736961451247","0.0",,"0.0","0.01597200706601143","0.0002551050274632871","0.0320281982421875","0.0","False","0.2255469560623169","False","1.0"
"7","142848","512","3.239183673469388","0.0",,"0.0","0.01154123991727829","0.00013320022844709456","0.021240234375","0.0","False","0.1676257699728012","False","1.0"
"7","143360","512","3.250793650793651","0.0",,"0.0","0.013391862623393536","0.00017934197967406362","0.0290069580078125","0.0","False","0.18081609904766083","False","1.0"
"7","143872","512","3.2624036281179136","0.0",,"0.0","0.013093025423586369","0.00017142730939667672","0.021820068359375","0.0","False","0.18128341436386108","False","1.0"
"7","144384","512","3.274013605442177","0.0",,"0.0","0.015056116506457329","0.00022668663586955518","0.0266265869140625","0.0","False","0.16275861859321594","False","1.0"
"7","144896","512","3.2856235827664397","0.0",,"0.0","0.0179970171302557","0.0003238926292397082","0.0306549072265625","0.0","False","0.15622089803218842","False","1.0"
"7","145408","512","3.297233560090703","0.0",,"0.0","0.01685360260307789","0.00028404389740899205","0.029510498046875","0.0","False","0.145837664604187","False","1.0"
"7","145920","512","3.308843537414966","0.0",,"0.0","0.017174385488033295","0.0002949594927486032","0.0336151123046875","0.0","False","0.1700645089149475","False","1.0"
"7","146432","512","3.320453514739229","0.0",,"0.0","0.018115337938070297","0.0003281654790043831","0.0305633544921875","0.0","False","0.17307381331920624","False","1.0"
"7","146944","512","3.332063492063492","0.0",,"0.0","0.02024482935667038","0.0004098531208001077","0.03863525390625","0.0","False","0.24276186525821686","False","1.0"
"7","147456","512","3.3436734693877552","0.0",,"0.0","0.023583587259054184","0.0005561856087297201","0.041961669921875","0.0","False","0.21586832404136658","False","1.0"
"7","147968","512","3.355283446712018","0.0",,"0.0","0.022368725389242172","0.0005003598635084927","0.039031982421875","0.0","False","0.1386691927909851","False","1.0"
"7","148480","512","3.3668934240362813","0.0",,"0.0","0.01878800056874752","0.00035298895090818405","0.0315399169921875","0.0","False","0.1391836702823639","False","1.0"
"7","148992","512","3.378503401360544","0.0",,"0.0","0.016698891296982765","0.00027885299641638994","0.030426025390625","0.0","False","0.11851529777050018","False","1.0"
"7","149504","512","3.3901133786848074","0.0",,"0.0","0.0174275953322649","0.0003037210553884506","0.0323333740234375","0.0","False","0.16455142199993134","False","1.0"
"7","150016","512","3.4017233560090703","0.0",,"0.0","0.014828061684966087","0.00021987140644341707","0.0311431884765625","0.0","False","0.13283765316009521","False","1.0"
"7","150528","512","3.4133333333333336","0.0",,"0.0","0.01306733675301075","0.00017075530195143074","0.02191162109375","0.0","False","0.14970678091049194","False","1.0"
"7","151040","512","3.4249433106575964","0.0",,"0.0","0.013890909031033516","0.000192957348190248","0.0257415771484375","0.0","False","0.1932630091905594","False","1.0"
"7","151552","512","3.436553287981859","0.0",,"0.0","0.013871993869543076","0.00019243221322540194","0.02618408203125","0.0","False","0.15849797427654266","False","1.0"
"7","152064","512","3.4481632653061225","0.0",,"0.0","0.009349009953439236","0.00008740398334339261","0.01947021484375","0.0","False","0.13063152134418488","False","1.0"
"7","152576","512","3.4597732426303853","0.0",,"0.0","0.014392122626304626","0.00020713318372145295","0.030609130859375","0.0","False","0.14161862432956696","False","1.0"
"7","153088","512","3.4713832199546486","0.0",,"0.0","0.010636281222105026","0.0001131304816226475","0.024322509765625","0.0","False","0.16288906335830688","False","1.0"
"7","153600","512","3.4829931972789114","0.0",,"0.0","0.010210183449089527","0.00010424783977214247","0.021942138671875","0.0","False","0.15634141862392426","False","1.0"
"7","154112","512","3.4946031746031747","0.0",,"0.0","0.007231053896248341","0.000052288138249423355","0.015350341796875","0.0","False","0.11718284338712692","False","1.0"
"7","154624","512","3.5062131519274375","0.0",,"0.0","0.008248376660048962","0.00006803571886848658","0.0159149169921875","0.0","False","0.19471798837184906","False","1.0"
"7","155136","512","3.517823129251701","0.0",,"0.0","0.012597466818988323","0.00015869615890551358","0.0218048095703125","0.0","False","0.1660638153553009","False","1.0"
"7","155648","512","3.5294331065759637","0.0",,"0.0","0.009651817381381989","0.00009315758507000282","0.0191497802734375","0.0","False","0.15474463999271393","False","1.0"
"7","156160","512","3.541043083900227","0.0",,"0.0","0.015174451284110546","0.00023026396229397506","0.0259552001953125","0.0","False","0.18165689706802368","False","1.0"
"7","156672","512","3.5526530612244898","0.0",,"0.0","0.005983681418001652","0.000035804441722575575","0.0115203857421875","0.0","False","0.1350296437740326","False","1.0"
"7","157184","512","3.564263038548753","0.0",,"0.0","0.007872829213738441","0.00006198144546942785","0.012969970703125","0.0","False","0.19761411845684052","False","1.0"
"7","157696","512","3.575873015873016","0.0",,"0.0","0.010151117108762264","0.00010304517491022125","0.0203704833984375","0.0","False","0.12911109626293182","False","1.0"
"7","158208","512","3.5874829931972787","0.0",,"0.0","0.012038450688123703","0.00014492429909296334","0.0242156982421875","0.0","False","0.15052145719528198","False","1.0"
"7","158720","512","3.599092970521542","0.0",,"0.0","0.016204414889216423","0.00026258305297233164","0.0323638916015625","0.0","False","0.2136353701353073","False","1.0"
"7","159232","512","3.610702947845805","0.0",,"0.0","0.012761017307639122","0.00016284355660900474","0.0261688232421875","0.0","False","0.14408518373966217","False","1.0"
"7","159744","512","3.622312925170068","0.0",,"0.0","0.012448354624211788","0.0001549615408293903","0.02532958984375","0.0","False","0.18682453036308289","False","1.0"
"7","160256","512","3.633922902494331","0.0",,"0.0","0.015978585928678513","0.00025531521532684565","0.0317840576171875","0.0","False","0.18421871960163116","False","1.0"
"7","160768","512","3.645532879818594","0.0",,"0.0","0.01319945976138115","0.00017422574455849826","0.025177001953125","0.0","False","0.18755048513412476","False","1.0"
"7","161280","512","3.657142857142857","0.0",,"0.0","0.015350569039583206","0.000235639963648282","0.0233612060546875","0.0","False","0.2104828804731369","False","1.0"
"7","161792","512","3.6687528344671203","0.0",,"0.0","0.021293435245752335","0.00045341040822677314","0.0379180908203125","0.0","False","0.2013770490884781","False","1.0"
"7","162304","512","3.680362811791383","0.0",,"0.0","0.022005947306752205","0.00048426169087179005","0.0426025390625","0.0","False","0.2029225081205368","False","1.0"
"7","162816","512","3.6919727891156464","0.0",,"0.0","0.019454490393400192","0.00037847718340344727","0.0384521484375","0.0","False","0.14158205687999725","False","1.0"
"7","163328","512","3.7035827664399092","0.0",,"0.0","0.017481347545981407","0.00030559749575331807","0.03900146484375","0.0","False","0.22861389815807343","False","1.0"
"7","163840","512","3.7151927437641725","0.0",,"0.0","0.022664183750748634","0.0005136652034707367","0.0414886474609375","0.0","False","0.16748158633708954","False","1.0"
"7","164352","512","3.7268027210884354","0.0",,"0.0","0.0003272562171332538","1.07096639112569E-07","0.0017547607421875","0.0","False","0.0","True","0.0"
"8","0","512","0.0","0.0",,"0.0","0.0","0.0","0.0","0.0","False","0.0","True","0.0"
"8","512","512","0.011609977324263039","0.0",,"0.0","0.0","0.0","0.0","0.0","False","0.0","True","0.0"
"8","1024","512","0.023219954648526078","0.0",,"0.0","0.0","0.0","0.0","0.0","False","0.0","True","0.0"
"8","1536","512","0.034829931972789115","0.0",,"0.0","0.0","0.0","0.0","0.0","False","0.0","True","0.0"
"8","2048","512","0.046439909297052155","0.0",,"0.0","0.0","0.0","0.0","0.0","False","0.0","True","0.0"
"8","2560","512","0.058049886621315196","0.0",,"0.0","0.0","0.0","0.0","0.0","False","0.0","True","0.0"
"8","3072","512","0.06965986394557823","0.0",,"0.0","0.0","0.0","0.0","0.0","False","0.0","True","0.0"
"8","3584","512","0.08126984126984127","0.0",,"0.0","6.74349564633303E-07","4.54747350886464E-13","0.0000152587890625","0.0","False","0.0","True","0.0"
"8","4096","512","0.09287981859410431","0.0",,"0.0","0.000006843900791864144","4.68389771413058E-11","0.000030517578125","0.0","False","0.0","True","0.0"
"8","4608","512","0.10448979591836735","0.0",,"0.0","0.00001283037545363186","1.646185410209E-10","0.000030517578125","0.0","False","0.0","True","0.0"
"8","5120","512","0.11609977324263039","0.0",,"0.0","0.000013720984497922473","1.88265403266996E-10","0.0000457763671875","0.0","False","0.0","True","0.0"
"8","5632","512","0.12770975056689343","0.0",,"0.0","0.000014080832443141844","1.98269844986498E-10","0.0000457763671875","0.0","False","0.0","True","0.0"
"8","6144","512","0.13931972789115646","0.0",,"0.0","0.000022778645870857872","5.18866727361456E-10","0.0001983642578125","0.0","False","0.0","True","0.0"
"8","6656","512","0.1509297052154195","0.0",,"0.0","0.0007466545212082565","5.57492967345752E-07","0.0015869140625","0.0","False","0.0","True","0.0"
"8","7168","512","0.16253968253968254","0.0",,"0.0","0.001636459375731647","0.000002677999418665422","0.003692626953125","0.0","False","0.0","True","0.0"
"8","7680","512","0.17414965986394557","0.0",,"0.0","0.0025174268521368504","0.000006337437753245467","0.0046234130859375","0.0","False","0.0","True","0.0"
"8","8192","512","0.18575963718820862","0.0",,"0.0","0.00517605384811759","0.00002679153112694621","0.0091094970703125","0.0","False","1.0","False","1.0"
"8","8704","512","0.19736961451247165","150.65736389160156","50.445212010455016","0.868206799030304","0.006884039845317602","0.00004739000360132195","0.0122528076171875","0.0","False","0.4828750789165497","False","1.0"
"8","9216","512","0.2089795918367347","146.9990692138672","50.019641955757656","0.9043669104576111","0.007821639999747276","0.00006117804878158495","0.0121612548828125","0.0","False","0.24223479628562927","False","1.0"
"8","9728","512","0.22058956916099773","148.45230102539062","50.18995117997008","0.9112986326217651","0.00939271505922079","0.00008822308882372454","0.01702880859375","0.0","False","0.35530412197113037","False","1.0"
"8","10240","512","0.23219954648526078","148.6724853515625","50.21560980488423","0.9178792834281921","0.010306396521627903","0.00010622181434882805","0.0177764892578125","0.0","False","0.16899651288986206","False","1.0"
"8","10752","512","0.2438095238095238","0.0",,"0.0","0.013690556399524212","0.00018743133114185184","0.0241241455078125","0.0","False","0.33493366837501526","False","1.0"
"8","11264","512","0.25541950113378686","0.0",,"0.0","0.015048433095216751","0.0002264553477289155","0.02606201171875","0.0","False","0.2943507134914398","False","1.0"
"8","11776","512","0.26702947845804986","0.0",,"0.0","0.01479257270693779","0.0002188202051911503","0.0273895263671875","0.0","False","0.17527250945568085","False","1.0"
"8","12288","512","0.2786394557823129","0.0",,"0.0","0.014015357941389084","0.00019643025007098913","0.0265655517578125","0.0","False","0.263332337141037","False","1.0"
"8","12800","512","0.29024943310657597","0.0",,"0.0","0.015067865140736103","0.00022704056755173951","0.0282440185546875","0.0","False","0.20089703798294067","False","1.0"
"8","13312","512","0.301859410430839","0.0",,"0.0","0.01601584441959858","0.00025650725001469254","0.028350830078125","0.0","False","0.1734941452741623","False","1.0"
"8","13824","512","0.313469387755102","0.0",,"0.0","0.01733591966331005","0.00030053412774577737","0.027252197265625","0.0","False","0.21186931431293488","False","1.0"
"8","14336","512","0.3250793650793651","0.0",,"0.0","0.02288130670785904","0.0005235541611909866","0.0383758544921875","0.0","False","0.2047654241323471","False","1.0"
"8","14848","512","0.33668934240362813","0.0",,"0.0","0.016795312985777855","0.00028208253206685185","0.0270233154296875","0.0","False","0.16386978328227997","False","1.0"
"8","15360","512","0.34829931972789113","0.0",,"0.0","0.01073365192860365","0.0001152112745330669","0.0204620361328125","0.0","False","0.1438756138086319","False","1.0"
"8","15872","512","0.3599092970521542","0.0",,"0.0","0.007648743223398924","0.00005850327215739526","0.0137939453125","0.0","False","0.12641002237796783","False","1.0"
"8","16384","512","0.37151927437641724","0.0",,"0.0","0.008337636478245258","0.00006951617979211733","0.0199737548828125","0.0","False","0.21871942281723022","False","1.0"
"8","16896","512","0.3831292517006803","0.0",,"0.0","0.016424281522631645","0.0002697570016607642","0.030792236328125","0.0","False","0.18246115744113922","False","1.0"
"8","17408","512","0.3947392290249433","0.0",,"0.0","0.01353404764086008","0.00018317045760340989","0.02386474609375","0.0","False","0.20494462549686432","False","1.0"
"8","17920","512","0.40634920634920635","0.0",,"0.0","0.012027917429804802","0.00014467079017776996","0.0273895263671875","0.0","False","0.13935689628124237","False","1.0"
"8","18432","512","0.4179591836734694","0.0",,"0.0","0.011381871998310089","0.00012954701378475875","0.0218963623046875","0.0","False","0.1511184573173523","False","1.0"
"8","18944","512","0.4295691609977324","0.0",,"0.0","0.005525049287825823","0.000030526167392963544","0.0130615234375","0.0","False","0.09227278083562851","False","1.0"
"8","19456","512","0.44117913832199546","0.0",,"0.0","0.007931140251457691","0.00006290298915700987","0.01629638671875","0.0","False","0.11370783299207687","False","1.0"
"8","19968","512","0.4527891156462585","0.0",,"0.0","0.011133444495499134","0.00012395359226502478","0.02264404296875","0.0","False","0.2201395183801651","False","1.0"
"8","20480","512","0.46439909297052157","0.0",,"0.0","0.013599134981632233","0.0001849364780355245","0.02618408203125","0.0","False","0.1742466539144516","False","1.0"
"8","20992","512","0.47600907029478456","0.0",,"0.0","0.014725391753017902","0.00021683717204723507","0.024505615234375","0.0","False","0.1589760184288025","False","1.0"
"8","21504","512","0.4876190476190476","0.0",,"0.0","0.013794389553368092","0.000190285179996863","0.0277099609375","0.0","False","0.1801365166902542","False","1.0"
"8","22016","512","0.4992290249433107","0.0",,"0.0","0.014822673983871937","0.00021971165551804006","0.0278472900390625","0.0","False","0.1498955488204956","False","1.0"
"8","22528","512","0.5108390022675737","0.0",,"0.0","0.015435459092259407","0.0002382534003118053","0.02923583984375","0.0","False","0.18683704733848572","False","1.0"
"8","23040","512","0.5224489795918368","0.0",,"0.0","0.012683141976594925","0.00016086208052001894","0.0236358642578125","0.0","False","0.14688262343406677","False","1.0"
"8","23552","512","0.5340589569160997","0.0",,"0.0","0.020076608285307884","0.0004030702111776918","0.0349884033203125","0.0","False","0.2580763101577759","False","1.0"
"8","24064","512","0.5456689342403628","0.0",,"0.0","0.021605977788567543","0.00046681828098371625","0.0341033935546875","0.0","False","0.2066398561000824","False","1.0"
"8","24576","512","0.5572789115646258","0.0",,"0.0","0.023284098133444786","0.0005421492387540638","0.0413665771484375","0.0","False","0.17094913125038147","False","1.0"
"8","25088","512","0.5688888888888889","0.0",,"0.0","0.017477139830589294","0.00030545040499418974","0.029632568359375","0.0","False","0.19453968107700348","False","1.0"
"8","25600","512","0.5804988662131519","148.322265625","50.17477995221375","0.8551236391067505","0.017933929339051247","0.000321625848300755","0.0310516357421875","0.0","False","0.21965323388576508","False","1.0"
"8","26112","512","0.592108843537415","147.8944854736328","50.12477683283164","0.8665068745613098","0.02236577868461609","0.0005002280231565237","0.03802490234375","0.0","False","0.1714170277118683","False","1.0"
"8","26624","512","0.603718820861678","148.46417236328125","50.1913355467006","0.8837636113166809","0.02361167035996914","0.0005575109971687198","0.037841796875","0.0","False","0.16399402916431427","False","1.0"
"8","27136","512","0.615328798185941","146.87167358398438","50.004631841863926","0.9053562879562378","0.025711657479405403","0.0006610893760807812","0.0402679443359375","0.0","False","0.18579481542110443","False","1.0"
"8","27648","512","0.626938775510204","148.17730712890625","50.157851961269074","0.9042786359786987","0.020698610693216324","0.00042843245319090784","0.0314788818359375","0.0","False","0.15753717720508575","False","1.0"
"8","28160","512","0.6385487528344671","147.97010803222656","50.13362685098451","0.8670129776000977","0.01807868294417858","0.0003268387808930129","0.0355682373046875","0.0","False","0.14217327535152435","False","1.0"
"8","28672","512","0.6501587301587302","148.78500366210938","50.22870717488483","0.8501113057136536","0.01354010310024023","0.00018333438492845744","0.0238800048828125","0.0","False","0.12834583222866058","False","1.0"
"8","29184","512","0.6617687074829932","0.0",,"0.0","0.011062351055443287","0.00012237561168149114","0.0263214111328125","0.0","False","0.17880690097808838","False","1.0"
"8","29696","512","0.6733786848072563","0.0",,"0.0","0.02092600427567959","0.00043789763003587723","0.0398101806640625","0.0","False","0.21521367132663727","False","1.0"
"8","30208","512","0.6849886621315193","0.0",,"0.0","0.020143607631325722","0.0004057649348396808","0.0327911376953125","0.0","False","0.2509506940841675","False","1.0"
"8","30720","512","0.6965986394557823","0.0",,"0.0","0.019450737163424492","0.0003783311403822154","0.0364837646484375","0.0","False","0.16891716420650482","False","1.0"
"8","31232","512","0.7082086167800453","0.0",,"0.0","0.009413366205990314","0.00008861145761329681","0.017333984375","0.0","False","0.15837471187114716","False","1.0"
"8","31744","512","0.7198185941043084","0.0",,"0.0","0.005236838478595018","0.00002742447759374045","0.01092529296875","0.0","False","0.1386711746454239","False","1.0"
"8","32256","512","0.7314285714285714","0.0",,"0.0","0.009801490232348442","0.0000960692050284706","0.0169219970703125","0.0","False","0.14007610082626343","False","1.0"
"8","32768","512","0.7430385487528345","0.0",,"0.0","0.013466156087815762","0.00018133736739400774","0.02593994140625","0.0","False","0.17094363272190094","False","1.0"
"8","33280","512","0.7546485260770975","0.0",,"0.0","0.011786485090851784","0.00013892122660763562","0.0241241455078125","0.0","False","0.19608309864997864","False","1.0"
"8","33792","512","0.7662585034013606","0.0",,"0.0","0.008917816914618015","0.00007952745363581926","0.0152130126953125","0.0","False","0.13141585886478424","False","1.0"
"8","34304","512","0.7778684807256235","0.0",,"0.0","0.009568925946950912","0.00009156433952739462","0.0199737548828125","0.0","False","0.2178141474723816","False","1.0"
"8","34816","512","0.7894784580498866","0.0",,"0.0","0.010641365312039852","0.00011323866056045517","0.0225677490234375","0.0","False","0.13800472021102905","False","1.0"
"8","35328","512","0.8010884353741496","0.0",,"0.0","0.0073937904089689255","0.00005466813672683202","0.0144805908203125","0.0","False","0.11609804630279541","False","1.0"
"8","35840","512","0.8126984126984127","0.0",,"0.0","0.013328911736607552","0.000177659880137071","0.027496337890625","0.0","False","0.16951052844524384","False","1.0"
"8","36352","512","0.8243083900226758","0.0",,"0.0","0.013721339404582977","0.00018827515305019915","0.0248870849609375","0.0","False","0.2027444839477539","False","1.0"
"8","36864","512","0.8359183673469388","0.0",,"0.0","0.01434413343667984","0.00020575415692292154","0.0255126953125","0.0","False","0.1680840402841568","False","1.0"
"8","37376","512","0.8475283446712019","0.0",,"0.0","0.020923389121890068","0.0004377881996333599","0.0316619873046875","0.0","False","0.227903351187706","False","1.0"
"8","37888","512","0.8591383219954648","0.0",,"0.0","0.01911872997879982","0.00036552586243487895","0.0308990478515625","0.0","False","0.2073717713356018","False","1.0"
"8","38400","512","0.8707482993197279","0.0",,"0.0","0.019030846655368805","0.00036217315937392414","0.03564453125","0.0","False","0.18913023173809052","False","1.0"
"8","38912","512","0.8823582766439909","0.0",,"0.0","0.016814488917589188","0.0002827270654961467","0.029083251953125","0.0","False","0.17323563992977142","False","1.0"
"8","39424","512","0.893968253968254","148.65431213378906","50.213493474052584","0.8600698709487915","0.017320331186056137","0.00029999384423717856","0.0295562744140625","0.0","False","0.21546341478824615","False","1.0"
"8","39936","512","0.905578231292517","147.8882598876953","50.124048058315815","0.8944616317749023","0.024078521877527237","0.0005797752528451383","0.0384521484375","0.0","False","0.21813702583312988","False","1.0"
"8","40448","512","0.9171882086167801","148.6945037841797","50.21817357703893","0.9092538952827454","0.027414461597800255","0.0007515527540817857","0.0492706298828125","0.0","False","0.20355331897735596","False","1.0"
"8","40960","512","0.9287981859410431","147.5453338623047","50.083857268191636","0.903337299823761","0.02515050582587719","0.0006325479480437934","0.036956787109375","0.0","False","0.20224636793136597","False","1.0"
"8","41472","512","0.9404081632653061","148.27525329589844","50.16929175083942","0.8864626884460449","0.017983518540859222","0.00032340691541321576","0.0329132080078125","0.0","False","0.12005358934402466","False","1.0"
"8","41984","512","0.9520181405895691","148.5448760986328","50.200743816158365","0.866717517375946","0.010868830606341362","0.0001181314728455618","0.0172576904296875","0.0","False","0.1611054688692093","False","1.0"
"8","42496","512","0.9636281179138322","147.23892211914062","50.04786683633621","0.8662682771682739","0.01828046515583992","0.00033417539088986814","0.0323486328125","0.0","False","0.15623071789741516","False","1.0"
"8","43008","512","0.9752380952380952","149.03268432617188","50.2575028653406","0.8638803362846375","0.025588244199752808","0.0006547582452185452","0.0411224365234375","0.0","False","0.25662797689437866","False","1.0"
"8","43520","512","0.9868480725623583","0.0",,"0.0","0.017907418310642242","0.00032067560823634267","0.0333404541015625","0.0","False","0.14655132591724396","False","1.0"
"8","44032","512","0.9984580498866213","0.0",,"0.0","0.020183460786938667","0.0004073720774613321","0.0385284423828125","0.0","False","0.2131984680891037","False","1.0"
"8","44544","512","1.0100680272108844","0.0",,"0.0","0.011717326939105988","0.00013729574857279658","0.0277099609375","0.0","False","0.11771336197853088","False","1.0"
"8","45056","512","1.0216780045351475","0.0",,"0.0","0.00862321350723505","0.00007435981387970969","0.020751953125","0.0","False","0.19223448634147644","False","1.0"
"8","45568","512","1.0332879818594105","0.0",,"0.0","0.012796228751540184","0.0001637434761505574","0.0311279296875","0.0","False","0.15227364003658295","False","1.0"
"8","46080","512","1.0448979591836736","0.0",,"0.0","0.01803951896727085","0.00032542424742132425","0.0395050048828125","0.0","False","0.16464543342590332","False","1.0"
"8","46592","512","1.0565079365079366","0.0",,"0.0","0.015251361764967442","0.0002326040412299335","0.0261383056640625","0.0","False","0.16274160146713257","False","1.0"
"8","47104","512","1.0681179138321995","0.0",,"0.0","0.008480886928737164","0.00007192543853307143","0.02490234375","0.0","False","0.15939901769161224","False","1.0"
"8","47616","512","1.0797278911564625","0.0",,"0.0","0.00825482327491045","0.00006814210792072117","0.015899658203125","0.0","False","0.1430300623178482","False","1.0"
"8","48128","512","1.0913378684807256","0.0",,"0.0","0.004074613563716412","0.000016602476534899324","0.0109405517578125","0.0","False","0.15916681289672852","False","1.0"
"8","48640","512","1.1029478458049886","0.0",,"0.0","0.009757853113114834","0.00009521569882053882","0.021759033203125","0.0","False","0.11434449255466461","False","1.0"
"8","49152","512","1.1145578231292517","0.0",,"0.0","0.013380724936723709","0.00017904379637911916","0.0271759033203125","0.0","False","0.18166343867778778","False","1.0"
"8","49664","512","1.1261678004535147","0.0",,"0.0","0.014984658919274807","0.00022454001009464264","0.030853271484375","0.0","False","0.1980302780866623","False","1.0"
"8","50176","512","1.1377777777777778","0.0",,"0.0","0.012334250845015049","0.0001521337399026379","0.023651123046875","0.0","False","0.16123521327972412","False","1.0"
"8","50688","512","1.1493877551020408","0.0",,"0.0","0.010580560192465782","0.0001119482476497069","0.0253143310546875","0.0","False","0.19720375537872314","False","1.0"
"8","51200","512","1.1609977324263039","0.0",,"0.0","0.013027755543589592","0.00016972240700852126","0.028350830078125","0.0","False","0.154885396361351","False","1.0"
"8","51712","512","1.172607709750567","0.0",,"0.0","0.013424532487988472","0.00018021807773038745","0.0246429443359375","0.0","False","0.20216722786426544","False","1.0"
"8","52224","512","1.18421768707483","0.0",,"0.0","0.020007262006402016","0.0004002905043307692","0.0352630615234375","0.0","False","0.2685660421848297","False","1.0"
"8","52736","512","1.195827664399093","0.0",,"0.0","0.02184588834643364","0.00047724286559969187","0.0352630615234375","0.0","False","0.17674264311790466","False","1.0"
"8","53248","512","1.207437641723356","0.0",,"0.0","0.020700586959719658","0.0004285142640583217","0.03497314453125","0.0","False","0.16506901383399963","False","1.0"
"8","53760","512","1.2190476190476192","0.0",,"0.0","0.01960422471165657","0.0003843255981337279","0.0328521728515625","0.0","False","0.15696683526039124","False","1.0"
"8","54272","512","1.230657596371882","0.0",,"0.0","0.017100458964705467","0.00029242568416520953","0.0328521728515625","0.0","False","0.21321183443069458","False","1.0"
"8","54784","512","1.242267573696145","0.0",,"0.0","0.022169362753629684","0.0004914806340821087","0.0392608642578125","0.0","False","0.1840295046567917","False","1.0"
"8","55296","512","1.253877551020408","0.0",,"0.0","0.023624258115887642","0.0005581055302172899","0.0402374267578125","0.0","False","0.1464448869228363","False","1.0"
"8","55808","512","1.2654875283446712","0.0",,"0.0","0.028732091188430786","0.0008255330612882972","0.0492706298828125","0.0","False","0.2865566611289978","False","1.0"
"8","56320","512","1.2770975056689342","0.0",,"0.0","0.028114644810557365","0.0007904332014732063","0.0443878173828125","0.0","False","0.17112378776073456","False","1.0"
"8","56832","512","1.2887074829931973","0.0",,"0.0","0.025576286017894745","0.0006541463662870228","0.050140380859375","0.0","False","0.21133953332901","False","1.0"
"8","57344","512","1.3003174603174603","0.0",,"0.0","0.02225293405354023","0.0004951930604875088","0.042266845703125","0.0","False","0.1297907531261444","False","1.0"
"8","57856","512","1.3119274376417234","0.0",,"0.0","0.018731791526079178","0.00035088000004179776","0.0347747802734375","0.0","False","0.10753647238016129","False","1.0"
"8","58368","512","1.3235374149659864","0.0",,"0.0","0.020659806206822395","0.00042682758066803217","0.044281005859375","0.0","False","0.1864386796951294","False","1.0"
"8","58880","512","1.3351473922902495","0.0",,"0.0","0.024184172973036766","0.0005848741857334971","0.048309326171875","0.0","False","0.19801783561706543","False","1.0"
"8","59392","512","1.3467573696145125","0.0",,"0.0","0.0252201147377491","0.000636054202914238","0.0446319580078125","0.0","False","0.2029208391904831","False","1.0"
"8","59904","512","1.3583673469387756","0.0",,"0.0","0.01561692263931036","0.0002438882802380249","0.0314178466796875","0.0","False","0.15760183334350586","False","1.0"
"8","60416","512","1.3699773242630386","0.0",,"0.0","0.014996097423136234","0.00022488294052891433","0.031036376953125","0.0","False","0.10574935376644135","False","1.0"
"8","60928","512","1.3815873015873017","0.0",,"0.0","0.009683087468147278","0.00009376218804391101","0.02032470703125","0.0","False","0.15472567081451416","False","1.0"
"8","61440","512","1.3931972789115645","0.0",,"0.0","0.017125684767961502","0.00029328910750336945","0.03680419921875","0.0","False","0.12986087799072266","False","1.0"
"8","61952","512","1.4048072562358276","0.0",,"0.0","0.012769495137035847","0.0001630600163480267","0.0232391357421875","0.0","False","0.172992542386055","False","1.0"
"8","62464","512","1.4164172335600906","0.0",,"0.0","0.015676090493798256","0.0002457398222759366","0.035491943359375","0.0","False","0.14524860680103302","False","1.0"
"8","62976","512","1.4280272108843537","0.0",,"0.0","0.016654672101140022","0.00027737810160033405","0.0295562744140625","0.0","False","0.1598316729068756","False","1.0"
"8","63488","512","1.4396371882086167","0.0",,"0.0","0.007738862652331591","0.00005988999328110367","0.0228424072265625","0.0","False","0.1838195025920868","False","1.0"
"8","64000","512","1.4512471655328798","0.0",,"0.0","0.01332984957844019","0.00017768489487934858","0.026947021484375","0.0","False","0.10923869162797928","False","1.0"
"8","64512","512","1.4628571428571429","0.0",,"0.0","0.01371393259614706","0.000188071935554035","0.028564453125","0.0","False","0.25272753834724426","False","1.0"
"8","65024","512","1.474467120181406","0.0",,"0.0","0.01532035507261753","0.00023471326858270913","0.031402587890625","0.0","False","0.14343957602977753","False","1.0"
"8","65536","512","1.486077097505669","0.0",,"0.0","0.014305779710412025","0.00020465534180402756","0.0290679931640625","0.0","False","0.14072269201278687","False","1.0"
"8","66048","512","1.497687074829932","0.0",,"0.0","0.016144385561347008","0.00026064118719659746","0.0327606201171875","0.0","False","0.21355023980140686","False","1.0"
"8","66560","512","1.509297052154195","0.0",,"0.0","0.015849288552999496","0.00025119996280409396","0.0308837890625","0.0","False","0.14848868548870087","False","1.0"
"8","67072","512","1.5209070294784581","0.0",,"0.0","0.012754415161907673","0.00016267510363832116","0.02581787109375","0.0","False","0.17864222824573517","False","1.0"
"8","67584","512","1.5325170068027212","0.0",,"0.0","0.018754027783870697","0.0003517135337460786","0.036590576171875","0.0","False","0.21515564620494843","False","1.0"
"8","68096","512","1.5441269841269842","0.0",,"0.0","0.020973749458789825","0.00043989819823764265","0.0405731201171875","0.0","False","0.22925058007240295","False","1.0"
"8","68608","512","1.555736961451247","0.0",,"0.0","0.350443959236145","0.122810959815979","0.636260986328125","0.0","True","0.9142665863037109","False","1.0"
"8","69120","512","1.5673469387755101","0.0",,"0.0","0.21161040663719177","0.044778961688280106","0.5384674072265625","0.0","False","0.23012278974056244","False","1.0"
"8","69632","512","1.5789569160997732","0.0",,"0.0","0.25122183561325073","0.06311240792274475","0.5486602783203125","0.0","False","0.23202396929264069","False","1.0"
"8","70144","512","1.5905668934240362","0.0",,"0.0","0.18002307415008545","0.03240830823779106","0.351409912109375","0.0","False","0.11963317543268204","False","1.0"
"8","70656","512","1.6021768707482993","0.0",,"0.0","0.17692551016807556","0.03130263462662697","0.3655242919921875","0.0","False","0.12590965628623962","False","1.0"
"8","71168","512","1.6137868480725623","0.0",,"0.0","0.1518414467573166","0.023055825382471085","0.2674713134765625","0.0","False","0.1077393889427185","False","1.0"
"8","71680","512","1.6253968253968254","0.0",,"0.0","0.12330358475446701","0.015203773975372314","0.240509033203125","0.0","False","0.08908575028181076","False","1.0"
"8","72192","512","1.6370068027210884","0.0",,"0.0","0.10966869443655014","0.012027222663164139","0.247955322265625","0.0","False","0.07794316858053207","False","1.0"
"8","72704","512","1.6486167800453515","331.8966369628906","64.11876584666814","0.8627656698226929","0.121099554002285","0.014665101654827595","0.28692626953125","0.0","False","0.18301618099212646","False","1.0"
"8","73216","512","1.6602267573696146","332.28851318359375","64.13919477480285","0.8705769777297974","0.11276668310165405","0.0127163240686059","0.25054931640625","0.0","False","0.10276703536510468","False","1.0"
"8","73728","512","1.6718367346938776","332.5137023925781","64.15092323273673","0.8625917434692383","0.11793866753578186","0.013909528963267803","0.2479705810546875","0.0","False","0.10310136526823044","False","1.0"
"8","74240","512","1.6834467120181407","332.3935852050781","64.14466819625211","0.8562979698181152","0.1188371330499649","0.01412226352840662","0.2050628662109375","0.0","False","0.09511543810367584","False","1.0"
"8","74752","512","1.6950566893424037","332.76611328125","64.16406003128364","0.8790503144264221","0.11830468475818634","0.013995998539030552","0.2255706787109375","0.0","False","0.10013724118471146","False","1.0"
"8","75264","512","1.7066666666666668","332.4714660644531","64.14872405678742","0.8775760531425476","0.11270669102668762","0.01270279847085476","0.220611572265625","0.0","False","0.07448486238718033","False","1.0"
"8","75776","512","1.7182766439909296","332.1593933105469","64.13246627972418","0.8815747499465942","0.09978833049535751","0.009957711212337017","0.2039642333984375","0.0","False","0.08271954208612442","False","1.0"
"8","76288","512","1.7298866213151927","332.14111328125","64.13151348776239","0.8933879137039185","0.09465554356575012","0.00895967148244381","0.1885223388671875","0.0","False","0.0704515129327774","False","1.0"
"8","76800","512","1.7414965986394557","331.82110595703125","64.11482556177857","0.9250284433364868","0.09649790078401566","0.009311845526099205","0.166412353515625","0.0","False","0.08527857065200806","False","1.0"
"8","77312","512","1.7531065759637188","331.6156005859375","64.10410026112595","0.9407685399055481","0.10041238367557526","0.010082646273076534","0.165985107421875","0.0","False","0.11294281482696533","False","1.0"
"8","77824","512","1.7647165532879818","331.5717468261719","64.10181067817499","0.945047914981842","0.09468216449022293","0.008964712731540203","0.1769866943359375","0.0","False","0.069536954164505","False","1.0"
"8","78336","512","1.7763265306122449","331.7042541503906","64.10872789496415","0.9469932913780212","0.0899781733751297","0.008096071891486645","0.1586761474609375","0.0","False","0.08477246761322021","False","1.0"
"8","78848","512","1.787936507936508","331.55181884765625","64.10077014827283","0.9547251462936401","0.08440025895833969","0.007123403716832399","0.155731201171875","0.0","False","0.12873953580856323","False","1.0"
"8","79360","512","1.799546485260771","331.2987365722656","64.08755013449809","0.9694182872772217","0.08229824155569077","0.006773000583052635","0.1564178466796875","0.0","False","0.06810426712036133","False","1.0"
"8","79872","512","1.811156462585034","331.154296875","64.08000065058661","0.9713559150695801","0.08423534780740738","0.007095594424754381","0.139678955078125","0.0","False","0.06920827925205231","False","1.0"
"8","80384","512","1.822766439909297","331.2593688964844","64.08549281574332","0.9683098196983337","0.0757354348897934","0.005735856480896473","0.1323699951171875","0.0","False","0.09359697997570038","False","1.0"
"8","80896","512","1.8343764172335602","331.07489013671875","64.07584886590564","0.9674316644668579","0.07488714158535004","0.005608083680272102","0.139801025390625","0.0","False","0.09404709190130234","False","1.0"
"8","81408","512","1.8459863945578232","330.9064636230469","64.06703938147318","0.970573902130127","0.07542310655117035","0.0056886449456214905","0.14013671875","0.0","False","0.058391276746988297","False","1.0"
"8","81920","512","1.8575963718820863","330.9498596191406","64.06930962120649","0.9783454537391663","0.0777607411146164","0.006046732887625694","0.146820068359375","0.0","False","0.11014191806316376","False","1.0"
"8","82432","512","1.8692063492063493","330.9705505371094","64.07039195138263","0.9805114269256592","0.07600926607847214","0.005777408368885517","0.1459197998046875","0.0","False","0.08360406011343002","False","1.0"
"8","82944","512","1.8808163265306121","330.8958435058594","64.06648375003208","0.977716326713562","0.07870986312627792","0.006195242051035166","0.1298065185546875","0.0","False","0.07844658941030502","False","1.0"
"8","83456","512","1.8924263038548752","331.10894775390625","64.07762969180875","0.9735880494117737","0.07437553256750107","0.005531719885766506","0.128692626953125","0.0","False","0.09330668300390244","False","1.0"
"8","83968","512","1.9040362811791383","330.98297119140625","64.0710416362601","0.972705066204071","0.0702352225780487","0.004932986106723547","0.12457275390625","0.0","False","0.07791239023208618","False","1.0"
"8","84480","512","1.9156462585034013","330.87298583984375","64.06528780462186","0.973136305809021","0.06990741193294525","0.004887045826762915","0.125091552734375","0.0","False","0.09471332281827927","False","1.0"
"8","84992","512","1.9272562358276644","330.97283935546875","64.0705116740156","0.9695129990577698","0.06761115044355392","0.004571267403662205","0.1315460205078125","0.0","False","0.0823439508676529","False","1.0"
"8","85504","512","1.9388662131519274","330.87530517578125","64.06540915932426","0.9597650170326233","0.0668671652674675","0.004471218213438988","0.1242828369140625","0.0","False","0.08706558495759964","False","1.0"
"8","86016","512","1.9504761904761905","330.88818359375","64.06608298180214","0.9539662003517151","0.06534107774496078","0.0042694564908742905","0.1112518310546875","0.0","False","0.075123630464077","False","1.0"
"8","86528","512","1.9620861678004535","330.9551696777344","64.06958739381233","0.9544569849967957","0.06652472913265228","0.004425539635121822","0.1135406494140625","0.0","False","0.06560522317886353","False","1.0"
"8","87040","512","1.9736961451247166","331.0974426269531","64.07702812505218","0.9527419805526733","0.061145100742578506","0.0037387232296168804","0.115020751953125","0.0","False","0.08920090645551682","False","1.0"
"8","87552","512","1.9853061224489796","331.158935546875","64.08024315296463","0.9501606822013855","0.05300356075167656","0.002809377619996667","0.0998077392578125","0.0","False","0.08391361683607101","False","1.0"
"8","88064","512","1.9969160997732427","331.4194030761719","64.09385453300342","0.9438502788543701","0.04418283328413963","0.001952122780494392","0.0924835205078125","0.0","False","0.07684434205293655","False","1.0"
"8","88576","512","2.0085260770975055","331.8052673339844","64.11399918221869","0.8994187116622925","0.04473010450601578","0.0020007824059575796","0.1225128173828125","0.0","False","0.20617009699344635","False","1.0"
"8","89088","512","2.020136054421769","165.37652587890625","52.059011329485415","0.9563812613487244","0.05647549405694008","0.0031894813291728497","0.1236114501953125","0.0","False","0.1531354784965515","False","1.0"
"8","89600","512","2.0317460317460316","165.238525390625","52.0445588018671","0.9378117322921753","0.04597148671746254","0.0021133776754140854","0.105224609375","0.0","False","0.10801217705011368","False","1.0"
"8","90112","512","2.043356009070295","165.22450256347656","52.043089542447156","0.927918016910553","0.02989959344267845","0.0008939857361838222","0.063812255859375","0.0","False","0.08945956826210022","False","1.0"
"8","90624","512","2.0549659863945577","165.22425842285156","52.04306396120052","0.9120000600814819","0.029280174523591995","0.0008573286468163133","0.050506591796875","0.0","False","0.11170527338981628","False","1.0"
"8","91136","512","2.066575963718821","165.08676147460938","52.0286509142327","0.8897479176521301","0.026605989784002304","0.0007078786729834974","0.0567169189453125","0.0","False","0.08660192042589188","False","1.0"
"8","91648","512","2.078185941043084","164.8853759765625","52.00751910127492","0.8585497736930847","0.02860857918858528","0.0008184507605619729","0.0633392333984375","0.0","False","0.10208332538604736","False","1.0"
"8","92160","512","2.089795918367347","0.0",,"0.0","0.028238806873559952","0.0007974301697686315","0.06097412109375","0.0","False","0.1319604218006134","False","1.0"
"8","92672","512","2.10140589569161","0.0",,"0.0","0.02224179357290268","0.0004946974222548306","0.0514068603515625","0.0","False","0.1514410674571991","False","1.0"
"8","93184","512","2.1130158730158732","0.0",,"0.0","0.013716497458517551","0.0001881423086160794","0.0291595458984375","0.0","False","0.08646416664123535","False","1.0"
"8","93696","512","2.124625850340136","0.0",,"0.0","0.020131265744566917","0.00040526787051931024","0.040374755859375","0.0","False","0.14682920277118683","False","1.0"
"8","94208","512","2.136235827664399","0.0",,"0.0","0.02273010089993477","0.0005166574846953154","0.053924560546875","0.0","False","0.14044147729873657","False","1.0"
"8","94720","512","2.147845804988662","0.0",,"0.0","0.1456458419561386","0.021212710067629814","0.35101318359375","0.0","True","0.6828630566596985","False","1.0"
"8","95232","512","2.159455782312925","0.0",,"0.0","0.17220012843608856","0.02965288609266281","0.350677490234375","0.0","False","0.4229542911052704","False","1.0"
"8","95744","512","2.1710657596371883","0.0",,"0.0","0.16173861920833588","0.02615938149392605","0.3709869384765625","0.0","False","0.23135797679424286","False","1.0"
"8","96256","512","2.182675736961451","0.0",,"0.0","0.13107725977897644","0.01718124933540821","0.2430267333984375","0.0","False","0.17766977846622467","False","1.0"
"8","96768","512","2.1942857142857144","0.0",,"0.0","0.12856441736221313","0.016528811305761337","0.2537841796875","0.0","False","0.149057999253273","False","1.0"
"8","97280","512","2.2058956916099772","0.0",,"0.0","0.1389855593442917","0.019316986203193665","0.2622833251953125","0.0","False","0.15043503046035767","False","1.0"
"8","97792","512","2.2175056689342405","0.0",,"0.0","0.11829870939254761","0.013994583860039711","0.2281646728515625","0.0","False","0.12999682128429413","False","1.0"
"8","98304","512","2.2291156462585033","0.0",,"0.0","0.10999058932065964","0.012097930535674095","0.2366180419921875","0.0","False","0.11929119378328323","False","1.0"
"8","98816","512","2.2407256235827666","165.51361083984375","52.07335604026594","0.8653290271759033","0.10934626311063766","0.01195660512894392","0.2438812255859375","0.0","False","0.16465166211128235","False","1.0"
"8","99328","512","2.2523356009070294","332.31298828125","64.14046988845645","0.8624118566513062","0.10096333175897598","0.010193593800067902","0.211578369140625","0.0","False","0.14921166002750397","False","1.0"
"8","99840","512","2.2639455782312927","332.2643737792969","64.13793705823939","0.8835971355438232","0.10103000700473785","0.01020706258714199","0.197265625","0.0","False","0.09091844409704208","False","1.0"
"8","100352","512","2.2755555555555556","332.3512268066406","64.14246186683327","0.8686137199401855","0.11233806610107422","0.01261984184384346","0.19769287109375","0.0","False","0.13403479754924774","False","1.0"
"8","100864","512","2.2871655328798184","332.59423828125","64.15511582960096","0.8645884990692139","0.11299346387386322","0.012767523527145386","0.226959228515625","0.0","False","0.09824378043413162","False","1.0"
"8","101376","512","2.2987755102040817","332.4717712402344","64.14873994778905","0.8760128617286682","0.10375484824180603","0.010765069164335728","0.2054595947265625","0.0","False","0.0997762531042099","False","1.0"
"8","101888","512","2.3103854875283445","332.1570739746094","64.13234539416605","0.8910640478134155","0.10053760558366776","0.010107810609042645","0.1916351318359375","0.0","False","0.1115754246711731","False","1.0"
"8","102400","512","2.3219954648526078","331.83270263671875","64.11543059309078","0.9187939167022705","0.0903545692563057","0.008163947612047195","0.1907958984375","0.0","False","0.08949539810419083","False","1.0"
"8","102912","512","2.3336054421768706","331.7960510253906","64.11351830351023","0.9260310530662537","0.08581628650426865","0.007364435587078333","0.161956787109375","0.0","False","0.08128928393125534","False","1.0"
"8","103424","512","2.345215419501134","331.740966796875","64.11064389892901","0.9220905303955078","0.08908478170633316","0.007936098612844944","0.15362548828125","0.0","False","0.10215343534946442","False","1.0"
"8","103936","512","2.3568253968253967","331.8104553222656","64.11426986965577","0.9241001009941101","0.0905895084142685","0.008206458762288094","0.1554718017578125","0.0","False","0.1083688735961914","False","1.0"
"8","104448","512","2.36843537414966","331.5489501953125","64.10062035780825","0.9386765360832214","0.08304306864738464","0.006896150764077902","0.1440277099609375","0.0","False","0.1125624030828476","False","1.0"
"8","104960","512","2.380045351473923","331.2999572753906","64.08761392341991","0.9556567072868347","0.08443009853363037","0.007128441706299782","0.1472930908203125","0.0","False","0.08173536509275436","False","1.0"
"8","105472","512","2.391655328798186","331.4021301269531","64.09295222321643","0.9642505049705505","0.07820844650268555","0.006116561125963926","0.148712158203125","0.0","False","0.07416994124650955","False","1.0"
"8","105984","512","2.403265306122449","331.27728271484375","64.08642900583105","0.9615674614906311","0.07873600721359253","0.006199358496814966","0.1456756591796875","0.0","False","0.08086227625608444","False","1.0"
"8","106496","512","2.414875283446712","331.0940246582031","64.0768494062323","0.9654405117034912","0.07942504435777664","0.006308337207883596","0.127655029296875","0.0","False","0.08632779866456985","False","1.0"
"8","107008","512","2.426485260770975","331.05084228515625","64.07459132651661","0.9744333624839783","0.07419528067111969","0.005504939705133438","0.1331634521484375","0.0","False","0.043906837701797485","False","1.0"
"8","107520","512","2.4380952380952383","330.9933776855469","64.07158594806278","0.9776487350463867","0.07258155941963196","0.0052680824883282185","0.141326904296875","0.0","False","0.09823857992887497","False","1.0"
"8","108032","512","2.449705215419501","330.9609680175781","64.06989070363646","0.9832751154899597","0.07654200494289398","0.005858678370714188","0.1397247314453125","0.0","False","0.12213027477264404","False","1.0"
"8","108544","512","2.461315192743764","330.8301696777344","64.06304738013002","0.984781801700592","0.07326202839612961","0.005367324687540531","0.1358184814453125","0.0","False","0.05094604566693306","False","1.0"
"8","109056","512","2.4729251700680273","330.8758239746094","64.06543630433865","0.9847773313522339","0.07164213061332703","0.005132594611495733","0.1120147705078125","0.0","False","0.09104481339454651","False","1.0"
"8","109568","512","2.48453514739229","330.82745361328125","64.06290524791252","0.9861398935317993","0.07262840121984482","0.005274884402751923","0.1122283935546875","0.0","False","0.0992361307144165","False","1.0"
"8","110080","512","2.4961451247165534","330.8458557128906","64.06386821078189","0.9871519207954407","0.0670570582151413","0.004496648907661438","0.121337890625","0.0","False","0.07625360041856766","False","1.0"
"8","110592","512","2.507755102040816","330.74395751953125","64.05853531055432","0.9839239120483398","0.06617902219295502","0.004379662685096264","0.1202545166015625","0.0","False","0.07498056441545486","False","1.0"
"8","111104","512","2.5193650793650795","330.5270690917969","64.04717885822855","0.978502631187439","0.06324426829814911","0.003999837674200535","0.1176300048828125","0.0","False","0.08785846084356308","False","1.0"
"8","111616","512","2.5309750566893423","330.7554626464844","64.05913752022873","0.9805284142494202","0.059278346598148346","0.003513922216370702","0.1088104248046875","0.0","False","0.05510551482439041","False","1.0"
"8","112128","512","2.5425850340136056","330.82305908203125","64.06267527870722","0.9790508151054382","0.061058901250362396","0.0037281892728060484","0.1048583984375","0.0","False","0.07982476055622101","False","1.0"
"8","112640","512","2.5541950113378684","330.75299072265625","64.05900813477112","0.9742445349693298","0.061704494059085846","0.0038074443582445383","0.1044769287109375","0.0","False","0.09950868040323257","False","1.0"
"8","113152","512","2.5658049886621317","331.01708984375","64.07282614886591","0.9673264026641846","0.05875464156270027","0.003452108008787036","0.1098480224609375","0.0","False","0.07404132187366486","False","1.0"
"8","113664","512","2.5774149659863945","331.1084899902344","64.07760575719121","0.9561384320259094","0.0587819442152977","0.0034553171135485172","0.109466552734375","0.0","False","0.07657455652952194","False","1.0"
"8","114176","512","2.589024943310658","331.0360412597656","64.07381728794982","0.9506986737251282","0.05581306293606758","0.0031150979921221733","0.0970458984375","0.0","False","0.1275409311056137","False","1.0"
"8","114688","512","2.6006349206349206","330.929443359375","64.06824159191737","0.9423151016235352","0.054649218916893005","0.0029865370597690344","0.0944366455078125","0.0","False","0.08411242067813873","False","1.0"
"8","115200","512","2.6122448979591835","330.98883056640625","64.07134811304596","0.9389672875404358","0.05563290789723396","0.003095020540058613","0.0990753173828125","0.0","False","0.07519105076789856","False","1.0"
"8","115712","512","2.6238548752834467","330.9584655761719","64.06975980215364","0.9245118498802185","0.052737053483724594","0.002781196730211377","0.094818115234375","0.0","False","0.0684526115655899","False","1.0"
"8","116224","512","2.6354648526077096","331.1480712890625","64.07967518152992","0.905151903629303","0.05073953792452812","0.002574500860646367","0.095672607421875","0.0","False","0.093042753636837","False","1.0"
"8","116736","512","2.647074829931973","331.2364501953125","64.08429499276235","0.8947539925575256","0.0511041097342968","0.002611630130559206","0.0883331298828125","0.0","False","0.09108752012252808","False","1.0"
"8","117248","512","2.6586848072562357","331.5655517578125","64.10148721233155","0.8907376527786255","0.04975428432226181","0.002475488930940628","0.0882720947265625","0.0","False","0.10590233653783798","False","1.0"
"8","117760","512","2.670294784580499","331.55682373046875","64.101031481725","0.8834312558174133","0.05080518499016762","0.0025811668019741774","0.092864990234375","0.0","False","0.0950889065861702","False","1.0"
"8","118272","512","2.681904761904762","331.6014709472656","64.10336259279312","0.8783786296844482","0.050191815942525864","0.0025192182511091232","0.0953521728515625","0.0","False","0.08270259201526642","False","1.0"
"8","118784","512","2.693514739229025","331.57452392578125","64.10195567814297","0.876092255115509","0.046789560467004776","0.002189263002946973","0.09454345703125","0.0","False","0.0686897486448288","False","1.0"
"8","119296","512","2.705124716553288","331.5624694824219","64.10132627387219","0.8706384301185608","0.03592166677117348","0.0012903661699965596","0.0624237060546875","0.0","False","0.10290274769067764","False","1.0"
"8","119808","512","2.716734693877551","331.5918884277344","64.10286229875805","0.8561920523643494","0.037400513887405396","0.0013987984275445342","0.078948974609375","0.0","False","0.11242794990539551","False","1.0"
"8","120320","512","2.728344671201814","165.14797973632812","52.03506956903186","0.9196000695228577","0.0679471418261528","0.004616814199835062","0.137725830078125","0.0","False","0.26124024391174316","False","1.0"
"8","120832","512","2.7399546485260773","164.8131866455078","51.99993783498705","0.8821199536323547","0.04901612177491188","0.0024025803431868553","0.1055755615234375","0.0","False","0.13149602711200714","False","1.0"
"8","121344","512","2.75156462585034","164.6721649169922","51.98511826065303","0.8608440160751343","0.028647784143686295","0.0008206955390051007","0.05810546875","0.0","False","0.11726276576519012","False","1.0"
"8","121856","512","2.7631746031746034","0.0",,"0.0","0.02527776174247265","0.0006389652262441814","0.049591064453125","0.0","False","0.11198669672012329","False","1.0"
"8","122368","512","2.7747845804988662","0.0",,"0.0","0.024328041821718216","0.0005918535753153265","0.05816650390625","0.0","False","0.10934747755527496","False","1.0"
"8","122880","512","2.786394557823129","0.0",,"0.0","0.01798885315656662","0.00032359882607124746","0.0419921875","0.0","False","0.0870659276843071","False","1.0"
"8","123392","512","2.7980045351473923","0.0",,"0.0","0.020177077502012253","0.0004071144503541291","0.0473480224609375","0.0","False","0.10558117926120758","False","1.0"
"8","123904","512","2.809614512471655","0.0",,"0.0","0.017177220433950424","0.0002950569032691419","0.039154052734375","0.0","False","0.11043687164783478","False","1.0"
"8","124416","512","2.8212244897959184","0.0",,"0.0","0.01343523245304823","0.0001805054780561477","0.0292205810546875","0.0","False","0.05348575487732887","False","1.0"
"8","124928","512","2.8328344671201813","0.0",,"0.0","0.015630779787898064","0.00024432127247564495","0.0417633056640625","0.0","False","0.13230416178703308","False","1.0"
"8","125440","512","2.8444444444444446","0.0",,"0.0","0.016600914299488068","0.00027559034060686827","0.035400390625","0.0","False","0.109456367790699","False","1.0"
"8","125952","512","2.8560544217687074","0.0",,"0.0","0.009425749070942402","0.00008884475391823798","0.0217437744140625","0.0","False","0.13890251517295837","False","1.0"
"8","126464","512","2.8676643990929707","0.0",,"0.0","0.013995488174259663","0.000195873697521165","0.02947998046875","0.0","False","0.12346632033586502","False","1.0"
"8","126976","512","2.8792743764172335","0.0",,"0.0","0.017462845891714096","0.00030495101236738265","0.0347442626953125","0.0","False","0.1424383819103241","False","1.0"
"8","127488","512","2.8908843537414968","0.0",,"0.0","0.015066702850162983","0.00022700554109178483","0.0304718017578125","0.0","False","0.14468882977962494","False","1.0"
"8","128000","512","2.9024943310657596","0.0",,"0.0","0.009532555937767029","0.00009086963109439239","0.0234375","0.0","False","0.15722902119159698","False","1.0"
"8","128512","512","2.914104308390023","0.0",,"0.0","0.007816446013748646","0.00006109683454269543","0.0235443115234375","0.0","False","0.09735574573278427","False","1.0"
"8","129024","512","2.9257142857142857","0.0",,"0.0","0.01035126019269228","0.00010714858217397705","0.024017333984375","0.0","False","0.1573176085948944","False","1.0"
"8","129536","512","2.9373242630385485","0.0",,"0.0","0.013122228905558586","0.00017219290020875633","0.0243682861328125","0.0","False","0.1084289625287056","False","1.0"
"8","130048","512","2.948934240362812","0.0",,"0.0","0.015544891357421875","0.0002416436473140493","0.024993896484375","0.0","False","0.17798306047916412","False","1.0"
"8","130560","512","2.9605442176870747","0.0",,"0.0","0.011622564867138863","0.00013508401752915233","0.0196990966796875","0.0","False","0.12492331862449646","False","1.0"
"8","131072","512","2.972154195011338","0.0",,"0.0","0.0072515737265348434","0.00005258532473817468","0.0153961181640625","0.0","False","0.17183563113212585","False","1.0"
"8","131584","512","2.9837641723356008","0.0",,"0.0","0.009039298631250858","0.0000817089166957885","0.0179595947265625","0.0","False","0.14298510551452637","False","1.0"
"8","132096","512","2.995374149659864","0.0",,"0.0","0.012332837097346783","0.00015209887351375073","0.02069091796875","0.0","False","0.16869880259037018","False","1.0"
"8","132608","512","3.006984126984127","0.0",,"0.0","0.01321513019502163","0.00017463967378716916","0.02215576171875","0.0","False","0.1390693336725235","False","1.0"
"8","133120","512","3.01859410430839","0.0",,"0.0","0.010649647563695908","0.00011341499339323491","0.016265869140625","0.0","False","0.1763162910938263","False","1.0"
"8","133632","512","3.030204081632653","0.0",,"0.0","0.008049475029110909","0.00006479404692072421","0.0160675048828125","0.0","False","0.1329720914363861","False","1.0"
"8","134144","512","3.0418140589569163","0.0",,"0.0","0.008328401483595371","0.00006936226418474689","0.01788330078125","0.0","False","0.1313648223876953","False","1.0"
"8","134656","512","3.053424036281179","0.0",,"0.0","0.006799233611673117","0.000046229575673351064","0.0149078369140625","0.0","False","0.15688303112983704","False","1.0"
"8","135168","512","3.0650340136054424","0.0",,"0.0","0.009253769181668758","0.00008563225128455088","0.01702880859375","0.0","False","0.14013662934303284","False","1.0"
"8","135680","512","3.076643990929705","0.0",,"0.0","0.008929522708058357","0.00007973637548275292","0.01678466796875","0.0","False","0.20171597599983215","False","1.0"
"8","136192","512","3.0882539682539685","0.0",,"0.0","0.008432862348854542","0.00007111317245289683","0.015899658203125","0.0","False","0.15327239036560059","False","1.0"
"8","136704","512","3.0998639455782313","0.0",,"0.0","0.007575389929115772","0.00005738653271691874","0.013916015625","0.0","False","0.17818798124790192","False","1.0"
"8","137216","512","3.111473922902494","0.0",,"0.0","0.0048310039564967155","0.000023338598111877218","0.0101776123046875","0.0","False","0.12271180748939514","False","1.0"
"8","137728","512","3.1230839002267574","0.0",,"0.0","0.006308816839009523","0.000039801168895792216","0.013275146484375","0.0","False","0.12011636048555374","False","1.0"
"8","138240","512","3.1346938775510202","0.0",,"0.0","0.008192326873540878","0.00006711421883665025","0.0146026611328125","0.0","False","0.19267494976520538","False","1.0"
"8","138752","512","3.1463038548752835","0.0",,"0.0","0.009024650789797306","0.00008144431922119111","0.017791748046875","0.0","False","0.16328679025173187","False","1.0"
"8","139264","512","3.1579138321995464","0.0",,"0.0","0.00838958565145731","0.00007038514740997925","0.0157318115234375","0.0","False","0.15039579570293427","False","1.0"
"8","139776","512","3.1695238095238096","0.0",,"0.0","0.007577641401439905","0.00005742064968217164","0.015777587890625","0.0","False","0.18219181895256042","False","1.0"
"8","140288","512","3.1811337868480725","0.0",,"0.0","0.00650872103869915","0.000042363451939309016","0.0139007568359375","0.0","False","0.12228994816541672","False","1.0"
"8","140800","512","3.1927437641723357","0.0",,"0.0","0.005331237334758043","0.000028422091418178752","0.01116943359375","0.0","False","0.1292133927345276","False","1.0"
"8","141312","512","3.2043537414965986","0.0",,"0.0","0.008749577216804028","0.00007655510125914589","0.0159454345703125","0.0","False","0.22498255968093872","False","1.0"
"8","141824","512","3.215963718820862","0.0",,"0.0","0.010914444923400879","0.00011912511399714276","0.01727294921875","0.0","False","0.202080637216568","False","1.0"
"8","142336","512","3.2275736961451247","0.0",,"0.0","0.010735931806266308","0.00011526024172781035","0.0186767578125","0.0","False","0.16442343592643738","False","1.0"
"8","142848","512","3.239183673469388","0.0",,"0.0","0.010363589972257614","0.00010740399739006534","0.0186920166015625","0.0","False","0.12862983345985413","False","1.0"
"8","143360","512","3.250793650793651","0.0",,"0.0","0.009603478945791721","0.00009222680819220841","0.01513671875","0.0","False","0.19279223680496216","False","1.0"
"8","143872","512","3.2624036281179136","147.9826202392578","50.13509070360591","0.8613452911376953","0.009247173555195332","0.00008551021892344579","0.0157318115234375","0.0","False","0.13536474108695984","False","1.0"
"8","144384","512","3.274013605442177","148.20562744140625","50.16116045738749","0.870042622089386","0.010634277947247028","0.00011308786633890122","0.018829345703125","0.0","False","0.17907896637916565","False","1.0"
"8","144896","512","3.2856235827664397","148.66281127929688","50.214483259634136","0.8955137133598328","0.01340057235211134","0.00017957534873858094","0.0238189697265625","0.0","False","0.23660166561603546","False","1.0"
"8","145408","512","3.297233560090703","147.56666564941406","50.086360068233425","0.9032757878303528","0.01449508685618639","0.00021010753698647022","0.0222320556640625","0.0","False","0.18352766335010529","False","1.0"
"8","145920","512","3.308843537414966","149.45445251464844","50.30642825237049","0.9026259779930115","0.012401996180415154","0.00015380950935650617","0.0204620361328125","0.0","False","0.18707065284252167","False","1.0"
"8","146432","512","3.320453514739229","148.42813110351562","50.187132281364626","0.8995720148086548","0.008094029501080513","0.00006551331898663193","0.01458740234375","0.0","False","0.11161695420742035","False","1.0"
"8","146944","512","3.332063492063492","148.93124389648438","50.24571505373136","0.8813413381576538","0.011227857321500778","0.00012606478412635624","0.018218994140625","0.0","False","0.18327029049396515","False","1.0"
"8","147456","512","3.3436734693877552","149.41249084472656","50.30156686011444","0.8604093790054321","0.008462107740342617","0.0000716072681825608","0.0152130126953125","0.0","False","0.16637207567691803","False","1.0"
"8","147968","512","3.355283446712018","147.8419952392578","50.118631302072046","0.8587204813957214","0.010782656259834766","0.0001162656772066839","0.0197601318359375","0.0","False","0.1619778722524643","False","1.0"
"8","148480","512","3.3668934240362813","148.77178955078125","50.22716953770119","0.8633957505226135","0.011127207428216934","0.0001238147378899157","0.018829345703125","0.0","False","0.21320238709449768","False","1.0"
"8","148992","512","3.378503401360544","0.0",,"0.0","0.010397221893072128","0.00010810222738655284","0.018890380859375","0.0","False","0.17757010459899902","False","1.0"
"8","149504","512","3.3901133786848074","0.0",,"0.0","0.007908598519861698","0.00006254593608900905","0.01409912109375","0.0","False","0.20910917222499847","False","1.0"
"8","150016","512","3.4017233560090703","0.0",,"0.0","0.005238780751824379","0.00002744482299021911","0.0101776123046875","0.0","False","0.12209276109933853","False","1.0"
"8","150528","512","3.4133333333333336","0.0",,"0.0","0.00644956948235631","0.00004159694435657002","0.0131072998046875","0.0","False","0.14250706136226654","False","1.0"
"8","151040","512","3.4249433106575964","0.0",,"0.0","0.007369827479124069","0.00005431435420177877","0.015228271484375","0.0","False","0.19301478564739227","False","1.0"
"8","151552","512","3.436553287981859","0.0",,"0.0","0.007173629943281412","0.0000514609637320973","0.0153656005859375","0.0","False","0.18749472498893738","False","1.0"
"8","152064","512","3.4481632653061225","0.0",,"0.0","0.007195871789008379","0.000051780571084236726","0.0162506103515625","0.0","False","0.1792076975107193","False","1.0"
"8","152576","512","3.4597732426303853","0.0",,"0.0","0.005987456999719143","0.00003584964360925369","0.0156097412109375","0.0","False","0.1509237289428711","False","1.0"
"8","153088","512","3.4713832199546486","0.0",,"0.0","0.005364527460187674","0.00002877815677493345","0.0104827880859375","0.0","False","0.1294034868478775","False","1.0"
"8","153600","512","3.4829931972789114","0.0",,"0.0","0.003895730245858431","0.000015176713532127906","0.0073699951171875","0.0","False","0.12076732516288757","False","1.0"
"8","154112","512","3.4946031746031747","0.0",,"0.0","0.005849072244018316","0.000034211643651360646","0.015167236328125","0.0","False","0.15590457618236542","False","1.0"
"8","154624","512","3.5062131519274375","0.0",,"0.0","0.0087923314422369","0.0000773050996940583","0.0186004638671875","0.0","False","0.2651732265949249","False","1.0"
"8","155136","512","3.517823129251701","0.0",,"0.0","0.006540717091411352","0.000042780979129020125","0.013580322265625","0.0","False","0.13967306911945343","False","1.0"
"8","155648","512","3.5294331065759637","0.0",,"0.0","0.006967366207391024","0.000048544192395638674","0.0139312744140625","0.0","False","0.1442345529794693","False","1.0"
"8","156160","512","3.541043083900227","0.0",,"0.0","0.00857105664908886","0.0000734630084480159","0.015350341796875","0.0","False","0.196651428937912","False","1.0"
"8","156672","512","3.5526530612244898","0.0",,"0.0","0.01021591480821371","0.0001043649172061123","0.0178985595703125","0.0","False","0.1661379337310791","False","1.0"
"8","157184","512","3.564263038548753","0.0",,"0.0","0.008336312137544155","0.0000694941045367159","0.0153656005859375","0.0","False","0.14691030979156494","False","1.0"
"8","157696","512","3.575873015873016","0.0",,"0.0","0.00787447951734066","0.00006200742063811049","0.01702880859375","0.0","False","0.19423405826091766","False","1.0"
"8","158208","512","3.5874829931972787","0.0",,"0.0","0.011175472289323807","0.00012489117216318846","0.0194549560546875","0.0","False","0.21892550587654114","False","1.0"
"8","158720","512","3.599092970521542","0.0",,"0.0","0.011343056336045265","0.00012866493489127606","0.0200958251953125","0.0","False","0.20655979216098785","False","1.0"
"8","159232","512","3.610702947845805","0.0",,"0.0","0.012632510624825954","0.00015958033327478915","0.0194244384765625","0.0","False","0.19724141061306","False","1.0"
"8","159744","512","3.622312925170068","0.0",,"0.0","0.01331257726997137","0.00017722471966408193","0.0236968994140625","0.0","False","0.20810599625110626","False","1.0"
"8","160256","512","3.633922902494331","0.0",,"0.0","0.013398602604866028","0.0001795225398382172","0.0227508544921875","0.0","False","0.15365520119667053","False","1.0"
"8","160768","512","3.645532879818594","0.0",,"0.0","0.012942279689013958","0.00016750259965192527","0.02471923828125","0.0","False","0.13676771521568298","False","1.0"
"8","161280","512","3.657142857142857","0.0",,"0.0","0.013585885986685753","0.00018457630358170718","0.0251922607421875","0.0","False","0.24341417849063873","False","1.0"
"8","161792","512","3.6687528344671203","0.0",,"0.0","0.01486060582101345","0.00022083759540691972","0.0243682861328125","0.0","False","0.19995146989822388","False","1.0"
"8","162304","512","3.680362811791383","0.0",,"0.0","0.013873799704015255","0.00019248233002144843","0.026214599609375","0.0","False","0.18740525841712952","False","1.0"
"8","162816","512","3.6919727891156464","0.0",,"0.0","0.009767541661858559","0.00009540487371850759","0.0199737548828125","0.0","False","0.1555512249469757","False","1.0"
"8","163328","512","3.7035827664399092","0.0",,"0.0","0.01284235529601574","0.00016492609574925154","0.0229339599609375","0.0","False","0.16195732355117798","False","1.0"
"8","163840","512","3.7151927437641725","0.0",,"0.0","0.010366267524659634","0.00010745950567070395","0.0194244384765625","0.0","False","0.156874880194664","False","1.0"
"8","164352","512","3.7268027210884354","0.0",,"0.0","0.011784125119447708","0.00013886559463571757","0.023895263671875","0.0","False","0.18723559379577637","False","1.0"
"8","164864","512","3.7384126984126986","0.0",,"0.0","0.013626925647258759","0.00018569310486782342","0.02301025390625","0.0","False","0.17501483857631683","False","1.0"
"8","165376","512","3.7500226757369615","0.0",,"0.0","0.005324422847479582","0.00002834948099916801","0.0142822265625","0.0","False","0.1651322841644287","False","1.0"
"8","165888","512","3.7616326530612243","0.0",,"0.0","0.007096439134329557","0.000050359449232928455","0.015106201171875","0.0","False","0.1258818507194519","False","1.0"
"8","166400","512","3.7732426303854876","0.0",,"0.0","0.00543246790766716","0.000029511709726648405","0.013519287109375","0.0","False","0.1522260457277298","False","1.0"
"8","166912","512","3.7848526077097504","0.0",,"0.0","0.010313211008906364","0.00010636232764227316","0.0192718505859375","0.0","False","0.19711966812610626","False","1.0"
"8","167424","512","3.7964625850340137","0.0",,"0.0","0.01077667623758316","0.00011613675451371819","0.018890380859375","0.0","False","0.19944685697555542","False","1.0"
"8","167936","512","3.8080725623582765","0.0",,"0.0","0.009188585914671421","0.00008443011756753549","0.01947021484375","0.0","False","0.14050428569316864","False","1.0"
"8","168448","512","3.81968253968254","0.0",,"0.0","0.010247997008264065","0.0001050214414135553","0.0181427001953125","0.0","False","0.20731477439403534","False","1.0"
"8","168960","512","3.8312925170068026","0.0",,"0.0","0.005325676873326302","0.000028362832381390035","0.0165252685546875","0.0","False","0.16164447367191315","False","1.0"
"8","169472","512","3.842902494331066","0.0",,"0.0","0.008281632326543331","0.00006858543929411098","0.0164794921875","0.0","False","0.12538234889507294","False","1.0"
"8","169984","512","3.8545124716553287","0.0",,"0.0","0.0078039285726845264","0.000060901304095750675","0.0155792236328125","0.0","False","0.1997685730457306","False","1.0"
"8","170496","512","3.866122448979592","0.0",,"0.0","0.010673323646187782","0.00011391982843633741","0.0179901123046875","0.0","False","0.20971886813640594","False","1.0"
"8","171008","512","3.877732426303855","0.0",,"0.0","0.008479181677103043","0.00007189651660155505","0.0158538818359375","0.0","False","0.17057545483112335","False","1.0"
"8","171520","512","3.889342403628118","0.0",,"0.0","0.00011978012480540201","1.43472789204679E-08","0.00054931640625","0.0","False","0.0","True","0.0"
"9","0","512","0.0","0.0",,"0.0","0.0","0.0","0.0","0.0","False","0.0","True","0.0"
"9","512","512","0.011609977324263039","0.0",,"0.0","0.0","0.0","0.0","0.0","False","0.0","True","0.0"
"9","1024","512","0.023219954648526078","0.0",,"0.0","0.0","0.0","0.0","0.0","False","0.0","True","0.0"
"9","1536","512","0.034829931972789115","0.0",,"0.0","0.0","0.0","0.0","0.0","False","0.0","True","0.0"
"9","2048","512","0.046439909297052155","0.0",,"0.0","0.0","0.0","0.0","0.0","False","0.0","True","0.0"
"9","2560","512","0.058049886621315196","0.0",,"0.0","0.0","0.0","0.0","0.0","False","0.0","True","0.0"
"9","3072","512","0.06965986394557823","0.0",,"0.0","0.0","0.0","0.0","0.0","False","0.0","True","0.0"
"9","3584","512","0.08126984126984127","0.0",,"0.0","9.5367431640625E-07","9.09494701772928E-13","0.0000152587890625","0.0","False","0.0","True","0.0"
"9","4096","512","0.09287981859410431","0.0",,"0.0","0.000007262967301358003","5.27506927028298E-11","0.000030517578125","0.0","False","0.0","True","0.0"
"9","4608","512","0.10448979591836735","0.0",,"0.0","0.000012157010132796131","1.47792889038101E-10","0.000030517578125","0.0","False","0.0","True","0.0"
"9","5120","512","0.11609977324263039","0.0",,"0.0","0.000014273290616984013","2.03726813197136E-10","0.000030517578125","0.0","False","0.0","True","0.0"
"9","5632","512","0.12770975056689343","0.0",,"0.0","0.000013554258657677565","1.83717929758132E-10","0.000030517578125","0.0","False","0.0","True","0.0"
"9","6144","512","0.13931972789115646","0.0",,"0.0","0.00003364322037668899","1.13186615635641E-09","0.0002288818359375","0.0","False","0.0","True","0.0"
"9","6656","512","0.1509297052154195","0.0",,"0.0","0.0009421756840310991","8.87695023266133E-07","0.0016632080078125","0.0","False","0.0","True","0.0"
"9","7168","512","0.16253968253968254","0.0",,"0.0","0.0016101276269182563","0.000002592511009424925","0.0034942626953125","0.0","False","0.0","True","0.0"
"9","7680","512","0.17414965986394557","0.0",,"0.0","0.0025944814551621675","0.00000673133354212041","0.004791259765625","0.0","False","0.0","True","0.0"
"9","8192","512","0.18575963718820862","0.0",,"0.0","0.0038169969338923693","0.000014569464838132262","0.008087158203125","0.0","False","1.0","False","1.0"
"9","8704","512","0.19736961451247165","0.0",,"0.0","0.004861016757786274","0.000023629483621334657","0.0086822509765625","0.0","False","0.2985861301422119","False","1.0"
"9","9216","512","0.2089795918367347","0.0",,"0.0","0.00661827065050602","0.0000438015085819643","0.0102691650390625","0.0","False","0.3042158782482147","False","1.0"
"9","9728","512","0.22058956916099773","0.0",,"0.0","0.005917397327721119","0.00003501558967400342","0.01153564453125","0.0","False","0.30023375153541565","False","1.0"
"9","10240","512","0.23219954648526078","0.0",,"0.0","0.007219396065920591","0.00005211968164076097","0.01214599609375","0.0","False","0.24398578703403473","False","1.0"
"9","10752","512","0.2438095238095238","0.0",,"0.0","0.005348910577595234","0.0000286108443106059","0.01031494140625","0.0","False","0.2096734344959259","False","1.0"
"9","11264","512","0.25541950113378686","0.0",,"0.0","0.005173730198293924","0.000026767485906020738","0.0096893310546875","0.0","False","0.18861877918243408","False","1.0"
"9","11776","512","0.26702947845804986","0.0",,"0.0","0.011399977840483189","0.00012995950237382203","0.0191650390625","0.0","False","0.3394022285938263","False","1.0"
"9","12288","512","0.2786394557823129","0.0",,"0.0","0.011932824738323689","0.0001423923094989732","0.0211181640625","0.0","False","0.22467775642871857","False","1.0"
"9","12800","512","0.29024943310657597","0.0",,"0.0","0.014175327494740486","0.00020093990315217525","0.0269012451171875","0.0","False","0.23442469537258148","False","1.0"
"9","13312","512","0.301859410430839","0.0",,"0.0","0.015283331274986267","0.0002335802128072828","0.0260162353515625","0.0","False","0.22479727864265442","False","1.0"
"9","13824","512","0.313469387755102","0.0",,"0.0","0.015146818943321705","0.00022942613577470183","0.0261077880859375","0.0","False","0.1632729172706604","False","1.0"
"9","14336","512","0.3250793650793651","0.0",,"0.0","0.016195520758628845","0.00026229486684314907","0.03143310546875","0.0","False","0.2221316397190094","False","1.0"
"9","14848","512","0.33668934240362813","0.0",,"0.0","0.016419485211372375","0.00026959952083416283","0.03076171875","0.0","False","0.16302533447742462","False","1.0"
"9","15360","512","0.34829931972789113","0.0",,"0.0","0.022098371759057045","0.0004883380024693906","0.0392913818359375","0.0","False","0.2532757520675659","False","1.0"
"9","15872","512","0.3599092970521542","0.0",,"0.0","0.01952412910759449","0.00038119161035865545","0.0341033935546875","0.0","False","0.15608450770378113","False","1.0"
"9","16384","512","0.37151927437641724","0.0",,"0.0","0.0191661287099123","0.00036734045716002584","0.031219482421875","0.0","False","0.1866898387670517","False","1.0"
"9","16896","512","0.3831292517006803","0.0",,"0.0","0.02196001634001732","0.0004822422924917191","0.03558349609375","0.0","False","0.15836377441883087","False","1.0"
"9","17408","512","0.3947392290249433","0.0",,"0.0","0.018782446160912514","0.00035278027644380927","0.0369873046875","0.0","False","0.18062910437583923","False","1.0"
"9","17920","512","0.40634920634920635","0.0",,"0.0","0.022371359169483185","0.0005004777340218425","0.0349884033203125","0.0","False","0.18602854013442993","False","1.0"
"9","18432","512","0.4179591836734694","0.0",,"0.0","0.023147743195295334","0.0005358180496841669","0.0390777587890625","0.0","False","0.19021542370319366","False","1.0"
"9","18944","512","0.4295691609977324","0.0",,"0.0","0.02030516229569912","0.0004122996178921312","0.0334014892578125","0.0","False","0.18826280534267426","False","1.0"
"9","19456","512","0.44117913832199546","149.57894897460938","50.32084353319544","0.8503849506378174","0.022003816440701485","0.00048416791833005846","0.033203125","0.0","False","0.10988876223564148","False","1.0"
"9","19968","512","0.4527891156462585","0.0",,"0.0","0.014159007929265499","0.00020047750149387866","0.02783203125","0.0","False","0.1813541203737259","False","1.0"
"9","20480","512","0.46439909297052157","0.0",,"0.0","0.015649154782295227","0.000244896044023335","0.0283966064453125","0.0","False","0.16802795231342316","False","1.0"
"9","20992","512","0.47600907029478456","0.0",,"0.0","0.01475285179913044","0.0002176466368837282","0.025543212890625","0.0","False","0.18127264082431793","False","1.0"
"9","21504","512","0.4876190476190476","0.0",,"0.0","0.010538812726736069","0.00011106658348580822","0.0245361328125","0.0","False","0.15188246965408325","False","1.0"
"9","22016","512","0.4992290249433107","0.0",,"0.0","0.018575264140963554","0.0003450404619798064","0.0300445556640625","0.0","False","0.1915634572505951","False","1.0"
"9","22528","512","0.5108390022675737","0.0",,"0.0","0.009442518465220928","0.00008916114893509075","0.020965576171875","0.0","False","0.13928252458572388","False","1.0"
"9","23040","512","0.5224489795918368","0.0",,"0.0","0.009552517905831337","0.00009125060023507103","0.0164947509765625","0.0","False","0.17286230623722076","False","1.0"
"9","23552","512","0.5340589569160997","0.0",,"0.0","0.009017686359584332","0.00008131867070915177","0.017547607421875","0.0","False","0.1324438899755478","False","1.0"
"9","24064","512","0.5456689342403628","0.0",,"0.0","0.008818507194519043","0.0000777660752646625","0.016021728515625","0.0","False","0.16353441774845123","False","1.0"
"9","24576","512","0.5572789115646258","0.0",,"0.0","0.010288607329130173","0.00010585544805508107","0.02056884765625","0.0","False","0.1187472939491272","False","1.0"
"9","25088","512","0.5688888888888889","0.0",,"0.0","0.007383384276181459","0.00005451436300063506","0.0142822265625","0.0","False","0.16607356071472168","False","1.0"
"9","25600","512","0.5804988662131519","0.0",,"0.0","0.01404650043696165","0.0001973041653400287","0.0260162353515625","0.0","False","0.1649409681558609","False","1.0"
"9","26112","512","0.592108843537415","0.0",,"0.0","0.0070488047786056995","0.000049685651902109385","0.01287841796875","0.0","False","0.17784996330738068","False","1.0"
"9","26624","512","0.603718820861678","0.0",,"0.0","0.008074160665273666","0.0000651920709060505","0.0164337158203125","0.0","False","0.1608985960483551","False","1.0"
"9","27136","512","0.615328798185941","0.0",,"0.0","0.009004775434732437","0.00008108598558465019","0.01910400390625","0.0","False","0.21742843091487885","False","1.0"
"9","27648","512","0.626938775510204","0.0",,"0.0","0.004853828810155392","0.00002355965261813253","0.012939453125","0.0","False","0.12414392083883286","False","1.0"
"9","28160","512","0.6385487528344671","0.0",,"0.0","0.006793851498514414","0.00004615641955751926","0.015533447265625","0.0","False","0.1655029058456421","False","1.0"
"9","28672","512","0.6501587301587302","0.0",,"0.0","0.009442068636417389","0.00008915266516851261","0.0167083740234375","0.0","False","0.18157793581485748","False","1.0"
"9","29184","512","0.6617687074829932","0.0",,"0.0","0.010461983270943165","0.00010945309622911736","0.0182037353515625","0.0","False","0.1745443344116211","False","1.0"
"9","29696","512","0.6733786848072563","0.0",,"0.0","0.01393895223736763","0.00019429437816143036","0.023345947265625","0.0","False","0.22229517996311188","False","1.0"
"9","30208","512","0.6849886621315193","0.0",,"0.0","0.011197736486792564","0.00012538929877337068","0.0226593017578125","0.0","False","0.18690021336078644","False","1.0"
"9","30720","512","0.6965986394557823","0.0",,"0.0","0.0188005268573761","0.00035345982178114355","0.029205322265625","0.0","False","0.2667437791824341","False","1.0"
"9","31232","512","0.7082086167800453","0.0",,"0.0","0.015374031849205494","0.00023636085097678006","0.03021240234375","0.0","False","0.16953247785568237","False","1.0"
"9","31744","512","0.7198185941043084","0.0",,"0.0","0.01909913495182991","0.0003647769335657358","0.029022216796875","0.0","False","0.1961100697517395","False","1.0"
"9","32256","512","0.7314285714285714","0.0",,"0.0","0.014585716649889946","0.00021274313621688634","0.0277252197265625","0.0","False","0.16572144627571106","False","1.0"
"9","32768","512","0.7430385487528345","148.94078063964844","50.2468236059369","0.8546390533447266","0.019022423774003983","0.00036185263888910413","0.0308685302734375","0.0","False","0.22212478518486023","False","1.0"
"9","33280","512","0.7546485260770975","148.22415161132812","50.163324185596146","0.8690378665924072","0.022596661001443863","0.000510609068442136","0.0340423583984375","0.0","False","0.17609381675720215","False","1.0"
"9","33792","512","0.7662585034013606","149.1846923828125","50.27515183999687","0.8628977537155151","0.019762348383665085","0.00039055044180713594","0.0340118408203125","0.0","False","0.1855611652135849","False","1.0"
"9","34304","512","0.7778684807256235","147.48216247558594","50.07644341974407","0.8664889931678772","0.017255043610930443","0.0002977365511469543","0.0277099609375","0.0","False","0.1421975940465927","False","1.0"
"9","34816","512","0.7894784580498866","0.0",,"0.0","0.01391388289630413","0.00019359613361302763","0.0226898193359375","0.0","False","0.21228715777397156","False","1.0"
"9","35328","512","0.8010884353741496","0.0",,"0.0","0.011791211552917957","0.00013903267972636968","0.0242156982421875","0.0","False","0.11535647511482239","False","1.0"
"9","35840","512","0.8126984126984127","0.0",,"0.0","0.01581690087914467","0.00025017434381879866","0.0254058837890625","0.0","False","0.14104832708835602","False","1.0"
"9","36352","512","0.8243083900226758","0.0",,"0.0","0.013273310847580433","0.00017618077981751412","0.023101806640625","0.0","False","0.1715579330921173","False","1.0"
"9","36864","512","0.8359183673469388","0.0",,"0.0","0.016583045944571495","0.00027499740826897323","0.03387451171875","0.0","False","0.19400954246520996","False","1.0"
"9","37376","512","0.8475283446712019","0.0",,"0.0","0.0155904246494174","0.00024306135310325772","0.0258331298828125","0.0","False","0.14977221190929413","False","1.0"
"9","37888","512","0.8591383219954648","0.0",,"0.0","0.0076030949130654335","0.00005780705396318808","0.016387939453125","0.0","False","0.14773204922676086","False","1.0"
"9","38400","512","0.8707482993197279","0.0",,"0.0","0.013814450241625309","0.00019083904044236988","0.0239715576171875","0.0","False","0.11235321313142776","False","1.0"
"9","38912","512","0.8823582766439909","0.0",,"0.0","0.00723679456859827","0.00005237119330558926","0.0142974853515625","0.0","False","0.16939522325992584","False","1.0"
"9","39424","512","0.893968253968254","0.0",,"0.0","0.011274870485067368","0.00012712270836345851","0.0198974609375","0.0","False","0.15048028528690338","False","1.0"
"9","39936","512","0.905578231292517","0.0",,"0.0","0.011497445404529572","0.00013219125685282052","0.0252532958984375","0.0","False","0.16766980290412903","False","1.0"
"9","40448","512","0.9171882086167801","0.0",,"0.0","0.009024154394865036","0.00008143535524141043","0.020355224609375","0.0","False","0.13007095456123352","False","1.0"
"9","40960","512","0.9287981859410431","0.0",,"0.0","0.015871254727244377","0.00025189670850522816","0.02557373046875","0.0","False","0.17611545324325562","False","1.0"
"9","41472","512","0.9404081632653061","0.0",,"0.0","0.007865261286497116","0.00006186233804328367","0.016448974609375","0.0","False","0.16719742119312286","False","1.0"
"9","41984","512","0.9520181405895691","0.0",,"0.0","0.01232314482331276","0.0001518599019618705","0.023223876953125","0.0","False","0.14421899616718292","False","1.0"
"9","42496","512","0.9636281179138322","0.0",,"0.0","0.010319853201508522","0.0001064993703039363","0.0225677490234375","0.0","False","0.19593657553195953","False","1.0"
"9","43008","512","0.9752380952380952","0.0",,"0.0","0.012370930053293705","0.00015303990221582353","0.0247955322265625","0.0","False","0.18388894200325012","False","1.0"
"9","43520","512","0.9868480725623583","0.0",,"0.0","0.014838222414255142","0.0002201728493673727","0.0274658203125","0.0","False","0.18261805176734924","False","1.0"
"9","44032","512","0.9984580498866213","0.0",,"0.0","0.013460882008075714","0.0001811953552532941","0.0269012451171875","0.0","False","0.19433797895908356","False","1.0"
"9","44544","512","1.0100680272108844","0.0",,"0.0","0.015104477293789387","0.00022814524709247053","0.026641845703125","0.0","False","0.1617303341627121","False","1.0"
"9","45056","512","1.0216780045351475","0.0",,"0.0","0.013255615718662739","0.00017571134958416224","0.0255279541015625","0.0","False","0.20487894117832184","False","1.0"
"9","45568","512","1.0332879818594105","0.0",,"0.0","0.017375895753502846","0.000301921769278124","0.0299530029296875","0.0","False","0.19793622195720673","False","1.0"
"9","46080","512","1.0448979591836736","0.0",,"0.0","0.0215989351272583","0.00046651402954012156","0.034210205078125","0.0","False","0.2104525864124298","False","1.0"
"9","46592","512","1.0565079365079366","0.0",,"0.0","0.021999437361955643","0.00048397528007626534","0.0386505126953125","0.0","False","0.21040090918540955","False","1.0"
"9","47104","512","1.0681179138321995","0.0",,"0.0","0.018742797896265984","0.00035129248863086104","0.033447265625","0.0","False","0.12458222359418869","False","1.0"
"9","47616","512","1.0797278911564625","0.0",,"0.0","0.018607454374432564","0.0003462373570073396","0.0344696044921875","0.0","False","0.2022171914577484","False","1.0"
"9","48128","512","1.0913378684807256","0.0",,"0.0","0.015898413956165314","0.0002527595788706094","0.0269927978515625","0.0","False","0.15033218264579773","False","1.0"
"9","48640","512","1.1029478458049886","0.0",,"0.0","0.02328679896891117","0.0005422750255092978","0.039825439453125","0.0","False","0.21524232625961304","False","1.0"
"9","49152","512","1.1145578231292517","0.0",,"0.0","0.019245583564043045","0.0003703925176523626","0.0298309326171875","0.0","False","0.1376810073852539","False","1.0"
"9","49664","512","1.1261678004535147","0.0",,"0.0","0.019920017570257187","0.0003968070959672332","0.0361328125","0.0","False","0.17976875603199005","False","1.0"
"9","50176","512","1.1377777777777778","0.0",,"0.0","0.022579411044716835","0.0005098298424854875","0.0377655029296875","0.0","False","0.20451368391513824","False","1.0"
"9","50688","512","1.1493877551020408","0.0",,"0.0","0.016097083687782288","0.0002591160882730037","0.0284423828125","0.0","False","0.17606063187122345","False","1.0"
"9","51200","512","1.1609977324263039","0.0",,"0.0","0.017329536378383636","0.0003003128513228148","0.0299224853515625","0.0","False","0.1333356648683548","False","1.0"
"9","51712","512","1.172607709750567","0.0",,"0.0","0.010140172205865383","0.00010282308358000591","0.0275421142578125","0.0","False","0.1715075522661209","False","1.0"
"9","52224","512","1.18421768707483","0.0",,"0.0","0.019340164959430695","0.00037404196336865425","0.036651611328125","0.0","False","0.16679053008556366","False","1.0"
"9","52736","512","1.195827664399093","0.0",,"0.0","0.01353587955236435","0.00018322003597859293","0.0257568359375","0.0","False","0.2255745828151703","False","1.0"
"9","53248","512","1.207437641723356","0.0",,"0.0","0.013872207142412663","0.00019243813585489988","0.0316619873046875","0.0","False","0.13904894888401031","False","1.0"
"9","53760","512","1.2190476190476192","0.0",,"0.0","0.015468918718397617","0.00023928745940793306","0.030181884765625","0.0","False","0.2052014172077179","False","1.0"
"9","54272","512","1.230657596371882","0.0",,"0.0","0.007395152468234301","0.000054688280215486884","0.0157318115234375","0.0","False","0.1462051421403885","False","1.0"
"9","54784","512","1.242267573696145","0.0",,"0.0","0.01053662970662117","0.0001110205557779409","0.0170135498046875","0.0","False","0.1372205764055252","False","1.0"
"9","55296","512","1.253877551020408","0.0",,"0.0","0.009767589159309864","0.0000954058050410822","0.0234222412109375","0.0","False","0.19290222227573395","False","1.0"
"9","55808","512","1.2654875283446712","0.0",,"0.0","0.012592551298439503","0.0001585723366588354","0.0243072509765625","0.0","False","0.230970561504364","False","1.0"
"9","56320","512","1.2770975056689342","0.0",,"0.0","0.1570642739534378","0.024669185280799866","0.4626312255859375","0.0","True","0.8489018082618713","False","1.0"
"9","56832","512","1.2887074829931973","0.0",,"0.0","0.2797362208366394","0.07825235277414322","0.6065673828125","0.0","False","0.5197392106056213","False","1.0"
"9","57344","512","1.3003174603174603","0.0",,"0.0","0.24163170158863068","0.058385882526636124","0.4980621337890625","0.0","False","0.30631235241889954","False","1.0"
"9","57856","512","1.3119274376417234","0.0",,"0.0","0.19763270020484924","0.03905868157744408","0.36865234375","0.0","False","0.1829996258020401","False","1.0"
"9","58368","512","1.3235374149659864","0.0",,"0.0","0.1589534878730774","0.025266213342547417","0.395416259765625","0.0","False","0.14587974548339844","False","1.0"
"9","58880","512","1.3351473922902495","0.0",,"0.0","0.18015268445014954","0.03245498985052109","0.4202423095703125","0.0","False","0.1504194289445877","False","1.0"
"9","59392","512","1.3467573696145125","0.0",,"0.0","0.15057019889354706","0.02267138659954071","0.39093017578125","0.0","False","0.11876679956912994","False","1.0"
"9","59904","512","1.3583673469387756","0.0",,"0.0","0.14274293184280396","0.02037554420530796","0.3409881591796875","0.0","False","0.1073157861828804","False","1.0"
"9","60416","512","1.3699773242630386","0.0",,"0.0","0.1709861308336258","0.02923625521361828","0.3840484619140625","0.0","False","0.1604621410369873","False","1.0"
"9","60928","512","1.3815873015873017","294.3175964355469","62.038443310266985","0.8711311221122742","0.143289715051651","0.020531941205263138","0.2912445068359375","0.0","False","0.092677041888237","False","1.0"
"9","61440","512","1.3931972789115645","294.3876953125","62.04256617326337","0.8858931660652161","0.14750446379184723","0.021757567301392555","0.3310699462890625","0.0","False","0.11055134236812592","False","1.0"
"9","61952","512","1.4048072562358276","294.3577575683594","62.04080550600727","0.8814030289649963","0.13399037718772888","0.01795342192053795","0.3227081298828125","0.0","False","0.11938135325908661","False","1.0"
"9","62464","512","1.4164172335600906","294.39263916015625","62.04285690842876","0.8892433643341064","0.1398167461156845","0.019548723474144936","0.30029296875","0.0","False","0.11326278746128082","False","1.0"
"9","62976","512","1.4280272108843537","294.59881591796875","62.05497729607625","0.9113561511039734","0.13881754875183105","0.019270310178399086","0.293670654296875","0.0","False","0.10827846825122833","False","1.0"
"9","63488","512","1.4396371882086167","294.4456481933594","62.045973928684006","0.9282671213150024","0.13454733788967133","0.018102986738085747","0.3130950927734375","0.0","False","0.10384804010391235","False","1.0"
"9","64000","512","1.4512471655328798","294.3797302246094","62.042097756338016","0.9471085071563721","0.14225219190120697","0.020235685631632805","0.324554443359375","0.0","False","0.11926698684692383","False","1.0"
"9","64512","512","1.4628571428571429","294.3351745605469","62.039477259312235","0.9475690126419067","0.12763261795043945","0.01629008539021015","0.3320159912109375","0.0","False","0.0809236615896225","False","1.0"
"9","65024","512","1.474467120181406","294.18438720703125","62.03060590742367","0.9454525709152222","0.13112658262252808","0.017194179818034172","0.328399658203125","0.0","False","0.11531009525060654","False","1.0"
"9","65536","512","1.486077097505669","294.14508056640625","62.028292611951215","0.9562245011329651","0.10456055402755737","0.010932909324765205","0.2661590576171875","0.0","False","0.07107573747634888","False","1.0"
"9","66048","512","1.497687074829932","294.0585632324219","62.023199758240175","0.9611409306526184","0.08788605779409409","0.007723958697170019","0.22039794921875","0.0","False","0.09150677174329758","False","1.0"
"9","66560","512","1.509297052154195","294.1297607421875","62.027390917727466","0.9630458354949951","0.08347964286804199","0.006968851201236248","0.191986083984375","0.0","False","0.12461483478546143","False","1.0"
"9","67072","512","1.5209070294784581","294.0826721191406","62.02461908146008","0.9556080102920532","0.06325226277112961","0.004000849090516567","0.15960693359375","0.0","False","0.09108907729387283","False","1.0"
"9","67584","512","1.5325170068027212","294.114013671875","62.026464027703625","0.9368695616722107","0.06421966850757599","0.004124165512621403","0.144744873046875","0.0","False","0.11284272372722626","False","1.0"
"9","68096","512","1.5441269841269842","294.1028747558594","62.02580834878459","0.9302404522895813","0.046486224979162216","0.002160969190299511","0.117431640625","0.0","False","0.09925848990678787","False","1.0"
"9","68608","512","1.555736961451247","293.93804931640625","62.0161031936253","0.9237667322158813","0.040454305708408356","0.0016365507617592812","0.1051025390625","0.0","False","0.07458485662937164","False","1.0"
"9","69120","512","1.5673469387755101","293.81610107421875","62.00891920515025","0.9206197261810303","0.03541089594364166","0.0012539314338937402","0.08953857421875","0.0","False","0.12075132131576538","False","1.0"
"9","69632","512","1.5789569160997732","293.9284973144531","62.01554059141178","0.8920496106147766","0.028575334697961807","0.0008165497565641999","0.0772705078125","0.0","False","0.08587238192558289","False","1.0"
"9","70144","512","1.5905668934240362","293.9743957519531","62.01824379083119","0.8565084934234619","0.02647719345986843","0.0007010417757555842","0.054412841796875","0.0","False","0.08836022764444351","False","1.0"
"9","70656","512","1.6021768707482993","146.89524841308594","50.007410476480224","0.9466671943664551","0.01941893994808197","0.00037709521711803973","0.0530853271484375","0.0","False","0.07054080814123154","False","1.0"
"9","71168","512","1.6137868480725623","146.8820343017578","50.00585305725002","0.9337975978851318","0.0180853009223938","0.00032707813079468906","0.040679931640625","0.0","False","0.0741276741027832","False","1.0"
"9","71680","512","1.6253968253968254","146.93214416503906","50.01175827957798","0.9313877820968628","0.019232362508773804","0.0003698837535921484","0.05279541015625","0.0","False","0.12606215476989746","False","1.0"
"9","72192","512","1.6370068027210884","146.77723693847656","49.99349664360773","0.9131194949150085","0.01472859364002943","0.0002169314684579149","0.0344696044921875","0.0","False","0.08112853765487671","False","1.0"
"9","72704","512","1.6486167800453515","146.7626495361328","49.99177597743531","0.90028315782547","0.013120230287313461","0.00017214044055435807","0.0316619873046875","0.0","False","0.07826368510723114","False","1.0"
"9","73216","512","1.6602267573696146","146.81234741210938","49.99763742045826","0.8722093105316162","0.009929008781909943","0.00009858521661954","0.022674560546875","0.0","False","0.11982566118240356","False","1.0"
"9","73728","512","1.6718367346938776","146.74293518066406","49.9894502865271","0.8614546656608582","0.008435296826064587","0.00007115423795767128","0.023223876953125","0.0","False","0.07623657584190369","False","1.0"
"9","74240","512","1.6834467120181407","146.6815643310547","49.9822084027587","0.8621861934661865","0.013319750316441059","0.00017741575720719993","0.0281524658203125","0.0","False","0.09136158227920532","False","1.0"
"9","74752","512","1.6950566893424037","146.52691650390625","49.963946201881186","0.8521242141723633","0.012796260416507721","0.0001637442910578102","0.0276641845703125","0.0","False","0.10497941821813583","False","1.0"
"9","75264","512","1.7066666666666668","0.0",,"0.0","0.014845245517790318","0.00022038132010493428","0.0259552001953125","0.0","False","0.14193208515644073","False","1.0"
"9","75776","512","1.7182766439909296","0.0",,"0.0","0.010098950937390327","0.00010198880772804841","0.023834228515625","0.0","False","0.12637297809123993","False","1.0"
"9","76288","512","1.7298866213151927","0.0",,"0.0","0.009002849459648132","0.00008105129381874576","0.0173797607421875","0.0","False","0.10856407880783081","False","1.0"
"9","76800","512","1.7414965986394557","0.0",,"0.0","0.011473209597170353","0.00013163452968001366","0.0214691162109375","0.0","False","0.14314217865467072","False","1.0"
"9","77312","512","1.7531065759637188","0.0",,"0.0","0.012951449491083622","0.00016774004325270653","0.023223876953125","0.0","False","0.1532934457063675","False","1.0"
"9","77824","512","1.7647165532879818","0.0",,"0.0","0.014882293529808521","0.000221482667257078","0.0262298583984375","0.0","False","0.14625780284404755","False","1.0"
"9","78336","512","1.7763265306122449","0.0",,"0.0","0.013263806700706482","0.00017592856602277607","0.0236358642578125","0.0","False","0.1378929764032364","False","1.0"
"9","78848","512","1.787936507936508","0.0",,"0.0","0.011045833118259907","0.00012201043864479288","0.0204010009765625","0.0","False","0.1485573798418045","False","1.0"
"9","79360","512","1.799546485260771","0.0",,"0.0","0.012530784122645855","0.00015702054952271283","0.0223846435546875","0.0","False","0.2038828581571579","False","1.0"
"9","79872","512","1.811156462585034","0.0",,"0.0","0.010997923091053963","0.0001209543042932637","0.0261077880859375","0.0","False","0.1411566138267517","False","1.0"
"9","80384","512","1.822766439909297","0.0",,"0.0","0.013007611967623234","0.00016919797053560615","0.026397705078125","0.0","False","0.14775246381759644","False","1.0"
"9","80896","512","1.8343764172335602","0.0",,"0.0","0.009413261897861958","0.00008860950038069859","0.0174560546875","0.0","False","0.1337553858757019","False","1.0"
"9","81408","512","1.8459863945578232","0.0",,"0.0","0.011521803215146065","0.00013275195669848472","0.023345947265625","0.0","False","0.1636374443769455","False","1.0"
"9","81920","512","1.8575963718820863","0.0",,"0.0","0.01513473317027092","0.00022906014055479318","0.0277252197265625","0.0","False","0.22829851508140564","False","1.0"
"9","82432","512","1.8692063492063493","0.0",,"0.0","0.010457326658070087","0.00010935567115666345","0.027679443359375","0.0","False","0.14867259562015533","False","1.0"
"9","82944","512","1.8808163265306121","0.0",,"0.0","0.00796161126345396","0.00006338725506793708","0.0171356201171875","0.0","False","0.14251534640789032","False","1.0"
"9","83456","512","1.8924263038548752","0.0",,"0.0","0.00395487854257226","0.000015641066056559794","0.0084228515625","0.0","False","0.14364120364189148","False","1.0"
"9","83968","512","1.9040362811791383","0.0",,"0.0","0.00992305763065815","0.0000984670696198009","0.0207061767578125","0.0","False","0.1617940217256546","False","1.0"
"9","84480","512","1.9156462585034013","0.0",,"0.0","0.009590592235326767","0.00009197945473715663","0.019439697265625","0.0","False","0.16187311708927155","False","1.0"
"9","84992","512","1.9272562358276644","0.0",,"0.0","0.008074738085269928","0.00006520139140775427","0.015655517578125","0.0","False","0.13996867835521698","False","1.0"
"9","85504","512","1.9388662131519274","0.0",,"0.0","0.006371108815073967","0.000040591025026515126","0.0144805908203125","0.0","False","0.16020874679088593","False","1.0"
"9","86016","512","1.9504761904761905","0.0",,"0.0","0.005863981321454048","0.00003438627754803747","0.0159912109375","0.0","False","0.21548111736774445","False","1.0"
"9","86528","512","1.9620861678004535","0.0",,"0.0","0.004506033845245838","0.000020304341887822375","0.0081787109375","0.0","False","0.10217750817537308","False","1.0"
"9","87040","512","1.9736961451247166","0.0",,"0.0","0.0054207961075007915","0.000029385028028627858","0.0099029541015625","0.0","False","0.1387120485305786","False","1.0"
"9","87552","512","1.9853061224489796","0.0",,"0.0","0.009731399826705456","0.00009470014629187062","0.018035888671875","0.0","False","0.21075043082237244","False","1.0"
"9","88064","512","1.9969160997732427","0.0",,"0.0","0.009826402179896832","0.00009655817848397419","0.0163421630859375","0.0","False","0.12395838648080826","False","1.0"
"9","88576","512","2.0085260770975055","0.0",,"0.0","0.008466756902635098","0.00007168596494011581","0.0172882080078125","0.0","False","0.17033877968788147","False","1.0"
"9","89088","512","2.020136054421769","0.0",,"0.0","0.004675055388361216","0.000021856141756870784","0.0097198486328125","0.0","False","0.14374445378780365","False","1.0"
"9","89600","512","2.0317460317460316","0.0",,"0.0","0.005247270222753286","0.00002753384251263924","0.011993408203125","0.0","False","0.19402100145816803","False","1.0"
"9","90112","512","2.043356009070295","0.0",,"0.0","0.007564423605799675","0.00005722050627809949","0.0132598876953125","0.0","False","0.12780454754829407","False","1.0"
"9","90624","512","2.0549659863945577","0.0",,"0.0","0.008293566294014454","0.00006878324347781017","0.0167388916015625","0.0","False","0.1926443725824356","False","1.0"
"9","91136","512","2.066575963718821","0.0",,"0.0","0.011952588334679604","0.00014286435907706618","0.020782470703125","0.0","False","0.23777195811271667","False","1.0"
"9","91648","512","2.078185941043084","0.0",,"0.0","0.011870348826050758","0.00014090517652221024","0.0220794677734375","0.0","False","0.14744941890239716","False","1.0"
"9","92160","512","2.089795918367347","0.0",,"0.0","0.008485506288707256","0.00007200382242444903","0.017578125","0.0","False","0.20542576909065247","False","1.0"
"9","92672","512","2.10140589569161","0.0",,"0.0","0.01193931419402361","0.00014254721463657916","0.0241241455078125","0.0","False","0.18654097616672516","False","1.0"
"9","93184","512","2.1130158730158732","0.0",,"0.0","0.012179359793663025","0.00014833681052550673","0.0234375","0.0","False","0.20882830023765564","False","1.0"
"9","93696","512","2.124625850340136","0.0",,"0.0","0.013655322603881359","0.00018646783428266644","0.024200439453125","0.0","False","0.1891470104455948","False","1.0"
"9","94208","512","2.136235827664399","0.0",,"0.0","0.013131789863109589","0.00017244390619453043","0.022552490234375","0.0","False","0.14129501581192017","False","1.0"
"9","94720","512","2.147845804988662","0.0",,"0.0","0.0093073770403862","0.00008662726759212092","0.01580810546875","0.0","False","0.140793114900589","False","1.0"
"9","95232","512","2.159455782312925","0.0",,"0.0","0.008747011423110962","0.00007651021587662399","0.01898193359375","0.0","False","0.1868360936641693","False","1.0"
"9","95744","512","2.1710657596371883","0.0",,"0.0","0.010091174393892288","0.00010183180711464956","0.0170135498046875","0.0","False","0.1264059990644455","False","1.0"
"9","96256","512","2.182675736961451","0.0",,"0.0","0.009949236176908016","0.00009898730058921501","0.0170135498046875","0.0","False","0.17499655485153198","False","1.0"
"9","96768","512","2.1942857142857144","0.0",,"0.0","0.01277371495962143","0.00016316778783220798","0.0211181640625","0.0","False","0.13543573021888733","False","1.0"
"9","97280","512","2.2058956916099772","0.0",,"0.0","0.007232542149722576","0.000052309667808003724","0.0137939453125","0.0","False","0.15801282227039337","False","1.0"
"9","97792","512","2.2175056689342405","0.0",,"0.0","0.008719492703676224","0.00007602955884067342","0.0146636962890625","0.0","False","0.15763679146766663","False","1.0"
"9","98304","512","2.2291156462585033","0.0",,"0.0","0.007682389114052057","0.00005901910117245279","0.016937255859375","0.0","False","0.1466081738471985","False","1.0"
"9","98816","512","2.2407256235827666","0.0",,"0.0","0.006059161387383938","0.000036713434383273125","0.0108795166015625","0.0","False","0.14593182504177094","False","1.0"
"9","99328","512","2.2523356009070294","0.0",,"0.0","0.008137672208249569","0.00006622171349590644","0.0164947509765625","0.0","False","0.1454496830701828","False","1.0"
"9","99840","512","2.2639455782312927","0.0",,"0.0","0.005564346443861723","0.000030961953598307446","0.0105133056640625","0.0","False","0.17393404245376587","False","1.0"
"9","100352","512","2.2755555555555556","0.0",,"0.0","0.006775161251425743","0.00004590280877891928","0.0146484375","0.0","False","0.13620822131633759","False","1.0"
"9","100864","512","2.2871655328798184","0.0",,"0.0","0.0053815701976418495","0.000028961298085050657","0.0120697021484375","0.0","False","0.16387556493282318","False","1.0"
"9","101376","512","2.2987755102040817","0.0",,"0.0","0.006700171157717705","0.00004489229468163103","0.0135955810546875","0.0","False","0.12404406070709229","False","1.0"
"9","101888","512","2.3103854875283445","0.0",,"0.0","0.007095647510141134","0.00005034821151639335","0.0135040283203125","0.0","False","0.13663388788700104","False","1.0"
"9","102400","512","2.3219954648526078","0.0",,"0.0","0.005645180121064186","0.000031868057703832164","0.0115203857421875","0.0","False","0.16057804226875305","False","1.0"
"9","102912","512","2.3336054421768706","0.0",,"0.0","0.007453326601535082","0.00005555207826546393","0.014617919921875","0.0","False","0.15253892540931702","False","1.0"
"9","103424","512","2.345215419501134","0.0",,"0.0","0.006126720458269119","0.00003753670534933917","0.011627197265625","0.0","False","0.21207091212272644","False","1.0"
"9","103936","512","2.3568253968253967","0.0",,"0.0","0.005982598755508661","0.00003579148688004352","0.013214111328125","0.0","False","0.12731920182704926","False","1.0"
"9","104448","512","2.36843537414966","0.0",,"0.0","0.007322994060814381","0.00005362624142435379","0.0145416259765625","0.0","False","0.18165285885334015","False","1.0"
"9","104960","512","2.380045351473923","0.0",,"0.0","0.007903088815510273","0.0000624588064965792","0.016571044921875","0.0","False","0.17564204335212708","False","1.0"
"9","105472","512","2.391655328798186","0.0",,"0.0","0.008525230921804905","0.00007267956243595108","0.015472412109375","0.0","False","0.15659599006175995","False","1.0"
"9","105984","512","2.403265306122449","0.0",,"0.0","0.008139197714626789","0.00006624653906328604","0.0158843994140625","0.0","False","0.22595179080963135","False","1.0"
"9","106496","512","2.414875283446712","0.0",,"0.0","0.009130153805017471","0.00008335970778716728","0.0175628662109375","0.0","False","0.17875264585018158","False","1.0"
"9","107008","512","2.426485260770975","0.0",,"0.0","0.012142941355705261","0.00014745102089364082","0.0244140625","0.0","False","0.21512049436569214","False","1.0"
"9","107520","512","2.4380952380952383","0.0",,"0.0","0.012059087865054607","0.00014542159624397755","0.02508544921875","0.0","False","0.171663299202919","False","1.0"
"9","108032","512","2.449705215419501","0.0",,"0.0","0.00008819296635920182","7.77799868956208E-09","0.0004425048828125","0.0","False","0.0","True","0.0"
"10","0","512","0.0","0.0",,"0.0","0.0","0.0","0.0","0.0","False","0.0","True","0.0"
"10","512","512","0.011609977324263039","0.0",,"0.0","0.0","0.0","0.0","0.0","False","0.0","True","0.0"
"10","1024","512","0.023219954648526078","0.0",,"0.0","0.0","0.0","0.0","0.0","False","0.0","True","0.0"
"10","1536","512","0.034829931972789115","0.0",,"0.0","0.0","0.0","0.0","0.0","False","0.0","True","0.0"
"10","2048","512","0.046439909297052155","0.0",,"0.0","0.0","0.0","0.0","0.0","False","0.0","True","0.0"
"10","2560","512","0.058049886621315196","0.0",,"0.0","0.0","0.0","0.0","0.0","False","0.0","True","0.0"
"10","3072","512","0.06965986394557823","0.0",,"0.0","0.0","0.0","0.0","0.0","False","0.0","True","0.0"
"10","3584","512","0.08126984126984127","0.0",,"0.0","0.0","0.0","0.0","0.0","False","0.0","True","0.0"
"10","4096","512","0.09287981859410431","0.0",,"0.0","0.000006106495220592478","3.72892827726901E-11","0.000030517578125","0.0","False","0.0","True","0.0"
"10","4608","512","0.10448979591836735","0.0",,"0.0","0.000011834787073894404","1.40062184073031E-10","0.000030517578125","0.0","False","0.0","True","0.0"
"10","5120","512","0.11609977324263039","0.0",,"0.0","0.000014510273103951477","2.10548023460433E-10","0.000030517578125","0.0","False","0.0","True","0.0"
"10","5632","512","0.12770975056689343","0.0",,"0.0","0.000016627880540909246","2.7648638933897E-10","0.0000457763671875","0.0","False","0.0","True","0.0"
"10","6144","512","0.13931972789115646","0.0",,"0.0","0.00027541464078240097","7.58532223699149E-08","0.0016632080078125","0.0","False","0.0","True","0.0"
"10","6656","512","0.1509297052154195","0.0",,"0.0","0.000829878612421453","6.88698492012918E-07","0.0016326904296875","0.0","False","0.0","True","0.0"
"10","7168","512","0.16253968253968254","0.0",,"0.0","0.0025963131338357925","0.000006740841399732744","0.0040740966796875","0.0","False","0.0","True","0.0"
"10","7680","512","0.17414965986394557","151.4385528564453","50.53474807328884","0.8576370477676392","0.0035113149788230658","0.000012329332093941048","0.0067291259765625","0.0","False","1.0","False","1.0"
"10","8192","512","0.18575963718820862","144.82191467285156","49.76131687203376","0.8508551120758057","0.0051171849481761456","0.0000261855821008794","0.0082244873046875","0.0","False","0.3767883777618408","False","1.0"
"10","8704","512","0.19736961451247165","0.0",,"0.0","0.005900982767343521","0.000034821598092094064","0.010528564453125","0.0","False","0.32743582129478455","False","1.0"
"10","9216","512","0.2089795918367347","0.0",,"0.0","0.009482529945671558","0.00008991837239591405","0.016021728515625","0.0","True","0.3836852014064789","False","1.0"
"10","9728","512","0.22058956916099773","0.0",,"0.0","0.011898823082447052","0.0001415820006513968","0.02099609375","0.0","False","0.27313926815986633","False","1.0"
"10","10240","512","0.23219954648526078","0.0",,"0.0","0.010768798179924488","0.00011596702097449452","0.016693115234375","0.0","False","0.25155067443847656","False","1.0"
"10","10752","512","0.2438095238095238","0.0",,"0.0","0.013614778406918049","0.00018536219431553036","0.0240631103515625","0.0","False","0.20943114161491394","False","1.0"
"10","11264","512","0.25541950113378686","0.0",,"0.0","0.008985529653728008","0.00008073973731370643","0.0165557861328125","0.0","False","0.2427024096250534","False","1.0"
"10","11776","512","0.26702947845804986","0.0",,"0.0","0.008108780719339848","0.00006575231964234263","0.0174407958984375","0.0","False","0.1460912525653839","False","1.0"
"10","12288","512","0.2786394557823129","0.0",,"0.0","0.017289886251091957","0.00029894019826315343","0.032440185546875","0.0","False","0.30051612854003906","False","1.0"
"10","12800","512","0.29024943310657597","0.0",,"0.0","0.013226315379142761","0.00017493542691227049","0.02337646484375","0.0","False","0.16790741682052612","False","1.0"
"10","13312","512","0.301859410430839","0.0",,"0.0","0.01793034002184868","0.000321497063850984","0.0323944091796875","0.0","False","0.15987904369831085","False","1.0"
"10","13824","512","0.313469387755102","0.0",,"0.0","0.005411126650869846","0.000029280290618771687","0.00946044921875","0.0","False","0.12498871237039566","False","1.0"
"10","14336","512","0.3250793650793651","0.0",,"0.0","0.009850122965872288","0.00009702492388896644","0.0174102783203125","0.0","False","0.1702859103679657","False","1.0"
"10","14848","512","0.33668934240362813","0.0",,"0.0","0.010627800598740578","0.00011295015428913757","0.019744873046875","0.0","False","0.1295093148946762","False","1.0"
"10","15360","512","0.34829931972789113","0.0",,"0.0","0.010448122397065163","0.00010916326573351398","0.023162841796875","0.0","False","0.19733932614326477","False","1.0"
"10","15872","512","0.3599092970521542","0.0",,"0.0","0.019281577318906784","0.0003717791987583041","0.03070068359375","0.0","False","0.22415749728679657","False","1.0"
"10","16384","512","0.37151927437641724","0.0",,"0.0","0.012031082063913345","0.00014474694035016","0.0220489501953125","0.0","False","0.1809629201889038","False","1.0"
"10","16896","512","0.3831292517006803","0.0",,"0.0","0.010067393071949482","0.00010135239426745102","0.02252197265625","0.0","False","0.12610457837581635","False","1.0"
"10","17408","512","0.3947392290249433","0.0",,"0.0","0.0066782329231500626","0.00004459879346541129","0.0158538818359375","0.0","False","0.14519943296909332","False","1.0"
"10","17920","512","0.40634920634920635","0.0",,"0.0","0.008078892715275288","0.0000652685048407875","0.0185394287109375","0.0","False","0.155417799949646","False","1.0"
"10","18432","512","0.4179591836734694","0.0",,"0.0","0.015813255682587624","0.00025005906354635954","0.0277252197265625","0.0","False","0.200473353266716","False","1.0"
"10","18944","512","0.4295691609977324","0.0",,"0.0","0.016884585842490196","0.00028508921968750656","0.035308837890625","0.0","False","0.2329421490430832","False","1.0"
"10","19456","512","0.44117913832199546","0.0",,"0.0","0.01760331727564335","0.00030987674836069345","0.029693603515625","0.0","False","0.17732182145118713","False","1.0"
"10","19968","512","0.4527891156462585","0.0",,"0.0","0.013844016939401627","0.00019165679987054318","0.024566650390625","0.0","False","0.16811667382717133","False","1.0"
"10","20480","512","0.46439909297052157","0.0",,"0.0","0.014403937384486198","0.0002074734220514074","0.0269622802734375","0.0","False","0.180755153298378","False","1.0"
"10","20992","512","0.47600907029478456","0.0",,"0.0","0.01516997441649437","0.00023012812016531825","0.0270843505859375","0.0","False","0.1273788958787918","False","1.0"
"10","21504","512","0.4876190476190476","0.0",,"0.0","0.016880329698324203","0.0002849455049727112","0.0337982177734375","0.0","False","0.24473898112773895","False","1.0"
"10","22016","512","0.4992290249433107","0.0",,"0.0","0.024667084217071533","0.0006084650522097945","0.038330078125","0.0","False","0.2133277952671051","False","1.0"
"10","22528","512","0.5108390022675737","0.0",,"0.0","0.01525167003273964","0.00023261344176717103","0.02569580078125","0.0","False","0.13579295575618744","False","1.0"
"10","23040","512","0.5224489795918368","0.0",,"0.0","0.01425892673432827","0.00020331698760855943","0.0213775634765625","0.0","False","0.17403244972229004","False","1.0"
"10","23552","512","0.5340589569160997","0.0",,"0.0","0.01764979399740696","0.00031151523580774665","0.03173828125","0.0","False","0.1759442538022995","False","1.0"
"10","24064","512","0.5456689342403628","0.0",,"0.0","0.021400226280093193","0.00045796966878697276","0.03656005859375","0.0","False","0.24619229137897491","False","1.0"
"10","24576","512","0.5572789115646258","0.0",,"0.0","0.02087784931063652","0.00043588460539467633","0.0354156494140625","0.0","False","0.16812065243721008","False","1.0"
"10","25088","512","0.5688888888888889","147.6724853515625","50.09877025696654","0.8566687703132629","0.018027426674962044","0.00032498809741809964","0.035614013671875","0.0","False","0.1886143684387207","False","1.0"
"10","25600","512","0.5804988662131519","147.60366821289062","50.09070061948671","0.8501906394958496","0.018900780007243156","0.00035723947803489864","0.039947509765625","0.0","False","0.16885708272457123","False","1.0"
"10","26112","512","0.592108843537415","0.0",,"0.0","0.012354634702205658","0.0001526369887869805","0.0250244140625","0.0","False","0.13617180287837982","False","1.0"
"10","26624","512","0.603718820861678","0.0",,"0.0","0.011668565683066845","0.0001361554313916713","0.019989013671875","0.0","False","0.1598561704158783","False","1.0"
"10","27136","512","0.615328798185941","0.0",,"0.0","0.018048996105790138","0.0003257662756368518","0.036102294921875","0.0","False","0.1951124370098114","False","1.0"
"10","27648","512","0.626938775510204","0.0",,"0.0","0.016189491376280785","0.00026209960924461484","0.0257568359375","0.0","False","0.18039605021476746","False","1.0"
"10","28160","512","0.6385487528344671","0.0",,"0.0","0.006706491578370333","0.000044977026846027","0.0148468017578125","0.0","False","0.2109546810388565","False","1.0"
"10","28672","512","0.6501587301587302","0.0",,"0.0","0.010949673131108284","0.00011989534687018022","0.018798828125","0.0","False","0.14123041927814484","False","1.0"
"10","29184","512","0.6617687074829932","0.0",,"0.0","0.0051653943955898285","0.000026681300369091332","0.0134124755859375","0.0","False","0.24551145732402802","False","1.0"
"10","29696","512","0.6733786848072563","0.0",,"0.0","0.008761531673371792","0.00007676443783566356","0.0169525146484375","0.0","False","0.12626993656158447","False","1.0"
"10","30208","512","0.6849886621315193","0.0",,"0.0","0.0073252529837191105","0.0000536593324795831","0.0164337158203125","0.0","False","0.1609208583831787","False","1.0"
"10","30720","512","0.6965986394557823","0.0",,"0.0","0.13026556372642517","0.016969116404652596","0.3972625732421875","0.0","True","0.8488553166389465","False","1.0"
"10","31232","512","0.7082086167800453","0.0",,"0.0","0.21333053708076477","0.04550991579890251","0.48968505859375","0.0","False","0.5429932475090027","False","1.0"
"10","31744","512","0.7198185941043084","0.0",,"0.0","0.2602425217628479","0.06772617250680923","0.4579620361328125","0.0","False","0.29233214259147644","False","1.0"
"10","32256","512","0.7314285714285714","0.0",,"0.0","0.2317446917295456","0.0537056028842926","0.47076416015625","0.0","False","0.17654520273208618","False","1.0"
"10","32768","512","0.7430385487528345","0.0",,"0.0","0.18847157061100006","0.03552153334021568","0.4158172607421875","0.0","False","0.17145124077796936","False","1.0"
"10","33280","512","0.7546485260770975","0.0",,"0.0","0.16888198256492615","0.02852112241089344","0.380767822265625","0.0","False","0.14794667065143585","False","1.0"
"10","33792","512","0.7662585034013606","0.0",,"0.0","0.1524031162261963","0.02322671003639698","0.342681884765625","0.0","False","0.13285470008850098","False","1.0"
"10","34304","512","0.7778684807256235","147.12994384765625","50.03504843570802","0.8590965270996094","0.14360311627388","0.020621854811906815","0.3175048828125","0.0","False","0.13636529445648193","False","1.0"
"10","34816","512","0.7894784580498866","293.4451599121094","61.98704866479241","0.9410334229469299","0.13173429667949677","0.017353925853967667","0.2899932861328125","0.0","False","0.13626830279827118","False","1.0"
"10","35328","512","0.8010884353741496","294.281494140625","62.03631957194332","0.9694714546203613","0.12868145108222961","0.016558917239308357","0.28369140625","0.0","False","0.19282743334770203","False","1.0"
"10","35840","512","0.8126984126984127","293.8137512207031","62.008780745662506","0.974440336227417","0.13257725536823273","0.017576729878783226","0.258026123046875","0.0","False","0.12185177206993103","False","1.0"
"10","36352","512","0.8243083900226758","293.6618957519531","61.99983067717041","0.9706615209579468","0.118934266269207","0.01414535939693451","0.2477264404296875","0.0","False","0.07260069996118546","False","1.0"
"10","36864","512","0.8359183673469388","294.0200500488281","62.0209321928717","0.978955090045929","0.12710551917552948","0.01615581475198269","0.2525482177734375","0.0","False","0.1360841691493988","False","1.0"
"10","37376","512","0.8475283446712019","293.854248046875","62.0111667692182","0.9802752733230591","0.11849840730428696","0.014041871763765812","0.25885009765625","0.0","False","0.11068138480186462","False","1.0"
"10","37888","512","0.8591383219954648","293.8028564453125","62.0081387826591","0.9833256006240845","0.11054124683141708","0.012219367548823357","0.2342376708984375","0.0","False","0.07749921828508377","False","1.0"
"10","38400","512","0.8707482993197279","293.7810974121094","62.00685658361586","0.9830406308174133","0.11609020084142685","0.013476935215294361","0.256378173828125","0.0","False","0.11686394363641739","False","1.0"
"10","38912","512","0.8823582766439909","293.75408935546875","62.00526494218428","0.98475581407547","0.1077602282166481","0.01161226723343134","0.25653076171875","0.0","False","0.08423490077257156","False","1.0"
"10","39424","512","0.893968253968254","293.61981201171875","61.99734952363992","0.983811616897583","0.11197546869516373","0.012538505718111992","0.251495361328125","0.0","False","0.09602455049753189","False","1.0"
"10","39936","512","0.905578231292517","293.4999084472656","61.990278354710036","0.9839087724685669","0.09817060828208923","0.009637468494474888","0.2238006591796875","0.0","False","0.09592600911855698","False","1.0"
"10","40448","512","0.9171882086167801","293.51123046875","61.990946180848276","0.9821594953536987","0.09938284009695053","0.009876948781311512","0.2208404541015625","0.0","False","0.10064411908388138","False","1.0"
"10","40960","512","0.9287981859410431","293.4907531738281","61.98973831473526","0.9792992472648621","0.1022014170885086","0.010445130057632923","0.220062255859375","0.0","False","0.08803581446409225","False","1.0"
"10","41472","512","0.9404081632653061","293.54669189453125","61.99303769602854","0.9808359742164612","0.09389886260032654","0.008816996589303017","0.2080078125","0.0","False","0.05855974555015564","False","1.0"
"10","41984","512","0.9520181405895691","293.563232421875","61.994013170056434","0.979130744934082","0.09980207681655884","0.009960454888641834","0.2059783935546875","0.0","False","0.10503201186656952","False","1.0"
"10","42496","512","0.9636281179138322","293.52410888671875","61.991705779264066","0.9787044525146484","0.0844448059797287","0.007130925077944994","0.186553955078125","0.0","False","0.10160315781831741","False","1.0"
"10","43008","512","0.9752380952380952","293.4844055175781","61.98936387713021","0.9791856408119202","0.08701538294553757","0.007571677211672068","0.1821136474609375","0.0","False","0.11074468493461609","False","1.0"
"10","43520","512","0.9868480725623583","293.58404541015625","61.995240533457434","0.9786477088928223","0.09121283888816833","0.008319782093167305","0.193328857421875","0.0","False","0.06189807876944542","False","1.0"
"10","44032","512","0.9984580498866213","293.4967956542969","61.99009474300872","0.9758074879646301","0.08361143618822098","0.006990872789174318","0.18890380859375","0.0","False","0.0754915177822113","False","1.0"
"10","44544","512","1.0100680272108844","293.5412902832031","61.99271912526111","0.9751596450805664","0.0864478200674057","0.0074732257053256035","0.18572998046875","0.0","False","0.09300856292247772","False","1.0"
"10","45056","512","1.0216780045351475","293.6004638671875","61.99620868542343","0.9753133654594421","0.08004958927631378","0.006407936569303274","0.1858367919921875","0.0","False","0.08387590199708939","False","1.0"
"10","45568","512","1.0332879818594105","293.5155334472656","61.99119998402649","0.9786343574523926","0.0820118710398674","0.00672594690695405","0.1796417236328125","0.0","False","0.1283119171857834","False","1.0"
"10","46080","512","1.0448979591836736","293.57427978515625","61.99466465530715","0.9796954989433289","0.08089746534824371","0.006544400472193956","0.1830291748046875","0.0","False","0.06455907225608826","False","1.0"
"10","46592","512","1.0565079365079366","293.629638671875","61.99792891110918","0.9816310405731201","0.07593947649002075","0.005766803864389658","0.1689453125","0.0","False","0.08532467484474182","False","1.0"
"10","47104","512","1.0681179138321995","293.5610656738281","61.9938853896867","0.9807748794555664","0.07703685760498047","0.0059346770867705345","0.168243408203125","0.0","False","0.10629969090223312","False","1.0"
"10","47616","512","1.0797278911564625","293.5717468261719","61.9945152837832","0.9785621166229248","0.07065035402774811","0.004991472698748112","0.1647186279296875","0.0","False","0.07344950735569","False","1.0"
"10","48128","512","1.0913378684807256","293.5000305175781","61.990285555129226","0.9813657402992249","0.07568174600601196","0.005727726966142654","0.160552978515625","0.0","False","0.13867849111557007","False","1.0"
"10","48640","512","1.1029478458049886","293.4958801269531","61.99004073919655","0.9839175939559937","0.06884869188070297","0.0047401427291333675","0.1432647705078125","0.0","False","0.08810248225927353","False","1.0"
"10","49152","512","1.1145578231292517","293.4818115234375","61.98921085943178","0.985058069229126","0.06666295230388641","0.0044439490884542465","0.1307830810546875","0.0","False","0.05834586173295975","False","1.0"
"10","49664","512","1.1261678004535147","293.6202697753906","61.99737651417002","0.9823514223098755","0.07133861631155014","0.005089197773486376","0.1358795166015625","0.0","False","0.13808593153953552","False","1.0"
"10","50176","512","1.1377777777777778","293.62255859375","61.99751146618934","0.9778278470039368","0.06198716163635254","0.0038424080703407526","0.1277923583984375","0.0","False","0.07046591490507126","False","1.0"
"10","50688","512","1.1493877551020408","293.6629638671875","61.999893645983384","0.9733766317367554","0.06575331091880798","0.004323497414588928","0.1262969970703125","0.0","False","0.12971864640712738","False","1.0"
"10","51200","512","1.1609977324263039","293.62030029296875","61.9973783135372","0.9685646891593933","0.06228293478488922","0.0038791638799011707","0.1242828369140625","0.0","False","0.09270714968442917","False","1.0"
"10","51712","512","1.172607709750567","293.63555908203125","61.998277973702585","0.9673306345939636","0.06304949522018433","0.003975238651037216","0.1257171630859375","0.0","False","0.07478269189596176","False","1.0"
"10","52224","512","1.18421768707483","293.5962829589844","61.99596215372255","0.962297797203064","0.05997884273529053","0.003597461385652423","0.116302490234375","0.0","False","0.11114997416734695","False","1.0"
"10","52736","512","1.195827664399093","293.5721130371094","61.99453687974588","0.9529802799224854","0.060769129544496536","0.0036928870249539614","0.1218109130859375","0.0","False","0.08336085826158524","False","1.0"
"10","53248","512","1.207437641723356","293.66949462890625","62.0002786503158","0.9466865062713623","0.06336644291877747","0.004015306010842323","0.116058349609375","0.0","False","0.11126358807086945","False","1.0"
"10","53760","512","1.2190476190476192","293.760986328125","62.005671409163355","0.9390599131584167","0.054540153592824936","0.00297462847083807","0.1076202392578125","0.0","False","0.08728812634944916","False","1.0"
"10","54272","512","1.230657596371882","293.77410888671875","62.00644474918805","0.9366926550865173","0.050181519240140915","0.0025181847158819437","0.1000823974609375","0.0","False","0.06462707370519638","False","1.0"
"10","54784","512","1.242267573696145","293.85870361328125","62.011429265671566","0.9329445362091064","0.04444381222128868","0.001975252293050289","0.09027099609375","0.0","False","0.10830339789390564","False","1.0"
"10","55296","512","1.253877551020408","293.9967956542969","62.019562885175226","0.9018561840057373","0.03674285486340523","0.0013500372879207134","0.0813751220703125","0.0","False","0.09938915818929672","False","1.0"
"10","55808","512","1.2654875283446712","146.84234619140625","50.00117456183288","0.9447290301322937","0.06999199092388153","0.004898879211395979","0.120452880859375","0.0","False","0.2231769859790802","False","1.0"
"10","56320","512","1.2770975056689342","146.7581787109375","49.99124858421061","0.9250312447547913","0.05027623102068901","0.002527699340134859","0.09478759765625","0.0","False","0.1359853744506836","False","1.0"
"10","56832","512","1.2887074829931973","146.7806396484375","49.99389798779323","0.9046524167060852","0.029885293915867805","0.0008931307820603251","0.0664520263671875","0.0","False","0.09736033529043198","False","1.0"
"10","57344","512","1.3003174603174603","146.90850830078125","50.00897315010545","0.883405327796936","0.01920447126030922","0.0003688117431011051","0.0405731201171875","0.0","False","0.12196499109268188","False","1.0"
"10","57856","512","1.3119274376417234","146.8538055419922","50.002525537513534","0.8604128360748291","0.028827965259552002","0.0008310516132041812","0.05804443359375","0.0","False","0.11691303551197052","False","1.0"
"10","58368","512","1.3235374149659864","0.0",,"0.0","0.02468610741198063","0.0006094038835726678","0.0427398681640625","0.0","False","0.0989019125699997","False","1.0"
"10","58880","512","1.3351473922902495","0.0",,"0.0","0.019101740792393684","0.0003648764977697283","0.0395050048828125","0.0","False","0.11595536023378372","False","1.0"
"10","59392","512","1.3467573696145125","146.71571350097656","49.98623844737397","0.8599555492401123","0.01403865497559309","0.000197083834791556","0.0339813232421875","0.0","False","0.15455642342567444","False","1.0"
"10","59904","512","1.3583673469387756","0.0",,"0.0","0.009391707368195057","0.00008820417133392766","0.0222625732421875","0.0","False","0.0802106037735939","False","1.0"
"10","60416","512","1.3699773242630386","0.0",,"0.0","0.016700416803359985","0.0002789039281196892","0.03057861328125","0.0","False","0.12204235047101974","False","1.0"
"10","60928","512","1.3815873015873017","0.0",,"0.0","0.015899160876870155","0.0002527833275962621","0.0311737060546875","0.0","False","0.09727387875318527","False","1.0"
"10","61440","512","1.3931972789115645","0.0",,"0.0","0.013792441226541996","0.00019023142522200942","0.0281982421875","0.0","False","0.13593578338623047","False","1.0"
"10","61952","512","1.4048072562358276","0.0",,"0.0","0.012027114629745483","0.00014465149433817714","0.0246734619140625","0.0","False","0.12138538807630539","False","1.0"
"10","62464","512","1.4164172335600906","0.0",,"0.0","0.011906208470463753","0.0001417578023392707","0.0233001708984375","0.0","False","0.14095035195350647","False","1.0"
"10","62976","512","1.4280272108843537","0.0",,"0.0","0.014668065123260021","0.00021515213302336633","0.0260009765625","0.0","False","0.14841188490390778","False","1.0"
"10","63488","512","1.4396371882086167","0.0",,"0.0","0.009666690602898598","0.00009344490536022931","0.019989013671875","0.0","False","0.1343291699886322","False","1.0"
"10","64000","512","1.4512471655328798","0.0",,"0.0","0.01239486038684845","0.00015363255806732923","0.020751953125","0.0","False","0.15842638909816742","False","1.0"
"10","64512","512","1.4628571428571429","0.0",,"0.0","0.006005901377648115","0.0000360708509106189","0.01336669921875","0.0","False","0.1501719057559967","False","1.0"
"10","65024","512","1.474467120181406","0.0",,"0.0","0.005598676390945911","0.00003134517828584649","0.0148162841796875","0.0","False","0.14423631131649017","False","1.0"
"10","65536","512","1.486077097505669","0.0",,"0.0","0.009795531630516052","0.0000959524477366358","0.0204925537109375","0.0","False","0.17386646568775177","False","1.0"
"10","66048","512","1.497687074829932","0.0",,"0.0","0.011100847274065018","0.00012322881957516074","0.0230865478515625","0.0","False","0.20031607151031494","False","1.0"
"10","66560","512","1.509297052154195","0.0",,"0.0","0.012582506984472275","0.0001583194825798273","0.0217132568359375","0.0","False","0.12750692665576935","False","1.0"
"10","67072","512","1.5209070294784581","0.0",,"0.0","0.010841901414096355","0.00011754683509934694","0.0208282470703125","0.0","False","0.18575017154216766","False","1.0"
"10","67584","512","1.5325170068027212","0.0",,"0.0","0.011654791422188282","0.00013583416875917464","0.0202484130859375","0.0","False","0.15941469371318817","False","1.0"
"10","68096","512","1.5441269841269842","0.0",,"0.0","0.014396315440535545","0.00020725390641018748","0.021759033203125","0.0","False","0.14546506106853485","False","1.0"
"10","68608","512","1.555736961451247","147.9644012451172","50.13295915027061","0.8505977988243103","0.012294391170144081","0.00015115205314941704","0.0240020751953125","0.0","False","0.17410160601139069","False","1.0"
"10","69120","512","1.5673469387755101","147.46861267089844","50.074852789359184","0.8643117547035217","0.014820689335465431","0.00021965282212477177","0.0238037109375","0.0","False","0.192879781126976","False","1.0"
"10","69632","512","1.5789569160997732","149.06300354003906","50.261024530208985","0.8658852577209473","0.014803825877606869","0.00021915326942689717","0.0255889892578125","0.0","False","0.20913536846637726","False","1.0"
"10","70144","512","1.5905668934240362","0.0",,"0.0","0.0133665157482028","0.0001786637440090999","0.0202789306640625","0.0","False","0.158850759267807","False","1.0"
"10","70656","512","1.6021768707482993","0.0",,"0.0","0.013482649810612202","0.0001817818556446582","0.0249176025390625","0.0","False","0.14465461671352386","False","1.0"
"10","71168","512","1.6137868480725623","0.0",,"0.0","0.011811421252787113","0.00013950967695564032","0.02020263671875","0.0","False","0.13974206149578094","False","1.0"
"10","71680","512","1.6253968253968254","0.0",,"0.0","0.012989562004804611","0.00016872872947715223","0.0264892578125","0.0","False","0.1717417687177658","False","1.0"
"10","72192","512","1.6370068027210884","0.0",,"0.0","0.012706429697573185","0.00016145335393957794","0.0226898193359375","0.0","False","0.1586957722902298","False","1.0"
"10","72704","512","1.6486167800453515","0.0",,"0.0","0.010889405384659767","0.00011857914068968967","0.0208892822265625","0.0","False","0.17213621735572815","False","1.0"
"10","73216","512","1.6602267573696146","0.0",,"0.0","0.011468463577330112","0.00013152566680219024","0.02032470703125","0.0","False","0.09871217608451843","False","1.0"
"10","73728","512","1.6718367346938776","0.0",,"0.0","0.003410303732380271","0.000011630170774878934","0.0074005126953125","0.0","False","0.13296183943748474","False","1.0"
"10","74240","512","1.6834467120181407","0.0",,"0.0","0.007269556168466806","0.00005284644430503249","0.01263427734375","0.0","False","0.14427800476551056","False","1.0"
"10","74752","512","1.6950566893424037","0.0",,"0.0","0.007673059124499559","0.00005887583756702952","0.0146942138671875","0.0","False","0.144441157579422","False","1.0"
"10","75264","512","1.7066666666666668","0.0",,"0.0","0.009151702746748924","0.00008375366451218724","0.0172119140625","0.0","False","0.1579354852437973","False","1.0"
"10","75776","512","1.7182766439909296","0.0",,"0.0","0.010200376622378826","0.00010404769273009151","0.0161285400390625","0.0","False","0.12923356890678406","False","1.0"
"10","76288","512","1.7298866213151927","0.0",,"0.0","0.006152648478746414","0.000037855083064641804","0.01312255859375","0.0","False","0.19353273510932922","False","1.0"
"10","76800","512","1.7414965986394557","0.0",,"0.0","0.007621940691024065","0.000058093981351703405","0.0150909423828125","0.0","False","0.12656329572200775","False","1.0"
"10","77312","512","1.7531065759637188","0.0",,"0.0","0.006922452710568905","0.00004792035178979859","0.0155029296875","0.0","False","0.16534948348999023","False","1.0"
"10","77824","512","1.7647165532879818","0.0",,"0.0","0.0062445905059576035","0.000038994912756606936","0.0125885009765625","0.0","False","0.13773460686206818","False","1.0"
"10","78336","512","1.7763265306122449","0.0",,"0.0","0.00708412891253829","0.00005018488081987016","0.0125274658203125","0.0","False","0.15716561675071716","False","1.0"
"10","78848","512","1.787936507936508","0.0",,"0.0","0.007044161204248667","0.000049620204663369805","0.01373291015625","0.0","False","0.1690688282251358","False","1.0"
"10","79360","512","1.799546485260771","0.0",,"0.0","0.008664548397064209","0.00007507440022891387","0.01593017578125","0.0","False","0.19016386568546295","False","1.0"
"10","79872","512","1.811156462585034","0.0",,"0.0","0.009240744635462761","0.00008539135887986049","0.017364501953125","0.0","False","0.20639924705028534","False","1.0"
"10","80384","512","1.822766439909297","0.0",,"0.0","0.008984808810055256","0.0000807267933851108","0.018035888671875","0.0","False","0.15146395564079285","False","1.0"
"10","80896","512","1.8343764172335602","0.0",,"0.0","0.009772113524377346","0.00009549420065013692","0.017852783203125","0.0","False","0.15350139141082764","False","1.0"
"10","81408","512","1.8459863945578232","0.0",,"0.0","0.011022228747606277","0.00012148953101132065","0.0198974609375","0.0","False","0.17063608765602112","False","1.0"
"10","81920","512","1.8575963718820863","0.0",,"0.0","0.00771002471446991","0.000059444479120429605","0.01416015625","0.0","False","0.092819944024086","False","1.0"
"10","82432","512","1.8692063492063493","0.0",,"0.0","0.011245637200772762","0.00012646435061469674","0.0216522216796875","0.0","False","0.2540111243724823","False","1.0"
"10","82944","512","1.8808163265306121","0.0",,"0.0","0.01283420342952013","0.00016471678100060672","0.0203399658203125","0.0","False","0.18271128833293915","False","1.0"
"10","83456","512","1.8924263038548752","0.0",,"0.0","0.015218958258628845","0.00023161667922977358","0.028839111328125","0.0","False","0.18516594171524048","False","1.0"
"10","83968","512","1.9040362811791383","0.0",,"0.0","0.013974402099847794","0.0001952839083969593","0.023956298828125","0.0","False","0.11634016036987305","False","1.0"
"10","84480","512","1.9156462585034013","0.0",,"0.0","0.012786319479346275","0.00016348996723536402","0.023193359375","0.0","False","0.1232682466506958","False","1.0"
"10","84992","512","1.9272562358276644","0.0",,"0.0","0.00949614867568016","0.0000901768435142003","0.0155181884765625","0.0","False","0.16405078768730164","False","1.0"
"10","85504","512","1.9388662131519274","0.0",,"0.0","0.00995516125112772","0.0000991052293102257","0.0190582275390625","0.0","False","0.15592040121555328","False","1.0"
"10","86016","512","1.9504761904761905","0.0",,"0.0","0.01507932785898447","0.0002273861173307523","0.0279083251953125","0.0","False","0.21754711866378784","False","1.0"
"10","86528","512","1.9620861678004535","0.0",,"0.0","0.011529751121997833","0.00013293516531120986","0.0213470458984375","0.0","False","0.17809496819972992","False","1.0"
"10","87040","512","1.9736961451247166","0.0",,"0.0","0.01126599870622158","0.00012692272139247507","0.0229034423828125","0.0","False","0.12569840252399445","False","1.0"
"10","87552","512","1.9853061224489796","0.0",,"0.0","0.007942167110741138","0.00006307801231741905","0.0202178955078125","0.0","False","0.23728109896183014","False","1.0"
"10","88064","512","1.9969160997732427","0.0",,"0.0","0.01080936286598444","0.0001168423259514384","0.0225982666015625","0.0","False","0.15565498173236847","False","1.0"
"10","88576","512","2.0085260770975055","0.0",,"0.0","0.0102468216791749","0.00010499735071789473","0.01910400390625","0.0","False","0.12014279514551163","False","1.0"
"10","89088","512","2.020136054421769","0.0",,"0.0","0.005825094413012266","0.00003393172664800659","0.01092529296875","0.0","False","0.12913015484809875","False","1.0"
"10","89600","512","2.0317460317460316","0.0",,"0.0","0.008928156457841396","0.00007971197192091495","0.01947021484375","0.0","False","0.11307429522275925","False","1.0"
"10","90112","512","2.043356009070295","0.0",,"0.0","0.004214477259665728","0.00001776181670720689","0.0084228515625","0.0","False","0.1630590856075287","False","1.0"
"10","90624","512","2.0549659863945577","0.0",,"0.0","0.007208213675767183","0.00005195834455662407","0.015838623046875","0.0","False","0.12603703141212463","False","1.0"
"10","91136","512","2.066575963718821","0.0",,"0.0","0.008468301966786385","0.00007171214383561164","0.0175323486328125","0.0","False","0.191781684756279","False","1.0"
"10","91648","512","2.078185941043084","0.0",,"0.0","0.0083535835146904","0.000069782356149517","0.016143798828125","0.0","False","0.18068556487560272","False","1.0"
"10","92160","512","2.089795918367347","0.0",,"0.0","0.010485521517693996","0.00010994615877280012","0.0181427001953125","0.0","False","0.10601712763309479","False","1.0"
"10","92672","512","2.10140589569161","0.0",,"0.0","0.005501896142959595","0.000030270863135228865","0.0113067626953125","0.0","False","0.1356840580701828","False","1.0"
"10","93184","512","2.1130158730158732","0.0",,"0.0","0.0073011512868106365","0.00005330681233317591","0.0147857666015625","0.0","False","0.1261887103319168","False","1.0"
"10","93696","512","2.124625850340136","0.0",,"0.0","0.0052534001879394054","0.000027598214728641324","0.0109100341796875","0.0","False","0.1591927707195282","False","1.0"
"10","94208","512","2.136235827664399","0.0",,"0.0","0.0074052345007658005","0.000054837499192217365","0.0167999267578125","0.0","False","0.15291891992092133","False","1.0"
"10","94720","512","2.147845804988662","0.0",,"0.0","0.0074147977866232395","0.00005497922393260524","0.0128173828125","0.0","False","0.20545701682567596","False","1.0"
"10","95232","512","2.159455782312925","0.0",,"0.0","0.00996559951454401","0.00009931316890288144","0.0184783935546875","0.0","False","0.21311581134796143","False","1.0"
"10","95744","512","2.1710657596371883","0.0",,"0.0","0.012586741708219051","0.00015842606080695987","0.0254974365234375","0.0","False","0.18201611936092377","False","1.0"
"10","96256","512","2.182675736961451","0.0",,"0.0","0.012879529967904091","0.00016588230209890753","0.0247650146484375","0.0","False","0.20850767195224762","False","1.0"
"10","96768","512","2.1942857142857144","0.0",,"0.0","0.013109154999256134","0.0001718499552225694","0.02655029296875","0.0","False","0.1497705727815628","False","1.0"
"10","97280","512","2.2058956916099772","0.0",,"0.0","0.010553774423897266","0.0001113821635954082","0.0205078125","0.0","False","0.19963793456554413","False","1.0"
"10","97792","512","2.2175056689342405","0.0",,"0.0","0.01201382651925087","0.00014433202159125358","0.021759033203125","0.0","False","0.151719331741333","False","1.0"
"10","98304","512","2.2291156462585033","0.0",,"0.0","0.012461568228900433","0.00015529069059994072","0.021148681640625","0.0","False","0.18016758561134338","False","1.0"
"10","98816","512","2.2407256235827666","0.0",,"0.0","0.01564887911081314","0.00024488740018568933","0.0253753662109375","0.0","False","0.2142213135957718","False","1.0"
"10","99328","512","2.2523356009070294","0.0",,"0.0","0.013268418610095978","0.0001760509330779314","0.0234527587890625","0.0","False","0.16182948648929596","False","1.0"
"10","99840","512","2.2639455782312927","0.0",,"0.0","0.014320566318929195","0.0002050786279141903","0.0253448486328125","0.0","False","0.16552093625068665","False","1.0"
"10","100352","512","2.2755555555555556","0.0",,"0.0","0.012301147915422916","0.00015131825057324022","0.0220489501953125","0.0","False","0.14355172216892242","False","1.0"
"10","100864","512","2.2871655328798184","0.0",,"0.0","0.015671169385313988","0.00024558554287068546","0.02764892578125","0.0","False","0.18868722021579742","False","1.0"
"10","101376","512","2.2987755102040817","0.0",,"0.0","0.015327517874538898","0.00023493279877584428","0.0253753662109375","0.0","False","0.17670436203479767","False","1.0"
"10","101888","512","2.3103854875283445","0.0",,"0.0","0.014405455440282822","0.0002075171360047534","0.0242156982421875","0.0","False","0.15598833560943604","False","1.0"
"10","102400","512","2.3219954648526078","0.0",,"0.0","0.01682424545288086","0.0002830552402883768","0.0286865234375","0.0","False","0.16137926280498505","False","1.0"
"10","102912","512","2.3336054421768706","0.0",,"0.0","0.0070648579858243465","0.00004991222158423625","0.016082763671875","0.0","False","0.16063494980335236","False","1.0"
"10","103424","512","2.345215419501134","0.0",,"0.0","0.011174296960234642","0.00012486492050811648","0.022613525390625","0.0","False","0.14450517296791077","False","1.0"
"10","103936","512","2.3568253968253967","0.0",,"0.0","0.012440313585102558","0.00015476139378733933","0.0284271240234375","0.0","False","0.21961790323257446","False","1.0"
"10","104448","512","2.36843537414966","0.0",,"0.0","0.01121213473379612","0.00012571195838972926","0.0257415771484375","0.0","False","0.1535373032093048","False","1.0"
"10","104960","512","2.380045351473923","0.0",,"0.0","0.010938026010990143","0.00011964041186729446","0.02349853515625","0.0","False","0.18029119074344635","False","1.0"
"10","105472","512","2.391655328798186","0.0",,"0.0","0.005430159159004688","0.000029486629500752315","0.0099639892578125","0.0","False","0.1006413996219635","False","1.0"
"10","105984","512","2.403265306122449","0.0",,"0.0","0.010500368662178516","0.00011025775165762752","0.019866943359375","0.0","False","0.21887829899787903","False","1.0"
"10","106496","512","2.414875283446712","0.0",,"0.0","0.006713005714118481","0.00004506444383878261","0.0135498046875","0.0","False","0.13424120843410492","False","1.0"
"10","107008","512","2.426485260770975","0.0",,"0.0","0.009116739965975285","0.00008311494457302615","0.0181121826171875","0.0","False","0.12470781058073044","False","1.0"
"10","107520","512","2.4380952380952383","0.0",,"0.0","0.013619165867567062","0.00018548168009147048","0.0273284912109375","0.0","False","0.23742742836475372","False","1.0"
"10","108032","512","2.449705215419501","0.0",,"0.0","0.012395508587360382","0.00015364863793365657","0.02587890625","0.0","False","0.13461923599243164","False","1.0"
"10","108544","512","2.461315192743764","0.0",,"0.0","0.010525673627853394","0.00011078979878220707","0.0194854736328125","0.0","False","0.10083874315023422","False","1.0"
"10","109056","512","2.4729251700680273","0.0",,"0.0","0.006785786245018244","0.000046046894567552954","0.0158538818359375","0.0","False","0.1575208157300949","False","1.0"
"10","109568","512","2.48453514739229","0.0",,"0.0","0.010843793861567974","0.00011758787150029093","0.02020263671875","0.0","False","0.15210171043872833","False","1.0"
"10","110080","512","2.4961451247165534","0.0",,"0.0","0.01071083638817072","0.00011472202459117398","0.020111083984375","0.0","False","0.1804264932870865","False","1.0"
"10","110592","512","2.507755102040816","0.0",,"0.0","0.011501504108309746","0.0001322846073890105","0.024322509765625","0.0","False","0.18951207399368286","False","1.0"
"10","111104","512","2.5193650793650795","0.0",,"0.0","0.015782715752720833","0.0002490940969437361","0.027740478515625","0.0","False","0.2288852334022522","False","1.0"
"10","111616","512","2.5309750566893423","0.0",,"0.0","0.013156605884432793","0.0001730962685542181","0.0283966064453125","0.0","False","0.1448681354522705","False","1.0"
"10","112128","512","2.5425850340136056","0.0",,"0.0","0.014266077429056168","0.00020352096180431545","0.0269775390625","0.0","False","0.15018115937709808","False","1.0"
"10","112640","512","2.5541950113378684","0.0",,"0.0","0.01607043296098709","0.00025825880584307015","0.0299072265625","0.0","False","0.15169136226177216","False","1.0"
"10","113152","512","2.5658049886621317","0.0",,"0.0","0.01704862155020237","0.00029065547278150916","0.0312652587890625","0.0","False","0.2500661015510559","False","1.0"
"10","113664","512","2.5774149659863945","0.0",,"0.0","0.02173948846757412","0.0004726053448393941","0.035491943359375","0.0","False","0.17685139179229736","False","1.0"
"10","114176","512","2.589024943310658","0.0",,"0.0","0.018352722749114037","0.000336822442477569","0.0368194580078125","0.0","False","0.1296854317188263","False","1.0"
"10","114688","512","2.6006349206349206","0.0",,"0.0","0.020232725888490677","0.00040936318691819906","0.0316925048828125","0.0","False","0.18590198457241058","False","1.0"
"10","115200","512","2.6122448979591835","0.0",,"0.0","0.018184524029493332","0.00033067690674215555","0.032958984375","0.0","False","0.17597085237503052","False","1.0"
"10","115712","512","2.6238548752834467","0.0",,"0.0","0.018252762034535408","0.0003331633051857352","0.0321807861328125","0.0","False","0.17546555399894714","False","1.0"
"10","116224","512","2.6354648526077096","0.0",,"0.0","0.01900392770767212","0.0003611492575146258","0.0316009521484375","0.0","False","0.14674493670463562","False","1.0"
"10","116736","512","2.647074829931973","0.0",,"0.0","0.01743515022099018","0.00030398444505408406","0.033966064453125","0.0","False","0.21038095653057098","False","1.0"
"10","117248","512","2.6586848072562357","0.0",,"0.0","0.021051323041319847","0.0004431581764947623","0.0372314453125","0.0","False","0.1727685183286667","False","1.0"
"10","117760","512","2.670294784580499","0.0",,"0.0","0.016081402078270912","0.0002586115151643753","0.02728271484375","0.0","False","0.13474377989768982","False","1.0"
"10","118272","512","2.681904761904762","0.0",,"0.0","0.010489808395504951","0.00011003608960891142","0.0252685546875","0.0","False","0.1346418559551239","False","1.0"
