caseId,sample,timestamp,region,rms,energy,peak,pitchHz,confidence,cmndMinimum,candidateMargin,productionF,productionH2,productionH3,productionHalf,strategyCHz,strategyCCmnd,strategyCF,strategyCH2,strategyCH3,strategyCHalf,previousPitchHz,onsetStrength,isSilent,F1,F2,F3,F4,F5
N12,55296,1.25387755102,stable,0.168721348047,0.0284668914974,0.280151367188,350.697875977,0.977945566177,0.022054446861,0.8614046239639572,234.859416254,7.2435658236,28.9769338041,11.1487060035,350.0,0.022054446861,234.859416254,7.2435658236,28.9769338041,11.1487060035,350.913421631,0.0695764943957,0,0,0,0,0,0
N12,55808,1.26548752834,stable,0.164347633719,0.0270101465285,0.284759521484,350.627990723,0.982908010483,0.0170920125916,1.0527483544070408,233.822938664,7.13641512741,27.6191553565,9.04522751216,350.0,0.0170920125916,233.822938664,7.13641512741,27.6191553565,9.04522751216,350.697875977,0.0638448148966,0,0,0,0,0,0
N12,56320,1.27709750567,stable,0.16168910265,0.0261433646083,0.308883666992,350.640258789,0.984180033207,0.0158199448447,2.3861266520740845,233.282551359,7.29479333127,26.2806642452,3.37092899773,350.0,0.0158199448447,233.282551359,7.29479333127,26.2806642452,3.37092899773,350.627990723,0.0797232463956,0,0,0,0,0,0
N12,56832,1.28870748299,stable,0.16420930624,0.0269646942616,0.303039550781,350.64453125,0.985132396221,0.0148675789175,2.255096587707838,233.351715762,7.58699850888,25.0479163754,4.56410924293,350.0,0.0148675789175,233.351715762,7.58699850888,25.0479163754,4.56410924293,350.640258789,0.0830862298608,0,0,0,0,0,0
N12,57344,1.30031746032,stable,0.161043837667,0.0259351152927,0.299118041992,350.404022217,0.987817883492,0.0121821163919,1.564702142988878,233.613138923,7.82940765038,23.8960391552,8.42981805359,350.0,0.0121821163919,233.613138923,7.82940765038,23.8960391552,8.42981805359,350.64453125,0.0737717151642,0,0,0,0,0,0
N12,57856,1.31192743764,stable,0.158811792731,0.0252211876214,0.287384033203,350.407989502,0.993156850338,0.00684314484708,1.6175040469489037,233.122455008,7.91047477409,22.7536201319,8.20012338141,350.0,0.00684314484708,233.122455008,7.91047477409,22.7536201319,8.20012338141,350.404022217,0.0756738111377,0,0,0,0,0,0
N12,58368,1.32353741497,stable,0.154934495687,0.024004695937,0.272903442383,350.46472168,0.992609620094,0.00739036024687,1.9264512208268192,231.644846297,7.77195405356,21.5762503047,6.32710438829,350.0,0.00739036024687,231.644846297,7.77195405356,21.5762503047,6.32710438829,350.407989502,0.0683621391654,0,0,0,0,0,0
N12,58880,1.33514739229,stable,0.155363380909,0.024137781933,0.266311645508,350.529388428,0.992815315723,0.00718469686728,2.3711784188642993,229.279854255,7.38950275933,20.387010786,4.39838814484,350.0,0.00718469686728,229.279854255,7.38950275933,20.387010786,4.39838814484,350.46472168,0.0651948601007,0,0,0,0,0,0
N12,59392,1.34675736961,stable,0.152459591627,0.0232439264655,0.251937866211,350.367034912,0.993314266205,0.0066857613996,2.834653736294424,226.373754183,6.8565086989,19.3722381595,3.00628154428,350.0,0.0066857613996,226.373754183,6.8565086989,19.3722381595,3.00628154428,350.529388428,0.054814748466,0,0,0,0,0,0
N12,59904,1.35836734694,stable,0.147581532598,0.021780308336,0.241546630859,350.401123047,0.993381738663,0.00661826873074,3.022563327714485,223.000668553,6.35583279513,18.6226729682,2.41388482661,350.0,0.00661826873074,223.000668553,6.35583279513,18.6226729682,2.41388482661,350.367034912,0.0582488439977,0,0,0,0,0,0
N12,60416,1.36997732426,stable,0.1427398175,0.0203746538609,0.23567199707,350.302581787,0.996248960495,0.00375103119065,2.921003260704763,219.344476088,6.05178202691,18.0334743205,2.40034001413,350.0,0.00375103119065,219.344476088,6.05178202691,18.0334743205,2.40034001413,350.401123047,0.0474747754633,0,0,0,0,0,0
N12,60928,1.38158730159,stable,0.145372509956,0.0211331676692,0.260955810547,350.328796387,0.996083140373,0.00391688817226,3.2506604685891856,215.715422885,5.95129945955,17.4667185241,1.87047733706,350.0,0.00391688817226,215.715422885,5.95129945955,17.4667185241,1.87047733706,350.302581787,0.0503306463361,0,0,0,0,0,0
N12,61440,1.39319727891,stable,0.144551679492,0.0208951886743,0.250076293945,350.283874512,0.995563685894,0.00443632379757,4.109502976025496,212.534327373,5.92180665856,16.7575982773,0.703503809648,350.0,0.00443632379757,212.534327373,5.92180665856,16.7575982773,0.703503809648,350.328796387,0.0836156308651,0,0,0,0,0,0
N12,61952,1.40480725624,stable,0.144036591053,0.0207465384156,0.25390625,350.155487061,0.994200527668,0.00579949576138,4.484187972649263,209.935703266,5.84199764112,15.8999289785,0.188189798042,350.0,0.00579949576138,209.935703266,5.84199764112,15.8999289785,0.188189798042,350.283874512,0.0591516941786,0,0,0,0,0,0
N12,62464,1.41641723356,stable,0.141493812203,0.0200204979628,0.247406005859,350.182037354,0.994877636433,0.00512233940676,3.976300631842762,207.920621543,5.69455665169,15.058720433,0.653488807368,350.0,0.00512233940676,207.920621543,5.69455665169,15.058720433,0.653488807368,350.155487061,0.0776539221406,0,0,0,0,0,0
N12,62976,1.42802721088,stable,0.138235002756,0.0191089175642,0.236099243164,350.150787354,0.995241165161,0.00475881911818,3.3681857987872146,206.346311791,5.49549925559,14.3689494002,1.39777250311,350.0,0.00475881911818,206.346311791,5.49549925559,14.3689494002,1.39777250311,350.182037354,0.0461577922106,0,0,0,0,0,0
N12,63488,1.43963718821,stable,0.143376395106,0.0205567888916,0.238494873047,350.096160889,0.99512386322,0.00487614200352,3.405212927572993,204.592125304,5.26728427423,13.852671708,1.41975562043,350.0,0.00487614200352,204.592125304,5.26728427423,13.852671708,1.41975562043,350.150787354,0.0614054724574,0,0,0,0,0,0
N12,64000,1.45124716553,stable,0.131774440408,0.0173645019531,0.21989440918,350.118408203,0.994412660599,0.00558735073506,3.5228885938805403,202.49061611,5.06396272198,13.4626090094,1.17744595447,350.0,0.00558735073506,202.49061611,5.06396272198,13.4626090094,1.17744595447,350.096160889,0.0566461272538,0,0,0,0,0,0
N12,64512,1.46285714286,stable,0.128462016582,0.0165024902672,0.211929321289,350.109405518,0.993186712265,0.00681327965234,3.3887388132791254,199.906701813,4.92459193016,13.0395564266,1.2379258609,350.0,0.00681327965234,199.906701813,4.92459193016,13.0395564266,1.2379258609,350.118408203,0.0668311491609,0,0,0,0,0,0
N12,65024,1.47446712018,stable,0.126684919,0.0160490702838,0.205413818359,350.011322021,0.992407500744,0.00759252514168,3.1691088999318375,196.615765546,4.81912646598,12.5340932354,1.63457553839,350.0,0.00759252514168,196.615765546,4.81912646598,12.5340932354,1.63457553839,350.109405518,0.0553232207894,0,0,0,0,0,0
N12,65536,1.48607709751,stable,0.127305030823,0.0162065718323,0.20475769043,350.175018311,0.992024719715,0.00797526090129,3.3156062547531593,192.584594559,4.69711873805,12.0158795242,1.45528069111,350.0,0.00797526090129,192.584594559,4.69711873805,12.0158795242,1.45528069111,350.011322021,0.0761818811297,0,0,0,0,0,0
N12,66048,1.49768707483,stable,0.126027658582,0.0158829707652,0.219329833984,350.051513672,0.992265224457,0.00773475845522,3.166869561745401,188.41302115,4.52987624192,11.4873142145,1.6465186319,350.0,0.00773475845522,188.41302115,4.52987624192,11.4873142145,1.6465186319,350.175018311,0.0752240270376,0,0,0,0,0,0
N12,66560,1.50929705215,stable,0.123000860214,0.0151292113587,0.212432861328,350.029815674,0.99185115099,0.00814883739294,3.052617096558527,184.703889218,4.32418713872,11.0500574854,1.60315353712,350.0,0.00814883739294,184.703889218,4.32418713872,11.0500574854,1.60315353712,350.051513672,0.0699637755752,0,0,0,0,0,0
N12,67072,1.52090702948,stable,0.120817050338,0.014596760273,0.207717895508,350.076904297,0.990904808044,0.00909520524715,3.2599433430088314,181.843679737,4.11468898616,10.8286315278,1.08126459628,350.0,0.00909520524715,181.843679737,4.11468898616,10.8286315278,1.08126459628,350.029815674,0.0649983733892,0,0,0,0,0,0
N12,67584,1.5325170068,stable,0.118438713253,0.0140277286991,0.20442199707,350.160186768,0.990263044834,0.00973697127162,2.984101489921642,179.70141182,3.94467393462,10.7413805258,1.41214320762,350.0,0.00973697127162,179.70141182,3.94467393462,10.7413805258,1.41214320762,350.076904297,0.0597244240344,0,0,0,0,0,0
N12,68096,1.54412698413,stable,0.118018947542,0.0139284720644,0.19987487793,350.007049561,0.99048525095,0.00951474788137,3.0332924254667013,177.121442638,3.81873658642,10.6595984102,1.33970738747,350.0,0.00951474788137,177.121442638,3.81873658642,10.6595984102,1.33970738747,350.160186768,0.0613991431892,0,0,0,0,0,0
N12,68608,1.55573696145,stable,0.112704530358,0.0127023113891,0.186431884766,350.053497314,0.991384387016,0.00861561409774,3.0896084998234636,173.816823481,3.71943607587,10.5532845365,1.34748740864,350.0,0.00861561409774,173.816823481,3.71943607587,10.5532845365,1.34748740864,350.007049561,0.0547916702926,0,0,0,0,0,0
N12,69120,1.56734693878,stable,0.118536949158,0.0140510089695,0.183319091797,350.013153076,0.992575407028,0.00742458337288,2.9780739126377984,170.425832723,3.6552058144,10.4058225183,1.6097361446,350.0,0.00742458337288,170.425832723,3.6552058144,10.4058225183,1.6097361446,350.053497314,0.0760622471571,0,0,0,0,0,0
N12,69632,1.5789569161,stable,0.114188395441,0.0130389900878,0.178192138672,349.969055176,0.992334544659,0.00766542778638,3.525124027002986,167.805721832,3.61489412394,10.2561438444,0.829672993901,350.0,0.00766542778638,167.805721832,3.61489412394,10.2561438444,0.829672993901,350.013153076,0.060559105128,0,0,0,0,0,0
N12,70144,1.59056689342,stable,0.10792876035,0.0116486167535,0.170272827148,350.003875732,0.991725981236,0.00827401481349,3.6363189178309376,166.050747939,3.57892775598,10.1500803066,0.642993714265,350.0,0.00827401481349,166.050747939,3.57892775598,10.1500803066,0.642993714265,349.969055176,0.0661734268069,0,0,0,0,0,0
N12,70656,1.60217687075,stable,0.10475064069,0.0109726963565,0.165863037109,349.932983398,0.991342186928,0.00865779977645,3.4106644940169675,164.553102737,3.56335043688,9.99148690496,0.761904211367,350.0,0.00865779977645,164.553102737,3.56335043688,9.99148690496,0.761904211367,350.003875732,0.0726306065917,0,0,0,0,0,0
N12,71168,1.61378684807,stable,0.101995751262,0.0104031329975,0.160202026367,349.860687256,0.99139124155,0.00860877877417,3.418794711217274,162.270160479,3.56119467153,9.75858339035,0.745815592789,350.0,0.00860877877417,162.270160479,3.56119467153,9.75858339035,0.745815592789,349.932983398,0.0609279349446,0,0,0,0,0,0
N12,71680,1.6253968254,stable,0.098632439971,0.00972835812718,0.168487548828,350.018615723,0.991520345211,0.00847963723764,3.5234154612432413,158.534383728,3.55960927355,9.53400774371,0.755248805279,350.0,0.00847963723764,158.534383728,3.55960927355,9.53400774371,0.755248805279,349.860687256,0.0838297531009,0,0,0,0,0,0
N12,72192,1.63700680272,stable,0.103825375438,0.0107797086239,0.161987304688,349.951477051,0.991294503212,0.00870548666509,3.603438711306267,153.62944451,3.53197016758,9.33062885456,0.68455481358,350.0,0.00870548666509,153.62944451,3.53197016758,9.33062885456,0.68455481358,350.018615723,0.0620195269585,0,0,0,0,0,0
N12,72704,1.64861678005,stable,0.100436776876,0.0100875459611,0.17170715332,349.848388672,0.990371108055,0.00962889779039,3.390148799923303,148.881926286,3.46708772332,9.11939097133,0.873261487351,350.0,0.00962889779039,148.881926286,3.46708772332,9.11939097133,0.873261487351,349.951477051,0.0620175302029,0,0,0,0,0,0
N12,73216,1.66022675737,stable,0.0992469862103,0.00984996464103,0.152160644531,350.016204834,0.990361988544,0.00963803845951,3.704237729518594,145.677120593,3.40657547292,8.85713982231,0.46825286737,350.0,0.00963803845951,145.677120593,3.40657547292,8.85713982231,0.46825286737,349.848388672,0.0608762651682,0,0,0,0,0,0
N12,73728,1.67183673469,stable,0.0965586155653,0.0093235662207,0.153945922852,349.86151123,0.990245461464,0.00975454962911,3.8874688088825833,144.132712364,3.368559522,8.51084194884,0.311797330905,350.0,0.00975454962911,144.132712364,3.368559522,8.51084194884,0.311797330905,350.016204834,0.0669597908854,0,0,0,0,0,0
N12,74240,1.68344671202,stable,0.0943086519837,0.00889412127435,0.149597167969,349.826568604,0.991033256054,0.00896676998394,3.58842379160803,143.067438894,3.34112065453,8.18836391539,0.602617264153,350.0,0.00896676998394,143.067438894,3.34112065453,8.18836391539,0.602617264153,349.86151123,0.0671106278896,0,0,0,0,0,0
N12,74752,1.69505668934,stable,0.0903220027685,0.00815806444734,0.147842407227,349.84967041,0.990119338036,0.00988067263496,3.8192384127793684,141.360839605,3.3406288031,7.91976410596,0.347685135324,350.0,0.00988067263496,141.360839605,3.3406288031,7.91976410596,0.347685135324,349.826568604,0.0495109111071,0,0,0,0,0,0
N12,75264,1.70666666667,stable,0.094475582242,0.00892563536763,0.151443481445,349.928009033,0.989411950111,0.0105880521522,3.5782763831584474,138.849996291,3.36032533157,7.66245667427,0.545618206419,350.0,0.0105880521522,138.849996291,3.36032533157,7.66245667427,0.545618206419,349.84967041,0.0930123999715,0,0,0,0,0,0
N12,75776,1.71827664399,stable,0.0886495858431,0.00785874947906,0.141326904297,349.741088867,0.989730834961,0.0102691894028,3.1429477411991367,136.322972627,3.3670290002,7.51043070726,1.00931285778,350.0,0.0102691894028,136.322972627,3.3670290002,7.51043070726,1.00931285778,349.928009033,0.0682059898973,0,0,0,0,0,0
N12,76288,1.72988662132,stable,0.0871306881309,0.00759175652638,0.136032104492,349.785369873,0.989060044289,0.0109399661386,3.338873321159607,134.133026815,3.34993051762,7.48537968331,0.776517067974,350.0,0.0109399661386,134.133026815,3.34993051762,7.48537968331,0.776517067974,349.741088867,0.0769913345575,0,0,0,0,0,0
N12,76800,1.74149659864,stable,0.0865906402469,0.00749793928117,0.13427734375,349.841827393,0.989964962006,0.01003506136,2.9502754341315853,131.938110175,3.33441577154,7.46765672103,1.17126905675,350.0,0.01003506136,131.938110175,3.33441577154,7.46765672103,1.17126905675,349.785369873,0.0529441945255,0,0,0,0,0,0
N12,77312,1.75310657596,stable,0.0855284780264,0.00731512065977,0.136337280273,349.70501709,0.989217102528,0.0107829208573,2.7865101634055938,129.611483175,3.32910641769,7.40542388601,1.32150462249,350.0,0.0107829208573,129.611483175,3.32910641769,7.40542388601,1.32150462249,349.841827393,0.0715477615595,0,0,0,0,0,0
N12,77824,1.76471655329,stable,0.0812901183963,0.00660808291286,0.122619628906,349.783996582,0.988035082817,0.0119649169682,3.1079550817325416,127.017527773,3.33489454544,7.30200546941,1.00252194453,350.0,0.0119649169682,127.017527773,3.33489454544,7.30200546941,1.00252194453,349.70501709,0.0533522665501,0,0,0,0,0,0
N12,78336,1.77632653061,stable,0.0847538784146,0.00718321930617,0.136566162109,349.852966309,0.986343324184,0.0136566767063,2.979609540948362,124.191240854,3.3432931276,7.143812362,1.17776515109,350.0,0.0136566767063,124.191240854,3.3432931276,7.143812362,1.17776515109,349.783996582,0.0833531096578,0,0,0,0,0,0
N12,78848,1.78793650794,stable,0.0788274630904,0.00621376931667,0.127914428711,349.805938721,0.986285626888,0.0137143518777,3.3457042284543217,121.573383947,3.34620465045,7.02875343463,0.618750553587,350.0,0.0137143518777,121.573383947,3.34620465045,7.02875343463,0.618750553587,349.852966309,0.0677336156368,0,0,0,0,0,0
N12,79360,1.79954648526,stable,0.0769442766905,0.00592042133212,0.128021240234,349.68447876,0.986082911491,0.0139170670853,3.4953266942073324,119.283050851,3.35920540711,6.98422481032,0.307435634045,350.0,0.0139170670853,119.283050851,3.35920540711,6.98422481032,0.307435634045,349.805938721,0.083136588335,0,0,0,0,0,0
N12,79872,1.81115646259,stable,0.0757374837995,0.00573616614565,0.140991210938,349.921051025,0.983859717846,0.0161402833475,3.3681196074197746,116.887148462,3.3800835457,6.92542399684,0.459131166473,350.0,0.0161402833475,116.887148462,3.3800835457,6.92542399684,0.459131166473,349.68447876,0.0985304564238,0,0,0,0,0,0
N12,80384,1.82276643991,stable,0.0820789709687,0.00673695793375,0.145797729492,349.764953613,0.978146791458,0.0218531896441,3.635711865809473,114.717276616,3.40429542475,6.84803422815,0.247054087824,350.0,0.0218531896441,114.717276616,3.40429542475,6.84803422815,0.247054087824,349.921051025,0.0948836430907,0,0,0,0,0,0
N12,80896,1.83437641723,stable,0.0766856297851,0.00588068598881,0.134124755859,349.975708008,0.972374200821,0.0276257782276,3.4586086547206523,113.064711834,3.41845428087,6.77733339415,0.389407728192,350.0,0.0276257782276,113.064711834,3.41845428087,6.77733339415,0.389407728192,349.764953613,0.0863510593772,0,0,0,0,0,0
N12,81408,1.84598639456,stable,0.0752703398466,0.00566562404856,0.121154785156,349.921875,0.970566809177,0.0294331977327,2.7945385924764077,111.91327193,3.41653794349,6.64176970523,1.14130378422,350.0,0.0294331977327,111.91327193,3.41653794349,6.64176970523,1.14130378422,349.975708008,0.0717615559697,0,0,0,0,0,0
N12,81920,1.85759637188,stable,0.0776206552982,0.00602496648207,0.11882019043,349.847625732,0.971545219421,0.0284547613632,2.8639956464497085,111.028563435,3.43155938523,6.44201280405,1.06614001542,350.0,0.0284547613632,111.028563435,3.43155938523,6.44201280405,1.06614001542,349.921875,0.0647307410836,0,0,0,0,0,0
N12,82432,1.86920634921,stable,0.0729620754719,0.00532346451655,0.115631103516,349.969543457,0.971131384373,0.0288686134,2.9863244666516167,110.314731816,3.47375674071,6.20432477523,0.893292593701,350.0,0.0288686134,110.314731816,3.47375674071,6.20432477523,0.893292593701,349.847625732,0.0584194026887,0,0,0,0,0,0
N12,82944,1.88081632653,stable,0.0743188932538,0.00552329793572,0.122543334961,349.974182129,0.967557549477,0.0324424368527,2.7180963728645255,109.338699622,3.49365502963,5.95294203289,1.27396975634,350.0,0.0324424368527,109.338699622,3.49365502963,5.95294203289,1.27396975634,349.969543457,0.0679291561246,0,0,0,0,0,0
N12,83456,1.89242630385,stable,0.0737655088305,0.00544134993106,0.124710083008,350.007293701,0.962383925915,0.0376160505001,3.0572587253062795,108.021457524,3.4698088074,5.79880955795,0.574235374687,350.0,0.0376160505001,108.021457524,3.4698088074,5.79880955795,0.574235374687,349.974182129,0.0875275656581,0,0,0,0,0,0
N12,83968,1.90403628118,stable,0.0685470700264,0.00469870073721,0.122604370117,350.059783936,0.957822203636,0.0421777869791,2.630936011103441,106.523824659,3.43073683534,5.76539051704,1.10011988801,350.0,0.0421777869791,106.523824659,3.43073683534,5.76539051704,1.10011988801,350.007293701,0.0718917995691,0,0,0,0,0,0
N12,84480,1.9156462585,stable,0.069172821939,0.00478487880901,0.116470336914,349.658996582,0.963433325291,0.0365666768541,2.9405741368598286,104.815839357,3.39332176229,5.80066052551,0.917644721645,350.0,0.0365666768541,104.815839357,3.39332176229,5.80066052551,0.917644721645,350.059783936,0.0742580294609,0,0,0,0,0,0
N12,84992,1.92725623583,stable,0.0682624131441,0.00465975748375,0.113342285156,349.715698242,0.968087553978,0.031912426774,2.431519465917744,102.826940796,3.39026989836,5.89041155437,1.62397147782,350.0,0.031912426774,102.826940796,3.39026989836,5.89041155437,1.62397147782,349.658996582,0.108653761446,0,0,0,0,0,0
N12,85504,1.93886621315,stable,0.0724089220166,0.00524305226281,0.121566772461,349.854400635,0.968452572823,0.0315474164116,1.8650441732834406,100.892456985,3.43206521368,6.01574330124,2.56187607943,350.0,0.0315474164116,100.892456985,3.43206521368,6.01574330124,2.56187607943,349.715698242,0.0854697301984,0,0,0,0,0,0
N12,86016,1.95047619048,stable,0.0698956847191,0.00488540716469,0.117630004883,349.980499268,0.961314797401,0.0386851990167,1.8529301328060255,99.7405233708,3.47767996942,6.02112192462,2.63171146156,350.0,0.0386851990167,99.7405233708,3.47767996942,6.02112192462,2.63171146156,349.854400635,0.0768436342478,0,0,0,0,0,0
N12,86528,1.9620861678,stable,0.0701084285975,0.00491519179195,0.105331420898,349.707366943,0.960529446602,0.0394705451062,1.680322355776469,99.4005487967,3.51976731728,5.92348250471,3.1088391291,350.0,0.0394705451062,99.4005487967,3.51976731728,5.92348250471,3.1088391291,349.980499268,0.0653018504381,0,0,0,0,0,0
N12,87040,1.97369614512,stable,0.0675903558731,0.00456845667213,0.106628417969,349.875823975,0.964349865913,0.0356501501935,1.7862676221548264,99.495584066,3.52489435537,5.85196218558,2.80610285776,350.0,0.0356501501935,99.495584066,3.52489435537,5.85196218558,2.80610285776,349.707366943,0.0640704110265,0,0,0,0,0,0
N12,87552,1.98530612245,stable,0.0665335059166,0.00442670704797,0.10807800293,349.763397217,0.969868063927,0.0301319211177,2.2634043797640584,99.356276616,3.46894111908,5.82977290119,1.65914764295,350.0,0.0301319211177,99.356276616,3.46894111908,5.82977290119,1.65914764295,349.875823975,0.0567604415119,0,0,0,0,0,0
N12,88064,1.99691609977,stable,0.0656518340111,0.00431016320363,0.111557006836,349.807006836,0.973928749561,0.0260712570088,2.4257587551933253,98.5793516998,3.36123737448,5.79841048821,1.63096206848,350.0,0.0260712570088,98.5793516998,3.36123737448,5.79841048821,1.63096206848,349.763397217,0.100226044655,0,0,0,0,0,0
N12,88576,2.0085260771,stable,0.0665250271559,0.00442557968199,0.110504150391,349.890686035,0.969606280327,0.0303936955929,2.7192649637379134,97.1454840114,3.24574161594,5.72935902404,1.27423403421,350.0,0.0303936955929,97.1454840114,3.24574161594,5.72935902404,1.27423403421,349.807006836,0.064340904355,0,0,0,0,0,0
N12,89088,2.02013605442,stable,0.0617551282048,0.00381369586103,0.112609863281,350.028717041,0.961272060871,0.0387279585078,3.0703566447385735,95.6243506617,3.14333429888,5.53782821852,0.782583850843,350.0,0.0387279585078,95.6243506617,3.14333429888,5.53782821852,0.782583850843,349.890686035,0.109948769212,0,0,0,0,0,0
N12,89600,2.03174603175,stable,0.0610307008028,0.00372474640608,0.102661132812,349.759246826,0.958926081657,0.0410739169917,2.6491498976540657,94.1338882408,3.07488796839,5.23558704016,1.14029974686,350.0,0.0410739169917,94.1338882408,3.07488796839,5.23558704016,1.14029974686,350.028717041,0.0873298496008,0,0,0,0,0,0
N12,90112,2.04335600907,stable,0.0605561025441,0.00366704142652,0.09130859375,349.919219971,0.965269386768,0.0347306146404,2.926116820995235,92.3091643578,3.02166781836,5.00927483785,0.586321399077,350.0,0.0347306146404,92.3091643578,3.02166781836,5.00927483785,0.586321399077,349.759246826,0.104973196983,0,0,0,0,0,0
N12,90624,2.05496598639,stable,0.0613313578069,0.00376153551042,0.0999603271484,349.694061279,0.966255247593,0.0337447295865,3.117249027306541,90.2366207267,2.99860594651,4.96430545114,0.6439929706,350.0,0.0337447295865,90.2366207267,2.99860594651,4.96430545114,0.6439929706,349.919219971,0.0823474526405,0,0,0,0,0,0
N12,91136,2.06657596372,stable,0.0628653019667,0.00395204592496,0.0980072021484,349.934204102,0.963107407093,0.036892605411,2.975927949987337,88.4684468576,3.01733395725,5.01183640993,0.540656632785,350.0,0.036892605411,88.4684468576,3.01733395725,5.01183640993,0.540656632785,349.694061279,0.0605128034949,0,0,0,0,0,0
N12,91648,2.07818594104,stable,0.0607300661504,0.00368814077228,0.0974731445312,349.791442871,0.955352723598,0.044647293351,2.8135348463433894,87.4857572099,3.05015572269,5.09479356079,0.620075352373,350.0,0.044647293351,87.4857572099,3.05015572269,5.09479356079,0.620075352373,349.934204102,0.0681172087789,0,0,0,0,0,0
N12,92160,2.08979591837,stable,0.0575757548213,0.00331496773288,0.101409912109,350.013061523,0.953170120716,0.0468298551719,2.5332621601366894,87.0606565695,3.0852786626,5.16769860589,1.37996741206,350.0,0.0468298551719,87.0606565695,3.0852786626,5.16769860589,1.37996741206,349.791442871,0.085708335042,0,0,0,0,0,0
N12,92672,2.10140589569,stable,0.0610766485333,0.0037303569261,0.107269287109,349.972320557,0.952229321003,0.0477706877295,3.026853176715707,86.6759874404,3.11852038592,5.16597537321,0.881061515764,350.0,0.0477706877295,86.6759874404,3.11852038592,5.16597537321,0.881061515764,350.013061523,0.0869156122208,0,0,0,0,0,0
N12,93184,2.11301587302,stable,0.057803787291,0.00334127782844,0.09814453125,350.001708984,0.960357427597,0.0396425590145,2.5956377975354314,85.828211857,3.14286781857,5.11255095923,1.45525228356,350.0,0.0396425590145,85.828211857,3.14286781857,5.11255095923,1.45525228356,349.972320557,0.0766857117414,0,0,0,0,0,0
N12,93696,2.12462585034,stable,0.0560276098549,0.0031390930526,0.0987854003906,349.95111084,0.962112724781,0.0378872907632,2.382143600908802,84.6000762572,3.16025110856,5.01720754047,1.57238876253,350.0,0.0378872907632,84.6000762572,3.16025110856,5.01720754047,1.57238876253,350.001708984,0.0832538306713,0,0,0,0,0,0
N12,94208,2.13623582766,stable,0.0571522712708,0.00326638203114,0.0933227539062,350.011657715,0.958739340305,0.0412606754193,2.2301062198219546,83.4447217738,3.15128576668,4.86420498721,1.66668107466,350.0,0.0412606754193,83.4447217738,3.15128576668,4.86420498721,1.66668107466,349.95111084,0.0909781232476,0,0,0,0,0,0
N12,94720,2.14784580499,stable,0.0552484095097,0.0030523869209,0.0905609130859,349.999328613,0.957094907761,0.0429050905939,2.0946552756874124,82.5732814249,3.0854372756,4.72926356652,1.99253884271,350.0,0.0429050905939,82.5732814249,3.0854372756,4.72926356652,1.99253884271,350.011657715,0.111612431705,0,0,0,0,0,0
N12,95232,2.15945578231,stable,0.0552164763212,0.00304885907099,0.0938568115234,350.241851807,0.954758942127,0.0452410514331,2.529369968389565,81.8082691416,2.97257120732,4.69889409396,1.38141903494,350.0,0.0452410514331,81.8082691416,2.97257120732,4.69889409396,1.38141903494,349.999328613,0.0830307900906,0,0,0,0,0,0
N12,95744,2.17106575964,stable,0.0536011494696,0.00287308334373,0.0922393798828,349.83114624,0.957143127918,0.0428568948635,2.187488394427665,80.8685346425,2.85853711296,4.71548998529,1.68640291073,350.0,0.0428568948635,80.8685346425,2.85853711296,4.71548998529,1.68640291073,350.241851807,0.0592947565019,0,0,0,0,0,0
N12,96256,2.18267573696,stable,0.0548537299037,0.0030089316424,0.0983123779297,349.666687012,0.958401381969,0.041598638185,2.5137575497700104,79.6830503148,2.74375226337,4.71862897791,1.11744512089,350.0,0.041598638185,79.6830503148,2.74375226337,4.71862897791,1.11744512089,349.83114624,0.0729781836271,0,0,0,0,0,0
N12,96768,2.19428571429,stable,0.0536765493453,0.00288117188029,0.0937957763672,349.902099609,0.959803760052,0.0401962360836,2.62203414167907,78.5011514655,2.63979443237,4.67056275477,0.932297271094,350.0,0.0401962360836,78.5011514655,2.63979443237,4.67056275477,0.932297271094,349.666687012,0.0796185284853,0,0,0,0,0,0
N12,97280,2.20589569161,stable,0.0543195456266,0.0029506131541,0.0930633544922,349.999481201,0.954018712044,0.0459812691684,2.290724315167535,77.462325797,2.57419997555,4.541603021,1.47976013089,350.0,0.0459812691684,77.462325797,2.57419997555,4.541603021,1.47976013089,349.902099609,0.093829318881,0,0,0,0,0,0
N12,97792,2.21750566893,stable,0.0500444956124,0.0025044514332,0.082275390625,349.850830078,0.952717006207,0.0472830233458,2.256305828071844,76.5564697497,2.56639921904,4.38326453735,1.51624811979,350.0,0.0472830233458,76.5564697497,2.56639921904,4.38326453735,1.51624811979,349.999481201,0.0559473410249,0,0,0,0,0,0
N12,98304,2.22911564626,stable,0.0506727807224,0.00256773061119,0.0836791992188,350.080444336,0.949015021324,0.0509849506159,2.0263099399536126,75.7437045605,2.60989470999,4.29703261214,1.7748333606,350.0,0.0509849506159,75.7437045605,2.60989470999,4.29703261214,1.7748333606,349.850830078,0.093506783247,0,0,0,0,0,0
N12,98816,2.24072562358,stable,0.0488518215716,0.00238650059327,0.0756072998047,349.809295654,0.949401021004,0.050598955037,2.3911426156086186,74.7843032304,2.67907689354,4.26543579911,1.37515410563,350.0,0.050598955037,74.7843032304,2.67907689354,4.26543579911,1.37515410563,350.080444336,0.0795597285032,0,0,0,0,0,0
N12,99328,2.25233560091,stable,0.0503019355237,0.0025302846916,0.0851135253906,349.882354736,0.948125183582,0.0518747972744,1.844129202536788,73.4588353326,2.72803546389,4.21720510179,2.31866749468,350.0,0.0518747972744,73.4588353326,2.72803546389,4.21720510179,2.31866749468,349.809295654,0.103734500706,0,0,0,0,0,0
N12,99840,2.26394557823,stable,0.0511693321168,0.00261830049567,0.0906219482422,350.19934082,0.943835914135,0.0561641106297,1.7782253197624378,71.936930921,2.72015181395,4.16180341548,2.28076730226,350.0,0.0561641106297,71.936930921,2.72015181395,4.16180341548,2.28076730226,349.882354736,0.113619163632,0,0,0,0,0,0
N12,100352,2.27555555556,stable,0.0501657016575,0.00251659774221,0.0953063964844,350.028839111,0.943014800549,0.0569851867986,2.115643282975191,70.8698918359,2.6571552784,4.13780695293,1.49467130357,350.0,0.0569851867986,70.8698918359,2.6571552784,4.13780695293,1.49467130357,350.19934082,0.0679966136813,0,0,0,0,0,0
N12,100864,2.28716553288,stable,0.0488078705966,0.00238220836036,0.0793914794922,350.088653564,0.944130718708,0.0558693015394,2.1394770394146074,70.4213387621,2.57721708325,4.13311807856,1.48303401192,350.0,0.0558693015394,70.4213387621,2.57721708325,4.13311807856,1.48303401192,350.028839111,0.0637286230922,0,0,0,0,0,0
N12,101376,2.2987755102,stable,0.0483670346439,0.00233937008306,0.0789794921875,350.082611084,0.945464253426,0.054535762992,2.4737076806265375,70.363302448,2.50065983908,4.16668027931,1.03725708003,350.0,0.054535762992,70.363302448,2.50065983908,4.16668027931,1.03725708003,350.088653564,0.0921416133642,0,0,0,0,0,0
N12,101888,2.31038548753,stable,0.0470942892134,0.00221787206829,0.0755767822266,349.967773438,0.946568191051,0.0534317892225,2.0432736899920423,70.190753589,2.42876048853,4.17759392061,1.6486897137,350.0,0.0534317892225,70.190753589,2.42876048853,4.17759392061,1.6486897137,350.082611084,0.0760880857706,0,0,0,0,0,0
N12,102400,2.32199546485,stable,0.0449505969882,0.00202055624686,0.0779266357422,350.064849854,0.949242532253,0.0507574415214,2.0257827868520306,69.5353246116,2.39009473734,4.06885647373,1.64459217822,350.0,0.0507574415214,69.5353246116,2.39009473734,4.06885647373,1.64459217822,349.967773438,0.071744941175,0,0,0,0,0,0
N12,102912,2.33360544218,stable,0.0414876416326,0.00172122428194,0.0663299560547,350.177490234,0.946809649467,0.0531903672926,1.8871535280541538,68.2780014033,2.37299640966,3.87687702377,1.93055989712,350.0,0.0531903672926,68.2780014033,2.37299640966,3.87687702377,1.93055989712,350.064849854,0.0691224187613,0,0,0,0,0,0
N12,103424,2.3452154195,stable,0.0450786836445,0.00203208788298,0.0747680664062,349.855377197,0.951388776302,0.048611220138,1.6579143212091263,66.5871970963,2.37050101604,3.71156906049,2.53424768957,350.0,0.048611220138,66.5871970963,2.37050101604,3.71156906049,2.53424768957,350.177490234,0.0996586978436,0,0,0,0,0,0
N12,103936,2.35682539683,stable,0.0412054620683,0.00169789011125,0.0680389404297,350.170959473,0.955776691437,0.0442232856771,2.020575181359022,64.7967668494,2.39548757224,3.62713387376,1.75277992763,350.0,0.0442232856771,64.7967668494,2.39548757224,3.62713387376,1.75277992763,349.855377197,0.122743345797,0,0,0,0,0,0
N12,104448,2.36843537415,stable,0.0435569733381,0.00189720990602,0.0752105712891,349.906707764,0.95386749506,0.0461325033968,2.481513796578721,63.0069813195,2.41698988717,3.63451244296,0.895412905277,350.0,0.0461325033968,63.0069813195,2.41698988717,3.63451244296,0.895412905277,350.170959473,0.101556651294,0,0,0,0,0,0
N12,104960,2.38004535147,stable,0.0418330654502,0.00175000540912,0.0784149169922,349.973175049,0.948591709137,0.0514083028415,2.0911701839185994,61.5936167597,2.3880838357,3.63866255672,1.40573669752,350.0,0.0514083028415,61.5936167597,2.3880838357,3.63866255672,1.40573669752,349.906707764,0.0640014857054,0,0,0,0,0,0
N12,105472,2.3916553288,stable,0.0409736223519,0.00167883757968,0.0722045898438,350.123535156,0.943728625774,0.0562713476758,1.8303522228354874,60.6014845444,2.30779738149,3.55090354783,1.94740558897,350.0,0.0562713476758,60.6014845444,2.30779738149,3.55090354783,1.94740558897,349.973175049,0.0730510652065,0,0,0,0,0,0
N12,105984,2.40326530612,stable,0.0400483980775,0.00160387426149,0.0660095214844,349.882171631,0.944580256939,0.0554197223639,1.513534407632949,59.8252904919,2.20607970084,3.426881576,2.58174807843,350.0,0.0554197223639,59.8252904919,2.20607970084,3.426881576,2.58174807843,350.123535156,0.0764333084226,0,0,0,0,0,0
N12,106496,2.41487528345,stable,0.0417558327317,0.00174354959745,0.0690155029297,350.121002197,0.94218224287,0.0578177581094,1.5476807689861278,59.0203485876,2.12529490053,3.338137672,2.27208618816,350.0,0.0578177581094,59.0203485876,2.12529490053,3.338137672,2.27208618816,349.882171631,0.0870564132929,0,0,0,0,0,0
N12,107008,2.42648526077,stable,0.0402292348444,0.00161839125212,0.0701904296875,350.328826904,0.93413233757,0.0658676526345,1.685299903095414,58.1848289598,2.09191956957,3.2747082373,2.07357238905,350.0,0.0658676526345,58.1848289598,2.09191956957,3.2747082373,2.07357238905,350.121002197,0.0986944809556,0,0,0,0,0,0
N12,107520,2.4380952381,stable,0.0372677408159,0.00138888461515,0.0675354003906,350.214813232,0.927359461784,0.0726405564419,1.4960405914538697,57.3377989134,2.08107209965,3.24369528864,2.44761822531,350.0,0.0726405564419,57.3377989134,2.08107209965,3.24369528864,2.44761822531,350.328826904,0.0709898918867,0,0,0,0,0,0
N12,108032,2.44970521542,stable,0.0385051853955,0.00148264924064,0.0711364746094,350.592926025,0.919535577297,0.0804644291364,1.8954508082191697,56.3745367551,2.05764457066,3.25985961149,1.57125301043,350.0,0.0804644291364,56.3745367551,2.05764457066,3.25985961149,1.57125301043,350.214813232,0.104759611189,0,0,0,0,0,0
N12,108544,2.46131519274,stable,0.0365186184645,0.00133360957261,0.0655517578125,350.226226807,0.927660882473,0.0723391052294,2.362069582671765,55.3866057023,2.01795128559,3.27725308232,0.915030232855,350.0,0.0723391052294,55.3866057023,2.01795128559,3.27725308232,0.915030232855,350.592926025,0.110856480896,0,0,0,0,0,0
N12,109056,2.47292517007,stable,0.0356266312301,0.00126925692894,0.0668029785156,350.572723389,0.931221187115,0.0687788110135,2.2160327018822747,54.263658439,1.96373934651,3.24620363658,1.13852884182,350.0,0.0687788110135,54.263658439,1.96373934651,3.24620363658,1.13852884182,350.226226807,0.100352436304,0,0,0,0,0,0
N12,109568,2.48453514739,stable,0.0363720804453,0.001322928234,0.0644989013672,350.389404297,0.930656850338,0.069343171484,1.9991801743001139,53.1118154589,1.91226953395,3.19930238208,1.45321717335,350.0,0.069343171484,53.1118154589,1.91226953395,3.19930238208,1.45321717335,350.572723389,0.111706830561,0,0,0,0,0,0
N12,110080,2.49614512472,stable,0.037166249007,0.00138132995926,0.0763092041016,350.255249023,0.923553109169,0.0764468663947,1.7749067388426147,52.133890612,1.87692538607,3.15665112935,1.76573938474,350.0,0.0764468663947,52.133890612,1.87692538607,3.15665112935,1.76573938474,350.389404297,0.0925899893045,0,0,0,0,0,0
N12,119296,2.70512471655,release,0.0338586568832,0.00114640861284,0.0648040771484,350.782653809,0.860875546932,0.139124471245,1.8248915587305392,44.6568701807,1.5739167316,2.85221276637,1.13248241999,350.0,0.139124471245,44.6568701807,1.5739167316,2.85221276637,1.13248241999,351.059295654,0.112423725426,0,1,0,0,0,0
N12,119808,2.71673469388,release,0.033123165369,0.00109714409336,0.0672302246094,350.986877441,0.878128945827,0.121871083492,1.7735498131457068,44.8323141465,1.52871129819,2.71860956062,1.34721984506,350.0,0.121871083492,44.8323141465,1.52871129819,2.71860956062,1.34721984506,350.782653809,0.13986723125,0,1,0,0,0,0
N12,120320,2.7283446712,release,0.0311983190477,0.000973335118033,0.0593719482422,350.960174561,0.873581647873,0.126418341884,2.032235274308087,44.8849757922,1.52324207413,2.61469288769,0.772565074209,350.0,0.126418341884,44.8849757922,1.52324207413,2.61469288769,0.772565074209,350.986877441,0.0725684389472,0,1,0,0,0,0
N12,120832,2.73995464853,release,0.0316729769111,0.00100317737088,0.0637817382812,351.399780273,0.861084342003,0.138915680956,1.8057406788022456,41.6207137558,1.13690494528,1.28832517394,0.495986730216,352.8,0.138915680956,41.6207137558,1.13690494528,1.28832517394,0.495986730216,350.960174561,0.0852320119739,0,1,0,0,0,0
N12,121344,2.75156462585,release,0.0290233753622,0.000842356355861,0.0556945800781,351.267578125,0.870772600174,0.129227383661,1.831581562585809,44.0702916474,1.58384082467,2.59812809633,1.24976244502,350.0,0.129227383661,44.0702916474,1.58384082467,2.59812809633,1.24976244502,351.399780273,0.0909439623356,0,1,0,0,0,0
N12,121856,2.76317460317,release,0.0301166251302,0.000907011097297,0.0611572265625,351.07144165,0.861967980862,0.138032047446,1.7545656702844101,43.1983535768,1.6008359621,2.55671569762,1.40806942627,350.0,0.138032047446,43.1983535768,1.6008359621,2.55671569762,1.40806942627,351.267578125,0.102491118014,0,1,0,0,0,0
N12,122368,2.7747845805,release,0.0318258106709,0.00101288221776,0.0635223388672,351.417327881,0.852293670177,0.147706321319,1.283941645163302,39.3979534012,1.23477092375,1.17395930242,1.74490462913,352.8,0.147706321319,39.3979534012,1.23477092375,1.17395930242,1.74490462913,351.07144165,0.104410916567,0,1,0,0,0,0
N12,122880,2.78639455782,release,0.0295870881528,0.000875395839103,0.0584106445312,174.586105347,0.910101532936,0.0898984446779,1.3591770410289055,1.38414526343,41.6377238333,0.269446418589,1.6854409928,352.8,0.156820457754,38.6248217366,1.22633527485,1.29639683585,1.63012292666,351.417327881,0.133488833904,0,0,1,0,1,1
N12,123392,2.79800453515,release,0.0311459824443,0.000970072229393,0.0612030029297,174.710266113,0.913478434086,0.0865215459752,1.8962664249390717,0.514916156274,41.0990538146,0.225658862038,1.67881748908,352.8,0.152414693975,38.1978646035,1.22572418343,1.50784774725,0.854769855924,174.586105347,0.0954119935632,0,0,1,0,0,1
N12,123904,2.80961451247,release,0.0308800078928,0.000953574839514,0.0555419921875,351.023193359,0.862478196621,0.137521814156,1.5800614939929178,41.2254078167,1.58321758363,2.66800181528,1.78753941593,350.0,0.137521814156,41.2254078167,1.58321758363,2.66800181528,1.78753941593,174.710266113,0.111727781594,0,1,0,0,1,1
N12,124416,2.8212244898,release,0.0315752029419,0.000996993388981,0.0608673095703,351.348968506,0.855001747608,0.144998246828,1.5106126387971668,41.6423226076,1.55096132989,2.62194060466,2.02824094653,350.0,0.144998246828,41.6423226076,1.55096132989,2.62194060466,2.02824094653,351.023193359,0.0950925052166,0,1,0,0,0,0
N12,124928,2.83283446712,release,0.0293798130006,0.000863173452672,0.0557403564453,351.107727051,0.863304853439,0.136695160143,1.376249050000614,42.0830981921,1.50513669284,2.52980958556,2.19902618041,350.0,0.136695160143,42.0830981921,1.50513669284,2.52980958556,2.19902618041,351.348968506,0.0843352302909,0,1,0,0,0,0
N12,125440,2.84444444444,release,0.0312381777912,0.000975823728368,0.0598754882812,351.143981934,0.866007506847,0.133992516934,1.2836414017575315,42.2401683706,1.46170930301,2.45925421,2.09205701025,350.0,0.133992516934,42.2401683706,1.46170930301,2.45925421,2.09205701025,351.107727051,0.107527501881,0,1,0,0,0,0
N12,125952,2.85605442177,release,0.0264426823705,0.000699215452187,0.0582427978516,351.300750732,0.864372253418,0.135627774938,1.5606950057488955,42.0220188907,1.44354637027,2.46886736449,1.51370857668,350.0,0.135627774938,42.0220188907,1.44354637027,2.46886736449,1.51370857668,351.143981934,0.0750180333853,0,1,0,0,0,0
N12,126464,2.86766439909,release,0.0301458872855,0.000908774556592,0.0525817871094,350.849822998,0.88038110733,0.1196189111,1.2882515038393434,41.3576310632,1.43985583265,2.49354886491,2.16331232054,350.0,0.1196189111,41.3576310632,1.43985583265,2.49354886491,2.16331232054,351.300750732,0.115883819759,0,1,0,0,0,0
N12,126976,2.87927437642,release,0.0299054123461,0.000894333701581,0.0506286621094,351.109863281,0.859118998051,0.1408810188,1.2319356071869274,40.5844297526,1.43432888749,2.47303154187,2.22933174274,350.0,0.1408810188,40.5844297526,1.43432888749,2.47303154187,2.22933174274,350.849822998,0.135279551148,0,1,0,0,0,0
N12,127488,2.89088435374,release,0.0275265090168,0.000757708738092,0.0578765869141,174.501968384,0.902380108833,0.0976198944018,1.3883326366414988,1.75196817015,39.8922789107,0.204955933966,1.68179924921,350.0,0.156809101987,39.8215628625,1.41858608113,2.46324989811,1.90658269668,351.109863281,0.123356215656,0,0,1,0,1,1
N12,128000,2.90249433107,release,0.0301423221827,0.0009085595957,0.0628967285156,174.48236084,0.885591387749,0.114408628793,1.1259999307553494,1.91358768828,39.145880152,0.134858501825,2.66165586356,352.8,0.19891721043,36.4099562335,1.02193895755,1.22450577638,2.19323698323,174.501968384,0.132076740265,0,1,1,0,0,1
N12,128512,2.91410430839,release,0.0284049194306,0.000806839496363,0.0511016845703,174.421005249,0.889171600342,0.110828398103,1.4569158011131176,1.27351637404,38.5526451959,0.164006421922,2.80845315366,352.8,0.188347134851,35.6864949423,0.956297018726,1.26964917387,1.72584401508,174.48236084,0.114035516977,0,1,1,0,0,1
N12,129024,2.92571428571,release,0.0292461849749,0.000855339341797,0.0585174560547,174.535140991,0.888793170452,0.111206854656,1.3686095382054855,1.34357574592,38.2465843599,0.198778509153,2.32037597438,352.8,0.19524651281,35.2582031802,1.01298680722,1.28132450524,1.60168055504,174.421005249,0.0995322093368,0,1,1,0,0,1
N12,129536,2.93732426304,release,0.0287861023098,0.000828639720567,0.0565643310547,174.56362915,0.885213494301,0.114786477494,1.6904323706682147,0.514664864389,38.2304610966,0.218920846086,1.23957805414,352.8,0.21889664814,35.4084004546,1.05565418229,1.15582183635,0.916346006141,174.535140991,0.171048313379,0,1,1,0,0,1
N12,130048,2.94893424036,release,0.0308165010065,0.000949656707235,0.0605926513672,174.300567627,0.893178761005,0.106821232648,1.0933663133996139,1.39224134855,38.3599104709,0.212619698665,1.39292741819,352.8,0.228898330437,35.8503631613,1.03782824143,1.01336936219,1.61011970341,174.56362915,0.116195484996,0,1,1,0,0,1
N12,130560,2.96054421769,release,0.0282161869109,0.000796153151896,0.0633850097656,174.218658447,0.879890620708,0.120109391147,0.9380378393333029,1.76996400766,38.6092556679,0.246247452283,2.06189947334,352.8,0.269129852186,36.2799635617,1.02520783683,1.04965709334,1.87690335408,174.300567627,0.102757699788,0,1,1,0,0,1
N12,131072,2.97215419501,release,0.0317582860589,0.00100858870428,0.0709991455078,174.257736206,0.886709034443,0.113290963924,1.1158181656755914,1.37232082817,38.6668121667,0.344318417575,1.96287316552,352.8,0.282048428027,36.2133203131,1.03272622679,1.1749415271,1.59739668864,174.218658447,0.125396177173,0,0,1,0,0,1
N12,131584,2.98376417234,release,0.0301031339914,0.000906198634766,0.0606384277344,174.089416504,0.877259612083,0.1227404032,1.0903124020721422,1.30119956623,38.5465494002,0.434813179825,1.49209088897,352.8,0.305207841705,35.8051785991,1.05993628698,1.18127992932,1.22928020002,174.257736206,0.154561281204,0,1,1,0,0,1
N12,132096,2.99537414966,release,0.0278667211533,0.000776554108597,0.0617523193359,174.196060181,0.885803163052,0.114196837304,1.3750922310869276,0.772062469371,38.2267846929,0.423783397886,0.770976533479,352.8,0.29807771019,35.3486276351,1.04828980939,1.04685873723,0.429018081794,174.089416504,0.115085333586,0,0,1,0,0,1
N12,132608,3.00698412698,release,0.026685828343,0.000712133420166,0.0526275634766,174.083145142,0.884548127651,0.115451849156,0.9728196135700649,1.29945395507,37.8952999993,0.302602584462,1.27377691244,352.8,0.318637924614,35.0801757567,1.00811729414,1.06987095256,1.30963088599,174.196060181,0.135158732533,0,0,1,0,0,1
N12,133120,3.01859410431,release,0.0287674702704,0.00082756736083,0.0569000244141,173.934509277,0.886429786682,0.113570208739,1.30621583442412,0.91183939446,36.879003531,0.215763176649,1.68125940547,352.8,0.333993275605,34.8185647125,1.00197650051,1.26348417235,1.06157102866,174.083145142,0.0969931557775,0,0,1,0,0,1
N12,133632,3.03020408163,release,0.0250206273049,0.000626031775028,0.0535736083984,173.945526123,0.885713160038,0.114286835158,1.1336684534740091,1.14982364531,36.4920952883,0.181731657696,1.59957733628,352.8,0.326796944446,34.4574581579,1.00760169019,1.2527996236,1.31468650157,173.934509277,0.186030715704,0,0,1,0,0,1
N12,134144,3.04181405896,release,0.0257391855121,0.000662505626678,0.0573272705078,174.129074097,0.886024057865,0.113975913825,0.9412828638744264,1.23388965328,36.6402333285,0.148834069061,1.08270002793,352.8,0.331984503573,33.9457375861,1.01664929465,0.94619702833,1.26165791228,173.945526123,0.101264312863,0,0,1,0,0,1
N12,134656,3.05342403628,release,0.029619993642,0.000877344049513,0.0626983642578,173.956253052,0.88208091259,0.117919102466,1.3638109032619683,0.73991283721,35.3491483662,0.0709906432006,1.25457467289,352.8,0.325050622457,33.396163118,1.00812370692,0.826850859712,0.814968812596,174.129074097,0.118389084935,0,1,1,0,0,1
N12,135168,3.06503401361,release,0.0259774513543,0.000674828013871,0.0554046630859,174.113189697,0.891857683659,0.108142311635,0.9057527278290363,1.51930397055,35.4179627954,0.021911776006,1.44262832749,352.8,0.309245592189,32.9839428117,0.982355428605,1.13182321341,1.55446255091,173.956253052,0.104224562645,0,1,1,0,0,1
N12,135680,3.07664399093,release,0.0278123561293,0.000773527193815,0.0607147216797,174.263061523,0.890168428421,0.109831600301,1.0418270146175495,1.21325360567,34.9917438022,0.0770201322687,1.10868648828,352.8,0.296204563473,32.6819243757,0.992708532036,1.33578149856,1.35183088905,174.113189697,0.111820690334,0,1,1,0,0,1
N12,136192,3.08825396825,release,0.0285552274436,0.000815400970168,0.0562591552734,174.12020874,0.889161527157,0.110838483838,1.7728022957107907,0.442556302845,34.8336662112,0.143184081515,1.77816528973,352.8,0.293484999244,32.5178908871,1.00290850928,1.29883992562,0.65190872224,174.263061523,0.146805256605,0,0,1,0,0,1
N12,136704,3.09986394558,release,0.02511639148,0.000630833150353,0.0494232177734,174.247756958,0.876040399075,0.12395961027,1.4440473545934052,1.00442474235,34.7792296829,0.170789106546,2.52064710822,352.8,0.308393310338,32.3154739977,0.979557413075,1.14915752242,0.941284265056,174.12020874,0.0818521231413,0,0,1,0,0,1
N12,137216,3.1114739229,release,0.0263815149665,0.000695984344929,0.052734375,174.237670898,0.863622844219,0.136377140032,1.6665948075453527,0.791653698202,34.7264552544,0.180999060358,2.67799467981,352.8,0.321141475476,32.0735268084,0.995668475564,1.07313016638,0.580507530274,174.247756958,0.104499354959,0,1,1,0,0,1
N12,137728,3.12308390023,release,0.0249478928745,0.000622397405095,0.041748046875,174.237930298,0.873799264431,0.126200710684,1.604171477876637,0.732797992471,34.5952644237,0.150588075061,2.14678405892,352.8,0.318145181523,31.9682540044,1.03288355773,1.09525107453,0.646774016755,174.237670898,0.125323355198,0,0,1,0,0,1
N12,138240,3.13469387755,release,0.0263643786311,0.000695080438163,0.0568695068359,174.035629272,0.864473283291,0.135526698013,1.8002310872614447,0.553715738239,34.4248350326,0.0508752666246,1.91474590665,352.8,0.309015034395,32.0231998269,1.02170119008,1.07980282394,0.442445920015,174.237930298,0.114399619401,0,1,1,0,0,1
N12,138752,3.14630385488,release,0.0262456424534,0.000688833766617,0.0583648681641,174.301727295,0.872303187847,0.127696826578,1.6099667061546037,0.71207410495,34.247832069,0.0730831497049,1.98871831302,352.8,0.303342438368,32.0028340939,0.968956688261,1.01571881914,0.682741427046,174.035629272,0.116314530373,0,1,1,0,0,1
N12,139264,3.1579138322,release,0.0286075230688,0.000818390399218,0.0549011230469,174.025588989,0.878890275955,0.121109746395,1.369805008146379,0.903980793646,34.0384681867,0.181334960674,2.23975910011,352.8,0.327985290595,31.7064249133,0.891822904504,1.14631948948,0.964593142305,174.301727295,0.141643181443,0,1,1,0,0,1
N12,139776,3.16952380952,release,0.0266364160925,0.000709498708602,0.0550689697266,173.881271362,0.87175899744,0.12824099523,1.9217558675140307,0.363646774488,33.3419288751,0.239114193871,2.23116450428,352.8,0.354361148786,31.2913791503,0.858067418922,1.28518798076,0.154100645591,174.025588989,0.0801496580243,0,0,1,0,0,1
N12,140288,3.18113378685,release,0.024148825556,0.000583165732678,0.0413818359375,174.222518921,0.869807183743,0.130192813376,1.1482963081408535,0.736708796579,33.8207909704,0.194739236799,1.76501628365,352.8,0.333207700641,31.068555094,0.868763736206,1.10787830189,0.820498164516,173.881271362,0.13075979054,0,0,1,0,0,1
N12,140800,3.19274376417,release,0.0257210638374,0.000661573081743,0.0463409423828,173.933059692,0.859301805496,0.140698204758,0.9729206699470434,0.673703340685,33.1933425789,0.0167272516183,1.78114409444,352.8,0.323275396426,31.1251317964,0.896357889678,0.783865447726,0.823026639602,174.222518921,0.121825769544,0,1,1,0,0,1
N12,141312,3.2043537415,release,0.0241927690804,0.000585290079471,0.0417327880859,174.22857666,0.869850337505,0.130149669807,1.0509058172328372,1.08057080653,33.5832273399,0.347654983563,2.11193056035,352.8,0.296525541316,31.167779119,0.957051714847,0.8032745835,0.99766568997,173.933059692,0.0919444710016,0,1,1,0,0,1
N12,141824,3.21596371882,release,0.0244118180126,0.000595936900936,0.0530395507812,174.09677124,0.854070365429,0.145929608722,1.0288781512361027,1.22047581447,33.3490840026,0.67225170287,1.57372592332,352.8,0.318211937246,31.1103857027,1.01505504185,0.964670854625,1.19467295888,174.22857666,0.165644794703,0,1,1,0,0,1
N12,142336,3.22757369615,release,0.0283106379211,0.000801492191385,0.0604553222656,0.0,0.0,,1.4396407288974227,,,,,0.0,,,,,,174.09677124,0.106740728021,0,0,0,0,0,0
N12,142848,3.23918367347,release,0.0248825699091,0.000619142258074,0.0550384521484,0.0,0.0,,1.1181874580320947,,,,,0.0,,,,,,174.09677124,0.119379028678,0,0,0,0,0,0
N12,143360,3.25079365079,release,0.0255756527185,0.000654114002828,0.0533447265625,0.0,0.0,,0.9053654168523015,,,,,0.0,,,,,,174.09677124,0.155769959092,0,0,0,0,0,0
N12,143872,3.26240362812,release,0.0236989893019,0.000561642111279,0.053955078125,174.41847229,0.8519282341,0.148071778893,0.9439843510546386,1.33052702653,32.0633363512,0.678113549313,1.75987751892,352.8,0.305451090952,29.7435529202,1.00300047261,1.07993775396,1.61281253172,174.09677124,0.105749957263,0,0,1,0,0,1
N12,144384,3.27401360544,release,0.0286945160478,0.000823375245091,0.0619506835938,0.0,0.0,,0.5546263915691041,,,,,0.0,,,,,,174.41847229,0.127723678946,0,0,0,0,0,0
N12,144896,3.28562358277,release,0.0251087900251,0.000630451308098,0.049560546875,0.0,0.0,,0.13353034582868717,,,,,0.0,,,,,,174.41847229,0.11321978271,0,0,0,0,0,0
N12,145408,3.29723356009,release,0.0280091539025,0.000784512667451,0.0522003173828,0.0,0.0,,0.5279350562720886,,,,,0.0,,,,,,174.41847229,0.137095406651,0,0,0,0,0,0
N12,150016,3.40172335601,background,0.0307201445103,0.00094372726744,0.0590209960938,0.0,0.0,,1.0779656883577409,,,,,0.0,,,,,,174.41847229,0.151240766048,0,0,0,0,0,0
N12,150528,3.41333333333,background,0.0274412576109,0.000753022613935,0.0610504150391,0.0,0.0,,1.5369719883326756,,,,,0.0,,,,,,174.41847229,0.112539827824,0,0,0,0,0,0
N12,151040,3.42494331066,background,0.0246398802847,0.000607123714872,0.0469207763672,0.0,0.0,,0.8527421951171827,,,,,0.0,,,,,,174.41847229,0.11074732244,0,0,0,0,0,0
N12,151552,3.43655328798,background,0.0252870712429,0.000639435951598,0.0496673583984,0.0,0.0,,0.20646622899711708,,,,,0.0,,,,,,174.41847229,0.140967220068,0,0,0,0,0,0
N12,152064,3.44816326531,background,0.0244501233101,0.000597808510065,0.0444183349609,0.0,0.0,,0.5438300883277607,,,,,0.0,,,,,,174.41847229,0.123867295682,0,0,0,0,0,0
N12,152576,3.45977324263,background,0.0235357098281,0.000553929654416,0.0458526611328,0.0,0.0,,0.11921119347779574,,,,,0.0,,,,,,174.41847229,0.119821384549,0,0,0,0,0,0
N12,153088,3.47138321995,background,0.0264832433313,0.000701362150721,0.0563812255859,0.0,0.0,,1.009958899834647,,,,,0.0,,,,,,174.41847229,0.139598637819,0,0,0,0,0,0
N12,153600,3.48299319728,background,0.0263139214367,0.000692422443535,0.0460205078125,0.0,0.0,,0.8181471692006186,,,,,0.0,,,,,,174.41847229,0.126557558775,0,0,0,0,0,0
N12,154112,3.4946031746,background,0.0248653162271,0.000618283927906,0.0517578125,173.808517456,0.854590117931,0.145409899208,0.03585507283735545,2.88642015228,30.6870555931,0.448640925535,2.28195584223,173.622047244,0.145409899208,2.88642015228,30.6870555931,0.448640925535,2.28195584223,174.41847229,0.12749029696,0,0,0,1,0,0
N12,154624,3.50621315193,background,0.0276143047959,0.000762549869251,0.0568237304688,0.0,0.0,,0.16541778088581394,,,,,0.0,,,,,,173.808517456,0.13721396029,0,0,0,0,0,0
N12,155136,3.51782312925,background,0.0247975084931,0.000614916440099,0.0512847900391,0.0,0.0,,0.26238623381081894,,,,,0.0,,,,,,173.808517456,0.114325843751,0,0,0,0,0,0
N12,155648,3.52943310658,background,0.0240714978427,0.000579437008128,0.0566101074219,0.0,0.0,,0.4775689513008885,,,,,0.0,,,,,,173.808517456,0.123054973781,0,0,0,0,0,0
N12,156160,3.5410430839,background,0.0252753291279,0.000638842291664,0.0504150390625,0.0,0.0,,0.41876193197564593,,,,,0.0,,,,,,173.808517456,0.120903387666,0,0,0,0,0,0
N12,156672,3.55265306122,background,0.0234713498503,0.000550904253032,0.0466918945312,0.0,0.0,,0.3927907453958035,,,,,0.0,,,,,,173.808517456,0.135970070958,0,0,0,0,0,0
N12,157184,3.56426303855,background,0.0236923992634,0.000561329768971,0.0586090087891,0.0,0.0,,0.34643204275646755,,,,,0.0,,,,,,173.808517456,0.134839460254,0,0,0,0,0,0
N12,157696,3.57587301587,background,0.026709953323,0.000713421613909,0.0584869384766,0.0,0.0,,0.23221425302008925,,,,,0.0,,,,,,173.808517456,0.170934915543,0,0,0,0,0,0
N12,158208,3.5874829932,background,0.0273596867919,0.0007485524402,0.0628662109375,0.0,0.0,,0.41600936337748795,,,,,0.0,,,,,,173.808517456,0.142831861973,0,0,0,0,0,0
N12,158720,3.59909297052,background,0.0268049780279,0.00071850680979,0.0577239990234,0.0,0.0,,0.17926399008282878,,,,,0.0,,,,,,173.808517456,0.169632658362,0,0,0,0,0,0
N12,159232,3.61070294785,background,0.0245917662978,0.000604754954111,0.0506134033203,0.0,0.0,,0.12056637510613233,,,,,0.0,,,,,,173.808517456,0.11039301753,0,0,0,0,0,0
N12,159744,3.62231292517,background,0.0274715237319,0.000754684617277,0.0520324707031,0.0,0.0,,0.4783912816908391,,,,,0.0,,,,,,173.808517456,0.143620669842,0,0,0,0,0,0
N12,160256,3.63392290249,background,0.0237180199474,0.000562544446439,0.0448760986328,0.0,0.0,,0.37072336444324594,,,,,0.0,,,,,,173.808517456,0.12302313745,0,0,0,0,0,0
N12,160768,3.64553287982,background,0.0286319106817,0.000819786277134,0.0536346435547,0.0,0.0,,1.0175176855884582,,,,,0.0,,,,,,173.808517456,0.16453269124,0,0,0,0,0,0
N12,161280,3.65714285714,background,0.0259032770991,0.000670979730785,0.0503082275391,0.0,0.0,,0.9276027888798137,,,,,0.0,,,,,,173.808517456,0.137030214071,0,0,0,0,0,0
N12,161792,3.66875283447,background,0.0214997213334,0.000462238007458,0.0407409667969,0.0,0.0,,1.008881200691148,,,,,0.0,,,,,,173.808517456,0.19120875001,0,0,0,0,0,0
N12,162304,3.68036281179,background,0.0274226982147,0.000752004329115,0.0498046875,0.0,0.0,,0.8550956887818626,,,,,0.0,,,,,,173.808517456,0.134454220533,0,0,0,0,0,0
N12,162816,3.69197278912,background,0.0290229655802,0.000842332548928,0.0525360107422,0.0,0.0,,0.5254542723529299,,,,,0.0,,,,,,173.808517456,0.170028805733,0,0,0,0,0,0
N12,163328,3.70358276644,background,0.0307222977281,0.000943859631661,0.0674133300781,0.0,0.0,,0.09873001146790572,,,,,0.0,,,,,,173.808517456,0.158892825246,0,0,0,0,0,0
N12,163840,3.71519274376,background,0.034719593823,0.00120545027312,0.0700531005859,0.0,0.0,,0.6577321126223217,,,,,0.0,,,,,,173.808517456,0.197944417596,0,0,0,0,0,0
N12,164352,3.72680272109,background,0.0271222256124,0.00073561508907,0.0676879882812,0.0,0.0,,0.7216692371019211,,,,,0.0,,,,,,173.808517456,0.118441984057,0,0,0,0,0,0
N12,164864,3.73841269841,background,0.0242384858429,0.000587504182477,0.0509643554688,0.0,0.0,,0.3614965215272179,,,,,0.0,,,,,,173.808517456,0.137079402804,0,0,0,0,0,0
N12,165376,3.75002267574,background,0.0234468095005,0.000549752905499,0.0503082275391,0.0,0.0,,,,,,,0.0,,,,,,173.808517456,0.122280329466,0,0,0,0,0,0
N12,165888,3.76163265306,background,0.0301110912114,0.000906677858438,0.0613555908203,0.0,0.0,,0.012893534405375107,,,,,0.0,,,,,,173.808517456,0.173671513796,0,0,0,0,0,0
N12,166400,3.77324263039,background,0.0273242648691,0.000746615463868,0.0594635009766,0.0,0.0,,,,,,,0.0,,,,,,173.808517456,0.157904431224,0,0,0,0,0,0
N12,166912,3.78485260771,background,0.0311056859791,0.00096756365383,0.0689086914062,0.0,0.0,,,,,,,0.0,,,,,,173.808517456,0.135735318065,0,0,0,0,0,0
N12,167424,3.79646258503,background,0.0271149929613,0.000735222827643,0.0542449951172,0.0,0.0,,0.06921685663335886,,,,,0.0,,,,,,173.808517456,0.112856216729,0,0,0,0,0,0
N12,167936,3.80807256236,background,0.022699713707,0.000515276973601,0.0468902587891,0.0,0.0,,0.37088833007726585,,,,,0.0,,,,,,173.808517456,0.204576894641,0,0,0,0,0,0
N12,168448,3.81968253968,background,0.0252671390772,0.00063842831878,0.0489196777344,0.0,0.0,,0.20419704642948489,,,,,0.0,,,,,,173.808517456,0.128013908863,0,0,0,0,0,0
N12,168960,3.83129251701,background,0.0254944544286,0.000649967230856,0.0551300048828,0.0,0.0,,0.20229909568973237,,,,,0.0,,,,,,173.808517456,0.112655371428,0,0,0,0,0,0
N12,169472,3.84290249433,background,0.0242693573236,0.000589001690969,0.0477447509766,0.0,0.0,,0.7117855453839588,,,,,0.0,,,,,,173.808517456,0.126531600952,0,0,0,0,0,0
N12,169984,3.85451247166,background,0.025490924716,0.000649787252769,0.0574493408203,0.0,0.0,,0.7909341070363736,,,,,0.0,,,,,,173.808517456,0.148771762848,0,0,0,0,0,0
N12,170496,3.86612244898,background,0.0291486065835,0.000849641219247,0.0617980957031,0.0,0.0,,0.4142486157475551,,,,,0.0,,,,,,173.808517456,0.181173786521,0,0,0,0,0,0
N12,171008,3.8777324263,background,0.0258767623454,0.000669606844895,0.0571594238281,0.0,0.0,,0.5111038608888712,,,,,0.0,,,,,,173.808517456,0.117851085961,0,0,0,0,0,0
N12,171520,3.88934240363,background,0.0270179845393,0.000729971507099,0.0650024414062,0.0,0.0,,0.5175202236774137,,,,,0.0,,,,,,173.808517456,0.137705847621,0,0,0,0,0,0
N12,172032,3.90095238095,background,0.0244848951697,0.000599510094617,0.0485534667969,0.0,0.0,,0.49051323445695805,,,,,0.0,,,,,,173.808517456,0.114590331912,0,0,0,0,0,0
N12,172544,3.91256235828,background,0.0253741908818,0.000643849605694,0.0459747314453,0.0,0.0,,0.3272403069127181,,,,,0.0,,,,,,173.808517456,0.131294757128,0,0,0,0,0,0
N12,173056,3.9241723356,background,0.0215524844825,0.000464509619633,0.0491638183594,0.0,0.0,,0.33823893589400944,,,,,0.0,,,,,,173.808517456,0.121196039021,0,0,0,0,0,0
N12,173568,3.93578231293,background,0.025977358222,0.000674823124427,0.0503997802734,0.0,0.0,,0.44729883767632295,,,,,0.0,,,,,,173.808517456,0.138445645571,0,0,0,0,0,0
N12,174080,3.94739229025,background,0.0234653297812,0.000550621713046,0.0483093261719,0.0,0.0,,0.13595492994904612,,,,,0.0,,,,,,173.808517456,0.0918109044433,0,0,0,0,0,0
N12,174592,3.95900226757,background,0.0261193327606,0.0006822195719,0.0509033203125,0.0,0.0,,0.0388862976766946,,,,,0.0,,,,,,173.808517456,0.15360674262,0,0,0,0,0,0
N12,175104,3.9706122449,background,0.028409903869,0.000807122676633,0.0563049316406,0.0,0.0,,0.012219958654790197,,,,,0.0,,,,,,173.808517456,0.13228918612,0,0,0,0,0,0
N12,175616,3.98222222222,background,0.0216681621969,0.000469509279355,0.0467987060547,0.0,0.0,,0.01511092519473034,,,,,0.0,,,,,,173.808517456,0.172603726387,0,0,0,0,0,0
N12,176128,3.99383219955,background,0.0272647291422,0.000743365497328,0.0596008300781,0.0,0.0,,0.031528441494517834,,,,,0.0,,,,,,173.808517456,0.139993607998,0,0,0,0,0,0
N12,176640,4.00544217687,background,0.0257875714451,0.000664998835418,0.0502014160156,0.0,0.0,,1.000606567749748,,,,,0.0,,,,,,173.808517456,0.127985045314,0,0,0,0,0,0
N12,177152,4.0170521542,background,0.0245638657361,0.000603383465204,0.0519256591797,0.0,0.0,,1.2846101312698972,,,,,0.0,,,,,,173.808517456,0.130416154861,0,0,0,0,0,0
N12,177664,4.02866213152,background,0.0263939145952,0.000696638773661,0.0513763427734,0.0,0.0,,0.9341550445580697,,,,,0.0,,,,,,173.808517456,0.19509139657,0,0,0,0,0,0
N12,178176,4.04027210884,background,0.0308310110122,0.00095055118436,0.0629119873047,0.0,0.0,,0.6871842619953701,,,,,0.0,,,,,,173.808517456,0.156057193875,0,0,0,0,0,0
N12,178688,4.05188208617,background,0.0314223319292,0.000987362931482,0.0730438232422,0.0,0.0,,1.0779147797736777,,,,,0.0,,,,,,173.808517456,0.151820793748,0,0,0,0,0,0
N12,179200,4.06349206349,background,0.0317268520594,0.00100659322925,0.0633392333984,0.0,0.0,,,,,,,0.0,,,,,,173.808517456,0.152254074812,0,0,0,0,0,0
N12,179712,4.07510204082,background,0.0306260325015,0.000937953824177,0.0597076416016,0.0,0.0,,,,,,,0.0,,,,,,173.808517456,0.167285621166,0,0,0,0,0,0
N12,180224,4.08671201814,background,0.0232441741973,0.000540291657671,0.052490234375,0.0,0.0,,,,,,,0.0,,,,,,173.808517456,0.137578770518,0,0,0,0,0,0
N12,180736,4.09832199546,background,0.0230298805982,0.000530375400558,0.053466796875,0.0,0.0,,,,,,,0.0,,,,,,173.808517456,0.135001808405,0,0,0,0,0,0
N12,181248,4.10993197279,background,0.0284792166203,0.000811065779999,0.0528717041016,0.0,0.0,,,,,,,0.0,,,,,,173.808517456,0.130053833127,0,0,0,0,0,0
N12,181760,4.12154195011,background,0.0252301674336,0.000636561366264,0.0594329833984,0.0,0.0,,,,,,,0.0,,,,,,173.808517456,0.181909814477,0,0,0,0,0,0
N12,182272,4.13315192744,background,0.0307913534343,0.000948107393924,0.0591430664062,0.0,0.0,,,,,,,0.0,,,,,,173.808517456,0.156562998891,0,0,0,0,0,0
N12,182784,4.14476190476,background,0.0261698234826,0.000684859638568,0.0508422851562,0.0,0.0,,,,,,,0.0,,,,,,173.808517456,0.128373548388,0,0,0,0,0,0
N12,183296,4.15637188209,background,0.0286570861936,0.000821228546556,0.0546722412109,0.0,0.0,,,,,,,0.0,,,,,,173.808517456,0.141056492925,0,0,0,0,0,0
N12,183808,4.16798185941,background,0.0283714402467,0.000804938666988,0.0608520507812,0.0,0.0,,,,,,,0.0,,,,,,173.808517456,0.117605857551,0,0,0,0,0,0
N12,184320,4.17959183673,background,0.0259714853019,0.000674518058077,0.0548095703125,0.0,0.0,,,,,,,0.0,,,,,,173.808517456,0.111793629825,0,0,0,0,0,0
N12,184832,4.19120181406,background,0.0221883226186,0.000492321676575,0.0452423095703,0.0,0.0,,,,,,,0.0,,,,,,173.808517456,0.140024423599,0,0,0,0,0,0
N12,185344,4.20281179138,background,0.0288043115288,0.000829688331578,0.0591583251953,0.0,0.0,,,,,,,0.0,,,,,,173.808517456,0.162043198943,0,0,0,0,0,0
N12,185856,4.21442176871,background,0.0252491831779,0.0006375212688,0.0480804443359,0.0,0.0,,,,,,,0.0,,,,,,173.808517456,0.168442800641,0,0,0,0,0,0
N12,186368,4.22603174603,background,0.0284043699503,0.000806808238849,0.0621643066406,0.0,0.0,,,,,,,0.0,,,,,,173.808517456,0.117541871965,0,0,0,0,0,0
N12,186880,4.23764172336,background,0.0271839927882,0.000738969480153,0.0481262207031,0.0,0.0,,,,,,,0.0,,,,,,173.808517456,0.18366971612,0,0,0,0,0,0
N12,187392,4.24925170068,background,0.0229841452092,0.000528270902578,0.0462341308594,0.0,0.0,,,,,,,0.0,,,,,,173.808517456,0.109285153449,0,0,0,0,0,0
N12,187904,4.260861678,background,0.0298396274447,0.000890403345693,0.0591583251953,0.0,0.0,,,,,,,0.0,,,,,,173.808517456,0.105037115514,0,0,0,0,0,0
N12,188416,4.27247165533,background,0.0213692523539,0.00045664497884,0.0448760986328,0.0,0.0,,,,,,,0.0,,,,,,173.808517456,0.135386124253,0,0,0,0,0,0
N12,188928,4.28408163265,background,0.0279807522893,0.00078292255057,0.0589447021484,0.0,0.0,,,,,,,0.0,,,,,,173.808517456,0.159622788429,0,0,0,0,0,0
N12,189440,4.29569160998,background,0.0231649633497,0.000536615494639,0.0521240234375,0.0,0.0,,,,,,,0.0,,,,,,173.808517456,0.127399429679,0,0,0,0,0,0
N12,189952,4.3073015873,background,0.0241920091212,0.000585253292229,0.0472564697266,0.0,0.0,,,,,,,0.0,,,,,,173.808517456,0.179205611348,0,0,0,0,0,0
N12,190464,4.31891156463,background,0.0300421696156,0.000902531959582,0.0596008300781,0.0,0.0,,,,,,,0.0,,,,,,173.808517456,0.11593914032,0,0,0,0,0,0
N12,190976,4.33052154195,background,0.0218334142119,0.000476697954582,0.0440979003906,0.0,0.0,,,,,,,0.0,,,,,,173.808517456,0.140231713653,0,0,0,0,0,0
N12,191488,4.34213151927,background,0.0278886351734,0.000777775945608,0.0624694824219,0.0,0.0,,,,,,,0.0,,,,,,173.808517456,0.158766970038,0,0,0,0,0,0
N12,192000,4.3537414966,background,0.0182297695428,0.000332324474584,0.0488128662109,0.0,0.0,,,,,,,0.0,,,,,,173.808517456,0.132545903325,0,0,0,0,0,0
N12,192512,4.36535147392,background,0.0263327136636,0.000693411857355,0.0609741210938,0.0,0.0,,,,,,,0.0,,,,,,173.808517456,0.15421397984,0,0,0,0,0,0
N12,193024,4.37696145125,background,0.0220550298691,0.000486424367409,0.0515289306641,0.0,0.0,,,,,,,0.0,,,,,,173.808517456,0.162053823471,0,0,0,0,0,0
N12,193536,4.38857142857,background,0.0307268202305,0.000944137456827,0.0536346435547,0.0,0.0,,,,,,,0.0,,,,,,173.808517456,0.177274510264,0,0,0,0,0,0
N12,194048,4.4001814059,background,0.0260395072401,0.000678055977914,0.0471649169922,0.0,0.0,,,,,,,0.0,,,,,,173.808517456,0.115036323667,0,0,0,0,0,0
N12,194560,4.41179138322,background,0.0218347329646,0.000476755580166,0.040771484375,0.0,0.0,,,,,,,0.0,,,,,,173.808517456,0.130291581154,0,0,0,0,0,0
N12,195072,4.42340136054,background,0.0269364640117,0.000725573103409,0.0485229492188,0.0,0.0,,,,,,,0.0,,,,,,173.808517456,0.146912828088,0,0,0,0,0,0
N12,195584,4.43501133787,background,0.0239980183542,0.000575904909056,0.0438079833984,0.0,0.0,,,,,,,0.0,,,,,,173.808517456,0.143812373281,0,0,0,0,0,0
N12,196096,4.44662131519,background,0.0286879986525,0.000823001319077,0.0543823242188,0.0,0.0,,,,,,,0.0,,,,,,173.808517456,0.238439977169,0,0,0,0,0,0
N12,196608,4.45823129252,background,0.0273117888719,0.000745933793951,0.0534362792969,0.0,0.0,,,,,,,0.0,,,,,,173.808517456,0.142759278417,0,0,0,0,0,0
N12,197120,4.46984126984,background,0.0220195669681,0.000484861317091,0.0452728271484,0.0,0.0,,,,,,,0.0,,,,,,173.808517456,0.131130978465,0,0,0,0,0,0
N12,197632,4.48145124717,background,0.0268725156784,0.000722132099327,0.0609741210938,0.0,0.0,,,,,,,0.0,,,,,,173.808517456,0.177967041731,0,0,0,0,0,0
N12,198144,4.49306122449,background,0.024705003947,0.000610337185208,0.0449829101562,0.0,0.0,,,,,,,0.0,,,,,,173.808517456,0.14712677896,0,0,0,0,0,0
N12,198656,4.50467120181,background,0.0227527730167,0.000517688691616,0.0539093017578,0.0,0.0,,,,,,,0.0,,,,,,173.808517456,0.14367851615,0,0,0,0,0,0
N12,199168,4.51628117914,background,0.0211336445063,0.00044663096196,0.0456237792969,0.0,0.0,,,,,,,0.0,,,,,,173.808517456,0.155075594783,0,0,0,0,0,0
N12,199680,4.52789115646,background,0.023276142776,0.0005417788052,0.0520172119141,0.0,0.0,,,,,,,0.0,,,,,,173.808517456,0.147737979889,0,0,0,0,0,0
N12,200192,4.53950113379,background,0.0221124514937,0.000488960475195,0.0504455566406,0.0,0.0,,,,,,,0.0,,,,,,173.808517456,0.178642883897,0,0,0,0,0,0
N12,200704,4.55111111111,background,0.0242166724056,0.000586447189562,0.0486297607422,0.0,0.0,,,,,,,0.0,,,,,,173.808517456,0.131889909506,0,0,0,0,0,0
N12,201216,4.56272108844,background,0.0220297910273,0.000485311727971,0.0549011230469,0.0,0.0,,,,,,,0.0,,,,,,173.808517456,0.122429862618,0,0,0,0,0,0
N12,201728,4.57433106576,background,0.022148957476,0.000490576319862,0.0467529296875,0.0,0.0,,,,,,,0.0,,,,,,173.808517456,0.101041972637,0,0,0,0,0,0
N12,202240,4.58594104308,background,0.0241198521107,0.000581767235417,0.0535125732422,0.0,0.0,,,,,,,0.0,,,,,,173.808517456,0.189165830612,0,0,0,0,0,0
N12,202752,4.59755102041,background,0.0237584915012,0.000564465881325,0.0462188720703,0.0,0.0,,,,,,,0.0,,,,,,173.808517456,0.135659605265,0,0,0,0,0,0
N12,203264,4.60916099773,background,0.0265326090157,0.000703979341779,0.0656127929688,0.0,0.0,,,,,,,0.0,,,,,,173.808517456,0.169839292765,0,0,0,0,0,0
N12,203776,4.62077097506,background,0.0194622278214,0.000378778320737,0.0410766601562,0.0,0.0,,,,,,,0.0,,,,,,173.808517456,0.114904470742,0,0,0,0,0,0
N12,204288,4.63238095238,background,0.0200753416866,0.000403019308578,0.0438385009766,0.0,0.0,,,,,,,0.0,,,,,,173.808517456,0.120940424502,0,0,0,0,0,0
N12,204800,4.64399092971,background,0.018348896876,0.000336682016496,0.0415649414062,0.0,0.0,,,,,,,0.0,,,,,,173.808517456,0.12644264102,0,0,0,0,0,0
N12,205312,4.65560090703,background,0.0164322257042,0.000270018033916,0.0346984863281,0.0,0.0,,,,,,,0.0,,,,,,173.808517456,0.153498068452,0,0,0,0,0,0
N12,205824,4.66721088435,background,0.0288213696331,0.000830671342555,0.0666961669922,0.0,0.0,,,,,,,0.0,,,,,,173.808517456,0.201398819685,0,0,0,0,0,0
N12,206336,4.67882086168,background,0.030259096995,0.000915612967219,0.0657196044922,0.0,0.0,,,,,,,0.0,,,,,,173.808517456,0.165675327182,0,0,0,0,0,0
N12,206848,4.690430839,background,0.0274033620954,0.000750944251195,0.0522766113281,0.0,0.0,,,,,,,0.0,,,,,,173.808517456,0.180776044726,0,0,0,0,0,0
N12,207360,4.70204081633,background,0.0222771205008,0.000496270076837,0.0481872558594,0.0,0.0,,,,,,,0.0,,,,,,173.808517456,0.104328751564,0,0,0,0,0,0
N12,207872,4.71365079365,background,0.0218361970037,0.000476819463074,0.0379943847656,0.0,0.0,,,,,,,0.0,,,,,,173.808517456,0.138965547085,0,0,0,0,0,0
N12,208384,4.72526077098,background,0.0225474499166,0.000508387456648,0.0441589355469,0.0,0.0,,,,,,,0.0,,,,,,173.808517456,0.134021416306,0,0,0,0,0,0
N12,208896,4.7368707483,background,0.0222821813077,0.000496495573316,0.0537261962891,0.0,0.0,,,,,,,0.0,,,,,,173.808517456,0.136783093214,0,0,0,0,0,0
N12,209408,4.74848072562,background,0.0276948865503,0.000767006713431,0.0512847900391,0.0,0.0,,,,,,,0.0,,,,,,173.808517456,0.164182201028,0,0,0,0,0,0
N12,209920,4.76009070295,background,0.0233287904412,0.000544232490938,0.0544891357422,0.0,0.0,,,,,,,0.0,,,,,,173.808517456,0.208301961422,0,0,0,0,0,0
N12,210432,4.77170068027,background,0.0287399385124,0.000825984054245,0.06884765625,0.0,0.0,,,,,,,0.0,,,,,,173.808517456,0.148381575942,0,0,0,0,0,0
N12,210944,4.7833106576,background,0.0195643808693,0.000382764963433,0.0381469726562,0.0,0.0,,,,,,,0.0,,,,,,173.808517456,0.146498829126,0,0,0,0,0,0
N12,211456,4.79492063492,background,0.0225132293999,0.00050684553571,0.0525054931641,0.0,0.0,,,,,,,0.0,,,,,,173.808517456,0.145789265633,0,0,0,0,0,0
N12,211968,4.80653061224,background,0.0296311229467,0.000878003484104,0.073974609375,0.0,0.0,,,,,,,0.0,,,,,,173.808517456,0.249921888113,0,0,0,0,0,0
N12,212480,4.81814058957,background,0.0255417730659,0.000652382150292,0.0692901611328,0.0,0.0,,,,,,,0.0,,,,,,173.808517456,0.127039909363,0,0,0,0,0,0
N12,212992,4.82975056689,background,0.0245250854641,0.000601479841862,0.0621643066406,0.0,0.0,,,,,,,0.0,,,,,,173.808517456,0.141915112734,0,0,0,0,0,0
N12,213504,4.84136054422,background,0.0251096244901,0.000630493217614,0.0497283935547,0.0,0.0,,,,,,,0.0,,,,,,173.808517456,0.148432016373,0,0,0,0,0,0
N12,214016,4.85297052154,background,0.0251631848514,0.0006331858458,0.06005859375,0.0,0.0,,,,,,,0.0,,,,,,173.808517456,0.173974111676,0,0,0,0,0,0
N12,214528,4.86458049887,background,0.0268479883671,0.000720814510714,0.0640411376953,0.0,0.0,,,,,,,0.0,,,,,,173.808517456,0.15369682014,0,0,0,0,0,0
N12,215040,4.87619047619,background,0.0253098793328,0.000640589976683,0.0570220947266,0.0,0.0,,,,,,,0.0,,,,,,173.808517456,0.126671671867,0,0,0,0,0,0
N12,215552,4.88780045351,background,0.0262042358518,0.000686661980581,0.0517120361328,0.0,0.0,,,,,,,0.0,,,,,,173.808517456,0.122772812843,0,0,0,0,0,0
N12,216064,4.89941043084,background,0.0194331910461,0.000377648946596,0.0397186279297,0.0,0.0,,,,,,,0.0,,,,,,173.808517456,0.234337717295,0,0,0,0,0,0
N12,216576,4.91102040816,background,0.0191709492356,0.000367525324691,0.0447998046875,0.0,0.0,,,,,,,0.0,,,,,,173.808517456,0.108702786267,0,0,0,0,0,0
N12,217088,4.92263038549,background,0.0250241775066,0.000626209424809,0.0589599609375,0.0,0.0,,,,,,,0.0,,,,,,173.808517456,0.182985201478,0,0,0,0,0,0
N12,217600,4.93424036281,background,0.0226186364889,0.000511602731422,0.0514221191406,0.0,0.0,,,,,,,0.0,,,,,,173.808517456,0.145234748721,0,0,0,0,0,0
N12,218112,4.94585034014,background,0.0250902790576,0.000629522080999,0.0655212402344,0.0,0.0,,,,,,,0.0,,,,,,173.808517456,0.123614788055,0,0,0,0,0,0
N12,218624,4.95746031746,background,0.022343127057,0.000499215326272,0.0453338623047,0.0,0.0,,,,,,,0.0,,,,,,173.808517456,0.165660634637,0,0,0,0,0,0
N12,219136,4.96907029478,background,0.0181273948401,0.000328602443915,0.0408172607422,0.0,0.0,,,,,,,0.0,,,,,,173.808517456,0.169664815068,0,0,0,0,0,0
N12,219648,4.98068027211,background,0.0201985277236,0.000407980493037,0.0452423095703,0.0,0.0,,,,,,,0.0,,,,,,173.808517456,0.107671290636,0,0,0,0,0,0
N12,220160,4.99229024943,background,0.0140197854489,0.000196554377908,0.0312957763672,0.0,0.0,,,,,,,0.0,,,,,,173.808517456,0.134908020496,0,0,0,0,0,0
N12,220672,5.00390022676,background,0.0231352094561,0.000535237893928,0.0516967773438,0.0,0.0,,,,,,,0.0,,,,,,173.808517456,0.157594338059,0,0,0,0,0,0
N12,221184,5.01551020408,background,0.0158409141004,0.00025093453587,0.0319366455078,0.0,0.0,,,,,,,0.0,,,,,,173.808517456,0.148008748889,0,0,0,0,0,0
N12,221696,5.02712018141,background,0.0239550992846,0.000573846744373,0.0519256591797,0.0,0.0,,,,,,,0.0,,,,,,173.808517456,0.186985567212,0,0,0,0,0,0
N12,222208,5.03873015873,background,0.0210270080715,0.000442135060439,0.0428314208984,0.0,0.0,,,,,,,0.0,,,,,,173.808517456,0.130020916462,0,0,0,0,0,0
N12,222720,5.05034013605,background,0.0212457254529,0.00045138085261,0.0413665771484,0.0,0.0,,,,,,,0.0,,,,,,173.808517456,0.143707811832,0,0,0,0,0,0
N12,223232,5.06195011338,background,0.0217949040234,0.000475017848657,0.0428466796875,0.0,0.0,,,,,,,0.0,,,,,,173.808517456,0.149842336774,0,0,0,0,0,0
N12,223744,5.0735600907,background,0.0201681107283,0.000406752689742,0.0459899902344,0.0,0.0,,,,,,,0.0,,,,,,173.808517456,0.130612999201,0,0,0,0,0,0
N12,224256,5.08517006803,background,0.0203288253397,0.000413261121139,0.0528717041016,0.0,0.0,,,,,,,0.0,,,,,,173.808517456,0.156375154853,0,0,0,0,0,0
N12,224768,5.09678004535,background,0.0211777165532,0.000448495673481,0.0460357666016,0.0,0.0,,,,,,,0.0,,,,,,173.808517456,0.138950020075,0,0,0,0,0,0
N12,225280,5.10839002268,background,0.0214385688305,0.00045961223077,0.0513305664062,0.0,0.0,,,,,,,0.0,,,,,,173.808517456,0.14113201201,0,0,0,0,0,0
N12,225792,5.12,background,0.0233088023961,0.000543300237041,0.0475158691406,0.0,0.0,,,,,,,0.0,,,,,,173.808517456,0.184997856617,0,0,0,0,0,0
N12,226304,5.13160997732,background,0.0209961552173,0.000440838572104,0.0459289550781,0.0,0.0,,,,,,,0.0,,,,,,173.808517456,0.128383457661,0,0,0,0,0,0
N12,226816,5.14321995465,background,0.0265492182225,0.000704860955011,0.0636901855469,0.0,0.0,,,,,,,0.0,,,,,,173.808517456,0.151260957122,0,0,0,0,0,0
N12,227328,5.15482993197,background,0.021040732041,0.000442712393124,0.0489349365234,0.0,0.0,,,,,,,0.0,,,,,,173.808517456,0.121579125524,0,0,0,0,0,0
N12,227840,5.1664399093,background,0.0238399468362,0.000568343093619,0.0536499023438,0.0,0.0,,,,,,,0.0,,,,,,173.808517456,0.187679857016,0,0,0,0,0,0
N12,228352,5.17804988662,background,0.0221591051668,0.000491025974043,0.0610809326172,0.0,0.0,,,,,,,0.0,,,,,,173.808517456,0.143849268556,0,0,0,0,0,0
N12,228864,5.18965986395,background,0.0269717909396,0.000727477541659,0.0632781982422,0.0,0.0,,,,,,,0.0,,,,,,173.808517456,0.239806339145,0,0,0,0,0,0
N12,229376,5.20126984127,background,0.0355661250651,0.0012649493292,0.0745239257812,0.0,0.0,,,,,,,0.0,,,,,,173.808517456,0.174411147833,0,0,0,0,0,0
N12,229888,5.21287981859,background,0.0240089707077,0.000576430698857,0.0542297363281,0.0,0.0,,,,,,,0.0,,,,,,173.808517456,0.192799210548,0,0,0,0,0,0
N12,230400,5.22448979592,background,0.023917645216,0.000572053773794,0.0434265136719,0.0,0.0,,,,,,,0.0,,,,,,173.808517456,0.121433071792,0,0,0,0,0,0
N12,230912,5.23609977324,background,0.0200127474964,0.000400510092732,0.0420989990234,0.0,0.0,,,,,,,0.0,,,,,,173.808517456,0.143383175135,0,0,0,0,0,0
N12,231424,5.24770975057,background,0.0230531338602,0.000531447003596,0.0546264648438,0.0,0.0,,,,,,,0.0,,,,,,173.808517456,0.142166465521,0,0,0,0,0,0
N12,231936,5.25931972789,background,0.0225828066468,0.000509983161464,0.0442657470703,0.0,0.0,,,,,,,0.0,,,,,,173.808517456,0.137581437826,0,0,0,0,0,0
N12,232448,5.27092970522,background,0.0308946240693,0.00095447775675,0.0526580810547,0.0,0.0,,,,,,,0.0,,,,,,173.808517456,0.185270190239,0,0,0,0,0,0
N12,232960,5.28253968254,background,0.0235142894089,0.000552921846975,0.039306640625,0.0,0.0,,,,,,,0.0,,,,,,173.808517456,0.208308115602,0,0,0,0,0,0
N12,233472,5.29414965986,background,0.0229687653482,0.000527564203367,0.0442199707031,0.0,0.0,,,,,,,0.0,,,,,,173.808517456,0.108936861157,0,0,0,0,0,0
N12,233984,5.30575963719,background,0.0130333704874,0.000169868741068,0.0421905517578,0.0,0.0,,,,,,,0.0,,,,,,173.808517456,0.171025887132,0,0,0,0,0,0
N12,234496,5.31736961451,background,0.0217250678688,0.000471978564747,0.0484008789062,0.0,0.0,,,,,,,0.0,,,,,,173.808517456,0.130225270987,0,0,0,0,0,0
N12,235008,5.32897959184,background,0.0287552066147,0.000826861883979,0.0569610595703,0.0,0.0,,,,,,,0.0,,,,,,173.808517456,0.204105958343,0,0,0,0,0,0
N12,235520,5.34058956916,background,0.0189431253821,0.000358841964044,0.0401458740234,0.0,0.0,,,,,,,0.0,,,,,,173.808517456,0.131734445691,0,0,0,0,0,0
N12,236032,5.35219954649,background,0.0227407086641,0.000517139851581,0.0522766113281,0.0,0.0,,,,,,,0.0,,,,,,173.808517456,0.130318358541,0,0,0,0,0,0
N12,236544,5.36380952381,background,0.01180439163,0.000139343654155,0.0227966308594,0.0,0.0,,,,,,,0.0,,,,,,173.808517456,0.154879227281,0,0,0,0,0,0
N12,237056,5.37541950113,background,0.018567558378,0.000344754254911,0.0396423339844,0.0,0.0,,,,,,,0.0,,,,,,173.808517456,0.149495139718,0,0,0,0,0,0
N12,237568,5.38702947846,background,0.0194507539272,0.000378331838874,0.0408477783203,0.0,0.0,,,,,,,0.0,,,,,,173.808517456,0.157180652022,0,0,0,0,0,0
N12,238080,5.39863945578,background,0.0208314061165,0.000433947512647,0.0413665771484,0.0,0.0,,,,,,,0.0,,,,,,173.808517456,0.201789110899,0,0,0,0,0,0
N12,238592,5.41024943311,background,0.0248663201928,0.000618333870079,0.0535125732422,0.0,0.0,,,,,,,0.0,,,,,,173.808517456,0.127579599619,0,0,0,0,0,0
N12,239104,5.42185941043,background,0.0125323841348,0.000157060654601,0.0268249511719,0.0,0.0,,,,,,,0.0,,,,,,173.808517456,0.159307986498,0,0,0,0,0,0
N12,239616,5.43346938776,background,0.0199954081327,0.000399816373829,0.0513153076172,0.0,0.0,,,,,,,0.0,,,,,,173.808517456,0.142452135682,0,0,0,0,0,0
N12,240128,5.44507936508,background,0.0121979210526,0.000148789287778,0.0290222167969,0.0,0.0,,,,,,,0.0,,,,,,173.808517456,0.124690100551,0,0,0,0,0,0
N12,240640,5.4566893424,background,0.0179138369858,0.000320905528497,0.0426330566406,0.0,0.0,,,,,,,0.0,,,,,,173.808517456,0.133819893003,0,0,0,0,0,0
N12,241152,5.46829931973,background,0.0178962070495,0.000320274208207,0.0430908203125,0.0,0.0,,,,,,,0.0,,,,,,173.808517456,0.14701269567,0,0,0,0,0,0
N12,241664,5.47990929705,background,0.022984938696,0.000528307398781,0.0536193847656,0.0,0.0,,,,,,,0.0,,,,,,173.808517456,0.180921733379,0,0,0,0,0,0
N12,242176,5.49151927438,background,0.0217137616128,0.000471487466712,0.0408172607422,0.0,0.0,,,,,,,0.0,,,,,,173.808517456,0.129463091493,0,0,0,0,0,0
N12,242688,5.5031292517,background,0.017097895965,0.000292338052532,0.0338287353516,0.0,0.0,,,,,,,0.0,,,,,,173.808517456,0.150795444846,0,0,0,0,0,0
N12,243200,5.51473922902,background,0.0161596089602,0.000261132983724,0.0328826904297,0.0,0.0,,,,,,,0.0,,,,,,173.808517456,0.130557581782,0,0,0,0,0,0
N12,243712,5.52634920635,background,0.0197202786803,0.000388889369788,0.046875,0.0,0.0,,,,,,,0.0,,,,,,173.808517456,0.165430039167,0,0,0,0,0,0
N12,244224,5.53795918367,background,0.0201085060835,0.000404352031182,0.0408630371094,0.0,0.0,,,,,,,0.0,,,,,,173.808517456,0.14939686656,0,0,0,0,0,0
N12,244736,5.549569161,background,0.0266997460276,0.000712876440957,0.0484619140625,0.0,0.0,,,,,,,0.0,,,,,,173.808517456,0.171437725425,0,0,0,0,0,0
N12,245248,5.56117913832,background,0.0214642640203,0.00046071462566,0.0401000976562,0.0,0.0,,,,,,,0.0,,,,,,173.808517456,0.116902008653,0,0,0,0,0,0
N12,245760,5.57278911565,background,0.0244009513408,0.000595406454522,0.0475769042969,0.0,0.0,,,,,,,0.0,,,,,,173.808517456,0.155506193638,0,0,0,0,0,0
N12,246272,5.58439909297,background,0.016439486295,0.000270256685326,0.0333404541016,0.0,0.0,,,,,,,0.0,,,,,,173.808517456,0.125782310963,0,0,0,0,0,0
N12,246784,5.59600907029,background,0.0176088940352,0.000310073141009,0.033447265625,0.0,0.0,,,,,,,0.0,,,,,,173.808517456,0.119858577847,0,0,0,0,0,0
N12,247296,5.60761904762,background,0.0228757765144,0.000523301190697,0.0417938232422,0.0,0.0,,,,,,,0.0,,,,,,173.808517456,0.195341601968,0,0,0,0,0,0
N12,247808,5.61922902494,background,0.0206888262182,0.000428027531598,0.0505065917969,0.0,0.0,,,,,,,0.0,,,,,,173.808517456,0.117309771478,0,0,0,0,0,0
N12,248320,5.63083900227,background,0.0243272073567,0.000591813004576,0.0433197021484,0.0,0.0,,,,,,,0.0,,,,,,173.808517456,0.175649985671,0,0,0,0,0,0
N12,248832,5.64244897959,background,0.0168005730957,0.000282259250525,0.0338134765625,0.0,0.0,,,,,,,0.0,,,,,,173.808517456,0.180337890983,0,0,0,0,0,0
N12,249344,5.65405895692,background,0.0152875874192,0.000233710321481,0.0324554443359,0.0,0.0,,,,,,,0.0,,,,,,173.808517456,0.169039487839,0,0,0,0,0,0
N12,249856,5.66566893424,background,0.0210682470351,0.000443871016614,0.0429077148438,0.0,0.0,,,,,,,0.0,,,,,,173.808517456,0.136340186,0,0,0,0,0,0
N12,250368,5.67727891156,background,0.0168119296432,0.000282640947262,0.0417785644531,0.0,0.0,,,,,,,0.0,,,,,,173.808517456,0.126654803753,0,0,0,0,0,0
N12,250880,5.68888888889,background,0.0214117337018,0.000458462338429,0.0448150634766,0.0,0.0,,,,,,,0.0,,,,,,173.808517456,0.181548580527,0,0,0,0,0,0
N12,251392,5.70049886621,background,0.0188184585422,0.000354134390363,0.0435333251953,0.0,0.0,,,,,,,0.0,,,,,,173.808517456,0.173837676644,0,0,0,0,0,0
N12,251904,5.71210884354,background,0.0168329905719,0.000283349567326,0.0405883789062,0.0,0.0,,,,,,,0.0,,,,,,173.808517456,0.11956012249,0,0,0,0,0,0
N12,252416,5.72371882086,background,0.0215769223869,0.000465563556645,0.0434722900391,0.0,0.0,,,,,,,0.0,,,,,,173.808517456,0.142032623291,0,0,0,0,0,0
N12,252928,5.73532879819,background,0.0175334364176,0.000307421403704,0.0390777587891,0.0,0.0,,,,,,,0.0,,,,,,173.808517456,0.156648039818,0,0,0,0,0,0
N12,253440,5.74693877551,background,0.0183674413711,0.000337362929713,0.0450592041016,0.0,0.0,,,,,,,0.0,,,,,,173.808517456,0.149731859565,0,0,0,0,0,0
N12,253952,5.75854875283,background,0.0172932352871,0.000299056002405,0.0487518310547,0.0,0.0,,,,,,,0.0,,,,,,173.808517456,0.169719308615,0,0,0,0,0,0
N12,254464,5.77015873016,background,0.0173890572041,0.000302379339701,0.0503997802734,0.0,0.0,,,,,,,0.0,,,,,,173.808517456,0.158163145185,0,0,0,0,0,0
N12,254976,5.78176870748,background,0.0155630782247,0.000242209411226,0.0345153808594,0.0,0.0,,,,,,,0.0,,,,,,173.808517456,0.185806214809,0,0,0,0,0,0
N12,255488,5.79337868481,background,0.0144901759923,0.000209965190152,0.0326843261719,0.0,0.0,,,,,,,0.0,,,,,,173.808517456,0.122246041894,0,0,0,0,0,0
N12,256000,5.80498866213,background,0.0157134868205,0.00024691366707,0.0335845947266,0.0,0.0,,,,,,,0.0,,,,,,173.808517456,0.156079426408,0,0,0,0,0,0
N12,256512,5.81659863946,background,0.0149207292125,0.000222628150368,0.0362548828125,0.0,0.0,,,,,,,0.0,,,,,,173.808517456,0.161737710238,0,0,0,0,0,0
N12,257024,5.82820861678,background,0.0222060512751,0.000493108702358,0.0478973388672,0.0,0.0,,,,,,,0.0,,,,,,173.808517456,0.190378814936,0,0,0,0,0,0
N12,257536,5.8398185941,background,0.02178873308,0.000474748871056,0.0348358154297,0.0,0.0,,,,,,,0.0,,,,,,173.808517456,0.179357782006,0,0,0,0,0,0
N12,258048,5.85142857143,background,0.0211469437927,0.000447193218861,0.0439300537109,0.0,0.0,,,,,,,0.0,,,,,,173.808517456,0.200994074345,0,0,0,0,0,0
N12,258560,5.86303854875,background,0.0210944749415,0.00044497687486,0.0513458251953,0.0,0.0,,,,,,,0.0,,,,,,173.808517456,0.121433980763,0,0,0,0,0,0
N12,259072,5.87464852608,background,0.0169206950814,0.000286309892545,0.0310211181641,0.0,0.0,,,,,,,0.0,,,,,,173.808517456,0.142291530967,0,0,0,0,0,0
N12,259584,5.8862585034,background,0.0207739602774,0.000431557389675,0.048095703125,0.0,0.0,,,,,,,0.0,,,,,,173.808517456,0.167269349098,0,0,0,0,0,0
N12,260096,5.89786848073,background,0.018207423389,0.000331510294927,0.0381622314453,0.0,0.0,,,,,,,0.0,,,,,,173.808517456,0.213989317417,0,0,0,0,0,0
N12,260608,5.90947845805,background,0.0245098266751,0.000600731640588,0.0499114990234,0.0,0.0,,,,,,,0.0,,,,,,173.808517456,0.178159877658,0,0,0,0,0,0
N12,261120,5.92108843537,background,0.0273409765214,0.000747529033106,0.0527191162109,0.0,0.0,,,,,,,0.0,,,,,,173.808517456,0.186011895537,0,0,0,0,0,0
N12,261632,5.9326984127,background,0.0263887867332,0.00069636804983,0.0561065673828,0.0,0.0,,,,,,,0.0,,,,,,173.808517456,0.140591114759,0,0,0,0,0,0
N12,262144,5.94430839002,background,0.02691023238,0.000724160578102,0.0558776855469,0.0,0.0,,,,,,,0.0,,,,,,173.808517456,0.164924114943,0,0,0,0,0,0
N12,262656,5.95591836735,background,0.0228324551135,0.00052132102428,0.0484008789062,0.0,0.0,,,,,,,0.0,,,,,,173.808517456,0.13602770865,0,0,0,0,0,0
N12,263168,5.96752834467,background,0.0203025974333,0.000412195426179,0.0402984619141,0.0,0.0,,,,,,,0.0,,,,,,173.808517456,0.141261681914,0,0,0,0,0,0
N12,263680,5.979138322,background,0.0189043041319,0.000357372744475,0.0453033447266,0.0,0.0,,,,,,,0.0,,,,,,173.808517456,0.108691766858,0,0,0,0,0,0
N12,264192,5.99074829932,background,0.0218208413571,0.000476149114547,0.0475311279297,0.0,0.0,,,,,,,0.0,,,,,,173.808517456,0.223297685385,0,0,0,0,0,0
N12,264704,6.00235827664,background,0.0335914604366,0.00112838612404,0.05810546875,0.0,0.0,,,,,,,0.0,,,,,,173.808517456,0.230398580432,0,0,0,0,0,0
N12,265216,6.01396825397,background,0.0221064090729,0.000488693302032,0.0471496582031,0.0,0.0,,,,,,,0.0,,,,,,173.808517456,0.126227855682,0,0,0,0,0,0
N12,265728,6.02557823129,background,0.0159228555858,0.000253537349636,0.0298004150391,0.0,0.0,,,,,,,0.0,,,,,,173.808517456,0.120698615909,0,0,0,0,0,0
N12,266240,6.03718820862,background,0.0156566444784,0.000245130533585,0.0384063720703,0.0,0.0,,,,,,,0.0,,,,,,173.808517456,0.131947293878,0,0,0,0,0,0
N12,266752,6.04879818594,background,0.0209379252046,0.000438396673417,0.0442199707031,0.0,0.0,,,,,,,0.0,,,,,,173.808517456,0.159066468477,0,0,0,0,0,0
N12,267264,6.06040816327,background,0.0197762604803,0.000391100475099,0.0411682128906,0.0,0.0,,,,,,,0.0,,,,,,173.808517456,0.133077710867,0,0,0,0,0,0
N12,267776,6.07201814059,background,0.0257484354079,0.000662981939968,0.0460205078125,0.0,0.0,,,,,,,0.0,,,,,,173.808517456,0.193802788854,0,0,0,0,0,0
N12,268288,6.08362811791,background,0.0173368770629,0.000300567306112,0.0365142822266,0.0,0.0,,,,,,,0.0,,,,,,173.808517456,0.116489179432,0,0,0,0,0,0
N12,268800,6.09523809524,background,0.017636321485,0.000311039853841,0.0478515625,0.0,0.0,,,,,,,0.0,,,,,,173.808517456,0.204199418426,0,0,0,0,0,0
N12,269312,6.10684807256,background,0.0148388613015,0.000220191810513,0.02880859375,0.0,0.0,,,,,,,0.0,,,,,,173.808517456,0.117956697941,0,0,0,0,0,0
N12,269824,6.11845804989,background,0.0245767850429,0.00060401839437,0.052001953125,0.0,0.0,,,,,,,0.0,,,,,,173.808517456,0.191607236862,0,0,0,0,0,0
N12,270336,6.13006802721,background,0.0215143486857,0.000462867203169,0.0368804931641,0.0,0.0,,,,,,,0.0,,,,,,173.808517456,0.185919106007,0,0,0,0,0,0
N12,270848,6.14167800454,background,0.0183819252998,0.000337895209668,0.0375823974609,0.0,0.0,,,,,,,0.0,,,,,,173.808517456,0.146056205034,0,0,0,0,0,0
N12,271360,6.15328798186,background,0.0151738859713,0.000230246820138,0.0321807861328,0.0,0.0,,,,,,,0.0,,,,,,173.808517456,0.155932486057,0,0,0,0,0,0
N12,271872,6.16489795918,background,0.0161355659366,0.000260356493527,0.0319061279297,0.0,0.0,,,,,,,0.0,,,,,,173.808517456,0.188842684031,0,0,0,0,0,0
N12,272384,6.17650793651,background,0.0225686710328,0.000509344914462,0.0444641113281,0.0,0.0,,,,,,,0.0,,,,,,173.808517456,0.159755647182,0,0,0,0,0,0
N12,272896,6.18811791383,background,0.0244774799794,0.000599146995228,0.0471649169922,0.0,0.0,,,,,,,0.0,,,,,,173.808517456,0.159608453512,0,0,0,0,0,0
N12,273408,6.19972789116,background,0.0276392120868,0.000763926072977,0.0630187988281,0.0,0.0,,,,,,,0.0,,,,,,173.808517456,0.17058776319,0,0,0,0,0,0
N12,273920,6.21133786848,background,0.0175503604114,0.000308015180053,0.0410308837891,0.0,0.0,,,,,,,0.0,,,,,,173.808517456,0.168977499008,0,0,0,0,0,0
N12,274432,6.2229478458,background,0.012648196891,0.000159976872965,0.0410766601562,0.0,0.0,,,,,,,0.0,,,,,,173.808517456,0.156924828887,0,0,0,0,0,0
N12,274944,6.23455782313,background,0.0147733008489,0.000218250410398,0.0337829589844,0.0,0.0,,,,,,,0.0,,,,,,173.808517456,0.1119453758,0,0,0,0,0,0
N12,275456,6.24616780045,background,0.0113393813372,0.000128581566969,0.0262603759766,0.0,0.0,,,,,,,0.0,,,,,,173.808517456,0.136406883597,0,0,0,0,0,0
N12,275968,6.25777777778,background,0.0211800504476,0.000448594568297,0.0413513183594,0.0,0.0,,,,,,,0.0,,,,,,173.808517456,0.190730661154,0,0,0,0,0,0
N12,276480,6.2693877551,background,0.0235852207989,0.000556262617465,0.0515747070312,0.0,0.0,,,,,,,0.0,,,,,,173.808517456,0.174923315644,0,0,0,0,0,0
N12,276992,6.28099773243,background,0.0206560343504,0.000426671787864,0.0486755371094,0.0,0.0,,,,,,,0.0,,,,,,173.808517456,0.123179882765,0,0,0,0,0,0
N12,277504,6.29260770975,background,0.0206504631788,0.000426441605669,0.0377197265625,0.0,0.0,,,,,,,0.0,,,,,,173.808517456,0.158286631107,0,0,0,0,0,0
N12,278016,6.30421768707,background,0.0183814838529,0.000337878940627,0.0355834960938,0.0,0.0,,,,,,,0.0,,,,,,173.808517456,0.198618963361,0,0,0,0,0,0
N12,278528,6.3158276644,background,0.0193450152874,0.000374229624867,0.0359802246094,0.0,0.0,,,,,,,0.0,,,,,,173.808517456,0.128254830837,0,0,0,0,0,0
N12,279040,6.32743764172,background,0.0178041160107,0.000316986552207,0.0390930175781,0.0,0.0,,,,,,,0.0,,,,,,173.808517456,0.168102234602,0,0,0,0,0,0
N12,279552,6.33904761905,background,0.0169178657234,0.00028621419915,0.0312805175781,0.0,0.0,,,,,,,0.0,,,,,,173.808517456,0.134123280644,0,0,0,0,0,0
N12,280064,6.35065759637,background,0.0166990198195,0.000278857274679,0.0297393798828,0.0,0.0,,,,,,,0.0,,,,,,173.808517456,0.164553195238,0,0,0,0,0,0
N12,280576,6.3622675737,background,0.0148481745273,0.00022046828235,0.0295257568359,0.0,0.0,,,,,,,0.0,,,,,,173.808517456,0.142332211137,0,0,0,0,0,0
N12,281088,6.37387755102,background,0.0168317724019,0.000283308589133,0.0360870361328,0.0,0.0,,,,,,,0.0,,,,,,173.808517456,0.171214997768,0,0,0,0,0,0
N12,281600,6.38548752834,background,0.0189171154052,0.000357857265044,0.0354461669922,0.0,0.0,,,,,,,0.0,,,,,,173.808517456,0.155072242022,0,0,0,0,0,0
N12,282112,6.39709750567,background,0.0167124103755,0.000279304629657,0.0294952392578,0.0,0.0,,,,,,,0.0,,,,,,173.808517456,0.132180422544,0,0,0,0,0,0
N12,282624,6.40870748299,background,0.0166579727083,0.000277488026768,0.0262298583984,0.0,0.0,,,,,,,0.0,,,,,,173.808517456,0.145562231541,0,0,0,0,0,0
N12,283136,6.42031746032,background,0.017452146858,0.000304577406496,0.038330078125,0.0,0.0,,,,,,,0.0,,,,,,173.808517456,0.161129891872,0,0,0,0,0,0
N12,283648,6.43192743764,background,0.00962197594345,0.0000925824133446,0.0230255126953,0.0,0.0,,,,,,,0.0,,,,,,173.808517456,0.110425963998,0,0,0,0,0,0
N12,284160,6.44353741497,background,0.0158327743411,0.000250676763244,0.0315093994141,0.0,0.0,,,,,,,0.0,,,,,,173.808517456,0.127266943455,0,0,0,0,0,0
N12,284672,6.45514739229,background,0.0134928356856,0.000182056624908,0.0265045166016,0.0,0.0,,,,,,,0.0,,,,,,173.808517456,0.174542993307,0,0,0,0,0,0
N12,285184,6.46675736961,background,0.0180126745254,0.000324456428643,0.0287628173828,0.0,0.0,,,,,,,0.0,,,,,,173.808517456,0.145814523101,0,0,0,0,0,0
N12,285696,6.47836734694,background,0.0157883185893,0.000249271019129,0.0296020507812,0.0,0.0,,,,,,,0.0,,,,,,173.808517456,0.14577242732,0,0,0,0,0,0
N12,286208,6.48997732426,background,0.0172071214765,0.000296085054288,0.0373229980469,0.0,0.0,,,,,,,0.0,,,,,,173.808517456,0.168026477098,0,0,0,0,0,0
N12,286720,6.50158730159,background,0.012589527294,0.000158496201038,0.0276794433594,0.0,0.0,,,,,,,0.0,,,,,,173.808517456,0.126176655293,0,0,0,0,0,0
N12,287232,6.51319727891,background,0.00863886624575,0.0000746300138417,0.01904296875,0.0,0.0,,,,,,,0.0,,,,,,173.808517456,0.134354829788,0,0,0,0,0,0
N12,287744,6.52480725624,background,0.0125906690955,0.000158524941071,0.0297546386719,0.0,0.0,,,,,,,0.0,,,,,,173.808517456,0.138067752123,0,0,0,0,0,0
N12,288256,6.53641723356,background,0.0153191266581,0.000234675651882,0.0458526611328,0.0,0.0,,,,,,,0.0,,,,,,173.808517456,0.254755973816,0,0,0,0,0,0
N12,288768,6.54802721088,background,0.0200957302004,0.000403838406783,0.0461273193359,0.0,0.0,,,,,,,0.0,,,,,,173.808517456,0.173448979855,0,0,0,0,0,0
N12,289280,6.55963718821,background,0.019806753844,0.000392307469156,0.0386505126953,0.0,0.0,,,,,,,0.0,,,,,,173.808517456,0.149701312184,0,0,0,0,0,0
N12,289792,6.57124716553,background,0.0224228613079,0.000502784678247,0.0436859130859,0.0,0.0,,,,,,,0.0,,,,,,173.808517456,0.173386573792,0,0,0,0,0,0
N12,290304,6.58285714286,background,0.013192307204,0.000174036977114,0.0272521972656,0.0,0.0,,,,,,,0.0,,,,,,173.808517456,0.105439379811,0,0,0,0,0,0
N12,290816,6.59446712018,background,0.0127613451332,0.000162851938512,0.0304412841797,0.0,0.0,,,,,,,0.0,,,,,,173.808517456,0.180890053511,0,0,0,0,0,0
N12,291328,6.60607709751,background,0.0152644841,0.000233004480833,0.0327911376953,0.0,0.0,,,,,,,0.0,,,,,,173.808517456,0.152043953538,0,0,0,0,0,0
N12,291840,6.61768707483,background,0.0201529990882,0.000406143342843,0.0436859130859,0.0,0.0,,,,,,,0.0,,,,,,173.808517456,0.185786813498,0,0,0,0,0,0
N12,292352,6.62929705215,background,0.0196318682283,0.000385410239687,0.0340576171875,0.0,0.0,,,,,,,0.0,,,,,,173.808517456,0.194026678801,0,0,0,0,0,0
N12,292864,6.64090702948,background,0.0252530910075,0.000637718650978,0.0513153076172,0.0,0.0,,,,,,,0.0,,,,,,173.808517456,0.162399604917,0,0,0,0,0,0
N12,293376,6.6525170068,background,0.0186323653907,0.000347165041603,0.0376739501953,0.0,0.0,,,,,,,0.0,,,,,,173.808517456,0.145305141807,0,0,0,0,0,0
N12,293888,6.66412698413,background,0.0157582573593,0.000248322699917,0.0328216552734,0.0,0.0,,,,,,,0.0,,,,,,173.808517456,0.144361048937,0,0,0,0,0,0
N12,294400,6.67573696145,background,0.0187276750803,0.000350725837052,0.0348663330078,0.0,0.0,,,,,,,0.0,,,,,,173.808517456,0.17368337512,0,0,0,0,0,0
N12,294912,6.68734693878,background,0.018391398713,0.000338243524311,0.0494842529297,0.0,0.0,,,,,,,0.0,,,,,,173.808517456,0.1485003829,0,0,0,0,0,0
N12,295424,6.6989569161,background,0.0219702441245,0.00048269162653,0.0395965576172,0.0,0.0,,,,,,,0.0,,,,,,173.808517456,0.2014670223,0,0,0,0,0,0
N12,295936,6.71056689342,background,0.0179725699127,0.000323013257002,0.0420227050781,0.0,0.0,,,,,,,0.0,,,,,,173.808517456,0.137505814433,0,0,0,0,0,0
N12,296448,6.72217687075,background,0.016014508903,0.000256464496488,0.0305480957031,0.0,0.0,,,,,,,0.0,,,,,,173.808517456,0.165913671255,0,0,0,0,0,0
N12,296960,6.73378684807,background,0.0170153547078,0.000289522286039,0.0346527099609,0.0,0.0,,,,,,,0.0,,,,,,173.808517456,0.150530904531,0,0,0,0,0,0
N12,297472,6.7453968254,background,0.0123661877587,0.000152922599227,0.0251617431641,0.0,0.0,,,,,,,0.0,,,,,,173.808517456,0.142430692911,0,0,0,0,0,0
N12,297984,6.75700680272,background,0.0169973000884,0.000288908195216,0.0330657958984,0.0,0.0,,,,,,,0.0,,,,,,173.808517456,0.162616789341,0,0,0,0,0,0
N12,298496,6.76861678005,background,0.0158414337784,0.000250951037742,0.0327453613281,0.0,0.0,,,,,,,0.0,,,,,,173.808517456,0.157933175564,0,0,0,0,0,0
N12,299008,6.78022675737,background,0.0151006244123,0.000228028846323,0.0333099365234,0.0,0.0,,,,,,,0.0,,,,,,173.808517456,0.133896008134,0,0,0,0,0,0
N12,299520,6.79183673469,background,0.0145139722154,0.000210655402043,0.0330810546875,0.0,0.0,,,,,,,0.0,,,,,,173.808517456,0.198813259602,0,0,0,0,0,0
N12,300032,6.80344671202,background,0.0112390816212,0.000126316954265,0.0241088867188,0.0,0.0,,,,,,,0.0,,,,,,173.808517456,0.104819327593,0,0,0,0,0,0
N12,300544,6.81505668934,background,0.0176705531776,0.000312248477712,0.0336608886719,0.0,0.0,,,,,,,0.0,,,,,,173.808517456,0.163448989391,0,0,0,0,0,0
N12,301056,6.82666666667,background,0.016257846728,0.000264317553956,0.0355529785156,0.0,0.0,,,,,,,0.0,,,,,,173.808517456,0.200680688024,0,0,0,0,0,0
N12,301568,6.83827664399,background,0.0164126772434,0.000269376003416,0.0367431640625,0.0,0.0,,,,,,,0.0,,,,,,173.808517456,0.164841189981,0,0,0,0,0,0
N12,302080,6.84988662132,background,0.0144866965711,0.000209864389035,0.0309753417969,0.0,0.0,,,,,,,0.0,,,,,,173.808517456,0.199327021837,0,0,0,0,0,0
N12,302592,6.86149659864,background,0.0130094336346,0.000169245351572,0.0264129638672,0.0,0.0,,,,,,,0.0,,,,,,173.808517456,0.110933445394,0,0,0,0,0,0
N12,303104,6.87310657596,background,0.0168910473585,0.000285307498416,0.0318298339844,0.0,0.0,,,,,,,0.0,,,,,,173.808517456,0.158094987273,0,0,0,0,0,0
N12,303616,6.88471655329,background,0.0121011454612,0.000146437727381,0.0258026123047,0.0,0.0,,,,,,,0.0,,,,,,173.808517456,0.140892907977,0,0,0,0,0,0
N12,304128,6.89632653061,background,0.011966987513,0.000143208788359,0.0295715332031,0.0,0.0,,,,,,,0.0,,,,,,173.808517456,0.146978229284,0,0,0,0,0,0
N12,304640,6.90793650794,background,0.0151412049308,0.000229256096645,0.0301513671875,0.0,0.0,,,,,,,0.0,,,,,,173.808517456,0.190792649984,0,0,0,0,0,0
N12,305152,6.91954648526,background,0.0185227822512,0.000343093444826,0.0334167480469,0.0,0.0,,,,,,,0.0,,,,,,173.808517456,0.193733051419,0,0,0,0,0,0
N12,305664,6.93115646259,background,0.0167841743678,0.000281708489638,0.0296478271484,0.0,0.0,,,,,,,0.0,,,,,,173.808517456,0.150365889072,0,0,0,0,0,0
N12,306176,6.94276643991,background,0.0172491781414,0.000297534134006,0.0367431640625,0.0,0.0,,,,,,,0.0,,,,,,173.808517456,0.179623559117,0,0,0,0,0,0
N12,306688,6.95437641723,background,0.0112350974232,0.000126227416331,0.0197143554688,0.0,0.0,,,,,,,0.0,,,,,,173.808517456,0.132098063827,0,0,0,0,0,0
N12,307200,6.96598639456,background,0.0101244878024,0.0001025052552,0.0222625732422,0.0,0.0,,,,,,,0.0,,,,,,173.808517456,0.153534367681,0,0,0,0,0,0
N12,307712,6.97759637188,background,0.0122078899294,0.000149032581248,0.0280914306641,0.0,0.0,,,,,,,0.0,,,,,,173.808517456,0.137981042266,0,0,0,0,0,0
N12,308224,6.98920634921,background,0.0200162120163,0.000400648772484,0.0375671386719,0.0,0.0,,,,,,,0.0,,,,,,173.808517456,0.22575108707,0,0,0,0,0,0
N12,308736,7.00081632653,background,0.0226172097027,0.000511538179126,0.0421600341797,0.0,0.0,,,,,,,0.0,,,,,,173.808517456,0.179519861937,0,0,0,0,0,0
N12,309248,7.01242630385,background,0.0223431959748,0.000499218411278,0.0407257080078,0.0,0.0,,,,,,,0.0,,,,,,173.808517456,0.154857605696,0,0,0,0,0,0
N12,309760,7.02403628118,background,0.0192646048963,0.000371125031961,0.0337829589844,0.0,0.0,,,,,,,0.0,,,,,,173.808517456,0.178419858217,0,0,0,0,0,0
N12,310272,7.0356462585,background,0.012769930996,0.000163071148563,0.0271759033203,0.0,0.0,,,,,,,0.0,,,,,,173.808517456,0.154350429773,0,0,0,0,0,0
N12,310784,7.04725623583,background,0.0107697015628,0.000115986469609,0.0237579345703,0.0,0.0,,,,,,,0.0,,,,,,173.808517456,0.124855659902,0,0,0,0,0,0
N12,311296,7.05886621315,background,0.0145606780425,0.000212013343116,0.0337066650391,0.0,0.0,,,,,,,0.0,,,,,,173.808517456,0.185469254851,0,0,0,0,0,0
N12,311808,7.07047619048,background,0.0242989193648,0.000590437499341,0.0461273193359,0.0,0.0,,,,,,,0.0,,,,,,173.808517456,0.2160936445,0,0,0,0,0,0
N12,312320,7.0820861678,background,0.0201956797391,0.000407865503803,0.0362548828125,0.0,0.0,,,,,,,0.0,,,,,,173.808517456,0.177749171853,0,0,0,0,0,0
N12,312832,7.09369614512,background,0.017794309184,0.00031663745176,0.0297088623047,0.0,0.0,,,,,,,0.0,,,,,,173.808517456,0.115498512983,0,0,0,0,0,0
N12,313344,7.10530612245,background,0.0120638422668,0.000145536279888,0.0221710205078,0.0,0.0,,,,,,,0.0,,,,,,173.808517456,0.132021158934,0,0,0,0,0,0
N12,313856,7.11691609977,background,0.0138951968402,0.000193076499272,0.0274658203125,0.0,0.0,,,,,,,0.0,,,,,,173.808517456,0.12327952683,0,0,0,0,0,0
N12,314368,7.1285260771,background,0.0138363111764,0.000191443497897,0.0311279296875,0.0,0.0,,,,,,,0.0,,,,,,173.808517456,0.117122836411,0,0,0,0,0,0
N12,314880,7.14013605442,background,0.017364570871,0.000301528343698,0.0314025878906,0.0,0.0,,,,,,,0.0,,,,,,173.808517456,0.187285155058,0,0,0,0,0,0
N12,315392,7.15174603175,background,0.0137902935967,0.000190172198927,0.0305786132812,0.0,0.0,,,,,,,0.0,,,,,,173.808517456,0.182102590799,0,0,0,0,0,0
N12,315904,7.16335600907,background,0.0171719584614,0.000294876168482,0.0348358154297,0.0,0.0,,,,,,,0.0,,,,,,173.808517456,0.201556771994,0,0,0,0,0,0
N12,316416,7.17496598639,background,0.0120378686115,0.000144910271047,0.0267639160156,0.0,0.0,,,,,,,0.0,,,,,,173.808517456,0.112991891801,0,0,0,0,0,0
N12,316928,7.18657596372,background,0.0162847004831,0.000265191454673,0.0375823974609,0.0,0.0,,,,,,,0.0,,,,,,173.808517456,0.143520355225,0,0,0,0,0,0
N12,317440,7.19818594104,background,0.0179591607302,0.000322531472193,0.0387573242188,0.0,0.0,,,,,,,0.0,,,,,,173.808517456,0.215122759342,0,0,0,0,0,0
N12,317952,7.20979591837,background,0.0144195919856,0.000207924633287,0.0278015136719,0.0,0.0,,,,,,,0.0,,,,,,173.808517456,0.146739199758,0,0,0,0,0,0
N12,318464,7.22140589569,background,0.0122373988852,0.000149753934238,0.0280151367188,0.0,0.0,,,,,,,0.0,,,,,,173.808517456,0.148678556085,0,0,0,0,0,0
N12,318976,7.23301587302,background,0.0114623857662,0.000131386288558,0.0246124267578,0.0,0.0,,,,,,,0.0,,,,,,173.808517456,0.150654450059,0,0,0,0,0,0
N12,319488,7.24462585034,background,0.0190095808357,0.000361364160199,0.0341186523438,0.0,0.0,,,,,,,0.0,,,,,,173.808517456,0.160143509507,0,0,0,0,0,0
N12,320000,7.25623582766,background,0.0133078983054,0.00017710015527,0.0295257568359,0.0,0.0,,,,,,,0.0,,,,,,173.808517456,0.182816252112,0,0,0,0,0,0
N12,320512,7.26784580499,background,0.0189685039222,0.000359804165782,0.0400390625,0.0,0.0,,,,,,,0.0,,,,,,173.808517456,0.155377671123,0,0,0,0,0,0
N12,321024,7.27945578231,background,0.0155650749803,0.000242271562456,0.0334167480469,0.0,0.0,,,,,,,0.0,,,,,,173.808517456,0.145282909274,0,0,0,0,0,0
N12,321536,7.29106575964,background,0.0175851900131,0.000309238937916,0.0454254150391,0.0,0.0,,,,,,,0.0,,,,,,173.808517456,0.179075419903,0,0,0,0,0,0
N12,322048,7.30267573696,background,0.0178569126874,0.000318869308103,0.0384979248047,0.0,0.0,,,,,,,0.0,,,,,,173.808517456,0.157025650144,0,0,0,0,0,0
N12,322560,7.31428571429,background,0.01533310581,0.000235104147578,0.0332946777344,0.0,0.0,,,,,,,0.0,,,,,,173.808517456,0.143844231963,0,0,0,0,0,0
N12,323072,7.32589569161,background,0.0161500088871,0.000260822795099,0.0322723388672,0.0,0.0,,,,,,,0.0,,,,,,173.808517456,0.152171328664,0,0,0,0,0,0
N12,323584,7.33750566893,background,0.0180300138891,0.000325081375195,0.0363922119141,0.0,0.0,,,,,,,0.0,,,,,,173.808517456,0.189240202308,0,0,0,0,0,0
N12,324096,7.34911564626,background,0.0246777758002,0.000608992588241,0.0457000732422,0.0,0.0,,,,,,,0.0,,,,,,173.808517456,0.191931352019,0,0,0,0,0,0
N12,324608,7.36072562358,background,0.0232172403485,0.000539040251169,0.0476684570312,0.0,0.0,,,,,,,0.0,,,,,,173.808517456,0.182924419641,0,0,0,0,0,0
N12,325120,7.37233560091,background,0.0228832662106,0.000523643859196,0.0375213623047,0.0,0.0,,,,,,,0.0,,,,,,173.808517456,0.157696321607,0,0,0,0,0,0
N12,325632,7.38394557823,background,0.0191540699452,0.000366878404748,0.0391845703125,0.0,0.0,,,,,,,0.0,,,,,,173.808517456,0.154166638851,0,0,0,0,0,0
N12,326144,7.39555555556,background,0.0178053043783,0.000317028840072,0.0366821289062,0.0,0.0,,,,,,,0.0,,,,,,173.808517456,0.17917893827,0,0,0,0,0,0
N12,326656,7.40716553288,background,0.0199032519013,0.000396139424993,0.0381774902344,0.0,0.0,,,,,,,0.0,,,,,,173.808517456,0.140960514545,0,0,0,0,0,0
N12,327168,7.4187755102,background,0.0223180074245,0.000498093490023,0.0374145507812,0.0,0.0,,,,,,,0.0,,,,,,173.808517456,0.201959967613,0,0,0,0,0,0
N12,327680,7.43038548753,background,0.0250078476965,0.00062539242208,0.0500183105469,0.0,0.0,,,,,,,0.0,,,,,,173.808517456,0.172374799848,0,0,0,0,0,0
N12,328192,7.44199546485,background,0.0236231330782,0.000558052444831,0.0478363037109,0.0,0.0,,,,,,,0.0,,,,,,173.808517456,0.10714673996,0,0,0,0,0,0
N12,328704,7.45360544218,background,0.0164158605039,0.000269480457064,0.0343780517578,0.0,0.0,,,,,,,0.0,,,,,,173.808517456,0.184388816357,0,0,0,0,0,0
N12,329216,7.4652154195,background,0.0209915488958,0.000440645118942,0.0440979003906,0.0,0.0,,,,,,,0.0,,,,,,173.808517456,0.132494181395,0,0,0,0,0,0
N12,329728,7.47682539683,background,0.0158328339458,0.000250678625889,0.0287475585938,0.0,0.0,,,,,,,0.0,,,,,,173.808517456,0.15052357316,0,0,0,0,0,0
N12,330240,7.48843537415,background,0.0181656908244,0.000329992297338,0.0360717773438,0.0,0.0,,,,,,,0.0,,,,,,173.808517456,0.138095334172,0,0,0,0,0,0
N12,330752,7.50004535147,background,0.0178108997643,0.000317228172207,0.0309448242188,0.0,0.0,,,,,,,0.0,,,,,,173.808517456,0.139234572649,0,0,0,0,0,0
N12,331264,7.5116553288,background,0.02117597498,0.000448421895271,0.0409393310547,0.0,0.0,,,,,,,0.0,,,,,,173.808517456,0.200292304158,0,0,0,0,0,0
N12,331776,7.52326530612,background,0.0169903114438,0.000288670678856,0.0286865234375,0.0,0.0,,,,,,,0.0,,,,,,173.808517456,0.182641968131,0,0,0,0,0,0
N12,332288,7.53487528345,background,0.0185755919665,0.000345052598277,0.0347900390625,0.0,0.0,,,,,,,0.0,,,,,,173.808517456,0.12355914712,0,0,0,0,0,0
N12,332800,7.54648526077,background,0.0155388182029,0.000241454865318,0.0315093994141,0.0,0.0,,,,,,,0.0,,,,,,173.808517456,0.148878410459,0,0,0,0,0,0
N12,333312,7.5580952381,background,0.0193914286792,0.00037602748489,0.0424194335938,0.0,0.0,,,,,,,0.0,,,,,,173.808517456,0.118553623557,0,0,0,0,0,0
N12,333824,7.56970521542,background,0.0136940386146,0.000187526689842,0.0316619873047,0.0,0.0,,,,,,,0.0,,,,,,173.808517456,0.182851031423,0,0,0,0,0,0
N12,334336,7.58131519274,background,0.0178938563913,0.000320190098137,0.0396118164062,0.0,0.0,,,,,,,0.0,,,,,,173.808517456,0.163472235203,0,0,0,0,0,0
N12,334848,7.59292517007,background,0.0196004007012,0.000384175742511,0.0365295410156,0.0,0.0,,,,,,,0.0,,,,,,173.808517456,0.121261976659,0,0,0,0,0,0
N12,335360,7.60453514739,background,0.0141803454608,0.000201082206331,0.0276489257812,0.0,0.0,,,,,,,0.0,,,,,,173.808517456,0.148066833615,0,0,0,0,0,0
N12,335872,7.61614512472,background,0.0163621455431,0.000267719791736,0.0327453613281,0.0,0.0,,,,,,,0.0,,,,,,173.808517456,0.126392737031,0,0,0,0,0,0
N12,336384,7.62775510204,background,0.0169836450368,0.000288444192847,0.0407104492188,0.0,0.0,,,,,,,0.0,,,,,,173.808517456,0.221519365907,0,0,0,0,0,0
N12,336896,7.63936507937,background,0.018918575719,0.000357912533218,0.0395355224609,0.0,0.0,,,,,,,0.0,,,,,,173.808517456,0.154206126928,0,0,0,0,0,0
N12,337408,7.65097505669,background,0.00924178957939,0.0000854106692714,0.0182800292969,0.0,0.0,,,,,,,0.0,,,,,,173.808517456,0.145250707865,0,0,0,0,0,0
N12,337920,7.66258503401,background,0.0164099186659,0.000269285403192,0.0345306396484,0.0,0.0,,,,,,,0.0,,,,,,173.808517456,0.204957023263,0,0,0,0,0,0
N12,338432,7.67419501134,background,0.0174843836576,0.000305703666527,0.0345306396484,0.0,0.0,,,,,,,0.0,,,,,,173.808517456,0.169489562511,0,0,0,0,0,0
N12,338944,7.68580498866,background,0.0146767506376,0.000215407009819,0.0356750488281,0.0,0.0,,,,,,,0.0,,,,,,173.808517456,0.175546735525,0,0,0,0,0,0
N12,339456,7.69741496599,background,0.0201718769968,0.00040690464084,0.0344543457031,0.0,0.0,,,,,,,0.0,,,,,,173.808517456,0.165635868907,0,0,0,0,0,0
N12,339968,7.70902494331,background,0.0182770565152,0.000334050826496,0.0388641357422,0.0,0.0,,,,,,,0.0,,,,,,173.808517456,0.193418323994,0,0,0,0,0,0
N12,340480,7.72063492063,background,0.0274214018136,0.000751933257561,0.0452423095703,0.0,0.0,,,,,,,0.0,,,,,,173.808517456,0.193694368005,0,0,0,0,0,0
N12,340992,7.73224489796,background,0.018054433167,0.000325962580973,0.0367736816406,0.0,0.0,,,,,,,0.0,,,,,,173.808517456,0.139117971063,0,0,0,0,0,0
N12,341504,7.74385487528,background,0.0156377516687,0.000244539260166,0.0307006835938,0.0,0.0,,,,,,,0.0,,,,,,173.808517456,0.139701500535,0,0,0,0,0,0
N12,342016,7.75546485261,background,0.0138633633032,0.000192192848772,0.0290222167969,0.0,0.0,,,,,,,0.0,,,,,,173.808517456,0.137842521071,0,0,0,0,0,0
N12,342528,7.76707482993,background,0.0206488575786,0.000426375307143,0.0343475341797,0.0,0.0,,,,,,,0.0,,,,,,173.808517456,0.20918302238,0,0,0,0,0,0
N12,343040,7.77868480726,background,0.0260674878955,0.000679513905197,0.0478210449219,0.0,0.0,,,,,,,0.0,,,,,,173.808517456,0.161855950952,0,0,0,0,0,0
N12,343552,7.79029478458,background,0.0245505459607,0.000602729327511,0.0506439208984,0.0,0.0,,,,,,,0.0,,,,,,173.808517456,0.162555173039,0,0,0,0,0,0
N12,344064,7.8019047619,background,0.023537421599,0.000554010213818,0.0399169921875,0.0,0.0,,,,,,,0.0,,,,,,173.808517456,0.208223327994,0,0,0,0,0,0
N12,344576,7.81351473923,background,0.0154749387875,0.000239473738475,0.0350646972656,0.0,0.0,,,,,,,0.0,,,,,,173.808517456,0.166850805283,0,0,0,0,0,0
N12,345088,7.82512471655,background,0.0193036831915,0.000372632202925,0.0393524169922,0.0,0.0,,,,,,,0.0,,,,,,173.808517456,0.158289238811,0,0,0,0,0,0
N12,345600,7.83673469388,background,0.0212013944983,0.000449499115348,0.0442504882812,0.0,0.0,,,,,,,0.0,,,,,,173.808517456,0.146068111062,0,0,0,0,0,0
N12,346112,7.8483446712,background,0.0187234003097,0.000350565736881,0.0341033935547,0.0,0.0,,,,,,,0.0,,,,,,173.808517456,0.101067736745,0,0,0,0,0,0
N12,346624,7.85995464853,background,0.0165078192949,0.000272508128546,0.0344390869141,0.0,0.0,,,,,,,0.0,,,,,,173.808517456,0.231527298689,0,0,0,0,0,0
N12,347136,7.87156462585,background,0.016678461805,0.000278171064565,0.0342254638672,0.0,0.0,,,,,,,0.0,,,,,,173.808517456,0.154598280787,0,0,0,0,0,0
N12,347648,7.88317460317,background,0.0141292996705,0.000199637113838,0.0287933349609,0.0,0.0,,,,,,,0.0,,,,,,173.808517456,0.151164457202,0,0,0,0,0,0
N12,348160,7.8947845805,background,0.0179041270167,0.000320557795931,0.0338287353516,0.0,0.0,,,,,,,0.0,,,,,,173.808517456,0.130169898272,0,0,0,0,0,0
N12,348672,7.90639455782,background,0.0225171465427,0.000507021904923,0.0422058105469,0.0,0.0,,,,,,,0.0,,,,,,173.808517456,0.156454622746,0,0,0,0,0,0
N12,349184,7.91800453515,background,0.0138774216175,0.000192582825548,0.0322418212891,0.0,0.0,,,,,,,0.0,,,,,,173.808517456,0.185434341431,0,0,0,0,0,0
N12,349696,7.92961451247,background,0.0175357256085,0.000307501672069,0.0393218994141,0.0,0.0,,,,,,,0.0,,,,,,173.808517456,0.140037447214,0,0,0,0,0,0
N12,350208,7.9412244898,background,0.0151662379503,0.000230014775298,0.0333557128906,0.0,0.0,,,,,,,0.0,,,,,,173.808517456,0.14605422318,0,0,0,0,0,0
N12,350720,7.95283446712,background,0.0128804398701,0.000165905730682,0.0248870849609,0.0,0.0,,,,,,,0.0,,,,,,173.808517456,0.158223211765,0,0,0,0,0,0
N12,351232,7.96444444444,background,0.0180272441357,0.000324981549056,0.0359344482422,0.0,0.0,,,,,,,0.0,,,,,,173.808517456,0.138644292951,0,0,0,0,0,0
N12,351744,7.97605442177,background,0.0124896913767,0.000155992383952,0.0281066894531,0.0,0.0,,,,,,,0.0,,,,,,173.808517456,0.135816261172,0,0,0,0,0,0
N12,352256,7.98766439909,background,0.0181974861771,0.000331148505211,0.0389862060547,0.0,0.0,,,,,,,0.0,,,,,,173.808517456,0.203547462821,0,0,0,0,0,0
N12,352768,7.99927437642,background,0.011682770215,0.000136487127747,0.0244140625,0.0,0.0,,,,,,,0.0,,,,,,173.808517456,0.126015469432,0,0,0,0,0,0
N12,353280,8.01088435374,background,0.0152095695958,0.00023133099603,0.0357818603516,0.0,0.0,,,,,,,0.0,,,,,,173.808517456,0.193000108004,0,0,0,0,0,0
N12,353792,8.02249433107,background,0.0121030043811,0.000146482721902,0.0279083251953,0.0,0.0,,,,,,,0.0,,,,,,173.808517456,0.143695428967,0,0,0,0,0,0
N12,354304,8.03410430839,background,0.0138090606779,0.000190690159798,0.0263214111328,0.0,0.0,,,,,,,0.0,,,,,,173.808517456,0.159639820457,0,0,0,0,0,0
N12,354816,8.04571428571,background,0.0157843753695,0.000249146483839,0.0315551757812,0.0,0.0,,,,,,,0.0,,,,,,173.808517456,0.147619336843,0,0,0,0,0,0
N12,355328,8.05732426304,background,0.0136213898659,0.000185542259715,0.0291748046875,0.0,0.0,,,,,,,0.0,,,,,,173.808517456,0.137150779366,0,0,0,0,0,0
N12,355840,8.06893424036,background,0.0211525820196,0.000447431695648,0.0422210693359,0.0,0.0,,,,,,,0.0,,,,,,173.808517456,0.1611623317,0,0,0,0,0,0
N12,356352,8.08054421769,background,0.0150504698977,0.000226516640396,0.0272827148438,0.0,0.0,,,,,,,0.0,,,,,,173.808517456,0.162977233529,0,0,0,0,0,0
N12,356864,8.09215419501,background,0.0161070004106,0.000259435473708,0.036865234375,0.0,0.0,,,,,,,0.0,,,,,,173.808517456,0.149836808443,0,0,0,0,0,0
