caseId,sample,timestamp,region,recipe,set,change,aKind,cKind,expectedHz,productionHz,productionMidi,productionCmnd,productionF,productionH2,productionH3,productionHalf,productionScore,strategyCHz,strategyCMidi,strategyCCmnd,strategyCF,strategyCH2,strategyCH3,strategyCHalf,strategyCScore,expectedCandidateHz,expectedCandidateMidi,expectedCandidateCmnd,expectedCandidateF,expectedCandidateH2,expectedCandidateH3,expectedCandidateHalf,expectedCandidateScore,candidateMargin,rms,energy,peak,clipping,onsetStrength,confidence,previousPitchHz,taxonomy
N09,148992,3.37850340136,stable,real_unidentified,development,improvement,other,correct,698.4564628660078,140.445859873,49.230126875039396,0.117846415441,8.65433645174,1.22540577658,0.446467242201,0.0,2.523965041744058,700.0,77.03821677969202,0.153060008874,28.9951715243,26.8438870312,0.0,0.211695496479,4.6622128170413,700.0,77.03821677969202,0.153060008874,28.9951715243,26.8438870312,0.0,0.211695496479,4.6622128170413,2.1382477752972417,0.0331131033599,0.00109647749923,0.0833129882812,0.0,0.111655279994,0.882153570652,703.615356445,CMND_ambiguity
N09,149504,3.39011337868,stable,real_unidentified,development,improvement,other,correct,698.4564628660078,140.445859873,49.230126875039396,0.126539666301,2.48977385021,0.98108950185,0.420882910795,0.0,1.4264006872022934,700.0,77.03821677969202,0.184914894783,28.6270005833,25.0691364295,0.0,0.130013015349,4.588117813679083,700.0,77.03821677969202,0.184914894783,28.6270005833,25.0691364295,0.0,0.130013015349,4.588117813679083,3.1617171264767894,0.0285818912089,0.000816924497485,0.0736999511719,0.0,0.0849639698863,0.873460352421,140.269882202,UNKNOWN_real_acoustic_source
N09,150016,3.40172335601,stable,real_unidentified,development,improvement,other,correct,698.4564628660078,140.445859873,49.230126875039396,0.126859618314,7.8259720737,0.591462150981,0.231268463675,0.0,2.2083173301763934,700.0,77.03821677969202,0.212966513641,28.2508943163,23.322386518,0.0,0.109163679616,4.493872567133991,700.0,77.03821677969202,0.212966513641,28.2508943163,23.322386518,0.0,0.109163679616,4.493872567133991,2.2855552369575975,0.0291476473212,0.0008495853981,0.0741424560547,0.0,0.0963893905282,0.873140394688,140.282714844,UNKNOWN_real_acoustic_source
N09,150528,3.41333333333,stable,real_unidentified,development,improvement,other,correct,698.4564628660078,140.445859873,49.230126875039396,0.141413429771,14.9338901136,0.38410300912,0.0623098411997,0.0,2.6632589847379085,700.0,77.03821677969202,0.207117195936,27.5855365485,21.6472045903,0.0,0.254719348071,4.385228736012004,700.0,77.03821677969202,0.207117195936,27.5855365485,21.6472045903,0.0,0.254719348071,4.385228736012004,1.7219697512740955,0.024365266785,0.000593666220084,0.06689453125,0.0,0.0783274844289,0.858586549759,140.26651001,UNKNOWN_real_acoustic_source
N10,59904,1.35836734694,stable,real_unidentified,heldout,improvement,other,correct,698.4564628660078,234.574468085,58.11050964155152,0.127670012696,11.9024643019,3.31456144474,90.3467928945,10.9697961396,2.920548690384111,700.0,77.03821677969202,0.156174448204,96.2257306264,81.4750676896,0.0,4.4201979312,5.625868350598598,700.0,77.03821677969202,0.156174448204,96.2257306264,81.4750676896,0.0,4.4201979312,5.625868350598598,1.7027680282289914,0.0966887399554,0.00934871193022,0.201477050781,0.0,0.139593705535,0.872330009937,145.900054932,CMND_ambiguity
P01,83456,1.89242630385,stable_diagnostic,real_unidentified,development,improvement,down,correct,349.2282314330039,175.697211155,53.10705321424447,0.0671318702512,18.0808049644,75.6687435904,0.266306308951,7.24075009158,3.988646544645325,350.0,65.03821677969204,0.238514030607,76.6926724727,21.4527706266,23.1659056525,16.7667150328,4.789012209450064,350.0,65.03821677969204,0.238514030607,76.6926724727,21.4527706266,23.1659056525,16.7667150328,4.789012209450064,0.800365664804739,0.0521254204214,0.00271705933847,0.109039306641,0.0,0.0950722172856,0.932868123055,175.679779053,UNKNOWN_real_acoustic_source
P01,83968,1.90403628118,stable_diagnostic,real_unidentified,development,improvement,down,correct,349.2282314330039,175.697211155,53.10705321424447,0.0595430293548,14.442273518,70.4256804119,0.697778607202,6.04768154656,3.9083322824664783,352.8,65.17616444574598,0.257562143643,67.9951267247,15.9268236144,15.2008324396,15.4219720152,4.430316926459421,352.8,65.17616444574598,0.257562143643,67.9951267247,15.9268236144,15.2008324396,15.4219720152,4.430316926459421,0.5219846439929423,0.0500127971172,0.002501280047,0.115798950195,0.0,0.156657800078,0.940456986427,175.465805054,UNKNOWN_real_acoustic_source
P01,84480,1.9156462585,stable_diagnostic,real_unidentified,development,improvement,down,correct,349.2282314330039,175.697211155,53.10705321424447,0.0653482097146,10.1897412719,65.8769144197,0.784001465044,4.48736126565,3.6792188628263967,352.8,65.17616444574598,0.239163278042,63.891250287,15.9403952658,15.1833545747,10.9462045548,4.565025747199762,352.8,65.17616444574598,0.239163278042,63.891250287,15.9403952658,15.1833545747,10.9462045548,4.565025747199762,0.8858068843733653,0.0403934940696,0.0016316344263,0.0962677001953,0.0,0.0924396514893,0.934651792049,175.598770142,UNKNOWN_real_acoustic_source
P01,84992,1.92725623583,stable_diagnostic,real_unidentified,development,improvement,down,correct,349.2282314330039,175.697211155,53.10705321424447,0.0667296949176,5.99336675703,61.0493622653,0.642215601093,2.99348702636,3.3071470019911704,352.8,65.17616444574598,0.217860135888,59.4686782693,15.3645977008,14.7268335417,7.1388594237,4.704482480942279,352.8,65.17616444574598,0.217860135888,59.4686782693,15.3645977008,14.7268335417,7.1388594237,4.704482480942279,1.397335478951109,0.0405667684972,0.00164566270541,0.0883331298828,0.0,0.0740267038345,0.933270275593,175.62663269,UNKNOWN_real_acoustic_source
P01,85504,1.93886621315,stable_diagnostic,real_unidentified,development,improvement,down,correct,349.2282314330039,175.697211155,53.10705321424447,0.0719948920914,8.39420572629,55.5554875582,0.379689086863,1.62348780625,3.711926636870486,352.8,65.17616444574598,0.234236250062,53.9833294168,14.5201795744,13.8070556474,8.99748614264,4.432237192450683,352.8,65.17616444574598,0.234236250062,53.9833294168,14.5201795744,13.8070556474,8.99748614264,4.432237192450683,0.7203105555801965,0.0420534536242,0.00176849297713,0.0873413085938,0.0,0.0848520174623,0.928005099297,175.573196411,UNKNOWN_real_acoustic_source
P01,86016,1.95047619048,stable_diagnostic,real_unidentified,development,improvement,down,correct,349.2282314330039,175.697211155,53.10705321424447,0.0843478468622,10.3416544216,50.278655022,0.105610484616,1.13429885967,3.8744540979699096,352.8,65.17616444574598,0.231145637479,48.3450312811,13.9105846163,13.2217146254,10.6226707805,4.2247951861062845,352.8,65.17616444574598,0.231145637479,48.3450312811,13.9105846163,13.2217146254,10.6226707805,4.2247951861062845,0.3503410881363749,0.041147634387,0.00169312779326,0.0891418457031,0.0,0.121085315943,0.915652155876,175.56980896,UNKNOWN_real_acoustic_source
P01,86528,1.9620861678,stable_diagnostic,real_unidentified,development,improvement,down,correct,349.2282314330039,175.697211155,53.10705321424447,0.098874349983,9.35814203933,46.4013003956,0.0939272846467,1.25122389572,3.686055559967923,352.8,65.17616444574598,0.281305395937,44.1865322777,13.6971014481,13.1485441356,9.45858879365,4.0807046043062645,352.8,65.17616444574598,0.281305395937,44.1865322777,13.6971014481,13.1485441356,9.45858879365,4.0807046043062645,0.3946490443383417,0.0417972579598,0.00174701062497,0.0895080566406,0.0,0.106753572822,0.901125669479,175.597229004,UNKNOWN_real_acoustic_source
P01,87040,1.97369614512,stable_diagnostic,real_unidentified,development,improvement,down,correct,349.2282314330039,175.697211155,53.10705321424447,0.110512365024,5.2450444924,44.3811708154,0.255860831459,1.26862106778,3.165681398461138,352.8,65.17616444574598,0.261099253111,42.1915241633,13.4936789687,12.9888529178,5.34389251687,4.316121007673212,352.8,65.17616444574598,0.261099253111,42.1915241633,13.4936789687,12.9888529178,5.34389251687,4.316121007673212,1.150439609212074,0.039183549583,0.00153535045683,0.0980224609375,0.0,0.0931251198053,0.889487624168,175.52923584,UNKNOWN_real_acoustic_source
P01,87552,1.98530612245,stable_diagnostic,real_unidentified,development,improvement,down,correct,349.2282314330039,175.697211155,53.10705321424447,0.112832410495,1.34275073154,43.8672109167,0.394978378158,1.53366916745,2.145900044654567,352.8,65.17616444574598,0.265235217816,41.7633518248,13.0447897597,12.4399883933,1.51123638978,4.735507789231186,352.8,65.17616444574598,0.265235217816,41.7633518248,13.0447897597,12.4399883933,1.51123638978,4.735507789231186,2.0042727569041707,0.041688002646,0.0017378894845,0.110137939453,0.0,0.0853953287005,0.887167572975,175.512466431,UNKNOWN_real_acoustic_source
P01,88064,1.99691609977,stable_diagnostic,real_unidentified,development,improvement,down,correct,349.2282314330039,175.697211155,53.10705321424447,0.109726806344,0.991680345855,44.1141020925,0.451603734053,1.6855111589,1.9733542053380067,352.8,65.17616444574598,0.214417976422,42.0094888785,12.6201367826,11.7017087631,1.16180034725,4.888322930678665,352.8,65.17616444574598,0.214417976422,42.0094888785,12.6201367826,11.7017087631,1.16180034725,4.888322930678665,2.0269431273478022,0.0384824573994,0.00148089963477,0.105575561523,0.0,0.101058416069,0.890273213387,175.454040527,UNKNOWN_real_acoustic_source
P01,88576,2.0085260771,stable_diagnostic,real_unidentified,development,improvement,down,correct,349.2282314330039,175.697211155,53.10705321424447,0.107052700765,3.26168209606,44.5933904845,0.410300281307,1.79407377968,2.7176402476119765,352.8,65.17616444574598,0.218798369659,42.5498706827,12.3859714279,11.0893200611,3.31053613025,4.525963081220283,352.8,65.17616444574598,0.218798369659,42.5498706827,12.3859714279,11.0893200611,3.31053613025,4.525963081220283,1.6966195406181934,0.0378111563623,0.00142968364526,0.0883941650391,0.0,0.0773421302438,0.89294731617,175.46232605,UNKNOWN_real_acoustic_source
P01,89088,2.02013605442,stable_diagnostic,real_unidentified,development,improvement,down,correct,349.2282314330039,175.697211155,53.10705321424447,0.10291511002,4.01662568325,45.3577540929,0.369832052003,1.53864666328,2.937978070168347,352.8,65.17616444574598,0.253400034851,43.4468992177,12.2250648425,10.6339189745,3.95046723329,4.392292310206541,352.8,65.17616444574598,0.253400034851,43.4468992177,12.2250648425,10.6339189745,3.95046723329,4.392292310206541,1.4543142400381939,0.041579131037,0.00172882422339,0.09521484375,0.0,0.113651990891,0.897084891796,175.431289673,UNKNOWN_real_acoustic_source
P01,89600,2.03174603175,stable_diagnostic,real_unidentified,development,improvement,down,correct,349.2282314330039,175.0,53.03821677969203,0.114100075668,2.55098728988,46.895642164,0.318508224061,1.9135572771,2.5079756423066515,352.8,65.17616444574598,0.252251079546,44.2019677762,11.8875345789,10.1494195972,2.59045204223,4.548476532715018,352.8,65.17616444574598,0.252251079546,44.2019677762,11.8875345789,10.1494195972,2.59045204223,4.548476532715018,2.0405008904083664,0.0375886186957,0.00141290412284,0.0956115722656,0.0,0.0877111777663,0.88589990139,175.419662476,UNKNOWN_real_acoustic_source
P01,90112,2.04335600907,stable_diagnostic,real_unidentified,development,improvement,down,correct,349.2282314330039,175.697211155,53.10705321424447,0.098165207211,1.05355428085,46.0438837996,0.243999658173,2.46936750688,1.8813788834999605,352.8,65.17616444574598,0.230101753503,44.2173845083,11.3392726452,9.55906276486,1.15865033593,4.8121761951384485,352.8,65.17616444574598,0.230101753503,44.2173845083,11.3392726452,9.55906276486,1.15865033593,4.8121761951384485,2.710163796025621,0.038938280195,0.00151618965901,0.0812072753906,0.0,0.102266311646,0.901834785938,175.335586548,UNKNOWN_real_acoustic_source
P01,90624,2.05496598639,stable_diagnostic,real_unidentified,development,improvement,down,correct,349.2282314330039,175.697211155,53.10705321424447,0.083440695849,0.61790097209,45.8160409383,0.174907922106,2.53263356427,1.6466367934058048,352.8,65.17616444574598,0.176323796446,43.9378887789,10.7298628534,9.058297674,0.582630977882,5.0312578436628215,352.8,65.17616444574598,0.176323796446,43.9378887789,10.7298628534,9.058297674,0.582630977882,5.0312578436628215,2.5663440036285823,0.0383090190589,0.00146758090705,0.0722503662109,0.0,0.0764274299145,0.916559278965,175.357223511,UNKNOWN_real_acoustic_source
P01,91136,2.06657596372,stable_diagnostic,real_unidentified,development,improvement,down,correct,349.2282314330039,175.0,53.03821677969203,0.0955336934149,2.3967200175,46.8974903852,0.0969966426088,2.64971170005,2.3420943746576404,352.8,65.17616444574598,0.187547135746,44.0821674399,10.2095977911,8.77697955908,2.48514955875,4.587529845172294,352.8,65.17616444574598,0.187547135746,44.0821674399,10.2095977911,8.77697955908,2.48514955875,4.587529845172294,2.0187798819451173,0.0374785847962,0.00140464422293,0.0882415771484,0.0,0.0906372889876,0.904466331005,175.365997314,UNKNOWN_real_acoustic_source
P01,91648,2.07818594104,stable_diagnostic,real_unidentified,development,improvement,down,correct,349.2282314330039,175.0,53.03821677969203,0.0930201362705,2.54752975682,47.2672485748,0.0844257701466,2.59217208013,2.3994719920485723,352.8,65.17616444574598,0.192213067022,44.592325985,9.81431376178,8.61232674692,2.81109950286,4.522551293251895,352.8,65.17616444574598,0.192213067022,44.592325985,9.81431376178,8.61232674692,2.81109950286,4.522551293251895,2.1230793012033224,0.0351281315088,0.00123398553114,0.0657806396484,0.0,0.0976856127381,0.906979858875,175.346069336,UNKNOWN_real_acoustic_source
P01,92160,2.08979591837,stable_diagnostic,real_unidentified,development,improvement,down,correct,349.2282314330039,175.0,53.03821677969203,0.109461678905,2.60677120404,47.1933812305,0.145766947102,2.7813034548,2.3704846265245876,352.8,65.17616444574598,0.199985829975,44.6855756071,9.51120472197,8.33535471249,2.6881925462,4.503915795200387,352.8,65.17616444574598,0.199985829975,44.6855756071,9.51120472197,8.33535471249,2.6881925462,4.503915795200387,2.1334311686758,0.0364813171327,0.00133088661823,0.0754089355469,0.0,0.0932873189449,0.890538334846,175.304122925,UNKNOWN_real_acoustic_source
P01,92672,2.10140589569,stable_diagnostic,real_unidentified,development,improvement,down,correct,349.2282314330039,175.0,53.03821677969203,0.0983059886343,2.79231845408,46.41514777,0.155408700717,2.56896704389,2.4658118879984277,352.8,65.17616444574598,0.195430910006,43.7481175063,9.19232471153,7.9477125686,2.57451253856,4.481940108986642,352.8,65.17616444574598,0.195430910006,43.7481175063,9.19232471153,7.9477125686,2.57451253856,4.481940108986642,2.016128220988214,0.0337265208364,0.00113747816067,0.0760498046875,0.0,0.0861418768764,0.901693999767,175.251586914,UNKNOWN_real_acoustic_source
P01,93184,2.11301587302,stable_diagnostic,real_unidentified,development,improvement,down,correct,349.2282314330039,175.0,53.03821677969203,0.0856701611954,1.71352891182,45.1253947456,0.286120509135,2.75525268467,2.1439212717069296,352.8,65.17616444574598,0.158435532136,42.0561420237,8.78888056441,7.53696808648,1.58062707514,4.648342649940404,352.8,65.17616444574598,0.158435532136,42.0561420237,8.78888056441,7.53696808648,1.58062707514,4.648342649940404,2.5044213782334745,0.0318823009729,0.00101648108102,0.0677032470703,0.0,0.101445764303,0.914329826832,175.224349976,UNKNOWN_real_acoustic_source
P01,94720,2.14784580499,stable_diagnostic,real_unidentified,development,improvement,down,correct,349.2282314330039,175.0,53.03821677969203,0.111506091563,1.51990885815,42.7219475481,0.572572310775,2.9364439388,2.0181749466689727,352.8,65.17616444574598,0.167751457958,39.933222364,7.78002975667,6.72969948842,1.5301915008,4.5097989990521885,352.8,65.17616444574598,0.167751457958,39.933222364,7.78002975667,6.72969948842,1.5301915008,4.5097989990521885,2.184630404026057,0.0326831191778,0.00106818624772,0.0805206298828,0.0,0.0849809721112,0.888493895531,351.514709473,UNKNOWN_real_acoustic_source
P01,95232,2.15945578231,stable_diagnostic,real_unidentified,development,improvement,down,correct,349.2282314330039,175.0,53.03821677969203,0.099011027266,2.16738519594,42.5054886135,0.372843756367,3.09168856553,2.2160700984599973,352.8,65.17616444574598,0.154258095897,39.8796096164,7.35933312966,6.46570192133,2.31909116462,4.366538895714231,352.8,65.17616444574598,0.154258095897,39.8796096164,7.35933312966,6.46570192133,2.31909116462,4.366538895714231,2.150468797254234,0.0306454896927,0.000939146033488,0.0551300048828,0.0,0.0987369343638,0.900988996029,175.225540161,UNKNOWN_real_acoustic_source
P01,98304,2.22911564626,stable_diagnostic,real_unidentified,development,improvement,down,correct,349.2282314330039,175.0,53.03821677969203,0.135918344165,1.38405543435,37.9327624875,0.0732584207779,3.37969962762,1.7070691196101873,352.8,65.17616444574598,0.15720211681,35.4640792341,5.7542940523,4.8762383792,1.55328063234,4.211052320124869,352.8,65.17616444574598,0.15720211681,35.4640792341,5.7542940523,4.8762383792,1.55328063234,4.211052320124869,2.5008948281770333,0.0307821426541,0.000947540334892,0.0625152587891,0.0,0.103589005768,0.864081680775,351.518554688,CMND_ambiguity
P01,98816,2.24072562358,stable_diagnostic,real_unidentified,development,improvement,down,correct,349.2282314330039,175.0,53.03821677969203,0.127128638811,1.81124085974,37.0108290207,0.0961139306786,2.79127413327,1.9548959528867011,352.8,65.17616444574598,0.155302512621,34.4046387133,5.21649673394,4.6706887077,1.79236997671,4.0902233836814,352.8,65.17616444574598,0.155302512621,34.4046387133,5.21649673394,4.6706887077,1.79236997671,4.0902233836814,2.135327430794699,0.0285669807345,0.000816072337329,0.0625915527344,0.0,0.0989865288138,0.872871339321,175.308532715,CMND_ambiguity
P01,99328,2.25233560091,stable_diagnostic,real_unidentified,development,improvement,down,correct,349.2282314330039,175.0,53.03821677969203,0.130430144985,1.26935044629,36.353280772,0.128169264491,2.76340904896,1.7363301721841764,352.8,65.17616444574598,0.165253145845,33.7742980647,4.68075857552,4.39768486172,1.22676860236,4.108131443196718,352.8,65.17616444574598,0.165253145845,33.7742980647,4.68075857552,4.39768486172,1.22676860236,4.108131443196718,2.3718012710125413,0.0265166126192,0.00070313073229,0.0677337646484,0.0,0.0741578564048,0.869569838047,175.245803833,CMND_ambiguity
P01,99840,2.26394557823,stable_diagnostic,real_unidentified,development,improvement,down,correct,349.2282314330039,175.0,53.03821677969203,0.123152326747,0.630509458345,35.9712753244,0.224183350018,2.68218564082,1.4464737400506467,352.8,65.17616444574598,0.183068641298,33.5784371032,4.44531240405,4.13574859143,0.702943117711,4.167347968477626,352.8,65.17616444574598,0.183068641298,33.5784371032,4.44531240405,4.13574859143,0.702943117711,4.167347968477626,2.720874228426979,0.0287498608232,0.00082655454753,0.0589141845703,0.0,0.0973562672734,0.876847684383,175.262008667,UNKNOWN_real_acoustic_source
P01,100352,2.27555555556,stable_diagnostic,real_unidentified,development,improvement,down,correct,349.2282314330039,175.0,53.03821677969203,0.121360958817,0.600505940728,35.738969508,0.338956100123,2.47374176114,1.4798732951521583,352.8,65.17616444574598,0.20096710758,33.5027872837,4.4539348937,3.97657035014,0.558537338323,4.166585923317313,352.8,65.17616444574598,0.20096710758,33.5027872837,4.4539348937,3.97657035014,0.558537338323,4.166585923317313,2.5171630741661764,0.0279482100159,0.000781102397013,0.0572509765625,0.0,0.12500756979,0.878639042377,175.247207642,UNKNOWN_real_acoustic_source
P01,100864,2.28716553288,stable_diagnostic,real_unidentified,development,improvement,down,correct,349.2282314330039,175.0,53.03821677969203,0.137905627476,0.388206142641,35.4947177129,0.422093262881,2.39134726072,1.3282037253124237,352.8,65.17616444574598,0.270007852865,33.3079441802,4.37783856004,3.88815995401,0.290839219453,4.105562203784813,352.8,65.17616444574598,0.270007852865,33.3079441802,4.37783856004,3.88815995401,0.290839219453,4.105562203784813,2.143106910927904,0.0268254894763,0.000719606934581,0.0597686767578,0.0,0.100508421659,0.862094402313,175.190063477,UNKNOWN_real_acoustic_source
P01,101376,2.2987755102,stable_diagnostic,real_unidentified,development,improvement,down,correct,349.2282314330039,175.0,53.03821677969203,0.131944790872,0.130465240859,35.017599177,0.410940782607,2.41611030152,1.122556419698427,352.8,65.17616444574598,0.308344040043,32.7673064634,4.07984251748,3.76300535822,0.104843683309,4.055812900960682,352.8,65.17616444574598,0.308344040043,32.7673064634,4.07984251748,3.76300535822,0.104843683309,4.055812900960682,1.9637306340855716,0.0296171791852,0.000877177342772,0.0634460449219,0.0,0.0978387147188,0.868055224419,175.134658813,UNKNOWN_real_acoustic_source
P01,101888,2.31038548753,stable_diagnostic,real_unidentified,development,improvement,down,correct,349.2282314330039,175.0,53.03821677969203,0.135713739465,1.06275548842,34.4795331652,0.321867164189,2.70684532183,1.651763940825908,352.8,65.17616444574598,0.339614662092,32.1518148299,3.80280904646,3.69875027758,0.985840631038,3.650271604969454,352.8,65.17616444574598,0.339614662092,32.1518148299,3.80280904646,3.69875027758,0.985840631038,3.650271604969454,1.9301660790375268,0.0301730837673,0.000910414964892,0.0656433105469,0.0,0.121777720749,0.864286243916,175.016998291,UNKNOWN_real_acoustic_source
P01,102400,2.32199546485,stable_diagnostic,real_unidentified,development,improvement,down,correct,349.2282314330039,175.0,53.03821677969203,0.143516921456,1.31901324766,34.0985574009,0.287111264804,2.07660123546,1.834375291050611,352.8,65.17616444574598,0.350667690559,31.7269565248,3.72943739392,3.78263715851,1.24806178252,3.5499806591601186,352.8,65.17616444574598,0.350667690559,31.7269565248,3.72943739392,3.78263715851,1.24806178252,3.5499806591601186,1.7156053681095076,0.027547031641,0.000758838956244,0.0604095458984,0.0,0.136320233345,0.856483101845,174.905715942,UNKNOWN_real_acoustic_source
P01,102912,2.33360544218,stable_diagnostic,real_unidentified,development,improvement,down,correct,349.2282314330039,175.0,53.03821677969203,0.145037175205,0.984071950888,33.927157937,0.250862409741,1.09591807398,1.857671739730774,352.8,65.17616444574598,0.384679784876,31.5727977734,3.66978030591,3.79846620965,1.00536924745,3.5288339378410143,352.8,65.17616444574598,0.384679784876,31.5727977734,3.66978030591,3.79846620965,1.00536924745,3.5288339378410143,1.6711621981102402,0.0312940962613,0.000979320378974,0.0679626464844,0.0,0.130597382784,0.854962825775,174.999984741,UNKNOWN_real_acoustic_source
P01,129024,2.92571428571,stable_diagnostic,real_unidentified,development,improvement,other,correct,329.6275569128699,110.804020101,45.12608041524497,0.142843362523,7.16181437104,11.7173690625,110.452423294,0.0,4.2636635702421,331.578947368,64.10218663565477,0.323730147429,111.528094682,22.9712719601,15.5286885759,10.6586053797,5.137422791870664,331.578947368,64.10218663565477,0.323730147429,111.528094682,22.9712719601,15.5286885759,10.6586053797,5.137422791870664,0.8737592216285641,0.102654412389,0.0105379279703,0.190658569336,0.0,0.100045002997,0.857156634331,174.994812012,UNKNOWN_real_acoustic_source
P01,129536,2.93732426304,stable_diagnostic,real_unidentified,development,improvement,down,correct,329.6275569128699,166.41509434,52.16739326832354,0.109285746019,3.92259312458,109.108776591,1.7469219578,3.80500181133,3.1937898745875617,334.090909091,64.2328464293943,0.256285526612,104.612924253,17.8394200353,7.74134395099,3.51258572646,5.403766268290993,334.090909091,64.2328464293943,0.256285526612,104.612924253,17.8394200353,7.74134395099,3.51258572646,5.403766268290993,1.745463671421942,0.104080051184,0.0108326571062,0.205841064453,0.0,0.0867777392268,0.890714228153,110.927940369,UNKNOWN_real_acoustic_source
P01,130048,2.94893424036,stable_diagnostic,real_unidentified,development,improvement,down,correct,329.6275569128699,166.41509434,52.16739326832354,0.0853658350091,4.99054399642,112.178709055,1.15103352029,4.54162481249,3.319277824012246,334.090909091,64.2328464293943,0.23173782535,106.864904544,19.0347448345,8.09384496348,5.19899143101,5.355844062132934,334.090909091,64.2328464293943,0.23173782535,106.864904544,19.0347448345,8.09384496348,5.19899143101,5.355844062132934,2.0350699460637522,0.0898657441139,0.00807585194707,0.186370849609,0.0,0.0856079086661,0.914634168148,166.400772095,UNKNOWN_real_acoustic_source
P01,130560,2.96054421769,stable_diagnostic,real_unidentified,development,improvement,down,correct,329.6275569128699,166.41509434,52.16739326832354,0.0848065212894,7.1921277939,115.603907434,0.619621507931,4.82688220419,3.5522591028322124,334.090909091,64.2328464293943,0.202190977101,109.898631322,19.1602247683,7.73433896459,7.54699624874,5.275116008087133,334.090909091,64.2328464293943,0.202190977101,109.898631322,19.1602247683,7.73433896459,7.54699624874,5.275116008087133,1.722856905254921,0.0841988027096,0.0070894388482,0.186660766602,0.0,0.104639805853,0.915193498135,166.310638428,UNKNOWN_real_acoustic_source
P01,131072,2.97215419501,stable_diagnostic,real_unidentified,development,improvement,down,correct,329.6275569128699,166.41509434,52.16739326832354,0.0637728873403,3.90019138729,117.370506643,0.289677390823,5.05829314412,3.0115222594692455,331.578947368,64.10218663565477,0.166113228148,121.212080058,27.4857134481,14.6947486309,3.27564211829,6.110097176365841,331.578947368,64.10218663565477,0.166113228148,121.212080058,27.4857134481,14.6947486309,3.27564211829,6.110097176365841,2.753652159427362,0.087740547955,0.00769840320572,0.194793701172,0.0,0.088196516037,0.936227083206,166.270217896,UNKNOWN_real_acoustic_source
P01,148480,3.36689342404,stable_diagnostic,real_unidentified,development,improvement,down,correct,329.6275569128699,165.789473684,52.10218663565477,0.034048233604,4.12873799473,54.1278365031,0.0579289548323,0.419383496091,3.4105575362817713,331.578947368,64.10218663565477,0.153235829461,54.1278365031,9.44205237845,6.29665470965,4.12873799473,4.5555278889597295,331.578947368,64.10218663565477,0.153235829461,54.1278365031,9.44205237845,6.29665470965,4.12873799473,4.5555278889597295,1.1449703526779582,0.0386283844709,0.00149215222336,0.0857238769531,0.0,0.0852857381105,0.965951740742,331.884490967,UNKNOWN_real_acoustic_source
P01,148992,3.37850340136,stable_diagnostic,real_unidentified,development,improvement,down,correct,329.6275569128699,165.789473684,52.10218663565477,0.0342307242185,4.13638053801,52.4933900373,0.127846219598,0.203729869019,3.4950312284723912,331.578947368,64.10218663565477,0.184343015381,52.4933900373,9.0869739932,6.24978942084,4.13638053801,4.4435632865058725,331.578947368,64.10218663565477,0.184343015381,52.4933900373,9.0869739932,6.24978942084,4.13638053801,4.4435632865058725,0.9485320580334813,0.0412242300808,0.00169943727087,0.0834197998047,0.0,0.0798046514392,0.965769290924,165.575454712,UNKNOWN_real_acoustic_source
P01,149504,3.39011337868,stable_diagnostic,real_unidentified,development,improvement,down,correct,329.6275569128699,165.789473684,52.10218663565477,0.0404071805179,1.72592718439,50.721379465,0.33225271465,1.02462091633,2.6139564523766805,331.578947368,64.10218663565477,0.196093717168,50.721379465,8.60211643561,6.2989449789,1.72592718439,4.680203701981803,331.578947368,64.10218663565477,0.196093717168,50.721379465,8.60211643561,6.2989449789,1.72592718439,4.680203701981803,2.0662472496051225,0.0323277413845,0.0010450828122,0.0737915039062,0.0,0.0882633253932,0.959592819214,165.547042847,UNKNOWN_real_acoustic_source
P01,150016,3.40172335601,stable_diagnostic,real_unidentified,development,improvement,down,correct,329.6275569128699,165.789473684,52.10218663565477,0.0415954794693,1.64249415438,48.815932095,0.545149434633,1.94216501276,2.4119069970520193,331.578947368,64.10218663565477,0.216859373996,48.815932095,7.9417058509,6.24218635159,1.64249415438,4.579098469950095,331.578947368,64.10218663565477,0.216859373996,48.815932095,7.9417058509,6.24218635159,1.64249415438,4.579098469950095,2.1671914728980757,0.0284809675068,0.00081116554793,0.0643920898438,0.0,0.103177592158,0.958404541016,165.523635864,UNKNOWN_real_acoustic_source
P02,80896,1.83437641723,stable_diagnostic,real_unidentified,development,improvement,down,correct,349.2282314330039,175.697211155,53.10705321424447,0.146315198458,14.4077098224,67.6972997743,0.539221746147,4.33807851959,3.8274789240223916,352.8,65.17616444574598,0.419523662957,65.6280449726,16.0121749047,13.3319536339,15.0915466048,4.053518739801695,352.8,65.17616444574598,0.419523662957,65.6280449726,16.0121749047,13.3319536339,15.0915466048,4.053518739801695,0.22603981577930332,0.0454182066023,0.0020628136117,0.105239868164,0.0,0.0987400785089,0.853684782982,175.379623413,small_spectral_margin
P02,81920,1.85759637188,stable_diagnostic,real_unidentified,development,improvement,down,correct,349.2282314330039,175.697211155,53.10705321424447,0.139856439677,4.48463054111,56.8094735455,0.233144095634,2.76837929633,2.8398824499980053,352.8,65.17616444574598,0.423934037195,55.2244757116,15.1741829918,12.2313236462,5.49440396063,4.283368579877594,352.8,65.17616444574598,0.423934037195,55.2244757116,15.1741829918,12.2313236462,5.49440396063,4.283368579877594,1.443486129879589,0.0401887744665,0.00161513756029,0.0886535644531,0.0,0.130210086703,0.86014354229,175.331680298,UNKNOWN_real_acoustic_source
P02,82944,1.88081632653,stable_diagnostic,real_unidentified,development,improvement,down,correct,349.2282314330039,175.697211155,53.10705321424447,0.143789518578,10.0070289556,46.1872100648,0.522653633872,1.8998714847,3.610796914788772,352.8,65.17616444574598,0.409557918186,44.0343567419,14.5330097331,12.1908960074,10.1435138619,3.7992464727507054,352.8,65.17616444574598,0.409557918186,44.0343567419,14.5330097331,12.1908960074,10.1435138619,3.7992464727507054,0.1884495579619334,0.0405863970518,0.00164725561626,0.0976257324219,0.0,0.11436240375,0.8562104702,175.413146973,small_spectral_margin
P02,84992,1.92725623583,stable_diagnostic,real_unidentified,development,improvement,down,correct,349.2282314330039,175.0,53.03821677969203,0.126632790548,0.910328270491,44.762026093,0.339021929907,2.83541292348,1.7065831372723794,352.8,65.17616444574598,0.313158032382,41.7626829825,13.0096753096,9.87849192479,1.31114443714,4.627049347703213,352.8,65.17616444574598,0.313158032382,41.7626829825,13.0096753096,9.87849192479,1.31114443714,4.627049347703213,1.709793216791517,0.0356204658747,0.0012688174611,0.0890960693359,0.0,0.102574281394,0.873367190361,175.388397217,UNKNOWN_real_acoustic_source
P02,85504,1.93886621315,stable_diagnostic,real_unidentified,development,improvement,down,correct,349.2282314330039,175.697211155,53.10705321424447,0.106326675428,1.77591626654,44.411287691,0.301498871061,3.21051408715,2.063294647742235,352.8,65.17616444574598,0.249862299505,42.6556645503,12.722252052,9.57656784811,1.92613138919,4.638937463836213,352.8,65.17616444574598,0.249862299505,42.6556645503,12.722252052,9.57656784811,1.92613138919,4.638937463836213,1.6500169140673258,0.0359532125294,0.0012926334748,0.0854949951172,0.0,0.0885980576277,0.893673300743,175.302047729,UNKNOWN_real_acoustic_source
P02,86016,1.95047619048,stable_diagnostic,real_unidentified,development,improvement,down,correct,349.2282314330039,175.0,53.03821677969203,0.120014579778,2.08953294865,45.4300396776,0.32708217363,2.63752395525,2.2320581593182394,352.8,65.17616444574598,0.266149116778,43.0337739381,12.2696477477,9.24681108742,2.20904684808,4.544153002354378,352.8,65.17616444574598,0.266149116778,43.0337739381,12.2696477477,9.24681108742,2.20904684808,4.544153002354378,1.7755316333849058,0.0411561913788,0.00169383210596,0.0914306640625,0.0,0.0935826152563,0.879985392094,175.382568359,UNKNOWN_real_acoustic_source
P02,86528,1.9620861678,stable_diagnostic,real_unidentified,development,improvement,down,correct,349.2282314330039,175.0,53.03821677969203,0.115309781335,2.62608453134,45.1927644877,0.271834111524,2.02249023875,2.4810199217009647,352.8,65.17616444574598,0.268852549661,42.6743494718,11.6746694603,8.93172445004,2.59765556139,4.442650928081295,352.8,65.17616444574598,0.268852549661,42.6743494718,11.6746694603,8.93172445004,2.59765556139,4.442650928081295,1.9616310063803302,0.0376908406615,0.00142059952486,0.0804901123047,0.0,0.0836110636592,0.884690225124,175.310974121,UNKNOWN_real_acoustic_source
P02,87040,1.97369614512,stable_diagnostic,real_unidentified,development,improvement,down,correct,349.2282314330039,175.0,53.03821677969203,0.0993278312481,1.43839476193,45.1692634125,0.183209472625,3.05509350642,1.9509122033038533,352.8,65.17616444574598,0.210456233964,42.4561073461,11.1238221836,8.70839503414,1.5465916539,4.699294895794928,352.8,65.17616444574598,0.210456233964,42.4561073461,11.1238221836,8.70839503414,1.5465916539,4.699294895794928,2.5924815081049832,0.0393219515681,0.00154621573165,0.0735931396484,0.0,0.12337294966,0.900672197342,175.314163208,UNKNOWN_real_acoustic_source
P02,87552,1.98530612245,stable_diagnostic,real_unidentified,development,improvement,down,correct,349.2282314330039,175.0,53.03821677969203,0.0784313366856,0.292867842957,45.9559738229,0.108010605867,3.97652325875,1.2478812162243176,352.8,65.17616444574598,0.153909876184,43.1643264336,10.671453186,8.43864774245,0.42798508527,5.091741568342935,352.8,65.17616444574598,0.153909876184,43.1643264336,10.671453186,8.43864774245,0.42798508527,5.091741568342935,2.3762720140760303,0.0375433266163,0.00140950130299,0.0725860595703,0.0,0.0856214985251,0.92156869173,175.333297729,UNKNOWN_real_acoustic_source
P02,88576,2.0085260771,stable_diagnostic,real_unidentified,development,improvement,down,correct,349.2282314330039,175.0,53.03821677969203,0.0900593918776,1.23655881919,47.8621495861,0.0793906434003,3.86846098394,1.79703142127787,352.8,65.17616444574598,0.160809795966,45.3709862017,9.73361542284,7.84452447513,1.23069284411,4.845538123147716,352.8,65.17616444574598,0.160809795966,45.3709862017,9.73361542284,7.84452447513,1.23069284411,4.845538123147716,2.516792150782754,0.0358449406922,0.00128485972527,0.0828399658203,0.0,0.0820360928774,0.909940600395,351.705322266,UNKNOWN_real_acoustic_source
P02,89088,2.02013605442,stable_diagnostic,real_unidentified,development,improvement,down,correct,349.2282314330039,175.0,53.03821677969203,0.0881271809512,2.16061553093,47.5790480349,0.0959384310731,3.62269421713,2.17352250200557,352.8,65.17616444574598,0.16211266721,45.0017942434,9.34121898137,7.49384759707,2.05776290338,4.648517679298172,352.8,65.17616444574598,0.16211266721,45.0017942434,9.34121898137,7.49384759707,2.05776290338,4.648517679298172,2.474995177292602,0.034040633589,0.00115876481868,0.0718536376953,0.0,0.0967553108931,0.911872804165,175.286254883,UNKNOWN_real_acoustic_source
P02,89600,2.03174603175,stable_diagnostic,real_unidentified,development,improvement,down,correct,349.2282314330039,175.0,53.03821677969203,0.0883923299926,2.44033664415,46.3642467788,0.0833019099003,3.43841420536,2.262573346047261,352.8,65.17616444574598,0.154093223968,43.5629979762,9.05446852174,7.01980240504,2.40072329114,4.551210382422292,352.8,65.17616444574598,0.154093223968,43.5629979762,9.05446852174,7.01980240504,2.40072329114,4.551210382422292,2.2886370363750315,0.0321596711874,0.00103424442932,0.0722351074219,0.0,0.0873693972826,0.911607682705,175.300811768,UNKNOWN_real_acoustic_source
P02,94208,2.13623582766,stable_diagnostic,real_unidentified,development,improvement,down,correct,349.2282314330039,175.0,53.03821677969203,0.0752769026718,0.838977405154,38.5470031954,0.271190972428,1.30273662473,1.9403402455218652,352.8,65.17616444574598,0.158757264524,36.0295477964,6.11214080858,4.39622843211,0.87491978488,4.382245431566803,352.8,65.17616444574598,0.158757264524,36.0295477964,6.11214080858,4.39622843211,0.87491978488,4.382245431566803,2.441905186044938,0.0294300355017,0.000866126967594,0.0642852783203,0.0,0.105115652084,0.924723088741,351.728729248,UNKNOWN_real_acoustic_source
P02,94720,2.14784580499,stable_diagnostic,real_unidentified,development,improvement,down,correct,349.2282314330039,175.0,53.03821677969203,0.0943735345866,0.451604578737,37.9145347942,0.410434507814,1.24684478955,1.6958173908876115,352.8,65.17616444574598,0.215601083247,35.4171386001,5.73315184378,4.31584213536,0.191887176764,4.447262922911492,352.8,65.17616444574598,0.215601083247,35.4171386001,5.73315184378,4.31584213536,0.191887176764,4.447262922911492,2.751445532023881,0.0312950499356,0.000979380216449,0.0701293945312,0.0,0.10139220953,0.905626475811,175.137313843,UNKNOWN_real_acoustic_source
P02,95232,2.15945578231,stable_diagnostic,real_unidentified,development,improvement,down,correct,349.2282314330039,175.0,53.03821677969203,0.101263529284,1.1114813787,37.2647882206,0.382469769387,2.07490459713,1.886458729804107,352.8,65.17616444574598,0.248395358053,34.6850810557,5.33895347775,4.25798268865,1.04035679443,4.059673344431309,352.8,65.17616444574598,0.248395358053,34.6850810557,5.33895347775,4.25798268865,1.04035679443,4.059673344431309,2.1732146146272022,0.0318801514804,0.00101634417661,0.0740814208984,0.0,0.099345266819,0.898736476898,175.106460571,UNKNOWN_real_acoustic_source
P02,95744,2.17106575964,stable_diagnostic,real_unidentified,development,improvement,down,correct,349.2282314330039,175.0,53.03821677969203,0.108415155397,0.772187131407,36.6896341951,0.271605704053,2.9465802954,1.5437220722244518,352.8,65.17616444574598,0.269805548881,34.0940668057,5.0812299461,4.20679407302,0.791072819699,4.042108157046456,352.8,65.17616444574598,0.269805548881,34.0940668057,5.0812299461,4.20679407302,0.791072819699,4.042108157046456,2.4983860848220036,0.0288223009557,0.000830725010019,0.069091796875,0.0,0.102276004851,0.891584873199,175.024902344,UNKNOWN_real_acoustic_source
P02,96256,2.18267573696,stable_diagnostic,real_unidentified,development,improvement,down,correct,349.2282314330039,175.0,53.03821677969203,0.115340091498,0.915147556311,36.3505106512,0.204581549531,2.78714652608,1.610014422533489,352.8,65.17616444574598,0.297291741724,33.8966734157,5.02254863849,4.11686873361,0.97146361472,3.9243108492753267,352.8,65.17616444574598,0.297291741724,33.8966734157,5.02254863849,4.11686873361,0.97146361472,3.9243108492753267,2.2467939455729518,0.027565676719,0.000759866496082,0.0569000244141,0.0,0.105475917459,0.88465988636,175.01411438,UNKNOWN_real_acoustic_source
P02,96768,2.19428571429,stable_diagnostic,real_unidentified,development,improvement,down,correct,349.2282314330039,175.0,53.03821677969203,0.11881418235,1.26081891988,36.177680998,0.125261567156,2.12147823972,1.8463035768981042,352.8,65.17616444574598,0.330017943511,33.9399346728,4.9965656674,3.97763118092,1.19561374882,3.7971957242943,352.8,65.17616444574598,0.330017943511,33.9399346728,4.9965656674,3.97763118092,1.19561374882,3.7971957242943,1.9508921473961958,0.0312094371766,0.000974029011559,0.0683898925781,0.0,0.106777980924,0.881185829639,175.029571533,UNKNOWN_real_acoustic_source
P02,97280,2.20589569161,stable_diagnostic,real_unidentified,development,improvement,down,correct,349.2282314330039,175.0,53.03821677969203,0.133519535055,0.557872091306,35.9751017913,0.089576264113,1.8664528226,1.4763137172605438,352.8,65.17616444574598,0.409919896402,33.8924546811,4.78080875639,3.88514650172,0.551883345168,3.7865178042746335,352.8,65.17616444574598,0.409919896402,33.8924546811,4.78080875639,3.88514650172,0.551883345168,3.7865178042746335,2.31020408701409,0.0307008419186,0.000942541693803,0.0624542236328,0.0,0.104253560305,0.866480469704,174.939041138,UNKNOWN_real_acoustic_source
P02,127488,2.89088435374,stable_diagnostic,real_unidentified,development,improvement,down,correct,329.6275569128699,165.789473684,52.10218663565477,0.125995153736,1.74586606592,124.776246692,0.550958780622,5.51960768204,2.347669704271805,334.090909091,64.2328464293943,0.425831902956,114.974443337,19.9557150526,7.19740102776,2.51374756036,5.320524461467181,334.090909091,64.2328464293943,0.425831902956,114.974443337,19.9557150526,7.19740102776,2.51374756036,5.320524461467181,1.237646658528777,0.0896834284067,0.00804311782122,0.180694580078,0.0,0.100780583918,0.874004840851,174.994735718,UNKNOWN_real_acoustic_source
P02,128000,2.90249433107,stable_diagnostic,real_unidentified,development,improvement,down,correct,329.6275569128699,166.41509434,52.16739326832354,0.100378399412,5.42745376746,119.51144165,0.43593107185,6.90213990209,3.112580587423049,334.090909091,64.2328464293943,0.278206105911,113.605301369,20.3306278046,7.34373446038,5.36881541027,5.3198248127211185,334.090909091,64.2328464293943,0.278206105911,113.605301369,20.3306278046,7.34373446038,5.36881541027,5.3198248127211185,1.3333327829831174,0.0884309262037,0.00782002881169,0.191696166992,0.0,0.105668582022,0.899621605873,166.089172363,UNKNOWN_real_acoustic_source
P02,128512,2.91410430839,stable_diagnostic,real_unidentified,development,improvement,down,correct,329.6275569128699,166.41509434,52.16739326832354,0.0827511305341,7.32831849265,115.182177357,0.405439091656,8.61781275128,3.2850180465513086,334.090909091,64.2328464293943,0.224174266285,109.097109723,20.8838835775,7.06298812697,7.35446971363,5.2563121979837115,334.090909091,64.2328464293943,0.224174266285,109.097109723,20.8838835775,7.06298812697,7.35446971363,5.2563121979837115,1.971294151432403,0.0870433300734,0.00757654104382,0.168167114258,0.0,0.105587333441,0.9172488451,166.114990234,UNKNOWN_real_acoustic_source
P02,129536,2.93732426304,stable_diagnostic,real_unidentified,development,improvement,down,correct,329.6275569128699,165.789473684,52.10218663565477,0.0633152456823,6.29592804798,111.653923264,0.433786781505,7.86406864499,3.2219229698481127,331.578947368,64.10218663565477,0.1601743525,111.653923264,28.2211366567,12.58380088,6.29592804798,5.749979238374989,331.578947368,64.10218663565477,0.1601743525,111.653923264,28.2211366567,12.58380088,6.29592804798,5.749979238374989,2.528056268526876,0.0815550237894,0.00665122130886,0.172454833984,0.0,0.109625466168,0.936684727669,332.685180664,UNKNOWN_real_acoustic_source
P02,130048,2.94893424036,stable_diagnostic,real_unidentified,development,improvement,down,correct,329.6275569128699,165.789473684,52.10218663565477,0.0599274464746,7.7720249043,109.196758741,0.509165746473,5.23687617705,3.5904960494585647,331.578947368,64.10218663565477,0.17177370893,109.196758741,27.5764566532,12.2673622151,7.7720249043,5.595554586169333,331.578947368,64.10218663565477,0.17177370893,109.196758741,27.5764566532,12.2673622151,7.7720249043,5.595554586169333,2.0050585367107687,0.0868636295199,0.00754529051483,0.184188842773,0.0,0.0927364826202,0.940072536469,166.073898315,UNKNOWN_real_acoustic_source
P02,145408,3.29723356009,stable_diagnostic,real_unidentified,development,improvement,down,correct,329.6275569128699,165.789473684,52.10218663565477,0.0425487709239,2.41458432373,55.1841574449,0.134158872009,1.15385493663,2.805118841977036,331.578947368,64.10218663565477,0.15904497871,55.1841574449,9.95142120176,7.18962330205,2.41458432373,4.818968575758984,331.578947368,64.10218663565477,0.15904497871,55.1841574449,9.95142120176,7.18962330205,2.41458432373,4.818968575758984,2.0138497337819485,0.0416881106794,0.00173789844848,0.0951080322266,0.0,0.0792577490211,0.957451224327,331.884460449,UNKNOWN_real_acoustic_source
P02,145920,3.30884353741,stable_diagnostic,real_unidentified,development,improvement,down,correct,329.6275569128699,165.789473684,52.10218663565477,0.044766769049,2.15312892264,54.2190652005,0.0506573727477,1.20125808512,2.682355351862547,331.578947368,64.10218663565477,0.180349876889,54.2190652005,9.70012896781,6.88749338631,2.15312892264,4.777858384208878,331.578947368,64.10218663565477,0.180349876889,54.2190652005,9.70012896781,6.88749338631,2.15312892264,4.777858384208878,2.0955030323463313,0.0423793718219,0.00179601111449,0.0884857177734,0.0,0.112803645432,0.955233216286,165.570205688,UNKNOWN_real_acoustic_source
P02,146432,3.32045351474,stable_diagnostic,real_unidentified,development,improvement,down,correct,329.6275569128699,165.789473684,52.10218663565477,0.0465865574366,2.40560214829,53.49873839,0.0761047009915,0.984531581367,2.806982914890609,331.578947368,64.10218663565477,0.178479809395,53.49873839,9.39420202891,6.66918876364,2.40560214829,4.708433837949744,331.578947368,64.10218663565477,0.178479809395,53.49873839,9.39420202891,6.66918876364,2.40560214829,4.708433837949744,1.9014509230591345,0.036541081965,0.00133525056299,0.0781402587891,0.0,0.0699462294579,0.953413426876,165.593826294,UNKNOWN_real_acoustic_source
P02,146944,3.33206349206,stable_diagnostic,real_unidentified,development,improvement,down,correct,329.6275569128699,165.789473684,52.10218663565477,0.0496028724809,2.50232240806,52.552071227,0.108279197405,0.713086674755,2.9011015127132382,331.578947368,64.10218663565477,0.167483897296,52.552071227,8.91951578989,6.51967480293,2.50232240806,4.670606310610896,331.578947368,64.10218663565477,0.167483897296,52.552071227,8.91951578989,6.51967480293,2.50232240806,4.670606310610896,1.7695047978976581,0.0361753255129,0.00130865420215,0.0758819580078,0.0,0.0728395655751,0.950397133827,165.548934937,UNKNOWN_real_acoustic_source
P02,155136,3.51782312925,stable_diagnostic,real_unidentified,development,improvement,down,correct,329.6275569128699,165.789473684,52.10218663565477,0.0547226487399,1.17287463303,33.2296090525,0.132941571533,0.604765933631,2.227866622387133,331.578947368,64.10218663565477,0.159236435625,33.2296090525,1.32884591697,4.30563911235,1.17287463303,3.6664716314752663,331.578947368,64.10218663565477,0.159236435625,33.2296090525,1.32884591697,4.30563911235,1.17287463303,3.6664716314752663,1.4386050090881333,0.025259245187,0.000638029479887,0.0610504150391,0.0,0.11754963547,0.94527733326,331.959442139,UNKNOWN_real_acoustic_source
P02,155648,3.52943310658,stable_diagnostic,real_unidentified,development,improvement,down,correct,329.6275569128699,165.789473684,52.10218663565477,0.0576949302796,1.19830915004,32.68311073,0.104581039483,0.322314738043,2.3159715425473624,331.578947368,64.10218663565477,0.189224588971,32.68311073,1.02473840897,4.20567921196,1.19830915004,3.509860922329192,331.578947368,64.10218663565477,0.189224588971,32.68311073,1.02473840897,4.20567921196,1.19830915004,3.509860922329192,1.1938893797818295,0.0244246181101,0.000596561993007,0.0531768798828,0.0,0.0985763147473,0.942305088043,165.695449829,UNKNOWN_real_acoustic_source
P02,156160,3.5410430839,stable_diagnostic,real_unidentified,development,improvement,down,correct,329.6275569128699,165.789473684,52.10218663565477,0.0610000371756,0.556185668257,32.129064699,0.0410699573593,1.25026963328,1.6749803850328269,331.578947368,64.10218663565477,0.222969465776,32.129064699,0.814225958516,4.06198648789,0.556185668257,3.5366223837727326,331.578947368,64.10218663565477,0.222969465776,32.129064699,0.814225958516,4.06198648789,0.556185668257,3.5366223837727326,1.8616419987399058,0.0266013685614,0.000707632803824,0.0518646240234,0.0,0.120577462018,0.938999950886,165.639602661,UNKNOWN_real_acoustic_source
P02,156672,3.55265306122,stable_diagnostic,real_unidentified,development,improvement,down,correct,329.6275569128699,165.789473684,52.10218663565477,0.0609456649262,1.53757258513,31.5421449206,0.179030562825,1.58792259997,2.1163300286214097,331.578947368,64.10218663565477,0.263787887258,31.5421449206,0.956758196942,3.76871904032,1.53757258513,3.2155202593974908,331.578947368,64.10218663565477,0.263787887258,31.5421449206,0.956758196942,3.76871904032,1.53757258513,3.2155202593974908,1.099190230776081,0.0262744836509,0.000690348446369,0.0559539794922,0.0,0.0829704999924,0.939054310322,165.626739502,UNKNOWN_real_acoustic_source
P02,157184,3.56426303855,stable_diagnostic,real_unidentified,development,improvement,down,correct,329.6275569128699,165.789473684,52.10218663565477,0.0704014078294,2.30223156023,31.1367910347,0.302308821013,1.02659636112,2.5016522287416554,331.578947368,64.10218663565477,0.321288760005,31.1367910347,1.0715211065,3.37713485375,2.30223156023,2.963364934390965,331.578947368,64.10218663565477,0.321288760005,31.1367910347,1.0715211065,3.37713485375,2.30223156023,2.963364934390965,0.46171270564930955,0.0275661312044,0.000759891583584,0.0629425048828,0.0,0.104982942343,0.92959856987,165.600631714,UNKNOWN_real_acoustic_source
P02,157696,3.57587301587,stable_diagnostic,real_unidentified,development,improvement,down,correct,329.6275569128699,165.168539326,52.03722468145686,0.0685024448456,2.16328781921,31.6167634018,0.330413446019,0.2610003557,2.7124400009954406,331.578947368,64.10218663565477,0.354973272843,30.9918143812,0.947343751248,3.04027458,1.75795257432,2.930600528343315,331.578947368,64.10218663565477,0.354973272843,30.9918143812,0.947343751248,3.04027458,1.75795257432,2.930600528343315,0.2181605273478744,0.0239549875259,0.000573841447476,0.0540618896484,0.0,0.0744356736541,0.931497573853,165.532806396,small_spectral_margin
P02,158208,3.5874829932,stable_diagnostic,real_unidentified,development,improvement,down,correct,329.6275569128699,165.168539326,52.03722468145686,0.0724863006412,1.83778345063,31.3549824074,0.277074549468,1.27046445696,2.287585463325872,331.578947368,64.10218663565477,0.392299641162,30.7759959335,0.799463632932,2.914702379,1.41939214551,2.8672828588886077,331.578947368,64.10218663565477,0.392299641162,30.7759959335,0.799463632932,2.914702379,1.41939214551,2.8672828588886077,0.5796973955627358,0.0241558980197,0.000583507411648,0.0549926757812,0.0,0.0800841003656,0.927513718605,165.473846436,UNKNOWN_real_acoustic_source
P02,158720,3.59909297052,stable_diagnostic,real_unidentified,development,improvement,down,correct,329.6275569128699,165.168539326,52.03722468145686,0.0727942398473,2.54562674441,30.7912039529,0.191215928004,1.6271062225,2.410523455554578,331.578947368,64.10218663565477,0.426135996852,30.2013623591,1.01894746684,2.9412049256,2.13403484659,2.7111889177421764,331.578947368,64.10218663565477,0.426135996852,30.2013623591,1.01894746684,2.9412049256,2.13403484659,2.7111889177421764,0.3006654621875984,0.0232884828001,0.000542353431229,0.0447387695312,0.0,0.0863601118326,0.927205741405,165.459350586,UNKNOWN_real_acoustic_source
P02,164352,3.72680272109,stable_diagnostic,real_unidentified,development,improvement,down,correct,329.6275569128699,165.168539326,52.03722468145686,0.109547359882,1.45445786048,25.6605456537,0.144153789171,0.868169489884,2.041590371407294,331.578947368,64.10218663565477,0.377626426545,25.1506842286,0.987169754995,1.97776531016,1.15616144349,2.7406067141610326,331.578947368,64.10218663565477,0.377626426545,25.1506842286,0.987169754995,1.97776531016,1.15616144349,2.7406067141610326,0.6990163427537386,0.0185908321291,0.000345619046129,0.0353546142578,0.0,0.093459688127,0.890452623367,165.43157959,UNKNOWN_real_acoustic_source
P02,164864,3.73841269841,stable_diagnostic,real_unidentified,development,improvement,down,correct,329.6275569128699,165.168539326,52.03722468145686,0.115129151558,1.78311681213,25.3533470956,0.148466539085,1.72840811041,1.9618585350914497,331.578947368,64.10218663565477,0.397020255727,24.8762465605,1.05645850594,2.0153794676,1.48726417816,2.6401173100868176,331.578947368,64.10218663565477,0.397020255727,24.8762465605,1.05645850594,2.0153794676,1.48726417816,2.6401173100868176,0.6782587749953679,0.0217422302812,0.000472724612337,0.0545043945312,0.0,0.121169485152,0.884870827198,165.478393555,UNKNOWN_real_acoustic_source
P02,165376,3.75002267574,stable_diagnostic,real_unidentified,development,improvement,down,correct,329.6275569128699,165.789473684,52.10218663565477,0.109289663727,2.05080614309,24.7200265341,0.166275007578,1.70246739384,2.0618326292437272,334.090909091,64.2328464293943,0.356813836555,22.4946729662,1.04723934175,0.904665056169,1.66711015234,2.471970920807431,334.090909091,64.2328464293943,0.356813836555,22.4946729662,1.04723934175,0.904665056169,1.66711015234,2.471970920807431,0.41013829156370374,0.020189801231,0.00040762804565,0.0442352294922,0.0,0.150444105268,0.890710353851,165.427719116,UNKNOWN_real_acoustic_source
P02,165888,3.76163265306,stable_diagnostic,real_unidentified,development,improvement,down,correct,329.6275569128699,165.168539326,52.03722468145686,0.120293811085,1.2899803903,25.2146267125,0.156487994993,0.823229085651,1.9571567749951626,331.578947368,64.10218663565477,0.335176742118,24.7102371057,1.24794447664,2.15453652875,1.04008935515,2.9122574676163757,331.578947368,64.10218663565477,0.335176742118,24.7102371057,1.24794447664,2.15453652875,1.04008935515,2.9122574676163757,0.9551006926212131,0.0208428502083,0.000434424437117,0.0528259277344,0.0,0.116527602077,0.879706203938,165.55632019,UNKNOWN_real_acoustic_source
P02,166400,3.77324263039,stable_diagnostic,real_unidentified,development,improvement,down,correct,329.6275569128699,165.789473684,52.10218663565477,0.103147966999,1.02495169683,24.8019426048,0.20835107722,0.820949081004,1.8721100566927469,331.578947368,64.10218663565477,0.264834466394,24.8019426048,1.09013510128,2.0862452524,1.02495169683,3.0183610863028063,331.578947368,64.10218663565477,0.264834466394,24.8019426048,1.09013510128,2.0862452524,1.02495169683,3.0183610863028063,1.1462510296100594,0.0185756180435,0.000345053587807,0.0338592529297,0.0,0.0848297178745,0.896852016449,165.463653564,UNKNOWN_real_acoustic_source
P02,166912,3.78485260771,stable_diagnostic,real_unidentified,development,improvement,down,correct,329.6275569128699,165.789473684,52.10218663565477,0.107673565656,1.81069952631,24.8498266839,0.248258626921,1.72313138114,1.9987843507195762,331.578947368,64.10218663565477,0.242213641792,24.8498266839,0.967475120863,1.99761429143,1.81069952631,2.8639896277241457,331.578947368,64.10218663565477,0.242213641792,24.8498266839,0.967475120863,1.99761429143,1.81069952631,2.8639896277241457,0.8652052770045695,0.0181168615818,0.000328220688971,0.0398559570312,0.0,0.0984531491995,0.892326414585,165.549636841,UNKNOWN_real_acoustic_source
P02,167424,3.79646258503,stable_diagnostic,real_unidentified,development,improvement,down,correct,329.6275569128699,165.789473684,52.10218663565477,0.106464298782,1.8405356641,24.7367592899,0.287874939573,1.99024136459,1.9705955247545541,331.578947368,64.10218663565477,0.243720121293,24.7367592899,1.01920212092,2.08294315311,1.8405356641,2.8713061250368512,331.578947368,64.10218663565477,0.243720121293,24.7367592899,1.01920212092,2.08294315311,1.8405356641,2.8713061250368512,0.9007106002822971,0.0193863473833,0.000375830481062,0.0396728515625,0.0,0.11050631851,0.893535673618,165.578460693,UNKNOWN_real_acoustic_source
P02,167936,3.80807256236,stable_diagnostic,real_unidentified,development,improvement,down,correct,329.6275569128699,165.789473684,52.10218663565477,0.10187730384,1.39310499601,24.5119549335,0.296874225531,1.30638513154,1.9355591796636857,331.578947368,64.10218663565477,0.230637747676,24.5119549335,1.0620546613,2.2497990075,1.39310499601,2.998075560439789,331.578947368,64.10218663565477,0.230637747676,24.5119549335,1.0620546613,2.2497990075,1.39310499601,2.998075560439789,1.062516380776103,0.0193682517856,0.000375129195163,0.0424041748047,0.0,0.0989895239472,0.898122668266,165.487731934,UNKNOWN_real_acoustic_source
P02,168448,3.81968253968,stable_diagnostic,real_unidentified,development,improvement,down,correct,329.6275569128699,165.168539326,52.03722468145686,0.102177238592,0.788249147522,24.8668143532,0.245858348414,0.442067941121,1.8752800635156837,331.578947368,64.10218663565477,0.285535704934,24.3830525988,0.997191049699,2.36791639828,0.869123971251,2.999719820212655,331.578947368,64.10218663565477,0.285535704934,24.3830525988,0.997191049699,2.36791639828,0.869123971251,2.999719820212655,1.1244397566969713,0.01993977651,0.000397594674723,0.0435638427734,0.0,0.111339725554,0.897822737694,165.485992432,UNKNOWN_real_acoustic_source
P02,168960,3.83129251701,stable_diagnostic,real_unidentified,development,improvement,down,correct,329.6275569128699,165.168539326,52.03722468145686,0.0984597992043,0.642154327685,24.7620106324,0.178587262075,1.35892364783,1.5355162758139125,331.578947368,64.10218663565477,0.271812387006,24.3045609959,1.02777351086,2.37929001022,0.677333382533,3.086642859009201,331.578947368,64.10218663565477,0.271812387006,24.3045609959,1.02777351086,2.37929001022,0.677333382533,3.086642859009201,1.4228804732323925,0.018360754475,0.000337117293384,0.0370635986328,0.0,0.0854020863771,0.901540219784,165.436431885,UNKNOWN_real_acoustic_source
P02,169472,3.84290249433,stable_diagnostic,real_unidentified,development,improvement,down,correct,329.6275569128699,165.168539326,52.03722468145686,0.103930841026,0.953892969223,24.543883084,0.146952025364,1.51828583462,1.6546488139462483,331.578947368,64.10218663565477,0.304381616161,24.0604535215,1.2667820967,2.27789785586,0.855193731287,3.0095144538779475,331.578947368,64.10218663565477,0.304381616161,24.0604535215,1.2667820967,2.27789785586,0.855193731287,3.0095144538779475,1.3548656399316992,0.0207521114498,0.000430650165072,0.0447540283203,0.0,0.156444743276,0.896069169044,165.392044067,UNKNOWN_real_acoustic_source
P02,169984,3.85451247166,stable_diagnostic,real_unidentified,development,improvement,down,correct,329.6275569128699,165.168539326,52.03722468145686,0.0956053284761,1.35680006981,24.2689038148,0.141396463902,0.663030834774,2.0596236595889623,334.090909091,64.2328464293943,0.317522362312,21.5362141507,1.23631510701,0.801234848983,0.943179146826,2.697448973984256,334.090909091,64.2328464293943,0.317522362312,21.5362141507,1.23631510701,0.801234848983,0.943179146826,2.697448973984256,0.6378253143952937,0.0185268092901,0.000343242631061,0.046142578125,0.0,0.103064030409,0.904394686222,165.37399292,UNKNOWN_real_acoustic_source
P02,170496,3.86612244898,stable_diagnostic,real_unidentified,development,improvement,down,correct,329.6275569128699,165.168539326,52.03722468145686,0.0955005899534,1.53180099428,23.9736436882,0.118996243058,0.658961755816,2.121852271954208,334.090909091,64.2328464293943,0.340630387299,21.2389985376,1.11193839531,0.806718546401,0.93796050085,2.6114497568435358,334.090909091,64.2328464293943,0.340630387299,21.2389985376,1.11193839531,0.806718546401,0.93796050085,2.6114497568435358,0.48959748488932764,0.0170459225774,0.000290563475573,0.0426330566406,0.0,0.0880256742239,0.904499411583,165.371749878,UNKNOWN_real_acoustic_source
P02,171008,3.8777324263,stable_diagnostic,real_unidentified,development,improvement,down,correct,329.6275569128699,165.168539326,52.03722468145686,0.0888732074902,1.55894586822,23.6550032145,0.124088225894,1.44172412634,1.9472297743412963,334.090909091,64.2328464293943,0.415121416767,21.0530491072,0.732551592821,1.00041197935,0.83965524192,2.406554850310566,334.090909091,64.2328464293943,0.415121416767,21.0530491072,0.732551592821,1.00041197935,0.83965524192,2.406554850310566,0.4593250759692695,0.0210244115442,0.000442025862867,0.0445251464844,0.0,0.160827800632,0.911126792431,165.375305176,UNKNOWN_real_acoustic_source
P03,161280,3.65714285714,stable_diagnostic,real_unidentified,development,improvement,down,correct,329.6275569128699,165.789473684,52.10218663565477,0.124460638167,4.62019999921,176.905381025,1.48297293593,5.18229464127,3.384591294643567,334.090909091,64.2328464293943,0.176332392833,164.206983542,19.4189595979,6.92824605074,5.261432399,5.8631697481453635,334.090909091,64.2328464293943,0.176332392833,164.206983542,19.4189595979,6.92824605074,5.261432399,5.8631697481453635,1.8307329654043292,0.0908183604479,0.0082479743287,0.193206787109,0.0,0.143510535359,0.875539362431,148.795684814,UNKNOWN_real_acoustic_source
P03,161792,3.66875283447,stable_diagnostic,real_unidentified,development,improvement,down,correct,329.6275569128699,165.789473684,52.10218663565477,0.0747263116679,7.7409422227,160.219350136,0.821682773984,4.57736315701,3.8505304094391244,331.578947368,64.10218663565477,0.155375544062,160.219350136,24.4287952969,10.7943158377,7.7409422227,5.92285130717034,331.578947368,64.10218663565477,0.155375544062,160.219350136,24.4287952969,10.7943158377,7.7409422227,5.92285130717034,1.9335559028356686,0.0912601128221,0.00832840800285,0.183532714844,0.0,0.142379045486,0.92527371645,165.574508667,UNKNOWN_real_acoustic_source
P03,162304,3.68036281179,stable_diagnostic,real_unidentified,development,improvement,down,correct,329.6275569128699,165.789473684,52.10218663565477,0.0650095464408,10.0886263263,145.251562148,0.888304451629,4.19634979626,4.1035065378358535,331.578947368,64.10218663565477,0.150071701526,145.251562148,21.1225999695,9.20681646982,10.0886263263,5.611288599639589,331.578947368,64.10218663565477,0.150071701526,145.251562148,21.1225999695,9.20681646982,10.0886263263,5.611288599639589,1.5077820618037352,0.0889931544662,0.00791978091002,0.19580078125,0.0,0.0648385733366,0.934990465641,165.526367188,UNKNOWN_real_acoustic_source
P03,162816,3.69197278912,stable_diagnostic,real_unidentified,development,improvement,down,correct,329.6275569128699,165.789473684,52.10218663565477,0.0669987695891,6.70301925935,133.8110517,1.14515921171,3.27591493356,3.8238563089726867,331.578947368,64.10218663565477,0.178993827585,133.8110517,18.4171083095,8.02507792818,6.70301925935,5.558159403305756,331.578947368,64.10218663565477,0.178993827585,133.8110517,18.4171083095,8.02507792818,6.70301925935,5.558159403305756,1.734303094333069,0.0956953689456,0.00915760360658,0.178695678711,0.0,0.107464551926,0.933001220226,165.599853516,UNKNOWN_real_acoustic_source
P03,163328,3.70358276644,stable_diagnostic,real_unidentified,development,improvement,down,correct,329.6275569128699,165.789473684,52.10218663565477,0.0524224589115,4.02506180014,127.040533947,1.0427513401,2.08702831547,3.550736217051768,331.578947368,64.10218663565477,0.180423652371,127.040533947,16.7818933661,7.40608030713,4.02506180014,5.655609883301956,331.578947368,64.10218663565477,0.180423652371,127.040533947,16.7818933661,7.40608030713,4.02506180014,5.655609883301956,2.1048736662501883,0.0979286506772,0.00959002133459,0.179656982422,0.0,0.105941966176,0.947577536106,165.69984436,UNKNOWN_real_acoustic_source
P03,177664,4.02866213152,stable_diagnostic,real_unidentified,development,improvement,down,correct,329.6275569128699,165.168539326,52.03722468145686,0.0417528090294,2.85042022078,65.2738115349,0.298189241642,2.30729882699,2.8287507870571282,331.578947368,64.10218663565477,0.1695525934,64.0817174682,6.9351586077,4.30231426626,2.3299407057,4.687748752330564,331.578947368,64.10218663565477,0.1695525934,64.0817174682,6.9351586077,4.30231426626,2.3299407057,4.687748752330564,1.8589979652734359,0.0459196865559,0.00210861768574,0.0921478271484,0.0,0.0894292891026,0.958247184753,331.605102539,UNKNOWN_real_acoustic_source
P03,178176,4.04027210884,stable_diagnostic,real_unidentified,development,improvement,down,correct,329.6275569128699,165.168539326,52.03722468145686,0.0418486114539,3.84917446536,63.4221068159,0.32714333818,2.13300220854,3.0776010112067222,331.578947368,64.10218663565477,0.193194580075,62.2361837583,6.70827599827,4.34710700916,3.30039710247,4.471420016564287,331.578947368,64.10218663565477,0.193194580075,62.2361837583,6.70827599827,4.34710700916,3.30039710247,4.471420016564287,1.3938190053575648,0.0486497804523,0.00236680125818,0.0943756103516,0.0,0.150651112199,0.958151400089,165.10559082,UNKNOWN_real_acoustic_source
P03,178688,4.05188208617,stable_diagnostic,real_unidentified,development,improvement,down,correct,329.6275569128699,165.168539326,52.03722468145686,0.0469863213146,3.92281633109,61.9421934308,0.287263505029,1.12053452745,3.25831208598203,331.578947368,64.10218663565477,0.200674584888,60.7289534658,6.38479783522,4.39244756018,3.39865294794,4.401716354084261,331.578947368,64.10218663565477,0.200674584888,60.7289534658,6.38479783522,4.39244756018,3.39865294794,4.401716354084261,1.143404268102231,0.0431827791035,0.00186475238297,0.0825653076172,0.0,0.0777063518763,0.953013658524,165.127151489,UNKNOWN_real_acoustic_source
P03,179200,4.06349206349,stable_diagnostic,real_unidentified,development,improvement,down,correct,329.6275569128699,165.168539326,52.03722468145686,0.0461361589071,2.7454145945,60.8610627754,0.198550582313,1.01304765856,2.986158806677794,331.578947368,64.10218663565477,0.191801840045,59.671962022,5.96983904816,4.3157219356,2.32326526113,4.5098673689059865,331.578947368,64.10218663565477,0.191801840045,59.671962022,5.96983904816,4.3157219356,2.32326526113,4.5098673689059865,1.5237085622281925,0.0420041270554,0.00176434661262,0.0811767578125,0.0,0.0751930475235,0.953863859177,165.09197998,UNKNOWN_real_acoustic_source
P03,179712,4.07510204082,stable_diagnostic,real_unidentified,development,improvement,down,correct,329.6275569128699,165.168539326,52.03722468145686,0.045051662719,1.75303039114,59.9023028236,0.145381356152,1.23645165741,2.6087235802792637,331.578947368,64.10218663565477,0.176555594598,58.8040582199,5.71270804166,4.1153606031,1.20193065949,4.703358258935388,331.578947368,64.10218663565477,0.176555594598,58.8040582199,5.71270804166,4.1153606031,1.20193065949,4.703358258935388,2.0946346786561247,0.040838111192,0.00166775123216,0.0677642822266,0.0,0.117314271629,0.954948365688,165.097579956,UNKNOWN_real_acoustic_source
P03,180224,4.08671201814,stable_diagnostic,real_unidentified,development,improvement,down,correct,329.6275569128699,165.168539326,52.03722468145686,0.0544206897463,3.56132816414,58.9614565678,0.179658160581,0.752455611502,3.2164206183769184,331.578947368,64.10218663565477,0.178947920188,57.947146553,5.66948555002,3.92201157308,3.15789064725,4.3534421258687095,331.578947368,64.10218663565477,0.178947920188,57.947146553,5.66948555002,3.92201157308,3.15789064725,4.3534421258687095,1.137021507491791,0.0410385765135,0.00168416462839,0.0796661376953,0.0,0.0627804920077,0.94557929039,165.13835144,UNKNOWN_real_acoustic_source
P03,180736,4.09832199546,stable_diagnostic,real_unidentified,development,improvement,down,correct,329.6275569128699,165.168539326,52.03722468145686,0.0495659766155,3.80138536462,57.9241586904,0.200368627297,0.739704996808,3.2766975225776336,331.578947368,64.10218663565477,0.170219947517,56.9574381647,5.49794815529,3.80851735238,3.40387220106,4.306367349370065,331.578947368,64.10218663565477,0.170219947517,56.9574381647,5.49794815529,3.80851735238,3.40387220106,4.306367349370065,1.0296698267924316,0.0423119477928,0.00179030094296,0.0800628662109,0.0,0.0830133855343,0.950434029102,165.129592896,UNKNOWN_real_acoustic_source
P03,181248,4.10993197279,stable_diagnostic,real_unidentified,development,improvement,down,correct,329.6275569128699,165.168539326,52.03722468145686,0.056396584197,2.19207639823,57.0216650284,0.138589223711,1.34393006298,2.6848196589926934,331.578947368,64.10218663565477,0.167170343003,56.0287487903,4.94230727093,3.73486143729,1.7830867605,4.477221350185176,331.578947368,64.10218663565477,0.167170343003,56.0287487903,4.94230727093,3.73486143729,1.7830867605,4.477221350185176,1.7924016911924827,0.0376550629735,0.00141790369526,0.0710296630859,0.0,0.083224594593,0.943603396416,165.085250854,UNKNOWN_real_acoustic_source
P03,181760,4.12154195011,stable_diagnostic,real_unidentified,development,improvement,down,correct,329.6275569128699,165.168539326,52.03722468145686,0.0521002547784,2.05109835527,56.2391051939,0.0293953436832,1.71124144629,2.5434593758299573,331.578947368,64.10218663565477,0.152893241679,55.2091868965,4.14744378875,3.65124882015,1.64093813812,4.441260680030584,331.578947368,64.10218663565477,0.152893241679,55.2091868965,4.14744378875,3.65124882015,1.64093813812,4.441260680030584,1.8978013042006263,0.0364767722785,0.00133055495098,0.0707702636719,0.0,0.0766926631331,0.947899758816,165.067474365,UNKNOWN_real_acoustic_source
P03,188416,4.27247165533,stable_diagnostic,real_unidentified,development,improvement,down,correct,329.6275569128699,165.168539326,52.03722468145686,0.0874176184472,1.18987006591,42.0606986628,0.188535754113,1.93242635321,1.995577762179635,331.578947368,64.10218663565477,0.188620818385,41.3805148234,1.53719058894,2.86864547157,0.937501603811,3.8425022191557403,331.578947368,64.10218663565477,0.188620818385,41.3805148234,1.53719058894,2.86864547157,0.937501603811,3.8425022191557403,1.8469244569761054,0.0332280285656,0.00110410200432,0.0692596435547,0.0,0.175909906626,0.912582397461,331.905700684,UNKNOWN_real_acoustic_source
P03,188928,4.28408163265,stable_diagnostic,real_unidentified,development,improvement,down,correct,329.6275569128699,165.168539326,52.03722468145686,0.0959152327961,1.25045603492,41.1470679264,0.276658122335,0.838219063499,2.2465478260071023,331.578947368,64.10218663565477,0.242232072142,40.5025934132,1.73677229693,2.83148723688,0.987962121978,3.7369396217028914,331.578947368,64.10218663565477,0.242232072142,40.5025934132,1.73677229693,2.83148723688,0.987962121978,3.7369396217028914,1.490391795695789,0.0278007388115,0.000772881088778,0.0629577636719,0.0,0.110425189137,0.904084742069,165.188705444,UNKNOWN_real_acoustic_source
P03,189440,4.29569160998,stable_diagnostic,real_unidentified,development,improvement,down,correct,329.6275569128699,165.168539326,52.03722468145686,0.091977253143,1.57030455437,39.7606317758,0.283085968806,0.930048047799,2.3474728167601597,331.578947368,64.10218663565477,0.278357219996,39.0654667758,1.91771545802,2.7503678819,1.28777542528,3.5858743385155125,331.578947368,64.10218663565477,0.278357219996,39.0654667758,1.91771545802,2.7503678819,1.28777542528,3.5858743385155125,1.2384015217553528,0.0287489499897,0.000826502102427,0.0641632080078,0.0,0.0796007364988,0.908022761345,165.039596558,UNKNOWN_real_acoustic_source
P03,189952,4.3073015873,stable_diagnostic,real_unidentified,development,improvement,down,correct,329.6275569128699,165.168539326,52.03722468145686,0.096462027042,3.48600482569,38.0216745225,0.213742469621,2.33119251283,2.5868590402775737,331.578947368,64.10218663565477,0.323680253541,37.2538906128,1.90694694364,2.64040761816,3.18502440948,3.1377040947988184,331.578947368,64.10218663565477,0.323680253541,37.2538906128,1.90694694364,2.64040761816,3.18502440948,3.1377040947988184,0.5508450545212447,0.0266891028732,0.000712308217771,0.0557861328125,0.0,0.118590630591,0.903537988663,165.009994507,UNKNOWN_real_acoustic_source
P03,190464,4.31891156463,stable_diagnostic,real_unidentified,development,improvement,down,correct,329.6275569128699,164.552238806,51.9725055762009,0.0950564662298,4.35590876234,36.4349739924,0.0857224589071,2.66353440917,2.6707373840664945,331.578947368,64.10218663565477,0.38017305067,35.450618055,1.83885435849,2.53277771998,3.539005787,2.9164797147008534,331.578947368,64.10218663565477,0.38017305067,35.450618055,1.83885435849,2.53277771998,3.539005787,2.9164797147008534,0.2457423306343589,0.0269086081535,0.000724073150195,0.0560150146484,0.0,0.0887560024858,0.904943525791,164.8931427,small_spectral_margin
P03,190976,4.33052154195,stable_diagnostic,real_unidentified,development,improvement,down,correct,329.6275569128699,164.552238806,51.9725055762009,0.0948385672986,2.89025361467,34.8304246707,0.123795752814,2.12029762304,2.4184097197528214,334.090909091,64.2328464293943,0.417850611427,30.7726026505,1.18847931586,1.17058700505,1.23651804331,2.805795911167105,334.090909091,64.2328464293943,0.417850611427,30.7726026505,1.18847931586,1.17058700505,1.23651804331,2.805795911167105,0.38738619141428376,0.0257210750133,0.00066157366382,0.0516815185547,0.0,0.0692409649491,0.905161440372,164.858642578,UNKNOWN_real_acoustic_source
P03,197632,4.48145124717,stable_diagnostic,real_unidentified,development,improvement,down,correct,329.6275569128699,165.168539326,52.03722468145686,0.146942844729,1.29689199836,27.3748613264,0.067060025401,0.571958985931,2.0004885139840356,334.090909091,64.2328464293943,0.436965599695,24.6549210415,1.04455381779,0.474961159524,0.124631083073,2.7668243855049433,334.090909091,64.2328464293943,0.436965599695,24.6549210415,1.04455381779,0.474961159524,0.124631083073,2.7668243855049433,0.7663358715209077,0.0212499052286,0.000451558473287,0.0486907958984,0.0,0.130727902055,0.853057146072,164.798583984,UNKNOWN_real_acoustic_source
P03,198656,4.50467120181,stable_diagnostic,real_unidentified,development,improvement,down,correct,329.6275569128699,165.168539326,52.03722468145686,0.140211119045,2.47097700855,26.3585996391,0.168760417603,1.74047180944,2.1534502085882106,334.090909091,64.2328464293943,0.386998060699,23.4929920564,1.5266078806,0.774694702186,1.60179619274,2.553135816360769,334.090909091,64.2328464293943,0.386998060699,23.4929920564,1.5266078806,0.774694702186,1.60179619274,2.553135816360769,0.39968560777255835,0.0206376798451,0.000425913865911,0.0426635742188,0.0,0.112935699522,0.859788894653,164.94909668,UNKNOWN_real_acoustic_source
P03,199168,4.51628117914,stable_diagnostic,real_unidentified,development,improvement,down,correct,329.6275569128699,165.168539326,52.03722468145686,0.146505100278,1.98180258733,26.1477897508,0.153849818197,1.70699089837,1.988022809957978,334.090909091,64.2328464293943,0.377917631648,23.3431065112,1.11468966898,0.675417616574,0.98675826261,2.596630948593828,334.090909091,64.2328464293943,0.377917631648,23.3431065112,1.11468966898,0.675417616574,0.98675826261,2.596630948593828,0.6086081386358502,0.0197086762637,0.000388431886677,0.0487823486328,0.0,0.111420087516,0.853494882584,165.031784058,UNKNOWN_real_acoustic_source
P03,199680,4.52789115646,stable_diagnostic,real_unidentified,development,improvement,down,correct,329.6275569128699,165.168539326,52.03722468145686,0.135452022543,1.70556367649,26.1584199838,0.0993102941078,1.78660961645,1.8865077036105724,334.090909091,64.2328464293943,0.349704026063,23.4572909123,0.547013143782,0.393981156281,0.98968026053,2.454737322359795,334.090909091,64.2328464293943,0.349704026063,23.4572909123,0.547013143782,0.393981156281,0.98968026053,2.454737322359795,0.5682296187492226,0.0200040526688,0.000400162127335,0.0424499511719,0.0,0.0829759538174,0.864547967911,164.883834839,UNKNOWN_real_acoustic_source
P03,200192,4.53950113379,stable_diagnostic,real_unidentified,development,improvement,down,correct,329.6275569128699,165.168539326,52.03722468145686,0.149103119805,1.39030452018,26.0906975551,0.0482919774553,2.07866908615,1.672351578701231,331.578947368,64.10218663565477,0.377728060498,25.6212617663,1.56371458383,1.08915232001,1.05512186642,2.821004722589976,331.578947368,64.10218663565477,0.377728060498,25.6212617663,1.56371458383,1.08915232001,1.05512186642,2.821004722589976,0.9245540975285542,0.0215769261122,0.000465563702164,0.0504455566406,0.0,0.138531908393,0.850896894932,165.034957886,UNKNOWN_real_acoustic_source
P03,200704,4.55111111111,stable_diagnostic,real_unidentified,development,improvement,down,correct,329.6275569128699,165.168539326,52.03722468145686,0.141933893485,1.7421009902,25.9041627691,0.00828518576343,1.75336789375,1.866647474060165,334.090909091,64.2328464293943,0.411932889826,23.1689961353,1.52525092636,0.351613045813,1.09168430027,2.5307149666068294,334.090909091,64.2328464293943,0.411932889826,23.1689961353,1.52525092636,0.351613045813,1.09168430027,2.5307149666068294,0.6640674925466643,0.0209670830518,0.000439618539531,0.0414733886719,0.0,0.103341676295,0.858066082001,164.94543457,UNKNOWN_real_acoustic_source
P03,202240,4.58594104308,stable_diagnostic,real_unidentified,development,improvement,down,correct,329.6275569128699,165.168539326,52.03722468145686,0.142704951715,1.40843977794,25.0480423707,0.148482603668,2.15937933844,1.6829631484021308,334.090909091,64.2328464293943,0.423815775568,22.427531033,0.872475590561,0.284454012144,0.913313779483,2.358076102587672,334.090909091,64.2328464293943,0.423815775568,22.427531033,0.872475590561,0.284454012144,0.913313779483,2.358076102587672,0.6751129541855414,0.0175315141678,0.000307353970129,0.0413818359375,0.0,0.117228865623,0.857295036316,164.889328003,UNKNOWN_real_acoustic_source
P04,83456,1.89242630385,stable_diagnostic,real_unidentified,development,improvement,down,correct,329.6275569128699,165.789473684,52.10218663565477,0.136401997094,9.70045456646,200.217675976,1.7745127045,6.10378844453,4.0244805424990995,331.578947368,64.10218663565477,0.195730401495,200.217675976,34.0221951565,13.8047321211,9.70045456646,6.179511093244073,331.578947368,64.10218663565477,0.195730401495,200.217675976,34.0221951565,13.8047321211,9.70045456646,6.179511093244073,1.7495244771059486,0.105793908238,0.0111923506483,0.240432739258,0.0,0.157750859857,0.863597989082,149.189987183,UNKNOWN_real_acoustic_source
P04,92672,2.10140589569,stable_diagnostic,real_unidentified,development,improvement,down,correct,329.6275569128699,165.789473684,52.10218663565477,0.054863465427,2.03477430935,90.4393472497,0.405387770077,0.434115665483,3.1630521839708985,331.578947368,64.10218663565477,0.325158077352,90.4393472497,14.3272656895,5.42881471796,2.03477430935,5.140305399701005,331.578947368,64.10218663565477,0.325158077352,90.4393472497,14.3272656895,5.42881471796,2.03477430935,5.140305399701005,1.9772532157301068,0.0868482887745,0.00754262553528,0.183731079102,0.0,0.282027691603,0.945136547089,331.890808105,UNKNOWN_real_acoustic_source
P05,119296,2.70512471655,stable_diagnostic,real_unidentified,development,improvement,down,correct,329.6275569128699,165.168539326,52.03722468145686,0.134686237907,0.613706606838,80.4226093094,0.933253098969,3.50729833046,1.8209398571702753,334.090909091,64.2328464293943,0.291855509836,73.9954252561,9.18517166422,2.58554933961,1.50730598783,4.753806038717122,334.090909091,64.2328464293943,0.291855509836,73.9954252561,9.18517166422,2.58554933961,1.50730598783,4.753806038717122,2.9328661815468466,0.0524792671204,0.00275407335721,0.115570068359,0.0,0.151909038424,0.865313768387,147.393127441,UNKNOWN_real_acoustic_source
P05,119808,2.71673469388,stable_diagnostic,real_unidentified,development,improvement,down,correct,329.6275569128699,165.168539326,52.03722468145686,0.0982123966135,2.88022761772,74.0842423206,0.524154076751,5.89259886981,2.4589101640259123,334.090909091,64.2328464293943,0.210295734157,70.1438192392,7.61929502417,1.97961284173,1.83246262454,4.673488715794589,334.090909091,64.2328464293943,0.210295734157,70.1438192392,7.61929502417,1.97961284173,1.83246262454,4.673488715794589,1.7209303166980825,0.0454989299178,0.00207015266642,0.0897521972656,0.0,0.172518283129,0.90178757906,164.902069092,UNKNOWN_real_acoustic_source
P05,120320,2.7283446712,stable_diagnostic,real_unidentified,development,improvement,down,correct,329.6275569128699,165.168539326,52.03722468145686,0.096910132941,4.98705616245,68.5322684147,0.28165908992,6.99711486566,2.739173469267508,334.090909091,64.2328464293943,0.196654275665,65.9559053981,5.991097418,1.82401980209,3.4618529042,4.294802762470865,334.090909091,64.2328464293943,0.196654275665,65.9559053981,5.991097418,1.82401980209,3.4618529042,4.294802762470865,0.8973217195317811,0.0450550355017,0.00202995631844,0.081298828125,0.0,0.12976872921,0.903089880943,165.031021118,UNKNOWN_real_acoustic_source
P05,120832,2.73995464853,stable_diagnostic,real_unidentified,development,improvement,down,correct,329.6275569128699,165.168539326,52.03722468145686,0.095319134085,6.76254807954,65.1877596114,0.43064528529,6.0463637668,3.0681956904834466,334.090909091,64.2328464293943,0.251542621616,62.4564471522,5.64908312292,1.46566208306,5.28947844679,3.900684056708179,334.090909091,64.2328464293943,0.251542621616,62.4564471522,5.64908312292,1.46566208306,5.28947844679,3.900684056708179,0.5509741771636714,0.0582074075937,0.00338810239919,0.118148803711,0.0,0.157222405076,0.904680848122,165.130142212,UNKNOWN_real_acoustic_source
P05,121344,2.75156462585,stable_diagnostic,real_unidentified,development,improvement,down,correct,329.6275569128699,165.168539326,52.03722468145686,0.112521331344,4.8612531271,64.0650622541,0.502658932251,3.79832015504,2.9486907213798963,334.090909091,64.2328464293943,0.287165821651,60.1411359834,6.1373089372,1.10886035424,3.8703357962,3.916476633821703,334.090909091,64.2328464293943,0.287165821651,60.1411359834,6.1373089372,1.10886035424,3.8703357962,3.916476633821703,0.9097316817699284,0.046383023262,0.00215138471685,0.0882873535156,0.0,0.0741952359676,0.887478649616,165.033477783,UNKNOWN_real_acoustic_source
P05,121856,2.76317460317,stable_diagnostic,real_unidentified,development,improvement,down,correct,329.6275569128699,164.552238806,51.9725055762009,0.121344959002,2.68157446913,63.7172010212,0.419096081844,1.32388122564,2.811549761434656,334.090909091,64.2328464293943,0.323700266611,58.4564027977,6.01560978903,1.39732878029,0.787185231594,4.340179437166331,334.090909091,64.2328464293943,0.323700266611,58.4564027977,6.01560978903,1.39732878029,0.787185231594,4.340179437166331,1.5286296757316746,0.0449580214918,0.00202122353949,0.0978698730469,0.0,0.0961700752378,0.878655016422,164.946060181,UNKNOWN_real_acoustic_source
P05,122368,2.7747845805,stable_diagnostic,real_unidentified,development,improvement,down,correct,329.6275569128699,164.552238806,51.9725055762009,0.0926465347656,5.71703560461,63.7771995454,0.247191703991,1.73033883455,3.35784143709853,334.090909091,64.2328464293943,0.271928883011,56.9484047723,5.09604473353,1.38081988526,4.29007230395,3.803460626576961,334.090909091,64.2328464293943,0.271928883011,56.9484047723,5.09604473353,1.38081988526,4.29007230395,3.803460626576961,0.44561918947843093,0.0412625335157,0.00170259654988,0.0721130371094,0.0,0.0941899046302,0.907353460789,164.813735962,UNKNOWN_real_acoustic_source
P05,122880,2.78639455782,stable_diagnostic,real_unidentified,development,improvement,down,correct,329.6275569128699,164.552238806,51.9725055762009,0.103297710421,5.93189940825,62.6708079188,0.183073734493,2.91746291712,3.1657083944826874,334.090909091,64.2328464293943,0.251087426765,55.7125641232,4.44639383719,1.15453410533,4.52348648936,3.720686767630705,334.090909091,64.2328464293943,0.251087426765,55.7125641232,4.44639383719,1.15453410533,4.52348648936,3.720686767630705,0.5549783731480176,0.0397687479854,0.00158155336976,0.0782775878906,0.0,0.12601749599,0.896702289581,164.709671021,UNKNOWN_real_acoustic_source
P05,123392,2.79800453515,stable_diagnostic,real_unidentified,development,improvement,down,correct,329.6275569128699,164.552238806,51.9725055762009,0.0983129465202,3.15569886991,60.484706965,0.296828765522,2.54897031746,2.7189006724702454,331.578947368,64.10218663565477,0.247918550345,59.4012936494,7.26708974456,2.64825504685,2.57519585454,4.347866959458786,331.578947368,64.10218663565477,0.247918550345,59.4012936494,7.26708974456,2.64825504685,2.57519585454,4.347866959458786,1.6289662869885406,0.0377887748182,0.00142799154855,0.0794677734375,0.0,0.0808150842786,0.901687026024,164.72869873,UNKNOWN_real_acoustic_source
P05,123904,2.80961451247,stable_diagnostic,real_unidentified,development,improvement,down,correct,329.6275569128699,164.552238806,51.9725055762009,0.1055445619,0.909724154009,57.5834911793,0.386201361093,2.75879908825,1.8906881896611063,334.090909091,64.2328464293943,0.275590469195,52.3369211645,5.73151606616,1.30264050905,0.741846032674,4.309889435208861,334.090909091,64.2328464293943,0.275590469195,52.3369211645,5.73151606616,1.30264050905,0.741846032674,4.309889435208861,1.6747975021848975,0.0350214354694,0.00122650095727,0.0693054199219,0.0,0.100750505924,0.894455432892,164.587341309,UNKNOWN_real_acoustic_source
P05,124416,2.8212244898,stable_diagnostic,real_unidentified,development,improvement,down,correct,329.6275569128699,164.552238806,51.9725055762009,0.10925172799,2.946835102,54.5417487672,0.338174816205,3.78566969481,2.452991711666441,334.090909091,64.2328464293943,0.304534303652,49.6245657513,5.34299999236,1.11702905575,1.56690489566,3.955197264125609,334.090909091,64.2328464293943,0.304534303652,49.6245657513,5.34299999236,1.11702905575,1.56690489566,3.955197264125609,1.3343716721238525,0.0442695394158,0.00195979210548,0.0973663330078,0.0,0.190784916282,0.890748262405,164.548553467,UNKNOWN_real_acoustic_source
P05,124928,2.83283446712,stable_diagnostic,real_unidentified,development,improvement,down,correct,329.6275569128699,164.552238806,51.9725055762009,0.113801100699,3.28183094892,52.2809654375,0.221431758964,3.4508603958,2.51802530505535,334.090909091,64.2328464293943,0.251540962135,47.2139457772,4.33517176801,1.29662295982,2.24005640124,3.8297914994367455,334.090909091,64.2328464293943,0.251540962135,47.2139457772,4.33517176801,1.29662295982,2.24005640124,3.8297914994367455,1.3117661943813954,0.0377339087427,0.00142384774517,0.0719299316406,0.0,0.129288375378,0.886198878288,164.593856812,UNKNOWN_real_acoustic_source
P05,125440,2.84444444444,stable_diagnostic,real_unidentified,development,improvement,down,correct,329.6275569128699,164.552238806,51.9725055762009,0.12568704758,1.15501905898,50.8106002305,0.137588676253,1.62130092079,2.0406151973139943,334.090909091,64.2328464293943,0.278876485897,45.6912968923,4.04966369239,1.16455674811,1.3515714222,3.860977640027925,334.090909091,64.2328464293943,0.278876485897,45.6912968923,4.04966369239,1.16455674811,1.3515714222,3.860977640027925,1.8203624427139307,0.0367391295731,0.00134976371191,0.0755462646484,0.0,0.129003331065,0.87431293726,164.808486938,UNKNOWN_real_acoustic_source
P05,125952,2.85605442177,stable_diagnostic,real_unidentified,development,improvement,down,correct,329.6275569128699,164.552238806,51.9725055762009,0.117102561458,1.86359074709,49.6979530792,0.238078497324,2.75583467816,2.172548860912767,334.090909091,64.2328464293943,0.266377284323,44.7884974339,4.4454401109,0.736388916791,1.52120750445,3.8142505617766194,334.090909091,64.2328464293943,0.266377284323,44.7884974339,4.4454401109,0.736388916791,1.52120750445,3.8142505617766194,1.6417017008638521,0.0312530994415,0.000976756331511,0.0598297119141,0.0,0.0914910659194,0.882897436619,164.642684937,UNKNOWN_real_acoustic_source
P05,126464,2.86766439909,stable_diagnostic,real_unidentified,development,improvement,down,correct,329.6275569128699,164.552238806,51.9725055762009,0.118222349778,2.34441369459,48.3799324913,0.326912045046,3.99340701479,2.1872731542932695,334.090909091,64.2328464293943,0.309723567749,43.7283628114,4.32609401602,1.09889955707,1.3491240261,3.775801794281962,334.090909091,64.2328464293943,0.309723567749,43.7283628114,4.32609401602,1.09889955707,1.3491240261,3.775801794281962,1.5885286399886924,0.0365271680057,0.00133423390798,0.0738830566406,0.0,0.108993843198,0.881777644157,164.70085144,UNKNOWN_real_acoustic_source
P05,126976,2.87927437642,stable_diagnostic,real_unidentified,development,improvement,down,correct,329.6275569128699,164.552238806,51.9725055762009,0.112125390742,1.05713734391,46.7617915259,0.350108578543,3.52941811637,1.7499271000770238,334.090909091,64.2328464293943,0.367094574494,42.1521079849,3.51736882075,1.30812970239,0.649316484083,3.743435883337088,334.090909091,64.2328464293943,0.367094574494,42.1521079849,3.51736882075,1.30812970239,0.649316484083,3.743435883337088,1.7444593270772872,0.0372292101383,0.00138601416256,0.0808715820312,0.0,0.106551192701,0.887874603271,164.548431396,UNKNOWN_real_acoustic_source
P05,127488,2.89088435374,stable_diagnostic,real_unidentified,development,improvement,down,correct,329.6275569128699,163.940520446,51.90802751100133,0.111646045626,2.29911094057,44.3760275519,0.377981006502,2.10348708796,2.391744572110319,334.090909091,64.2328464293943,0.42373534355,40.3545482949,3.06699025689,0.975938615683,1.15645922162,3.3621904087694134,334.090909091,64.2328464293943,0.42373534355,40.3545482949,3.06699025689,0.975938615683,1.15645922162,3.3621904087694134,0.9704458366590942,0.0364500395954,0.00132860534359,0.0857391357422,0.0,0.0965348929167,0.888353943825,164.322631836,UNKNOWN_real_acoustic_source
P06,67072,1.52090702948,stable_diagnostic,real_unidentified,heldout,improvement,down,correct,349.2282314330039,175.697211155,53.10705321424447,0.130588078885,13.8631051733,68.9303458256,0.140639983247,1.96116807108,4.051561133935113,352.8,65.17616444574598,0.315853318056,66.7850636848,14.5223601708,14.1660582452,14.3742178121,4.269195033959009,352.8,65.17616444574598,0.315853318056,66.7850636848,14.5223601708,14.1660582452,14.3742178121,4.269195033959009,0.2176339000238956,0.0444943681359,0.00197974895127,0.101364135742,0.0,0.0859027132392,0.869411945343,175.656768799,small_spectral_margin
P06,67584,1.5325170068,stable_diagnostic,real_unidentified,heldout,improvement,down,correct,349.2282314330039,175.697211155,53.10705321424447,0.136414577349,6.99193839862,64.0789657202,0.271071323924,2.9398026767,3.2678045803862137,352.8,65.17616444574598,0.353706630269,62.5428412316,14.0565339766,14.2161144895,7.59851851852,4.405000903013581,352.8,65.17616444574598,0.353706630269,62.5428412316,14.0565339766,14.2161144895,7.59851851852,4.405000903013581,1.137196322627367,0.0462136790156,0.0021357042715,0.104522705078,0.0,0.0894015654922,0.863585412502,175.678726196,UNKNOWN_real_acoustic_source
P06,68096,1.54412698413,stable_diagnostic,real_unidentified,heldout,improvement,down,correct,349.2282314330039,175.697211155,53.10705321424447,0.131500311237,3.0732874332,58.3582662033,0.508802166779,3.68742747133,2.5136325272768643,352.8,65.17616444574598,0.317674889374,56.9550098268,13.2468373988,13.9146664439,3.96574767315,4.626889036753435,352.8,65.17616444574598,0.317674889374,56.9550098268,13.2468373988,13.9146664439,3.96574767315,4.626889036753435,1.7766521146561276,0.0436268225312,0.00190329970792,0.0855712890625,0.0,0.0996502414346,0.868499696255,175.642440796,UNKNOWN_real_acoustic_source
P06,68608,1.55573696145,stable_diagnostic,real_unidentified,heldout,improvement,down,correct,349.2282314330039,175.697211155,53.10705321424447,0.131123008128,7.36881799437,52.4584881519,0.581418154698,3.59704895681,3.2035925735584607,352.8,65.17616444574598,0.321109639227,50.6124813498,12.7560926392,13.1236902399,7.64679924539,4.195653939983147,352.8,65.17616444574598,0.321109639227,50.6124813498,12.7560926392,13.1236902399,7.64679924539,4.195653939983147,0.9920613664246867,0.0384159497917,0.00147578527685,0.0785217285156,0.0,0.0883667469025,0.868876993656,175.693237305,UNKNOWN_real_acoustic_source
P06,71168,1.61378684807,stable_diagnostic,real_unidentified,heldout,improvement,down,correct,349.2282314330039,175.697211155,53.10705321424447,0.134763485132,1.31038152528,45.9875078648,0.668352588377,1.63708498502,2.1359486902205753,352.8,65.17616444574598,0.302289824619,44.0711524336,11.7698714012,11.0455813281,1.11228839106,4.725495578624226,352.8,65.17616444574598,0.302289824619,44.0711524336,11.7698714012,11.0455813281,1.11228839106,4.725495578624226,1.7591630537995124,0.0381142348051,0.00145269476343,0.0966033935547,0.0,0.0915580540895,0.865236520767,175.663604736,UNKNOWN_real_acoustic_source
P06,71680,1.6253968254,stable_diagnostic,real_unidentified,heldout,improvement,down,correct,349.2282314330039,175.697211155,53.10705321424447,0.116979713484,1.25389810523,46.4991683685,0.723441870472,0.832448639237,2.3423121642157,352.8,65.17616444574598,0.268905251444,44.6709925713,11.6862218268,10.3892067178,1.20598491989,4.766490601647637,352.8,65.17616444574598,0.268905251444,44.6709925713,11.6862218268,10.3892067178,1.20598491989,4.766490601647637,1.955689550950444,0.0397338792682,0.00157878105529,0.0956573486328,0.0,0.0810600593686,0.883020281792,175.536148071,UNKNOWN_real_acoustic_source
P06,72192,1.63700680272,stable_diagnostic,real_unidentified,heldout,improvement,down,correct,349.2282314330039,175.697211155,53.10705321424447,0.113681951529,1.8167627071,46.9330812947,0.634280488822,0.844469314005,2.5598321546625487,352.8,65.17616444574598,0.304542880236,45.1219810707,11.1803354084,9.78021661113,1.81615476052,4.5488572560645775,352.8,65.17616444574598,0.304542880236,45.1219810707,11.1803354084,9.78021661113,1.81615476052,4.5488572560645775,1.9890251014020288,0.0435488931835,0.00189650594257,0.102188110352,0.0,0.119200922549,0.886318027973,175.544204712,UNKNOWN_real_acoustic_source
P06,72704,1.64861678005,stable_diagnostic,real_unidentified,heldout,improvement,down,correct,349.2282314330039,175.697211155,53.10705321424447,0.112830221467,1.37050821837,46.8494824516,0.473324491895,1.30741767461,2.250289925128238,352.8,65.17616444574598,0.324009137183,44.9950752428,10.5870327118,9.26592137698,1.3280790099,4.565145075285824,352.8,65.17616444574598,0.324009137183,44.9950752428,10.5870327118,9.26592137698,1.3280790099,4.565145075285824,2.314855150157586,0.0378443710506,0.00143219646998,0.0929412841797,0.0,0.0687984153628,0.887169778347,175.52053833,UNKNOWN_real_acoustic_source
P06,73216,1.66022675737,stable_diagnostic,real_unidentified,heldout,improvement,down,correct,349.2282314330039,175.697211155,53.10705321424447,0.0956066868725,0.57746852738,46.381028194,0.358614635219,1.53121373623,1.8059858601235697,352.8,65.17616444574598,0.290210547421,44.4342346619,10.2186350769,8.96868970208,0.485336523092,4.8216745214682595,352.8,65.17616444574598,0.290210547421,44.4342346619,10.2186350769,8.96868970208,0.485336523092,4.8216745214682595,2.7914355142650287,0.0376674644649,0.00141883792821,0.0814971923828,0.0,0.101767748594,0.904393315315,175.447036743,UNKNOWN_real_acoustic_source
P06,73728,1.67183673469,stable_diagnostic,real_unidentified,heldout,improvement,down,correct,349.2282314330039,175.697211155,53.10705321424447,0.0824792886804,1.41527493423,46.0026391032,0.456223242329,1.44674718862,2.288538257099131,352.8,65.17616444574598,0.234482879902,43.9582360103,9.89775284614,8.85092999462,1.4769522314,4.64942354777947,352.8,65.17616444574598,0.234482879902,43.9582360103,9.89775284614,8.85092999462,1.4769522314,4.64942354777947,2.302856739990615,0.0392548181117,0.00154094060417,0.0779876708984,0.0,0.100859127939,0.917520701885,175.475509644,UNKNOWN_real_acoustic_source
P06,74240,1.68344671202,stable_diagnostic,real_unidentified,heldout,improvement,down,correct,349.2282314330039,175.697211155,53.10705321424447,0.0783991074514,1.81858728272,45.9999234638,0.510177130398,1.77648345641,2.3969747131754273,352.8,65.17616444574598,0.214441726158,43.9907606443,9.41464784938,8.60980874863,1.87227695988,4.587323868350574,352.8,65.17616444574598,0.214441726158,43.9907606443,9.41464784938,8.60980874863,1.87227695988,4.587323868350574,2.190349155175147,0.0374632887542,0.00140349788126,0.0808258056641,0.0,0.0978836640716,0.921600878239,175.457489014,UNKNOWN_real_acoustic_source
P06,74752,1.69505668934,stable_diagnostic,real_unidentified,heldout,improvement,down,correct,349.2282314330039,175.697211155,53.10705321424447,0.0772208426053,2.91159554239,46.1599461638,0.411161709931,2.62894097692,2.5779090260301407,352.8,65.17616444574598,0.209722424025,44.2948349843,8.95649209202,8.17519337311,2.90614483989,4.415710975789143,352.8,65.17616444574598,0.209722424025,44.2948349843,8.95649209202,8.17519337311,2.90614483989,4.415710975789143,1.837801949759002,0.0348347276449,0.00121345813386,0.0677185058594,0.0,0.0923208668828,0.922779142857,175.443618774,UNKNOWN_real_acoustic_source
P06,75264,1.70666666667,stable_diagnostic,real_unidentified,heldout,improvement,down,correct,349.2282314330039,175.697211155,53.10705321424447,0.0886298460901,2.46588936454,45.9750895604,0.288516512109,3.09300613733,2.349251347330351,352.8,65.17616444574598,0.214904727053,44.1498163396,8.79312450632,7.77543488951,2.48562914089,4.439681841168277,352.8,65.17616444574598,0.214904727053,44.1498163396,8.79312450632,7.77543488951,2.48562914089,4.439681841168277,2.0904304938379257,0.0353130660951,0.00124701252207,0.0729522705078,0.0,0.077009819448,0.911370158195,175.425842285,UNKNOWN_real_acoustic_source
P06,75776,1.71827664399,stable_diagnostic,real_unidentified,heldout,improvement,down,correct,349.2282314330039,175.697211155,53.10705321424447,0.085275060051,1.21051113855,45.1738080993,0.313032367432,2.55841133403,1.972307725874384,352.8,65.17616444574598,0.206963474826,43.264160658,8.65517678479,7.43232631939,1.24933405585,4.6376965726019606,352.8,65.17616444574598,0.206963474826,43.264160658,8.65517678479,7.43232631939,1.24933405585,4.6376965726019606,2.4305634091300288,0.0332457013428,0.00110527663492,0.0809020996094,0.0,0.0914815589786,0.914724946022,175.410934448,UNKNOWN_real_acoustic_source
P06,76288,1.72988662132,stable_diagnostic,real_unidentified,heldout,improvement,down,correct,349.2282314330039,175.697211155,53.10705321424447,0.0751832876406,0.881594028843,43.8726369422,0.365514254695,2.21352937584,1.8778646850427578,352.8,65.17616444574598,0.159967251533,41.8836633016,8.24914801901,7.03582479199,0.82739891249,4.7703527748582575,352.8,65.17616444574598,0.159967251533,41.8836633016,8.24914801901,7.03582479199,0.82739891249,4.7703527748582575,2.749991765060116,0.0342690683901,0.00117436901201,0.0731811523438,0.0,0.103934563696,0.924816727638,175.36895752,UNKNOWN_real_acoustic_source
P06,80384,1.82276643991,stable_diagnostic,real_unidentified,heldout,improvement,down,correct,349.2282314330039,175.697211155,53.10705321424447,0.124738782705,1.31516524286,38.458859017,0.115247047046,4.07707455411,1.6425341679500587,352.8,65.17616444574598,0.150272498368,36.7758133826,5.60118939475,4.57581717547,1.45103847497,4.256102785799725,352.8,65.17616444574598,0.150272498368,36.7758133826,5.60118939475,4.57581717547,1.45103847497,4.256102785799725,2.009233582154242,0.0281023923308,0.000789744430222,0.0654602050781,0.0,0.0862389579415,0.875261187553,351.610443115,CMND_ambiguity
P06,81408,1.84598639456,stable_diagnostic,real_unidentified,heldout,improvement,down,correct,349.2282314330039,175.697211155,53.10705321424447,0.109076026317,0.806962108593,36.32926299,0.0499824583522,3.44295358529,1.4499174401638801,352.8,65.17616444574598,0.153926420098,34.6941221315,5.24083840611,4.81708177592,0.977154909151,4.282060687850296,352.8,65.17616444574598,0.153926420098,34.6941221315,5.24083840611,4.81708177592,0.977154909151,4.282060687850296,2.6223526383390463,0.0307608041912,0.000946227053646,0.0638122558594,0.0,0.10766953975,0.890923976898,351.69442749,CMND_ambiguity
P06,81920,1.85759637188,stable_diagnostic,real_unidentified,heldout,improvement,down,correct,349.2282314330039,175.0,53.03821677969203,0.112611016874,1.79037445866,36.4621298822,0.112829950285,2.9582853031,1.9514401493961793,352.8,65.17616444574598,0.176118976622,33.9229929487,4.83563274342,4.81014988441,1.86511730659,3.99649577739841,352.8,65.17616444574598,0.176118976622,33.9229929487,4.83563274342,4.81014988441,1.86511730659,3.99649577739841,2.0450556280022307,0.0286273974925,0.00081952783512,0.0626068115234,0.0,0.0853983685374,0.88738900423,175.385498047,UNKNOWN_real_acoustic_source
P06,82432,1.86920634921,stable_diagnostic,real_unidentified,heldout,improvement,down,correct,349.2282314330039,175.697211155,53.10705321424447,0.112917396145,1.86864403353,35.2190445132,0.14634088447,3.13618624651,1.9470538737632157,352.8,65.17616444574598,0.183624384775,33.5751095414,4.46064319649,4.49257918718,1.91930856412,3.9148446564683526,352.8,65.17616444574598,0.183624384775,33.5751095414,4.46064319649,4.49257918718,1.91930856412,3.9148446564683526,1.721917851439064,0.0269389748573,0.000725708319806,0.0667114257812,0.0,0.12443947047,0.887082576752,175.307250977,UNKNOWN_real_acoustic_source
P06,82944,1.88081632653,stable_diagnostic,real_unidentified,heldout,improvement,down,correct,349.2282314330039,175.0,53.03821677969203,0.112692743852,1.8408635702,36.0451041354,0.249980283123,3.02340130329,1.9845088170222613,352.8,65.17616444574598,0.211509578501,33.6225166549,4.25285358966,4.11045602,1.9262642448,3.8218296750490914,352.8,65.17616444574598,0.211509578501,33.6225166549,4.25285358966,4.11045602,1.9262642448,3.8218296750490914,1.550059063045425,0.0309151019901,0.000955743482336,0.0691986083984,0.0,0.0975300297141,0.887307226658,175.371917725,UNKNOWN_real_acoustic_source
P06,83456,1.89242630385,stable_diagnostic,real_unidentified,heldout,improvement,down,correct,349.2282314330039,175.0,53.03821677969203,0.101723947543,1.52074353489,35.9854917623,0.250166584337,2.79910842266,1.914804872735066,352.8,65.17616444574598,0.215444635727,33.7034786487,4.14653299467,3.91820141834,1.55970008677,3.863402976804,352.8,65.17616444574598,0.215444635727,33.7034786487,4.14653299467,3.91820141834,1.55970008677,3.863402976804,1.8007414157091182,0.0267219804227,0.000714064284693,0.0576629638672,0.0,0.108754560351,0.898276031017,175.273422241,UNKNOWN_real_acoustic_source
P06,83968,1.90403628118,stable_diagnostic,real_unidentified,heldout,improvement,down,correct,349.2282314330039,175.0,53.03821677969203,0.114300579965,0.545894810589,35.6386125047,0.231123383454,2.25216259644,1.4698747570218387,352.8,65.17616444574598,0.253519816392,33.4462262116,4.01081618338,3.87460132249,0.868252678914,3.9216670024903904,352.8,65.17616444574598,0.253519816392,33.4462262116,4.01081618338,3.87460132249,0.868252678914,3.9216670024903904,2.0127472477499677,0.026536192745,0.000704169564415,0.0589141845703,0.0,0.0851384401321,0.885699391365,175.293106079,UNKNOWN_real_acoustic_source
P06,84480,1.9156462585,stable_diagnostic,real_unidentified,heldout,improvement,down,correct,349.2282314330039,175.0,53.03821677969203,0.115903101841,1.58596477648,35.029447508,0.350531104374,1.69639233657,2.089627878419539,352.8,65.17616444574598,0.274078958185,32.8261992479,3.87423645402,3.8582130963,1.6252509467,3.67763887377754,352.8,65.17616444574598,0.274078958185,32.8261992479,3.87423645402,3.8582130963,1.6252509467,3.67763887377754,1.588010995358001,0.0283157024533,0.000801778980531,0.0609893798828,0.0,0.110957093537,0.88409692049,175.28225708,UNKNOWN_real_acoustic_source
P06,84992,1.92725623583,stable_diagnostic,real_unidentified,heldout,improvement,down,correct,349.2282314330039,175.0,53.03821677969203,0.119317118544,1.52204415625,34.3883016908,0.427517596619,1.87907789919,2.029875373977338,352.8,65.17616444574598,0.324119797264,32.0627020746,3.75420547688,3.82083819382,1.61851423636,3.5416144391564495,352.8,65.17616444574598,0.324119797264,32.0627020746,3.75420547688,3.82083819382,1.61851423636,3.5416144391564495,1.5117390651791114,0.0297250896692,0.000883580942173,0.0647583007812,0.0,0.111225932837,0.880682885647,175.186431885,UNKNOWN_real_acoustic_source
P06,85504,1.93886621315,stable_diagnostic,real_unidentified,heldout,improvement,down,correct,349.2282314330039,175.0,53.03821677969203,0.137827636674,1.93354358441,33.9157564754,0.414286173353,2.36345147969,2.0571973312855922,352.8,65.17616444574598,0.381261813706,31.4248679536,3.59571273075,3.72140256732,2.06522699736,3.3069296208405663,352.8,65.17616444574598,0.381261813706,31.4248679536,3.59571273075,3.72140256732,2.06522699736,3.3069296208405663,1.249732289554974,0.0282106418163,0.000795840285718,0.0668029785156,0.0,0.129955634475,0.862172365189,175.089492798,UNKNOWN_real_acoustic_source
P06,86016,1.95047619048,stable_diagnostic,real_unidentified,heldout,improvement,down,correct,349.2282314330039,175.0,53.03821677969203,0.127038429027,2.53460890057,33.6191338965,0.409606990697,2.57922841541,2.228983173347459,352.8,65.17616444574598,0.406619071328,31.1827908006,3.31839574116,3.60353292446,2.48871634582,3.146574787651632,352.8,65.17616444574598,0.406619071328,31.1827908006,3.31839574116,3.60353292446,2.48871634582,3.146574787651632,0.9175916143041731,0.0304962284863,0.000930019945372,0.0653839111328,0.0,0.106124296784,0.872961580753,175.100494385,UNKNOWN_real_acoustic_source
P06,86528,1.9620861678,stable_diagnostic,real_unidentified,heldout,improvement,down,correct,349.2282314330039,175.0,53.03821677969203,0.143776128848,1.64433668261,33.4566938579,0.422978898332,2.64439693834,1.8963123081893927,352.8,65.17616444574598,0.441699474603,31.2947763835,3.06207875138,3.50658573467,1.63801918629,3.183724763446109,352.8,65.17616444574598,0.441699474603,31.2947763835,3.06207875138,3.50658573467,1.63801918629,3.183724763446109,1.2874124552567165,0.0252177808434,0.000635936448816,0.0566558837891,0.0,0.105766050518,0.856223881245,175.045181274,UNKNOWN_real_acoustic_source
P06,110080,2.49614512472,stable_diagnostic,real_unidentified,heldout,improvement,down,correct,329.6275569128699,165.789473684,52.10218663565477,0.130491038666,3.27116270011,127.360942141,0.929914371921,2.56909643899,3.1465397620204216,334.090909091,64.2328464293943,0.374974647921,116.645039497,20.0863978818,8.22499406136,4.69895902116,5.227374117843287,334.090909091,64.2328464293943,0.374974647921,116.645039497,20.0863978818,8.22499406136,4.69895902116,5.227374117843287,1.461069056126627,0.0924490094185,0.00854681897908,0.184860229492,0.0,0.10327411443,0.869508981705,175.012145996,UNKNOWN_real_acoustic_source
P06,110592,2.50775510204,stable_diagnostic,real_unidentified,heldout,improvement,down,correct,329.6275569128699,165.789473684,52.10218663565477,0.099960968898,4.08226259209,124.678279211,0.378149790857,2.16479075077,3.3468392649186014,334.090909091,64.2328464293943,0.229229396624,115.354060638,19.6456252203,8.14623853309,4.42132372418,5.52009638648005,334.090909091,64.2328464293943,0.229229396624,115.354060638,19.6456252203,8.14623853309,4.42132372418,5.52009638648005,2.012057809261826,0.0958216786385,0.00918179471046,0.179046630859,0.0,0.0869853571057,0.9000390172,166.039337158,UNKNOWN_real_acoustic_source
P06,111104,2.51936507937,stable_diagnostic,real_unidentified,heldout,improvement,down,correct,329.6275569128699,165.789473684,52.10218663565477,0.0885269788345,6.19215383745,121.198522193,0.256436771292,3.69736494447,3.482329294179328,334.090909091,64.2328464293943,0.176304277189,111.949896136,19.7407283717,7.31181339632,5.75132371415,5.464935584837157,334.090909091,64.2328464293943,0.176304277189,111.949896136,19.7407283717,7.31181339632,5.75132371415,5.464935584837157,1.7440090416148273,0.10040038079,0.0100802360103,0.210083007812,0.0,0.10301412642,0.911473035812,165.988296509,UNKNOWN_real_acoustic_source
P06,111616,2.53097505669,stable_diagnostic,real_unidentified,heldout,improvement,down,correct,329.6275569128699,165.789473684,52.10218663565477,0.0712450032874,4.98048241715,119.289633342,0.438103604673,3.61189755412,3.367474084323513,331.578947368,64.10218663565477,0.168296335194,119.289633342,28.3934064712,14.1299123629,4.98048241715,5.928612780889947,331.578947368,64.10218663565477,0.168296335194,119.289633342,28.3934064712,14.1299123629,4.98048241715,5.928612780889947,2.5611386965664336,0.0928862467408,0.00862785521895,0.189575195312,0.0,0.0712596178055,0.928754985332,166.001281738,UNKNOWN_real_acoustic_source
P06,112128,2.54258503401,stable_diagnostic,real_unidentified,heldout,improvement,down,correct,329.6275569128699,165.789473684,52.10218663565477,0.0718445595104,4.10564076033,119.635441142,0.538816372209,3.50746380883,3.2379294576235336,331.578947368,64.10218663565477,0.153133288285,119.635441142,28.0251079178,13.4169329064,4.10564076033,6.02251503389704,331.578947368,64.10218663565477,0.153133288285,119.635441142,28.0251079178,13.4169329064,4.10564076033,6.02251503389704,2.7845855762735066,0.086617551744,0.00750260055065,0.181091308594,0.0,0.097431704402,0.928155422211,165.983413696,UNKNOWN_real_acoustic_source
P06,130048,2.94893424036,stable_diagnostic,real_unidentified,heldout,improvement,down,correct,329.6275569128699,165.789473684,52.10218663565477,0.0395241284654,2.49179285005,52.5053055723,0.0515610736691,1.27641619775,2.7625252348839098,331.578947368,64.10218663565477,0.152204714675,52.5053055723,8.45319353641,6.55719228196,2.49179285005,4.678964976619688,331.578947368,64.10218663565477,0.152204714675,52.5053055723,8.45319353641,6.55719228196,2.49179285005,4.678964976619688,1.9164397417357781,0.0400950573385,0.00160761352163,0.0830841064453,0.0,0.0824732631445,0.960475862026,331.897338867,UNKNOWN_real_acoustic_source
P06,130560,2.96054421769,stable_diagnostic,real_unidentified,heldout,improvement,down,correct,329.6275569128699,165.789473684,52.10218663565477,0.0374027615237,2.68612333371,51.1748423926,0.0605018937216,0.676940061102,2.963270211733692,331.578947368,64.10218663565477,0.157919734996,51.1748423926,7.95902073254,6.47328819973,2.68612333371,4.5856375391598725,331.578947368,64.10218663565477,0.157919734996,51.1748423926,7.95902073254,6.47328819973,2.68612333371,4.5856375391598725,1.6223673274261805,0.040619559586,0.0016499486519,0.0775451660156,0.0,0.0908784940839,0.962597250938,165.541793823,UNKNOWN_real_acoustic_source
P06,131072,2.97215419501,stable_diagnostic,real_unidentified,heldout,improvement,down,correct,329.6275569128699,165.789473684,52.10218663565477,0.0378214690444,1.75586498871,50.1815535221,0.0684155681275,0.44217693043,2.7392453466685187,331.578947368,64.10218663565477,0.163961466304,50.1815535221,7.78527615087,6.31989578744,1.75586498871,4.684778170387829,331.578947368,64.10218663565477,0.163961466304,50.1815535221,7.78527615087,6.31989578744,1.75586498871,4.684778170387829,1.9455328237193101,0.0369500219822,0.00136530422606,0.0795288085938,0.0,0.0628236234188,0.962178528309,165.55291748,UNKNOWN_real_acoustic_source
P06,131584,2.98376417234,stable_diagnostic,real_unidentified,heldout,improvement,down,correct,329.6275569128699,165.789473684,52.10218663565477,0.0357960856127,1.02947778501,49.635378567,0.145745485821,1.37234347684,2.2005863349646506,331.578947368,64.10218663565477,0.164283008315,49.635378567,7.64020698994,6.1115605551,1.02947778501,4.810838937538923,331.578947368,64.10218663565477,0.164283008315,49.635378567,7.64020698994,6.1115605551,1.02947778501,4.810838937538923,2.6102526025742727,0.0358637198806,0.0012862063013,0.0859527587891,0.0,0.0572678558528,0.964203894138,165.538024902,UNKNOWN_real_acoustic_source
P06,132096,2.99537414966,stable_diagnostic,real_unidentified,heldout,improvement,down,correct,329.6275569128699,165.789473684,52.10218663565477,0.0366779612723,1.93257497091,49.3492743221,0.199196455238,1.94464864936,2.4674352224312317,331.578947368,64.10218663565477,0.16351493834,49.3492743221,7.28885637819,5.90059979805,1.93257497091,4.594371983939672,331.578947368,64.10218663565477,0.16351493834,49.3492743221,7.28885637819,5.90059979805,1.93257497091,4.594371983939672,2.12693676150844,0.0352150723338,0.00124010129366,0.0781707763672,0.0,0.103661254048,0.963322043419,165.578689575,UNKNOWN_real_acoustic_source
P06,132608,3.00698412698,stable_diagnostic,real_unidentified,heldout,improvement,down,correct,329.6275569128699,165.789473684,52.10218663565477,0.0420151779033,1.5025516174,48.9098310523,0.175329346141,1.73072261772,2.3264934678097804,331.578947368,64.10218663565477,0.181218518998,48.9098310523,6.72538334345,5.72403671475,1.5025516174,4.587803422865137,331.578947368,64.10218663565477,0.181218518998,48.9098310523,6.72538334345,5.72403671475,1.5025516174,4.587803422865137,2.2613099550553564,0.0353999137878,0.00125315377954,0.0828704833984,0.0,0.0913551673293,0.957984805107,165.556747437,UNKNOWN_real_acoustic_source
P06,133120,3.01859410431,stable_diagnostic,real_unidentified,heldout,improvement,down,correct,329.6275569128699,165.789473684,52.10218663565477,0.0409200120083,1.00568893397,47.9563622316,0.165956859151,1.03777280809,2.242069049698771,331.578947368,64.10218663565477,0.190415866785,47.9563622316,6.00588359261,5.56950599298,1.00568893397,4.6060886104080065,331.578947368,64.10218663565477,0.190415866785,47.9563622316,6.00588359261,5.56950599298,1.00568893397,4.6060886104080065,2.3640195607092354,0.0350586362183,0.00122910796199,0.0746612548828,0.0,0.0897602885962,0.95907998085,165.55166626,UNKNOWN_real_acoustic_source
P06,133632,3.03020408163,stable_diagnostic,real_unidentified,heldout,improvement,down,correct,329.6275569128699,165.789473684,52.10218663565477,0.0431354497954,1.99563481666,46.6134226714,0.274585607448,1.38302661252,2.5689122186747055,331.578947368,64.10218663565477,0.185141826698,46.6134226714,5.21575381463,5.36919008819,1.99563481666,4.320664555804621,331.578947368,64.10218663565477,0.185141826698,46.6134226714,5.21575381463,5.36919008819,1.99563481666,4.320664555804621,1.7517523371299153,0.0337776653469,0.00114093057346,0.0709533691406,0.0,0.118753127754,0.956864535809,165.531066895,UNKNOWN_real_acoustic_source
P06,134144,3.04181405896,stable_diagnostic,real_unidentified,heldout,improvement,down,correct,329.6275569128699,165.789473684,52.10218663565477,0.0424009890228,3.3668551457,45.3484281286,0.350131354905,1.50546426641,2.9231482601595933,331.578947368,64.10218663565477,0.175423983018,45.3484281286,4.45117511737,5.1895754762,3.3668551457,4.051950087631685,331.578947368,64.10218663565477,0.175423983018,45.3484281286,4.45117511737,5.1895754762,3.3668551457,4.051950087631685,1.1288018274720915,0.033148419112,0.00109881768003,0.0798797607422,0.0,0.0773327201605,0.957598984241,165.566802979,UNKNOWN_real_acoustic_source
P06,134656,3.05342403628,stable_diagnostic,real_unidentified,heldout,improvement,down,correct,329.6275569128699,165.789473684,52.10218663565477,0.0463916686877,3.86684379792,44.4140309467,0.295377885678,0.71614799439,3.1922323468037206,331.578947368,64.10218663565477,0.166660131393,44.4140309467,3.83305304308,5.10500938388,3.86684379792,3.9312946232513677,331.578947368,64.10218663565477,0.166660131393,44.4140309467,3.83305304308,5.10500938388,3.86684379792,3.9312946232513677,0.7390622764476471,0.0306229814887,0.000937766977586,0.0623474121094,0.0,0.0918483361602,0.953608334064,165.565444946,UNKNOWN_real_acoustic_source
P06,135168,3.06503401361,stable_diagnostic,real_unidentified,heldout,improvement,down,correct,329.6275569128699,165.789473684,52.10218663565477,0.0507127088673,2.10821451405,43.5364572647,0.146977819607,0.922910082663,2.6381398631604585,331.578947368,64.10218663565477,0.169229740249,43.5364572647,3.40168102006,5.0487350897,2.10821451405,4.081779965104307,331.578947368,64.10218663565477,0.169229740249,43.5364572647,3.40168102006,5.0487350897,2.10821451405,4.081779965104307,1.4436401019438483,0.0293994154781,0.000864325615112,0.0590362548828,0.0,0.0861480906606,0.949287295341,165.60168457,UNKNOWN_real_acoustic_source
P06,135680,3.07664399093,stable_diagnostic,real_unidentified,heldout,improvement,down,correct,329.6275569128699,165.789473684,52.10218663565477,0.0515084902155,0.950493216933,42.3353637973,0.0398972467462,2.20364335714,1.877185921836985,331.578947368,64.10218663565477,0.160146454678,42.3353637973,3.07273078906,4.99236679728,0.950493216933,4.264413451731244,331.578947368,64.10218663565477,0.160146454678,42.3353637973,3.07273078906,4.99236679728,0.950493216933,4.264413451731244,2.3472095614800583,0.0290526635945,0.000844057300128,0.0564880371094,0.0,0.0699965506792,0.948491513729,165.574615479,UNKNOWN_real_acoustic_source
P06,136192,3.08825396825,stable_diagnostic,real_unidentified,heldout,improvement,down,correct,329.6275569128699,165.789473684,52.10218663565477,0.061554098187,2.81484909741,40.8300944134,0.110611274532,2.58176499285,2.470900727312296,331.578947368,64.10218663565477,0.16426639901,40.8300944134,2.71054440994,5.00596509108,2.81484909741,3.839410282902738,331.578947368,64.10218663565477,0.16426639901,40.8300944134,2.71054440994,5.00596509108,2.81484909741,3.839410282902738,1.368509555590442,0.0293654054403,0.000862327055074,0.0573883056641,0.0,0.0750462338328,0.938445925713,165.593978882,UNKNOWN_real_acoustic_source
P06,136704,3.09986394558,stable_diagnostic,real_unidentified,heldout,improvement,down,correct,329.6275569128699,165.789473684,52.10218663565477,0.0609538487386,2.50096267644,39.304050382,0.124589569978,1.87326100833,2.4809869917529705,331.578947368,64.10218663565477,0.164441257129,39.304050382,2.34819161419,5.08365832032,2.50096267644,3.7966622096822684,331.578947368,64.10218663565477,0.164441257129,39.304050382,2.34819161419,5.08365832032,2.50096267644,3.7966622096822684,1.3156752179292979,0.0289678387344,0.000839135667775,0.0626373291016,0.0,0.111223459244,0.939046144485,165.558502197,UNKNOWN_real_acoustic_source
P06,137216,3.1114739229,stable_diagnostic,real_unidentified,heldout,improvement,down,correct,329.6275569128699,165.789473684,52.10218663565477,0.0666740215682,1.02039948216,38.1523833234,0.168326640296,0.842349654946,2.1370501149179146,331.578947368,64.10218663565477,0.160726185235,38.1523833234,2.06293764861,5.14619292293,1.02039948216,4.008006748144266,331.578947368,64.10218663565477,0.160726185235,38.1523833234,2.06293764861,5.14619292293,1.02039948216,4.008006748144266,1.7597913984654685,0.0280506964773,0.000786841555964,0.0622100830078,0.0,0.0735888853669,0.933326005936,165.586959839,UNKNOWN_real_acoustic_source
P06,137728,3.12308390023,stable_diagnostic,real_unidentified,heldout,improvement,down,correct,329.6275569128699,165.789473684,52.10218663565477,0.0703792683971,0.659017211764,37.4096782779,0.20116425819,1.0913662849,1.866535619092151,331.578947368,64.10218663565477,0.174614941226,37.4096782779,1.74713851292,5.1208139719,0.659017211764,4.004170577901904,331.578947368,64.10218663565477,0.174614941226,37.4096782779,1.74713851292,5.1208139719,0.659017211764,4.004170577901904,1.5846423936534162,0.02533643879,0.000641935097519,0.0574340820312,0.0,0.0803207233548,0.929620742798,165.582901001,UNKNOWN_real_acoustic_source
P06,138240,3.13469387755,stable_diagnostic,real_unidentified,heldout,improvement,down,correct,329.6275569128699,165.789473684,52.10218663565477,0.0770597268837,1.8803921392,36.7014314098,0.212716330644,1.49411730792,2.309904266769645,331.578947368,64.10218663565477,0.158835424786,36.7014314098,1.22814375865,4.95520097998,1.8803921392,3.629714650242559,331.578947368,64.10218663565477,0.158835424786,36.7014314098,1.22814375865,4.95520097998,1.8803921392,3.629714650242559,1.2795289063550541,0.0243479590863,0.000592823140323,0.0500183105469,0.0,0.127486690879,0.922940254211,165.547698975,UNKNOWN_real_acoustic_source
P06,138752,3.14630385488,stable_diagnostic,real_unidentified,heldout,improvement,down,correct,329.6275569128699,165.789473684,52.10218663565477,0.0842974500352,2.35414245586,35.6004065137,0.204706659055,0.845709960336,2.5817579317870654,331.578947368,64.10218663565477,0.174932516994,35.6004065137,0.713640336998,4.60446786994,2.35414245586,3.3452972536008536,331.578947368,64.10218663565477,0.174932516994,35.6004065137,0.713640336998,4.60446786994,2.35414245586,3.3452972536008536,0.7635393218137883,0.0250926073641,0.000629638903774,0.0586242675781,0.0,0.0898804888129,0.915702521801,165.59664917,UNKNOWN_real_acoustic_source
P06,139264,3.1579138322,stable_diagnostic,real_unidentified,heldout,improvement,down,correct,329.6275569128699,165.789473684,52.10218663565477,0.0886461260737,1.19474620301,34.1411785696,0.151706894181,1.26762266093,2.014406249425872,331.578947368,64.10218663565477,0.194966320182,34.1411785696,0.78182886784,4.09972384167,1.19474620301,3.472524516429437,331.578947368,64.10218663565477,0.194966320182,34.1411785696,0.78182886784,4.09972384167,1.19474620301,3.472524516429437,1.4581182670035648,0.0262377578765,0.000688419910148,0.0595550537109,0.0,0.0890267118812,0.911353886127,165.535247803,UNKNOWN_real_acoustic_source
P06,139776,3.16952380952,stable_diagnostic,real_unidentified,heldout,improvement,down,correct,329.6275569128699,165.789473684,52.10218663565477,0.0925476977394,0.644755158248,32.8071571079,0.0818788351871,2.66068214459,1.4436824459004134,331.578947368,64.10218663565477,0.210391363748,32.8071571079,1.01390562863,3.60240789186,0.644755158248,3.58277690782922,331.578947368,64.10218663565477,0.210391363748,32.8071571079,1.01390562863,3.60240789186,0.644755158248,3.58277690782922,1.3756180073010582,0.0267781168222,0.000717067567166,0.0575408935547,0.0,0.125458925962,0.90745228529,165.510848999,UNKNOWN_real_acoustic_source
P06,140288,3.18113378685,stable_diagnostic,real_unidentified,heldout,improvement,down,correct,329.6275569128699,165.789473684,52.10218663565477,0.088604830402,1.5599873613,32.08074273,0.0792718965363,2.93509177472,1.8463728807459518,331.578947368,64.10218663565477,0.24677018326,32.08074273,0.986975520847,3.30613462672,1.5599873613,3.243726782940833,331.578947368,64.10218663565477,0.24677018326,32.08074273,0.986975520847,3.30613462672,1.5599873613,3.243726782940833,0.9810395914538121,0.026464542374,0.000700372038409,0.0543975830078,0.0,0.109672434628,0.911395192146,165.544555664,UNKNOWN_real_acoustic_source
P06,140800,3.19274376417,stable_diagnostic,real_unidentified,heldout,improvement,down,correct,329.6275569128699,165.168539326,52.03722468145686,0.0907712769549,1.7777641776,32.5735542405,0.0886487524419,2.0415721638,2.062020180185232,331.578947368,64.10218663565477,0.246938368853,31.9036939527,0.904920011926,3.21313085492,1.47846687622,3.2276596251697134,331.578947368,64.10218663565477,0.246938368853,31.9036939527,0.904920011926,3.21313085492,1.47846687622,3.2276596251697134,1.1656394449844814,0.0251132454723,0.000630675058346,0.0557403564453,0.0,0.0959393903613,0.909228742123,165.488800049,UNKNOWN_real_acoustic_source
P06,141312,3.2043537415,stable_diagnostic,real_unidentified,heldout,improvement,down,correct,329.6275569128699,165.168539326,52.03722468145686,0.0977476368696,1.36593820752,32.4654634438,0.0580829882726,0.790476531608,2.1438101478509966,331.578947368,64.10218663565477,0.279966046106,31.8767978211,1.05814978797,3.11491004477,1.14746927605,3.2652480018081227,331.578947368,64.10218663565477,0.279966046106,31.8767978211,1.05814978797,3.11491004477,1.14746927605,3.2652480018081227,1.1214378539571261,0.023490479216,0.000551802630071,0.0481414794922,0.0,0.0955080837011,0.90225237608,165.430099487,UNKNOWN_real_acoustic_source
P06,141824,3.21596371882,stable_diagnostic,real_unidentified,heldout,improvement,down,correct,329.6275569128699,165.168539326,52.03722468145686,0.0894774647883,0.36484698638,32.0483981083,0.0952114384299,0.472776188284,1.7102362112741891,331.578947368,64.10218663565477,0.278329802213,31.4760258768,1.21611506185,2.94055442139,0.0596288707408,3.6355913876864148,331.578947368,64.10218663565477,0.278329802213,31.4760258768,1.21611506185,2.94055442139,0.0596288707408,3.6355913876864148,1.7532941550816261,0.0213939286768,0.000457700196421,0.0504302978516,0.0,0.0686686038971,0.910522520542,165.41796875,UNKNOWN_real_acoustic_source
P06,142336,3.22757369615,stable_diagnostic,real_unidentified,heldout,improvement,down,correct,329.6275569128699,165.168539326,52.03722468145686,0.0845500474215,2.02589245257,31.2514011465,0.141264327914,0.917782792291,2.3823360384449885,331.578947368,64.10218663565477,0.305337273886,30.6307611905,1.14422785399,2.8846886972,1.87686677542,3.0357551355217387,331.578947368,64.10218663565477,0.305337273886,30.6307611905,1.14422785399,2.8846886972,1.87686677542,3.0357551355217387,0.6534190970767502,0.0227829478681,0.00051906274166,0.0507507324219,0.0,0.0951332226396,0.915449976921,165.436386108,UNKNOWN_real_acoustic_source
P06,142848,3.23918367347,stable_diagnostic,real_unidentified,heldout,improvement,down,correct,329.6275569128699,165.168539326,52.03722468145686,0.0877756304675,2.98009716972,30.2847706556,0.106563542242,1.04109804555,2.595891547836721,331.578947368,64.10218663565477,0.35929649129,29.6552018509,0.984510350001,2.95478778562,2.72780621502,2.7327172659101526,331.578947368,64.10218663565477,0.35929649129,29.6552018509,0.984510350001,2.95478778562,2.72780621502,2.7327172659101526,0.1368257180734318,0.0227584484965,0.000517946959008,0.0551910400391,0.0,0.115655951202,0.91222435236,165.451705933,small_spectral_margin
P06,143360,3.25079365079,stable_diagnostic,real_unidentified,heldout,improvement,down,correct,329.6275569128699,165.168539326,52.03722468145686,0.0871863207721,1.72288959242,29.1705795201,0.032673552058,1.21120211894,2.142024279549636,334.090909091,64.2328464293943,0.401881830363,26.0999209591,0.61604750278,1.34155932382,1.2532057826,2.5422861020628504,334.090909091,64.2328464293943,0.401881830363,26.0999209591,0.61604750278,1.34155932382,1.2532057826,2.5422861020628504,0.4002618225132144,0.0196200925857,0.000384948041756,0.05322265625,0.0,0.121952101588,0.912813663483,165.414123535,UNKNOWN_real_acoustic_source
P07,66560,1.50929705215,stable_diagnostic,real_unidentified,development,improvement,other,correct,349.2282314330039,116.976127321,46.064527302473735,0.136032912452,5.12510840588,1.12524462888,44.3052443197,0.0,2.8706297865099204,352.8,65.17616444574598,0.282685378807,41.6671684181,10.5567116974,10.144242598,2.55689991915,4.379978234410952,352.8,65.17616444574598,0.282685378807,41.6671684181,10.5567116974,10.144242598,2.55689991915,4.379978234410952,1.509348447901032,0.0369890332222,0.00136818864848,0.0920867919922,0.0,0.0870275720954,0.863967061043,149.240524292,UNKNOWN_real_acoustic_source
P07,67072,1.52090702948,stable_diagnostic,real_unidentified,development,improvement,other,correct,349.2282314330039,116.976127321,46.064527302473735,0.143490348901,3.33677415021,1.26316312983,44.6986465225,0.0,2.544048985650621,352.8,65.17616444574598,0.280048350829,42.2871849248,10.4010297336,9.44241509641,1.0246099992,4.658392195976894,352.8,65.17616444574598,0.280048350829,42.2871849248,10.4010297336,9.44241509641,1.0246099992,4.658392195976894,2.114343210326273,0.0393017679453,0.0015446288744,0.0998840332031,0.0,0.0988081097603,0.856509625912,117.021736145,UNKNOWN_real_acoustic_source
P07,67584,1.5325170068,stable_diagnostic,real_unidentified,development,improvement,down,correct,349.2282314330039,175.0,53.03821677969203,0.14815190833,1.44861624627,45.8538878953,0.0882653618608,3.73409796822,1.7664868981601116,352.8,65.17616444574598,0.309268646041,43.1577998461,10.2886853289,9.12615713526,1.53151276199,4.4955046952095445,352.8,65.17616444574598,0.309268646041,43.1577998461,10.2886853289,9.12615713526,1.53151276199,4.4955046952095445,2.7231219062305865,0.0389243587852,0.00151510571595,0.0898590087891,0.0,0.0872758999467,0.851848065853,117.043502808,UNKNOWN_real_acoustic_source
P07,68096,1.54412698413,stable_diagnostic,real_unidentified,development,improvement,down,correct,349.2282314330039,175.697211155,53.10705321424447,0.127239858812,1.71208203456,45.4171042926,0.192747234922,3.40821643303,1.9644006363237736,352.8,65.17616444574598,0.257367352824,43.6400841361,9.99127990238,9.07586444925,1.80702685957,4.5439214016611755,352.8,65.17616444574598,0.257367352824,43.6400841361,9.99127990238,9.07586444925,1.80702685957,4.5439214016611755,2.4079541210206044,0.0351113043725,0.00123280356638,0.0979766845703,0.0,0.117840431631,0.872760117054,175.327880859,UNKNOWN_real_acoustic_source
P07,68608,1.55573696145,stable_diagnostic,real_unidentified,development,improvement,down,correct,349.2282314330039,175.697211155,53.10705321424447,0.112654788134,1.55310347627,45.3204922579,0.219868646643,3.70947610075,1.904689783960886,352.8,65.17616444574598,0.227737591014,43.490490885,9.55570299834,8.67850799198,1.67771121905,4.593129173187106,352.8,65.17616444574598,0.227737591014,43.490490885,9.55570299834,8.67850799198,1.67771121905,4.593129173187106,2.105293407385101,0.0384077392519,0.00147515453864,0.073974609375,0.0,0.099863499403,0.887345194817,175.445770264,UNKNOWN_real_acoustic_source
P07,69120,1.56734693878,stable_diagnostic,real_unidentified,development,improvement,down,correct,349.2282314330039,175.697211155,53.10705321424447,0.0917518155422,1.51122103539,45.1291141337,0.190669975979,3.699620426,1.9228757848170177,352.8,65.17616444574598,0.189321889005,43.2362973416,9.08948929739,7.91050076752,1.54164745538,4.647050363132406,352.8,65.17616444574598,0.189321889005,43.2362973416,9.08948929739,7.91050076752,1.54164745538,4.647050363132406,1.9642217030534797,0.0375314243138,0.00140860793181,0.0749816894531,0.0,0.108080781996,0.908248186111,175.36869812,UNKNOWN_real_acoustic_source
P07,69632,1.5789569161,stable_diagnostic,real_unidentified,development,improvement,down,correct,349.2282314330039,175.697211155,53.10705321424447,0.0987639196592,0.312469563211,45.2459833543,0.095460743475,3.1804589543,1.2989532350308362,352.8,65.17616444574598,0.211537177973,43.3413658942,8.77955076455,7.349920922,0.224002978386,4.938490135622447,352.8,65.17616444574598,0.211537177973,43.3413658942,8.77955076455,7.349920922,0.224002978386,4.938490135622447,2.19815357850906,0.0359174124897,0.00129006057978,0.0832061767578,0.0,0.066195987165,0.901236057281,175.44152832,UNKNOWN_real_acoustic_source
P07,70144,1.59056689342,stable_diagnostic,real_unidentified,development,improvement,down,correct,349.2282314330039,175.0,53.03821677969203,0.0993641081807,0.129010515206,46.2994676473,0.0618827254699,2.51991646194,1.2366551465267608,352.8,65.17616444574598,0.244210190205,43.5650266795,8.69411649164,7.18720759955,0.171795401915,4.890663262690771,352.8,65.17616444574598,0.244210190205,43.5650266795,8.69411649164,7.18720759955,0.171795401915,4.890663262690771,2.460412337632269,0.037119448185,0.00137785356492,0.0783386230469,0.0,0.102274768054,0.900635898113,175.413482666,UNKNOWN_real_acoustic_source
P07,70656,1.60217687075,stable_diagnostic,real_unidentified,development,improvement,down,correct,349.2282314330039,175.0,53.03821677969203,0.0954560133951,0.525832439795,46.0117434033,0.10272602956,2.71934358951,1.5244995431326078,352.8,65.17616444574598,0.260777447739,43.3466756789,8.62060729613,7.0960463019,0.514918186197,4.717599789964131,352.8,65.17616444574598,0.260777447739,43.3466756789,8.62060729613,7.0960463019,0.514918186197,4.717599789964131,2.7586796180412754,0.0342097245157,0.00117030530237,0.0751495361328,0.0,0.0887535437942,0.904543995857,175.343948364,UNKNOWN_real_acoustic_source
P07,71168,1.61378684807,stable_diagnostic,real_unidentified,development,improvement,down,correct,349.2282314330039,175.0,53.03821677969203,0.0918230704916,1.58805705457,45.181002396,0.157512978825,2.78059025143,2.0551738918372493,352.8,65.17616444574598,0.279138493896,42.4252066777,8.27901699089,6.94573894072,1.24759805467,4.439868783780657,352.8,65.17616444574598,0.279138493896,42.4252066777,8.27901699089,6.94573894072,1.24759805467,4.439868783780657,2.3846948919434077,0.0351394377649,0.00123478006572,0.0773162841797,0.0,0.0949445962906,0.908176958561,175.24597168,UNKNOWN_real_acoustic_source
P07,71680,1.6253968254,stable_diagnostic,real_unidentified,development,improvement,down,correct,349.2282314330039,175.0,53.03821677969203,0.082892333111,2.02870350612,44.0353845311,0.293570167312,2.22356660602,2.325181525525038,352.8,65.17616444574598,0.282815482205,41.1889050127,7.73788663309,6.76565957171,1.91597259839,4.237686625985842,352.8,65.17616444574598,0.282815482205,41.1889050127,7.73788663309,6.76565957171,1.91597259839,4.237686625985842,1.912505100460804,0.0350818634033,0.001230737078,0.0713958740234,0.0,0.092945985496,0.917107641697,175.237335205,UNKNOWN_real_acoustic_source
P07,72192,1.63700680272,stable_diagnostic,real_unidentified,development,improvement,down,correct,349.2282314330039,175.0,53.03821677969203,0.0945593087483,1.47769970286,42.6672930442,0.435273748842,1.79969868827,2.1820946617183776,352.8,65.17616444574598,0.325861917948,40.0212562496,7.34999196915,6.48778550581,1.68715013201,4.132574502772574,352.8,65.17616444574598,0.325861917948,40.0212562496,7.34999196915,6.48778550581,1.68715013201,4.132574502772574,1.9504798410541961,0.0314971357584,0.000992069486529,0.0714263916016,0.0,0.0928413569927,0.905440688133,175.216049194,UNKNOWN_real_acoustic_source
P07,72704,1.64861678005,stable_diagnostic,real_unidentified,development,improvement,down,correct,349.2282314330039,175.0,53.03821677969203,0.112370986301,1.99897856768,41.2166756193,0.533154309869,2.05023434331,2.2941600331966567,352.8,65.17616444574598,0.377939429053,39.0011915618,7.22630714955,6.10365035687,2.13877411675,3.904935027767825,352.8,65.17616444574598,0.377939429053,39.0011915618,7.22630714955,6.10365035687,2.13877411675,3.904935027767825,1.6107749945711682,0.0306364931166,0.000938594748732,0.0630645751953,0.0,0.121243901551,0.887629032135,175.154510498,UNKNOWN_real_acoustic_source
P07,94720,2.14784580499,stable_diagnostic,real_unidentified,development,improvement,down,correct,349.2282314330039,175.0,53.03821677969203,0.135657044559,4.55290403706,47.8159438326,0.361581506733,3.83231914785,2.6765339109559325,352.8,65.17616444574598,0.307483491583,45.060743422,9.29323874408,3.89821134476,4.68630653974,3.9089247400825284,352.8,65.17616444574598,0.307483491583,45.060743422,9.29323874408,3.89821134476,4.68630653974,3.9089247400825284,1.232390829126596,0.0334293544292,0.00111752178054,0.0684814453125,0.0,0.103862822056,0.864342927933,175.017944336,UNKNOWN_real_acoustic_source
P07,95232,2.15945578231,stable_diagnostic,real_unidentified,development,improvement,down,correct,349.2282314330039,175.0,53.03821677969203,0.144635217192,3.44677071246,46.1337024093,0.177138880959,4.5488201473,2.3133809080959447,352.8,65.17616444574598,0.268755186389,42.8871750854,9.24580730273,3.905258674,3.52489730986,4.05032557010707,352.8,65.17616444574598,0.268755186389,42.8871750854,9.24580730273,3.905258674,3.52489730986,4.05032557010707,1.0653900724320495,0.0354761630297,0.00125855812803,0.0776062011719,0.0,0.108872294426,0.8553647995,175.300384521,UNKNOWN_real_acoustic_source
P07,95744,2.17106575964,stable_diagnostic,real_unidentified,development,improvement,down,correct,349.2282314330039,175.0,53.03821677969203,0.149769693551,1.73652660944,45.378605015,0.147661325243,4.32223847427,1.8240537654186193,352.8,65.17616444574598,0.304499778991,42.0671096216,9.05995358049,3.84951899622,1.91625161128,4.167611637737471,352.8,65.17616444574598,0.304499778991,42.0671096216,9.05995358049,3.84951899622,1.91625161128,4.167611637737471,1.060537204821756,0.037702832371,0.00142150348984,0.0883178710938,0.0,0.0988594889641,0.850230336189,175.293533325,UNKNOWN_real_acoustic_source
P07,96256,2.18267573696,stable_diagnostic,real_unidentified,development,improvement,other,correct,349.2282314330039,116.976127321,46.064527302473735,0.122908388648,7.80985834237,0.680386287818,44.6228700516,0.0,3.1446687151945487,352.8,65.17616444574598,0.290985279662,41.9868666551,8.78100523744,3.77004600931,1.17344380325,4.321577744736667,352.8,65.17616444574598,0.290985279662,41.9868666551,8.78100523744,3.77004600931,1.17344380325,4.321577744736667,1.1769090295421178,0.0361723974347,0.00130844244268,0.0809631347656,0.0,0.0823495239019,0.87709158659,175.161056519,UNKNOWN_real_acoustic_source
P07,96768,2.19428571429,stable_diagnostic,real_unidentified,development,improvement,down,correct,349.2282314330039,175.0,53.03821677969203,0.145293337836,0.259676430391,45.4523287073,0.24533292012,2.53937872694,1.2823566293865696,352.8,65.17616444574598,0.244544201162,42.1027922573,8.75420948024,3.69799039511,0.455769472746,4.61236525134123,352.8,65.17616444574598,0.244544201162,42.1027922573,8.75420948024,3.69799039511,0.455769472746,4.61236525134123,1.6479523846865614,0.0341205410659,0.00116421130951,0.0646362304688,0.0,0.0953915715218,0.854706645012,117.040710449,UNKNOWN_real_acoustic_source
P07,97280,2.20589569161,stable_diagnostic,real_unidentified,development,improvement,down,correct,349.2282314330039,175.0,53.03821677969203,0.102827025421,1.03350729913,45.6256007872,0.184561322938,2.0494543961,1.9100446512198341,352.8,65.17616444574598,0.171746569856,42.5916376303,8.78832252181,3.5995370465,1.04179669227,4.596541080883373,352.8,65.17616444574598,0.171746569856,42.5916376303,8.78832252181,3.5995370465,1.04179669227,4.596541080883373,2.0105270881352353,0.0306266397238,0.000937991018873,0.0641021728516,0.0,0.100660406053,0.897172987461,175.073104858,UNKNOWN_real_acoustic_source
P07,97792,2.21750566893,stable_diagnostic,real_unidentified,development,improvement,down,correct,349.2282314330039,175.0,53.03821677969203,0.113014939749,1.20473288075,45.7781907778,0.105510835745,2.05999056539,1.9531559865458343,352.8,65.17616444574598,0.171645715032,43.2587583731,8.58955067762,3.44129992821,1.19607463766,4.556499890445684,352.8,65.17616444574598,0.171645715032,43.2587583731,8.58955067762,3.44129992821,1.19607463766,4.556499890445684,2.07626897381302,0.0341530665755,0.00116643193178,0.077880859375,0.0,0.0932806357741,0.886985063553,175.175491333,UNKNOWN_real_acoustic_source
P07,98304,2.22911564626,stable_diagnostic,real_unidentified,development,improvement,down,correct,349.2282314330039,175.0,53.03821677969203,0.110908557883,1.11122015573,45.3872100597,0.065183148872,1.79944899849,1.9450362084351385,352.8,65.17616444574598,0.196048262318,43.1420142339,8.2546718851,3.24655622465,1.17144578957,4.481710238848469,352.8,65.17616444574598,0.196048262318,43.1420142339,8.2546718851,3.24655622465,1.17144578957,4.481710238848469,2.301643367674142,0.0330709032714,0.00109368469566,0.0734100341797,0.0,0.0915682464838,0.889091432095,175.166427612,UNKNOWN_real_acoustic_source
P07,98816,2.24072562358,stable_diagnostic,real_unidentified,development,improvement,down,correct,349.2282314330039,175.0,53.03821677969203,0.0995608673735,1.25911458682,44.3887509937,0.0565664970978,2.39913839163,1.9254785070846734,352.8,65.17616444574598,0.197439158415,42.0751157539,7.97891614017,3.05790374917,1.26333589287,4.407253480514574,352.8,65.17616444574598,0.197439158415,42.0751157539,7.97891614017,3.05790374917,1.26333589287,4.407253480514574,2.4817749734299004,0.0345533564687,0.00119393435307,0.0774688720703,0.0,0.105069689453,0.900439143181,175.031677246,UNKNOWN_real_acoustic_source
P07,99328,2.25233560091,stable_diagnostic,real_unidentified,development,improvement,down,correct,349.2282314330039,175.0,53.03821677969203,0.0942967245459,0.555817589795,43.5041186487,0.0698000893646,3.31332869083,1.4372115965973582,352.8,65.17616444574598,0.185731455084,41.0195512055,7.69035268635,2.88387063472,0.803583934193,4.492099047291811,352.8,65.17616444574598,0.185731455084,41.0195512055,7.69035268635,2.88387063472,0.803583934193,4.492099047291811,2.700887580285425,0.0354964323342,0.00125999667216,0.06640625,0.0,0.120138518512,0.905703246593,175.061447144,UNKNOWN_real_acoustic_source
P07,99840,2.26394557823,stable_diagnostic,real_unidentified,development,improvement,down,correct,349.2282314330039,175.0,53.03821677969203,0.0781937388567,1.04273078199,43.3810351794,0.0843616469964,3.22204828016,1.7543938500578373,352.8,65.17616444574598,0.162061811931,40.8197052261,7.25228178668,2.79805107167,1.11686503852,4.423142788040575,352.8,65.17616444574598,0.162061811931,40.8197052261,7.25228178668,2.79805107167,1.11686503852,4.423142788040575,2.5798248623803843,0.0327966473997,0.00107562018093,0.0573272705078,0.0,0.126727432013,0.921806275845,175.044052124,UNKNOWN_real_acoustic_source
P07,100352,2.27555555556,stable_diagnostic,real_unidentified,development,improvement,down,correct,349.2282314330039,175.0,53.03821677969203,0.0850022906133,0.887051399206,43.8496332352,0.0584238185417,2.3572522105,1.7753024158254727,352.8,65.17616444574598,0.180111685389,41.2878232117,6.78956602614,2.81325947663,1.00240325533,4.398115419959783,352.8,65.17616444574598,0.180111685389,41.2878232117,6.78956602614,2.81325947663,1.00240325533,4.398115419959783,2.5521569358560736,0.0339363999665,0.00115167931654,0.0716094970703,0.0,0.0908366963267,0.914997696877,175.073043823,UNKNOWN_real_acoustic_source
P07,100864,2.28716553288,stable_diagnostic,real_unidentified,development,improvement,down,correct,349.2282314330039,175.0,53.03821677969203,0.0961550381204,1.18210273331,44.3760642827,0.102676520056,1.08192198796,2.153260622265503,352.8,65.17616444574598,0.224888544847,41.7246480332,6.51566722092,2.7503766256,1.40033952175,4.206152773292066,352.8,65.17616444574598,0.224888544847,41.7246480332,6.51566722092,2.7503766256,1.40033952175,4.206152773292066,2.052892151026563,0.03395877406,0.00115319842007,0.0697631835938,0.0,0.106756865978,0.903844952583,175.014831543,UNKNOWN_real_acoustic_source
P07,101376,2.2987755102,stable_diagnostic,real_unidentified,development,improvement,down,correct,349.2282314330039,175.0,53.03821677969203,0.0988854631115,1.92025907044,44.3168232076,0.207700376586,0.508544995217,2.6223472828169117,352.8,65.17616444574598,0.289529964776,41.5402871303,6.44896708621,2.54236211796,1.89010486528,3.9609813670491407,352.8,65.17616444574598,0.289529964776,41.5402871303,6.44896708621,2.54236211796,1.89010486528,3.9609813670491407,1.338634084232229,0.0331471003592,0.00109873036854,0.0696105957031,0.0,0.100356563926,0.901114523411,174.845581055,UNKNOWN_real_acoustic_source
P07,101888,2.31038548753,stable_diagnostic,real_unidentified,development,improvement,down,correct,349.2282314330039,175.0,53.03821677969203,0.107547234803,1.32465535904,43.4095124231,0.266404815124,1.16472880083,2.198102134648803,352.8,65.17616444574598,0.309286326363,40.6240543451,6.38008341702,2.31956580361,1.47145730245,3.957052556972184,352.8,65.17616444574598,0.309286326363,40.6240543451,6.38008341702,2.31956580361,1.47145730245,3.957052556972184,1.7589504223233807,0.0316530875862,0.00100191787351,0.0606079101562,0.0,0.121313460171,0.892452776432,174.669219971,UNKNOWN_real_acoustic_source
P07,102400,2.32199546485,stable_diagnostic,real_unidentified,development,improvement,down,correct,349.2282314330039,174.308300395,52.96965296533379,0.0980868160928,1.40269164425,41.9215195528,0.23223151857,1.33740332006,2.1877890375263536,352.8,65.17616444574598,0.298952826078,39.1979250585,6.13255020534,2.28621020281,1.6415893284,3.8899875177121714,352.8,65.17616444574598,0.298952826078,39.1979250585,6.13255020534,2.28621020281,1.6415893284,3.8899875177121714,1.7021984801858179,0.0304626468569,0.000927972898353,0.0564727783203,0.0,0.109682902694,0.901913166046,174.671722412,UNKNOWN_real_acoustic_source
P07,102912,2.33360544218,stable_diagnostic,real_unidentified,development,improvement,down,correct,349.2282314330039,174.308300395,52.96965296533379,0.103448643259,0.961197328928,40.2905634755,0.112024506658,1.24093481114,1.9500738814905296,352.8,65.17616444574598,0.319000593009,37.7053553978,5.81721634468,2.38796078786,1.16691404046,3.896107424386166,352.8,65.17616444574598,0.319000593009,37.7053553978,5.81721634468,2.38796078786,1.16691404046,3.896107424386166,1.9460335428956363,0.0292395763099,0.000854952784721,0.0551605224609,0.0,0.0981066152453,0.896551370621,174.603897095,UNKNOWN_real_acoustic_source
P07,103424,2.3452154195,stable_diagnostic,real_unidentified,development,improvement,down,correct,349.2282314330039,174.308300395,52.96965296533379,0.114042386224,1.07395263744,39.0246752265,0.0959309501962,1.18520912007,1.9781648537318308,352.8,65.17616444574598,0.35487233747,36.5230006769,5.676207021,2.38284913308,1.20169173778,3.774550983937931,352.8,65.17616444574598,0.35487233747,36.5230006769,5.676207021,2.38284913308,1.20169173778,3.774550983937931,1.7963861302061004,0.0290486272424,0.000843822781462,0.0563354492188,0.0,0.107021473348,0.885957598686,174.598266602,UNKNOWN_real_acoustic_source
P07,103936,2.35682539683,stable_diagnostic,real_unidentified,development,improvement,down,correct,349.2282314330039,174.308300395,52.96965296533379,0.124025847244,1.88026585222,38.2627876471,0.226171575236,1.25934792781,2.288405572401817,352.8,65.17616444574598,0.424482345874,35.7445380182,5.60365115845,2.17282039945,1.88418533243,3.4578702356968627,352.8,65.17616444574598,0.424482345874,35.7445380182,5.60365115845,2.17282039945,1.88418533243,3.4578702356968627,1.1694646632950456,0.0326985456049,0.00106919487007,0.0669708251953,0.0,0.13345938921,0.875974178314,174.495895386,UNKNOWN_real_acoustic_source
P07,105472,2.3916553288,stable_diagnostic,real_unidentified,development,improvement,down,correct,349.2282314330039,174.308300395,52.96965296533379,0.122836419025,2.15765593199,36.7975093021,0.236468512463,0.996280793858,2.4277006376080332,352.8,65.17616444574598,0.402069314147,34.3153155928,4.61407716924,1.74605097675,2.45878987274,3.254898300615131,352.8,65.17616444574598,0.402069314147,34.3153155928,4.61407716924,1.74605097675,2.45878987274,3.254898300615131,0.8271976630070976,0.0261159818619,0.000682044483256,0.0560455322266,0.0,0.108027018607,0.877163589001,174.417037964,UNKNOWN_real_acoustic_source
P07,105984,2.40326530612,stable_diagnostic,real_unidentified,development,improvement,down,correct,349.2282314330039,174.308300395,52.96965296533379,0.124366380151,1.56581974807,36.2861999422,0.17158226778,2.31146709561,1.9437500378358918,352.8,65.17616444574598,0.391800230005,33.8203845311,4.47762367321,1.84435347341,1.84340818454,3.3557704520686245,352.8,65.17616444574598,0.391800230005,33.8203845311,4.47762367321,1.84435347341,1.84340818454,3.3557704520686245,1.4120204142327326,0.02710050717,0.000734437489882,0.0553588867188,0.0,0.102753669024,0.875633597374,174.304656982,UNKNOWN_real_acoustic_source
P07,106496,2.41487528345,stable_diagnostic,real_unidentified,development,improvement,down,correct,349.2282314330039,174.308300395,52.96965296533379,0.127365174384,1.78745690903,35.7838149394,0.220514219718,3.23844052008,1.9006486632734132,352.8,65.17616444574598,0.390310549115,33.3070896702,4.39313696755,1.70115057317,1.98789060919,3.2984301639996065,352.8,65.17616444574598,0.390310549115,33.3070896702,4.39313696755,1.70115057317,1.98789060919,3.2984301639996065,1.3977815007261933,0.0259405635297,0.000672912807204,0.0524291992188,0.0,0.106782130897,0.872634828091,174.318939209,UNKNOWN_real_acoustic_source
P07,107008,2.42648526077,stable_diagnostic,real_unidentified,development,improvement,down,correct,349.2282314330039,174.308300395,52.96965296533379,0.148725996196,0.590153413623,35.2884753074,0.249162137013,3.5514826414,1.2600203503263225,355.64516129,65.31522013703282,0.422904246973,27.7875450061,2.09467431598,0.0723857289683,1.11225127927,2.7225699574317384,355.64516129,65.31522013703282,0.422904246973,27.7875450061,2.09467431598,0.0723857289683,1.11225127927,2.7225699574317384,1.3944293050149255,0.0310860257596,0.000966340943705,0.0626373291016,0.0,0.129725113511,0.851274013519,174.397460938,UNKNOWN_real_acoustic_source
P07,107520,2.4380952381,stable_diagnostic,real_unidentified,development,improvement,down,correct,349.2282314330039,174.308300395,52.96965296533379,0.137127265663,1.45546704745,34.8442573167,0.260390820942,2.96663268844,1.7825508284005545,355.64516129,65.31522013703282,0.41531716509,27.4835114491,1.9733510477,0.261522784541,1.60540259312,2.642822134670251,355.64516129,65.31522013703282,0.41531716509,27.4835114491,1.9733510477,0.261522784541,1.60540259312,2.642822134670251,0.8602713062696967,0.0250845793635,0.000629236164968,0.0601501464844,0.0,0.103956103325,0.862872719765,174.312088013,UNKNOWN_real_acoustic_source
P07,108544,2.46131519274,stable_diagnostic,real_unidentified,development,improvement,down,correct,349.2282314330039,174.308300395,52.96965296533379,0.148593202657,2.20688474365,33.8674913506,0.223797332279,2.50067289293,2.067903078825792,352.8,65.17616444574598,0.313983018759,31.870608293,3.7635320803,1.70887416088,2.32649115365,3.293281826411128,352.8,65.17616444574598,0.313983018759,31.870608293,3.7635320803,1.70887416088,2.32649115365,3.293281826411128,1.225378747585336,0.0263517610729,0.00069441535743,0.0523529052734,0.0,0.114351786673,0.851406812668,174.330184937,UNKNOWN_real_acoustic_source
P08,89088,2.02013605442,stable_diagnostic,real_unidentified,heldout,improvement,down,correct,329.6275569128699,165.168539326,52.03722468145686,0.0436187376553,2.24946897726,76.6054592209,0.259269159181,1.09236921022,2.9555573752136963,331.578947368,64.10218663565477,0.240189306501,76.2879701448,10.4837695916,5.42016624369,1.8409356532,5.030421330615382,331.578947368,64.10218663565477,0.240189306501,76.2879701448,10.4837695916,5.42016624369,1.8409356532,5.030421330615382,2.0748639554016854,0.0564754940569,0.00318948132917,0.123611450195,0.0,0.153135478497,0.956381261349,331.805267334,UNKNOWN_real_acoustic_source
P08,98816,2.24072562358,stable_diagnostic,real_unidentified,heldout,improvement,down,correct,329.6275569128699,165.789473684,52.10218663565477,0.134670990932,7.39906530038,174.136689729,2.52900563338,8.42666354852,3.635044745090647,331.578947368,64.10218663565477,0.190065565013,174.136689729,27.5258622253,12.674676948,7.39906530038,6.050667402497388,331.578947368,64.10218663565477,0.190065565013,174.136689729,27.5258622253,12.674676948,7.39906530038,6.050667402497388,1.9567517180034608,0.109346263111,0.0119566051289,0.243881225586,0.0,0.164651662111,0.865329027176,164.885375977,UNKNOWN_real_acoustic_source
P08,120320,2.7283446712,stable_diagnostic,real_unidentified,heldout,improvement,down,correct,329.6275569128699,165.168539326,52.03722468145686,0.0803999382163,4.16707476918,62.0679390298,0.32627793824,0.654666139861,3.3724076035365367,331.578947368,64.10218663565477,0.440189031187,61.3387408354,6.79818745344,4.95480829244,3.72989077772,3.9482493748565104,331.578947368,64.10218663565477,0.440189031187,61.3387408354,6.79818745344,4.95480829244,3.72989077772,3.9482493748565104,0.5758417713199737,0.0679471418262,0.00461681419984,0.137725830078,0.0,0.261240243912,0.919600069523,331.591888428,UNKNOWN_real_acoustic_source
P09,70656,1.60217687075,stable_diagnostic,real_unidentified,development,improvement,down,correct,293.6647679174076,147.0,50.01975157574046,0.0533327984968,4.7526221424,28.4502411374,0.274848479318,0.0,3.3950480606282527,294.0,62.01975157574046,0.163162965557,28.4502411374,41.5518513879,17.3548663257,4.7526221424,4.784383645190654,294.0,62.01975157574046,0.163162965557,28.4502411374,41.5518513879,17.3548663257,4.7526221424,4.784383645190654,1.3893355845624011,0.0194189399481,0.000377095217118,0.0530853271484,0.0,0.0705408081412,0.946667194366,293.974395752,UNKNOWN_real_acoustic_source
P09,71168,1.61378684807,stable_diagnostic,real_unidentified,development,improvement,down,correct,293.6647679174076,147.0,50.01975157574046,0.0662024216068,5.97804922284,24.1313654028,0.0299320455719,0.0,3.429796101581601,294.0,62.01975157574046,0.163470599111,24.1313654028,34.0303950468,15.2467446616,5.97804922284,4.4008719843760735,294.0,62.01975157574046,0.163470599111,24.1313654028,34.0303950468,15.2467446616,5.97804922284,4.4008719843760735,0.9710758827944725,0.0180853009224,0.000327078130795,0.0406799316406,0.0,0.0741276741028,0.933797597885,146.895248413,UNKNOWN_real_acoustic_source
P09,71680,1.6253968254,stable_diagnostic,real_unidentified,development,improvement,down,correct,293.6647679174076,147.0,50.01975157574046,0.068612217398,5.81561365318,20.633174787,0.139535180109,0.0,3.35176078452253,294.0,62.01975157574046,0.155603635169,20.633174787,27.8322678455,13.4039922681,5.81561365318,4.151036620963339,294.0,62.01975157574046,0.155603635169,20.633174787,27.8322678455,13.4039922681,5.81561365318,4.151036620963339,0.7992758364408088,0.0192323625088,0.000369883753592,0.0527954101562,0.0,0.12606215477,0.931387782097,146.882034302,UNKNOWN_real_acoustic_source
P09,72192,1.63700680272,stable_diagnostic,real_unidentified,development,improvement,down,correct,293.6647679174076,147.0,50.01975157574046,0.0868805091356,4.21319338559,17.7203065952,0.162329499732,0.0,2.9798425532596573,294.0,62.01975157574046,0.238640193227,17.7203065952,22.7250465406,11.7890351099,4.21319338559,3.8471448574873204,294.0,62.01975157574046,0.238640193227,17.7203065952,22.7250465406,11.7890351099,4.21319338559,3.8471448574873204,0.8673023042276631,0.01472859364,0.000216931468458,0.0344696044922,0.0,0.0811285376549,0.913119494915,146.932144165,UNKNOWN_real_acoustic_source
P09,72704,1.64861678005,stable_diagnostic,real_unidentified,development,improvement,down,correct,293.6647679174076,147.0,50.01975157574046,0.0997168294933,4.88528930728,15.1196492842,0.29091698609,0.0,3.0268799327159717,294.0,62.01975157574046,0.360412320224,15.1196492842,18.451178777,10.3893823647,4.88528930728,3.2651106143571846,294.0,62.01975157574046,0.360412320224,15.1196492842,18.451178777,10.3893823647,4.88528930728,3.2651106143571846,0.23823068164121297,0.0131202302873,0.000172140440554,0.0316619873047,0.0,0.0782636851072,0.900283157825,146.777236938,small_spectral_margin
P10,34304,0.777868480726,stable_diagnostic,real_unidentified,heldout,improvement,down,correct,293.6647679174076,147.0,50.01975157574046,0.14090344996,21.0344781781,262.422819962,6.63721971709,0.0,6.105940133837537,294.0,62.01975157574046,0.166049594447,262.422819962,109.626283137,34.9403064796,21.0344781781,6.943900727890273,294.0,62.01975157574046,0.166049594447,262.422819962,109.626283137,34.9403064796,21.0344781781,6.943900727890273,0.8379605940527357,0.143603116274,0.0206218548119,0.317504882812,0.0,0.136365294456,0.8590965271,147.603668213,CMND_ambiguity
C01,125440,2.84444444444,stable_diagnostic,real_unidentified,development,regression,correct,up,261.6255653005986,262.5,60.0577667883459,0.0774945298293,5.75246569767,38.6873447227,6.1197802807,6.3697373075,3.0874630344755274,525.0,72.0577667883459,0.355882780941,38.6873447227,13.6320054294,6.04642925511,5.75246569767,3.844048829946706,262.5,60.0577667883459,0.0774945298293,5.75246569767,38.6873447227,6.1197802807,6.3697373075,3.0874630344755274,0.7565857954711785,0.0169689115137,0.000287943956209,0.0488891601562,0.0,0.0425097122788,0.922505497932,262.172454834,UNKNOWN_real_acoustic_source
C03,133120,3.01859410431,stable_diagnostic,real_unidentified,development,regression,correct,up,261.6255653005986,262.5,60.0577667883459,0.023419897755,9.56217892215,57.9569060815,7.24259134338,3.3147461004,4.145152638276741,525.0,72.0577667883459,0.228746051247,57.9569060815,19.6764611307,4.63650594303,9.56217892215,4.387488916843865,262.5,60.0577667883459,0.023419897755,9.56217892215,57.9569060815,7.24259134338,3.3147461004,4.145152638276741,0.24233627856712392,0.0267486069351,0.000715487985872,0.0629425048828,0.0,0.0504273660481,0.97658008337,262.350799561,small_spectral_margin
C03,133632,3.03020408163,stable_diagnostic,real_unidentified,development,regression,correct,up,261.6255653005986,262.5,60.0577667883459,0.0281074410867,7.50410785279,49.3676951999,6.49783900498,4.19418909764,3.7238928938681477,525.0,72.0577667883459,0.199259292861,49.3676951999,16.6165708367,4.24830006332,7.50410785279,4.2994528024409675,262.5,60.0577667883459,0.0281074410867,7.50410785279,49.3676951999,6.49783900498,4.19418909764,3.7238928938681477,0.5755599085728198,0.0236715227365,0.000560340995435,0.0679168701172,0.0,0.0486938580871,0.971892535686,262.273956299,UNKNOWN_real_acoustic_source
C03,134144,3.04181405896,stable_diagnostic,real_unidentified,development,regression,correct,up,261.6255653005986,262.5,60.0577667883459,0.0392772925495,9.14512707168,42.1772951124,5.98325707884,3.68785883915,3.834487193316603,525.0,72.0577667883459,0.19788826918,42.1772951124,13.9908305993,3.8936902747,9.14512707168,3.9617475227240826,262.5,60.0577667883459,0.0392772925495,9.14512707168,42.1772951124,5.98325707884,3.68785883915,3.834487193316603,0.12726032940747967,0.0215682517737,0.000465189485112,0.0537872314453,0.0,0.0593649633229,0.96072268486,262.46887207,small_spectral_margin
S050,11776,0.267029478458,stable_synthetic,interference_293_150_10,development,regression,correct,down,293.66000142554384,294.0,62.01975157574046,0.149579244049,327.380081602,114.367357587,65.1428453433,97.3267649082,6.6228800079265895,147.0,50.01975157574046,0.000762806439928,97.3267649082,327.380081602,0.0405751304514,0.0,7.49379990904559,294.0,62.01975157574046,0.149579244049,327.380081602,114.367357587,65.1428453433,97.3267649082,6.6228800079265895,0.8709199011190005,0.249013796449,0.0620078705251,0.480573624372,0.0,0.0192241612822,0.850420773029,146.869247437,independent_low_interferer
S050,14848,0.336689342404,stable_synthetic,interference_293_150_10,development,regression,correct,down,293.66000142554384,294.0,62.01975157574046,0.148484986061,327.378878725,114.362282545,65.1410815694,97.3256993283,6.625041617182525,147.0,50.01975157574046,0.000758388258477,97.3256993283,327.378878725,0.0295871584217,0.0,7.491142160304549,294.0,62.01975157574046,0.148484986061,327.378878725,114.362282545,65.1410815694,97.3256993283,6.625041617182525,0.8661005431220241,0.260331660509,0.0677725672722,0.466002702713,0.0,0.0358636006713,0.851514995098,146.873153687,independent_low_interferer
S050,15872,0.359909297052,stable_synthetic,interference_293_150_10,development,regression,correct,down,293.66000142554384,294.0,62.01975157574046,0.14910043286,327.38635483,114.360315398,65.1393035628,97.3472302354,6.623708767702753,147.0,50.01975157574046,0.000771027409548,97.3472302354,327.38635483,0.0206742266646,0.0,7.489173594289566,294.0,62.01975157574046,0.14910043286,327.38635483,114.360315398,65.1393035628,97.3472302354,6.623708767702753,0.8654648265868135,0.269130706787,0.0724313333631,0.481964856386,0.0,0.138834729791,0.850899577141,146.864852905,independent_low_interferer
S050,16896,0.383129251701,stable_synthetic,interference_293_150_10,development,regression,correct,down,293.66000142554384,294.0,62.01975157574046,0.149822934035,327.400794406,114.364234634,65.1416677404,97.3906291215,6.622113066079037,147.0,50.01975157574046,0.000783116861141,97.3906291215,327.400794406,0.0330433725448,0.0,7.492624025651037,294.0,62.01975157574046,0.149822934035,327.400794406,114.364234634,65.1416677404,97.3906291215,6.622113066079037,0.870510959572,0.245943263173,0.0604880861938,0.482039481401,0.0,0.0954533070326,0.850177049637,146.874130249,independent_low_interferer
S050,17920,0.406349206349,stable_synthetic,interference_293_150_10,development,regression,correct,down,293.66000142554384,294.0,62.01975157574046,0.149702921178,327.38046637,114.369752257,65.1431570433,97.324895358,6.622654888773264,147.0,50.01975157574046,0.00076445205124,97.324895358,327.38046637,0.0457774693692,0.0,7.495024946922464,294.0,62.01975157574046,0.149702921178,327.38046637,114.369752257,65.1431570433,97.324895358,6.622654888773264,0.8723700581492002,0.244603425264,0.0598308332264,0.483691841364,0.0,0.0682024285197,0.850297093391,146.868743896,independent_low_interferer
S050,20992,0.476009070295,stable_synthetic,interference_293_150_10,development,regression,correct,down,293.66000142554384,294.0,62.01975157574046,0.149220849073,327.378528289,114.360498755,65.1397680626,97.322589869,6.62357194012186,147.0,50.01975157574046,0.000759222717005,97.322589869,327.378528289,0.0228071329522,0.0,7.489456591609739,294.0,62.01975157574046,0.149220849073,327.378528289,114.360498755,65.1397680626,97.322589869,6.62357194012186,0.8658846514878791,0.262048780918,0.068669565022,0.440596133471,0.0,0.0979142859578,0.850779175758,146.872039795,independent_low_interferer
S050,22016,0.499229024943,stable_synthetic,interference_293_150_10,development,regression,correct,down,293.66000142554384,294.0,62.01975157574046,0.149295637744,327.387106768,114.361120911,65.1402331238,97.350113395,6.623312994784689,147.0,50.01975157574046,0.000769979347677,97.350113395,327.387106768,0.0252399821791,0.0,7.490321975674729,294.0,62.01975157574046,0.149295637744,327.387106768,114.361120911,65.1402331238,97.350113395,6.623312994784689,0.8670089808900405,0.268061548471,0.0718569904566,0.468481898308,0.0,0.12558105588,0.850704371929,146.865097046,independent_low_interferer
S050,25600,0.580498866213,stable_synthetic,interference_293_150_10,development,regression,correct,down,293.66000142554384,294.0,62.01975157574046,0.149414099506,327.378013638,114.365379839,65.1422716274,97.3212243189,6.623221434606412,147.0,50.01975157574046,0.000758186072721,97.3212243189,327.378013638,0.0363807421679,0.0,7.49273990513648,294.0,62.01975157574046,0.149414099506,327.378013638,114.365379839,65.1422716274,97.3212243189,6.623221434606412,0.8695184705300676,0.256101280451,0.0655878707767,0.481603980064,0.0,0.0968613773584,0.850585877895,146.86895752,independent_low_interferer
S050,28672,0.650158730159,stable_synthetic,interference_293_150_10,development,regression,correct,down,293.66000142554384,294.0,62.01975157574046,0.148670542395,327.377479605,114.364068595,65.1419087048,97.3209571222,6.624701226557781,147.0,50.01975157574046,0.0007548902059,97.3209571222,327.377479605,0.0342094335329,0.0,7.492218644750708,294.0,62.01975157574046,0.148670542395,327.377479605,114.364068595,65.1419087048,97.3209571222,6.624701226557781,0.8675174181929268,0.259947150946,0.0675725266337,0.463464021683,0.0,0.0472587384284,0.851329445839,146.871322632,independent_low_interferer
S050,29696,0.673378684807,stable_synthetic,interference_293_150_10,development,regression,correct,down,293.66000142554384,294.0,62.01975157574046,0.149494507088,327.389082846,114.360688593,65.13940679,97.3550742345,6.622891056738483,147.0,50.01975157574046,0.00077317945796,97.3550742345,327.389082846,0.0209938653569,0.0,7.489331477683295,294.0,62.01975157574046,0.149494507088,327.389082846,114.360688593,65.13940679,97.3550742345,6.622891056738483,0.8664404209448113,0.269229412079,0.0724844709039,0.480996519327,0.0,0.127205222845,0.85050547123,146.865219116,independent_low_interferer
S050,30720,0.696598639456,stable_synthetic,interference_293_150_10,development,regression,correct,down,293.66000142554384,294.0,62.01975157574046,0.149851280478,327.399493336,114.362891889,65.1408802781,97.3872720591,6.6220606754449705,147.0,50.01975157574046,0.000783830295725,97.3872720591,327.399493336,0.02844002848,0.0,7.491469983162467,294.0,62.01975157574046,0.149851280478,327.399493336,114.362891889,65.1408802781,97.3872720591,6.6220606754449705,0.8694093077174969,0.245917633176,0.0604754835367,0.482753008604,0.0,0.0930297002196,0.850148737431,146.874588013,independent_low_interferer
S050,31744,0.719818594104,stable_synthetic,interference_293_150_10,development,regression,correct,down,293.66000142554384,294.0,62.01975157574046,0.149362460817,327.37831389,114.368414163,65.1430511778,97.3206695651,6.623344544700326,147.0,50.01975157574046,0.000762187618029,97.3206695651,327.37831389,0.0428729679802,0.0,7.494287913368444,294.0,62.01975157574046,0.149362460817,327.37831389,114.368414163,65.1430511778,97.3206695651,6.623344544700326,0.8709433686681178,0.248913854361,0.061958104372,0.483186751604,0.0,0.0469710603356,0.850637555122,146.867355347,independent_low_interferer
S050,34816,0.78947845805,stable_synthetic,interference_293_150_10,development,regression,correct,down,293.66000142554384,294.0,62.01975157574046,0.148799645165,327.376981531,114.361442196,65.140537522,97.3189286634,6.624435253842595,147.0,50.01975157574046,0.000757602883359,97.3189286634,327.376981531,0.0266645230004,0.0,7.490361309258638,294.0,62.01975157574046,0.148799645165,327.376981531,114.361442196,65.140537522,97.3189286634,6.624435253842595,0.8659260554160433,0.263455659151,0.069408878684,0.437008798122,0.0,0.0617918483913,0.851200342178,146.871658325,independent_low_interferer
S050,35840,0.812698412698,stable_synthetic,interference_293_150_10,development,regression,correct,down,293.66000142554384,294.0,62.01975157574046,0.149333935785,327.389880499,114.36052252,65.1395369337,97.3584153893,6.623197415579763,147.0,50.01975157574046,0.000776314461654,97.3584153893,327.389880499,0.0218881028236,0.0,7.489579258590315,294.0,62.01975157574046,0.149333935785,327.389880499,114.36052252,65.1395369337,97.3584153893,6.623197415579763,0.8663818430105525,0.267187982798,0.0713894218206,0.466100275517,0.0,0.122405171394,0.850666046143,146.865402222,independent_low_interferer
S054,11264,0.255419501134,stable_synthetic,interference_293_180_20,development,improvement,other,correct,293.66000142554384,97.3509933775,42.88516898113915,0.102229902155,0.116535211269,50.4516988961,322.875986999,0.0,3.321182437297804,292.052980132,61.90471898976339,0.405117139819,322.875986999,108.224470722,57.4781937614,1.10269952579,7.962381449541003,292.052980132,61.90471898976339,0.405117139819,322.875986999,108.224470722,57.4781937614,1.10269952579,7.962381449541003,4.641199012243199,0.288209676743,0.0830648094416,0.583895564079,0.0,0.131858944893,0.897770106792,97.3971405029,independent_low_interferer
S054,11776,0.267029478458,stable_synthetic,interference_293_180_20,development,improvement,other,correct,293.66000142554384,97.3509933775,42.88516898113915,0.106099035413,0.138724578883,50.3225772109,322.969366569,0.0,3.331938394206353,292.052980132,61.90471898976339,0.417806862165,322.969366569,108.222630645,57.4779898002,1.0499696441,7.94997949799003,292.052980132,61.90471898976339,0.417806862165,322.969366569,108.222630645,57.4779898002,1.0499696441,7.94997949799003,4.618041103783677,0.256052821875,0.0655630528927,0.50310665369,0.0,0.104735098779,0.893900990486,97.3660507202,independent_low_interferer
S054,12288,0.278639455782,stable_synthetic,interference_293_180_20,development,improvement,other,correct,293.66000142554384,97.3509933775,42.88516898113915,0.103531806244,0.124418578605,50.3808183106,322.928160045,0.0,3.324965370387195,292.052980132,61.90471898976339,0.412458204208,322.928160045,108.222071996,57.4782533535,1.07379810195,7.954769796180864,292.052980132,61.90471898976339,0.412458204208,322.928160045,108.222071996,57.4782533535,1.07379810195,7.954769796180864,4.629804425793669,0.303974628448,0.092400573194,0.578448355198,0.0,0.121752440929,0.896468222141,97.4226455688,independent_low_interferer
S054,12800,0.290249433107,stable_synthetic,interference_293_180_20,development,improvement,other,correct,293.66000142554384,97.3509933775,42.88516898113915,0.100461488467,0.113913338056,50.4599331676,322.871009633,0.0,3.322444451648624,290.131578947,61.79044570034602,0.407852873281,305.502751894,86.2206712396,33.5989887752,1.48785824869,7.573986680626047,290.131578947,61.79044570034602,0.407852873281,305.502751894,86.2206712396,33.5989887752,1.48785824869,7.573986680626047,4.2515422289774225,0.28585973382,0.0817157924175,0.545296669006,0.0,0.0755968913436,0.899538516998,97.4106521606,independent_low_interferer
S054,13312,0.301859410431,stable_synthetic,interference_293_180_20,development,improvement,other,correct,293.66000142554384,97.3509933775,42.88516898113915,0.10488480229,0.129459040989,50.3377289512,322.959680613,0.0,3.3263369246040453,292.052980132,61.90471898976339,0.418835359744,322.959680613,108.223262639,57.4785106915,1.05650435828,7.946306403292932,292.052980132,61.90471898976339,0.418835359744,322.959680613,108.223262639,57.4785106915,1.05650435828,7.946306403292932,4.619969478688887,0.260604679585,0.0679147988558,0.582098305225,0.0,0.179033815861,0.895115196705,97.3611755371,independent_low_interferer
S054,13824,0.313469387755,stable_synthetic,interference_293_180_20,development,improvement,other,correct,293.66000142554384,97.3509933775,42.88516898113915,0.104451661227,0.132293794886,50.3595505365,322.943408262,0.0,3.3299098224948267,292.052980132,61.90471898976339,0.415055478995,322.943408262,108.222485264,57.4779124082,1.06663653937,7.951352418792464,292.052980132,61.90471898976339,0.415055478995,322.943408262,108.222485264,57.4779124082,1.06663653937,7.951352418792464,4.621442596297637,0.292783498764,0.0857221782207,0.577795863152,0.0,0.0861172527075,0.895548343658,97.4518508911,independent_low_interferer
S054,14336,0.325079365079,stable_synthetic,interference_293_180_20,development,improvement,other,correct,293.66000142554384,97.3509933775,42.88516898113915,0.101541904838,0.114707356434,50.4642756149,322.866451764,0.0,3.321034856208475,292.052980132,61.90471898976339,0.402446237928,322.866451764,108.223180089,57.4785926586,1.10750991,7.966547056264887,292.052980132,61.90471898976339,0.402446237928,322.866451764,108.223180089,57.4785926586,1.10750991,7.966547056264887,4.645512200056412,0.296134769917,0.0876958072186,0.583709418774,0.0,0.161607965827,0.898458123207,97.4029693604,independent_low_interferer
S054,14848,0.336689342404,stable_synthetic,interference_293_180_20,development,improvement,other,correct,293.66000142554384,97.3509933775,42.88516898113915,0.10506624958,0.13476355639,50.349901355,322.947235351,0.0,3.3307684795495422,292.052980132,61.90471898976339,0.415835524686,322.947235351,108.224000128,57.4785779773,1.06283150531,7.950735356189341,292.052980132,61.90471898976339,0.415835524686,322.947235351,108.224000128,57.4785779773,1.06283150531,7.950735356189341,4.619966876639799,0.264861106873,0.0701514035463,0.564969539642,0.0,0.11656294018,0.894933760166,97.3521575928,independent_low_interferer
S054,15360,0.348299319728,stable_synthetic,interference_293_180_20,development,improvement,other,correct,293.66000142554384,97.3509933775,42.88516898113915,0.104724966333,0.128847439705,50.3445502825,322.957819148,0.0,3.326179945488874,292.052980132,61.90471898976339,0.419460976841,322.957819148,108.223326253,57.4773333935,1.05910720081,7.944412249610366,292.052980132,61.90471898976339,0.419460976841,322.957819148,108.223326253,57.4773333935,1.05910720081,7.944412249610366,4.618232304121491,0.277773529291,0.0771581307054,0.572852492332,0.0,0.113552026451,0.895275056362,97.4231262207,independent_low_interferer
S054,15872,0.359909297052,stable_synthetic,interference_293_180_20,development,improvement,other,correct,293.66000142554384,97.3509933775,42.88516898113915,0.0994569839397,0.112975598731,50.4634205279,322.866077697,0.0,3.3236413399222107,290.131578947,61.79044570034602,0.404662562335,305.498422743,86.2291620796,33.6027809645,1.48835793845,7.580328834079083,290.131578947,61.79044570034602,0.404662562335,305.498422743,86.2291620796,33.6027809645,1.48835793845,7.580328834079083,4.256687494156872,0.308951556683,0.0954510569572,0.583541631699,0.0,0.126016721129,0.900543034077,97.4217376709,independent_low_interferer
S054,16384,0.371519274376,stable_synthetic,interference_293_180_20,development,improvement,other,correct,293.66000142554384,97.3509933775,42.88516898113915,0.104087826168,0.125773576939,50.3714802919,322.937159869,0.0,3.3249737376191533,292.052980132,61.90471898976339,0.416109653672,322.937159869,108.224188576,57.4773113085,1.07038523071,7.948323875214325,292.052980132,61.90471898976339,0.416109653672,322.937159869,108.224188576,57.4773113085,1.07038523071,7.948323875214325,4.623350137595172,0.260247319937,0.0677286684513,0.504547476768,0.0,0.139864400029,0.89591217041,97.3508377075,independent_low_interferer
S054,16896,0.383129251701,stable_synthetic,interference_293_180_20,development,improvement,other,correct,293.66000142554384,97.3509933775,42.88516898113915,0.106075532052,0.138456867963,50.3264970522,322.96458965,0.0,3.331784776669783,292.052980132,61.90471898976339,0.417771262257,322.96458965,108.22397747,57.4783891602,1.05227245384,7.94948247150165,292.052980132,61.90471898976339,0.417771262257,322.96458965,108.22397747,57.4783891602,1.05227245384,7.94948247150165,4.617697694831866,0.278504818678,0.0775649398565,0.57804787159,0.0,0.0778893008828,0.893924474716,97.4089202881,independent_low_interferer
S054,17408,0.394739229025,stable_synthetic,interference_293_180_20,development,improvement,other,correct,293.66000142554384,97.3509933775,42.88516898113915,0.101463852291,0.115441061017,50.4570520429,322.871779733,0.0,3.3217828759233323,292.052980132,61.90471898976339,0.402492352676,322.871779733,108.222199564,57.4785902284,1.10444387163,7.967194716177167,292.052980132,61.90471898976339,0.402492352676,322.871779733,108.222199564,57.4785902284,1.10444387163,7.967194716177167,4.645411840253834,0.306832313538,0.0941460728645,0.55682861805,0.0,0.14446502924,0.898536145687,97.4337844849,independent_low_interferer
S054,17920,0.406349206349,stable_synthetic,interference_293_180_20,development,improvement,other,correct,293.66000142554384,97.3509933775,42.88516898113915,0.103336663811,0.12721269007,50.3895780576,322.921961831,0.0,3.327917964210653,292.052980132,61.90471898976339,0.412855867303,322.921961831,108.222886147,57.4777604636,1.07993185327,7.9524802689280625,292.052980132,61.90471898976339,0.412855867303,322.921961831,108.222886147,57.4777604636,1.07993185327,7.9524802689280625,4.62456230471741,0.262563675642,0.068939678371,0.582336008549,0.0,0.103313282132,0.896663308144,97.3516464233,independent_low_interferer
S054,18432,0.417959183673,stable_synthetic,interference_293_180_20,development,improvement,other,correct,293.66000142554384,97.5663716814,42.92342831270595,0.105360506388,0.13661135679,45.4411659445,325.972856938,0.0,3.28389275073103,292.052980132,61.90471898976339,0.421332107923,322.972625212,108.22396591,57.4787439423,1.04926061384,7.943121368167475,292.052980132,61.90471898976339,0.421332107923,322.972625212,108.22396591,57.4787439423,1.04926061384,7.943121368167475,4.659228617436445,0.281089842319,0.0790114998817,0.57733720541,0.0,0.171278491616,0.894639492035,97.3902816772,independent_low_interferer
S054,18944,0.429569160998,stable_synthetic,interference_293_180_20,development,improvement,other,correct,293.66000142554384,97.3509933775,42.88516898113915,0.101001399577,0.11666529372,50.4450256391,322.881859108,0.0,3.323695619841647,290.131578947,61.79044570034602,0.408963936061,305.51055118,86.2207190735,33.5990194533,1.48303064452,7.572761672215014,290.131578947,61.79044570034602,0.408963936061,305.51055118,86.2207190735,33.5990194533,1.48303064452,7.572761672215014,4.249066052373367,0.298833101988,0.0893012285233,0.583825528622,0.0,0.133812129498,0.898998618126,97.4691085815,independent_low_interferer
S054,19456,0.441179138322,stable_synthetic,interference_293_180_20,development,improvement,other,correct,293.66000142554384,97.3509933775,42.88516898113915,0.102435609992,0.120588766981,50.4111366163,322.905933646,0.0,3.324023705689709,292.052980132,61.90471898976339,0.408294301108,322.905933646,108.221612951,57.4782896671,1.08609900274,7.9600700095615045,292.052980132,61.90471898976339,0.408294301108,322.905933646,108.221612951,57.4782896671,1.08609900274,7.9600700095615045,4.636046303871796,0.274396955967,0.0752936825156,0.564201831818,0.0,0.104154795408,0.897564411163,97.3674468994,independent_low_interferer
S054,19968,0.452789115646,stable_synthetic,interference_293_180_20,development,improvement,other,correct,293.66000142554384,97.3509933775,42.88516898113915,0.106629140793,0.140690186338,50.3114125332,322.976628622,0.0,3.3324996660473043,292.052980132,61.90471898976339,0.418744340684,322.976628622,108.223082865,57.4781021971,1.04504955938,7.949330988077947,292.052980132,61.90471898976339,0.418744340684,322.976628622,108.223082865,57.4781021971,1.04504955938,7.949330988077947,4.616831322030643,0.270863324404,0.0733669325709,0.573636770248,0.0,0.0899465307593,0.893370866776,97.3806686401,independent_low_interferer
S054,20480,0.464399092971,stable_synthetic,interference_293_180_20,development,improvement,other,correct,293.66000142554384,97.3509933775,42.88516898113915,0.102919434796,0.119395908015,50.4303959413,322.89223759,0.0,3.32216769667052,292.052980132,61.90471898976339,0.408188651847,322.89223759,108.22487896,57.4777196925,1.09414296926,7.958327252614882,292.052980132,61.90471898976339,0.408188651847,322.89223759,108.22487896,57.4777196925,1.09414296926,7.958327252614882,4.636159555944362,0.295194029808,0.0871395096183,0.583662033081,0.0,0.136414527893,0.897080540657,97.4322814941,independent_low_interferer
S054,20992,0.476009070295,stable_synthetic,interference_293_180_20,development,improvement,other,correct,293.66000142554384,97.3509933775,42.88516898113915,0.10139035379,0.1207185162,50.4268901219,322.891937426,0.0,3.3263723826719405,290.131578947,61.79044570034602,0.408655158645,305.517049143,86.2291137035,33.6024148204,1.47698288944,7.574692382448513,290.131578947,61.79044570034602,0.408655158645,305.517049143,86.2291137035,33.6024148204,1.47698288944,7.574692382448513,4.248319999776572,0.287663191557,0.0827501118183,0.582045555115,0.0,0.0798566862941,0.898609638214,97.3787307739,independent_low_interferer
S054,21504,0.487619047619,stable_synthetic,interference_293_180_20,development,improvement,other,correct,293.66000142554384,97.3509933775,42.88516898113915,0.105327667111,0.131800717061,50.3151278498,322.980345986,0.0,3.327318097698429,292.052980132,61.90471898976339,0.423381626203,322.980345986,108.222271295,57.4775446697,1.04683988623,7.939624261810541,292.052980132,61.90471898976339,0.423381626203,322.980345986,108.222271295,57.4775446697,1.04683988623,7.939624261810541,4.612306164112112,0.259103268385,0.0671344995499,0.577365994453,0.0,0.138696864247,0.894672334194,97.3772888184,independent_low_interferer
S054,22016,0.499229024943,stable_synthetic,interference_293_180_20,development,improvement,other,correct,293.66000142554384,97.3509933775,42.88516898113915,0.101983354252,0.123135515222,50.4122470346,322.902426359,0.0,3.3272064183994674,290.131578947,61.79044570034602,0.410518600663,305.524626808,86.2287722271,33.6020121341,1.47264206089,7.571862354925063,290.131578947,61.79044570034602,0.410518600663,305.524626808,86.2287722271,33.6020121341,1.47264206089,7.571862354925063,4.244655936525596,0.305697530508,0.0934509858489,0.557788968086,0.0,0.154693543911,0.898016631603,97.43724823,independent_low_interferer
S054,22528,0.510839002268,stable_synthetic,interference_293_180_20,development,improvement,other,correct,293.66000142554384,97.3509933775,42.88516898113915,0.102418695833,0.117465878396,50.4426025177,322.882839872,0.0,3.321554918724325,292.052980132,61.90471898976339,0.406556564017,322.882839872,108.224661741,57.4780924717,1.0992242731,7.960351263742669,292.052980132,61.90471898976339,0.406556564017,322.882839872,108.224661741,57.4780924717,1.0992242731,7.960351263742669,4.638796345018344,0.282728731632,0.079935528338,0.58243650198,0.0,0.128625661135,0.897581279278,97.3888778687,independent_low_interferer
S054,23040,0.522448979592,stable_synthetic,interference_293_180_20,development,improvement,other,correct,293.66000142554384,97.3509933775,42.88516898113915,0.106479029766,0.139934604309,50.3157800649,322.974097547,0.0,3.3321778825165977,292.052980132,61.90471898976339,0.418368214974,322.974097547,108.222818823,57.4779845113,1.04686423313,7.949630237064601,292.052980132,61.90471898976339,0.418368214974,322.974097547,108.222818823,57.4779845113,1.04686423313,7.949630237064601,4.6174523545480035,0.257684499025,0.0664013028145,0.483664214611,0.0,0.0995466560125,0.893520951271,97.372467041,independent_low_interferer
S054,23552,0.534058956916,stable_synthetic,interference_293_180_20,development,improvement,other,correct,293.66000142554384,97.3509933775,42.88516898113915,0.103214078751,0.122953962061,50.3954453113,322.917314076,0.0,3.324431369816042,292.052980132,61.90471898976339,0.410174433499,322.917314076,108.221851272,57.4782412078,1.07953845112,7.957920685689135,292.052980132,61.90471898976339,0.410174433499,322.917314076,108.221851272,57.4782412078,1.07953845112,7.957920685689135,4.633489315873094,0.306096524,0.093695089221,0.58369910717,0.0,0.126122102141,0.896785914898,97.4276733398,independent_low_interferer
S054,24064,0.54566893424,stable_synthetic,interference_293_180_20,development,improvement,other,correct,293.66000142554384,97.3509933775,42.88516898113915,0.100765987248,0.11524226859,50.4539551071,322.875353197,0.0,3.322973036492433,290.131578947,61.79044570034602,0.408207424903,305.505881125,86.2206270651,33.5989973174,1.48583912199,7.573693556219938,290.131578947,61.79044570034602,0.408207424903,305.505881125,86.2206270651,33.5989973174,1.48583912199,7.573693556219938,4.250720519727505,0.282933443785,0.0800513252616,0.563430249691,0.0,0.0669955834746,0.899233996868,97.3993682861,independent_low_interferer
S054,24576,0.557278911565,stable_synthetic,interference_293_180_20,development,improvement,other,correct,293.66000142554384,97.5663716814,42.92342831270595,0.105104646304,0.135500314971,45.447815584,325.966937973,0.0,3.2834935504575338,292.052980132,61.90471898976339,0.420390521414,322.96683453,108.223536807,57.4785824377,1.05263171327,7.944162172024235,292.052980132,61.90471898976339,0.420390521414,322.96683453,108.223536807,57.4785824377,1.05263171327,7.944162172024235,4.6606686215667015,0.260432928801,0.0678253099322,0.574144244194,0.0,0.181133270264,0.894895374775,97.3636779785,independent_low_interferer
S054,25088,0.568888888889,stable_synthetic,interference_293_180_20,development,improvement,other,correct,293.66000142554384,97.3509933775,42.88516898113915,0.103728634616,0.129503139156,50.3739766095,322.933088516,0.0,3.3290206876228137,292.052980132,61.90471898976339,0.41414048873,322.933088516,108.222580322,57.4779061146,1.07323240039,7.9515576955036416,292.052980132,61.90471898976339,0.41414048873,322.933088516,108.222580322,57.4779061146,1.07323240039,7.9515576955036416,4.622537007880828,0.296943336725,0.0881753414869,0.583498001099,0.0,0.0973729863763,0.896271348,97.4597167969,independent_low_interferer
S054,25600,0.580498866213,stable_synthetic,interference_293_180_20,development,improvement,other,correct,293.66000142554384,97.3509933775,42.88516898113915,0.101451007137,0.114800719151,50.4622269605,322.868046038,0.0,3.321281730066645,292.052980132,61.90471898976339,0.402573231764,322.868046038,108.222850358,57.4786038161,1.10671356086,7.966485496464386,292.052980132,61.90471898976339,0.402573231764,322.868046038,108.222850358,57.4786038161,1.10671356086,7.966485496464386,4.64520376639774,0.292776495218,0.0857180729508,0.582519173622,0.0,0.149470999837,0.89854902029,97.3964233398,independent_low_interferer
S054,26112,0.592108843537,stable_synthetic,interference_293_180_20,development,improvement,other,correct,293.66000142554384,97.3509933775,42.88516898113915,0.105703834291,0.137025092947,50.3374289159,322.95626266,0.0,3.331369791419305,292.052980132,61.90471898976339,0.41677441544,322.95626266,108.224002587,57.4785278132,1.05708493907,7.950280064521024,292.052980132,61.90471898976339,0.41677441544,322.95626266,108.224002587,57.4785278132,1.05708493907,7.950280064521024,4.6189102731017195,0.263750165701,0.0695641562343,0.577055692673,0.0,0.121315293014,0.894296169281,97.3509521484,independent_low_interferer
S054,26624,0.603718820862,stable_synthetic,interference_293_180_20,development,improvement,other,correct,293.66000142554384,97.3509933775,42.88516898113915,0.104568553551,0.127830126657,50.3567987249,322.948461871,0.0,3.325703210066007,292.052980132,61.90471898976339,0.417700146177,322.948461871,108.22362743,57.4772902185,1.06404838309,7.946707821629483,292.052980132,61.90471898976339,0.417700146177,322.948461871,108.22362743,57.4772902185,1.06404838309,7.946707821629483,4.6210046115634755,0.280914217234,0.0789128020406,0.558820128441,0.0,0.114196591079,0.89543145895,97.428527832,independent_low_interferer
S054,27136,0.615328798186,stable_synthetic,interference_293_180_20,development,improvement,other,correct,293.66000142554384,97.3509933775,42.88516898113915,0.0993949135096,0.112662233652,50.4650108043,322.864956802,0.0,3.3234984700940013,290.131578947,61.79044570034602,0.404433021636,305.497620765,86.2291611458,33.6027972812,1.48880391896,7.580695806039297,290.131578947,61.79044570034602,0.404433021636,305.497620765,86.2291611458,33.6027972812,1.48880391896,7.580695806039297,4.257197335945296,0.307602643967,0.0946193933487,0.582850396633,0.0,0.118783004582,0.900605082512,97.4151535034,independent_low_interferer
S054,27648,0.62693877551,stable_synthetic,interference_293_180_20,development,improvement,other,correct,293.66000142554384,97.3509933775,42.88516898113915,0.104280492812,0.127041713549,50.3579070638,322.947482652,0.0,3.325590068794653,292.052980132,61.90471898976339,0.417998866063,322.947482652,108.223907483,57.4773179444,1.06493307515,7.945894495641218,292.052980132,61.90471898976339,0.417998866063,322.947482652,108.223907483,57.4773179444,1.06493307515,7.945894495641218,4.620304426846564,0.257669478655,0.0663935542107,0.482066243887,0.0,0.149887517095,0.895719528198,97.3496704102,independent_low_interferer
S054,28160,0.638548752834,stable_synthetic,interference_293_180_20,development,improvement,other,correct,293.66000142554384,97.3509933775,42.88516898113915,0.105528140661,0.136484735521,50.336948891,322.956996629,0.0,3.3312417190042978,292.052980132,61.90471898976339,0.417077988879,322.956996629,108.224075053,57.4784504387,1.05716681008,7.949655284863736,292.052980132,61.90471898976339,0.417077988879,322.956996629,108.224075053,57.4784504387,1.05716681008,7.949655284863736,4.618413565859438,0.284047573805,0.0806830301881,0.583393156528,0.0,0.0801777616143,0.894471883774,97.4159469604,independent_low_interferer
S054,28672,0.650158730159,stable_synthetic,interference_293_180_20,development,improvement,other,correct,293.66000142554384,97.3509933775,42.88516898113915,0.101426902736,0.114912160545,50.4620662754,322.867973607,0.0,3.3214282820696175,292.052980132,61.90471898976339,0.402006671735,322.867973607,108.222480248,57.4786273757,1.10650023986,7.967667430727122,292.052980132,61.90471898976339,0.402006671735,322.867973607,108.222480248,57.4786273757,1.10650023986,7.967667430727122,4.6462391486575045,0.30375662446,0.0922680795193,0.562394142151,0.0,0.138287961483,0.898573100567,97.43019104,independent_low_interferer
S054,29184,0.661768707483,stable_synthetic,interference_293_180_20,development,improvement,other,correct,293.66000142554384,97.3509933775,42.88516898113915,0.104062942002,0.13006176272,50.3746857604,322.932699821,0.0,3.328853127010432,292.052980132,61.90471898976339,0.413791578984,322.932699821,108.222699887,57.4777906462,1.07313258788,7.952278441067191,292.052980132,61.90471898976339,0.413791578984,322.932699821,108.222699887,57.4777906462,1.07313258788,7.952278441067191,4.623425314056759,0.259965837002,0.0675822421908,0.574716210365,0.0,0.11566516012,0.895937085152,97.3508453369,independent_low_interferer
S054,29696,0.673378684807,stable_synthetic,interference_293_180_20,development,improvement,other,correct,293.66000142554384,97.5663716814,42.92342831270595,0.105294667103,0.136050754388,45.447052528,325.967423314,0.0,3.2835903032742704,292.052980132,61.90471898976339,0.420116976081,322.967307019,108.223770026,57.4786900497,1.05207570672,7.9448477046382155,292.052980132,61.90471898976339,0.420116976081,322.967307019,108.223770026,57.4786900497,1.05207570672,7.9448477046382155,4.661257401363946,0.285114258528,0.081290140748,0.583185553551,0.0,0.159958437085,0.894705355167,97.3967437744,independent_low_interferer
S054,30208,0.684988662132,stable_synthetic,interference_293_180_20,development,improvement,other,correct,293.66000142554384,97.3509933775,42.88516898113915,0.100625112334,0.114889888065,50.4536484959,322.875589046,0.0,3.322935971272394,290.131578947,61.79044570034602,0.408369392468,305.50604644,86.2207593168,33.5990096649,1.48584982865,7.573368854280179,290.131578947,61.79044570034602,0.408369392468,305.50604644,86.2207593168,33.5990096649,1.48584982865,7.573368854280179,4.250432883007786,0.298738718033,0.0892448276281,0.58267724514,0.0,0.130701556802,0.899374902248,97.4633026123,independent_low_interferer
S054,30720,0.696598639456,stable_synthetic,interference_293_180_20,development,improvement,other,correct,293.66000142554384,97.3509933775,42.88516898113915,0.1027166571,0.122060256332,50.3968060396,322.916572881,0.0,3.324642709347641,292.052980132,61.90471898976339,0.41047875413,322.916572881,108.221721146,57.4782591459,1.08051152888,7.957075327075503,292.052980132,61.90471898976339,0.41047875413,322.916572881,108.221721146,57.4782591459,1.08051152888,7.957075327075503,4.632432617727862,0.26947632432,0.0726174861193,0.5765427351,0.0,0.114410683513,0.897283315659,97.3638381958,independent_low_interferer
S054,31232,0.70820861678,stable_synthetic,interference_293_180_20,development,improvement,other,correct,293.66000142554384,97.3509933775,42.88516898113915,0.106331541306,0.139814232703,50.315390069,322.974010125,0.0,3.3323633912396966,292.052980132,61.90471898976339,0.41845281435,322.974010125,108.222846862,57.4780915063,1.04687902087,7.949457741963856,292.052980132,61.90471898976339,0.41845281435,322.974010125,108.222846862,57.4780915063,1.04687902087,7.949457741963856,4.61709435072416,0.275910824537,0.0761267840862,0.559586584568,0.0,0.0793701708317,0.893668472767,97.3907318115,independent_low_interferer
S054,31744,0.719818594104,stable_synthetic,interference_293_180_20,development,improvement,other,correct,293.66000142554384,97.3509933775,42.88516898113915,0.102690922155,0.118220966478,50.4415964778,322.883765024,0.0,3.3216768882910004,292.052980132,61.90471898976339,0.406594531334,322.883765024,108.22481519,57.4778199187,1.09855992364,7.960435984734378,292.052980132,61.90471898976339,0.406594531334,322.883765024,108.22481519,57.4778199187,1.09855992364,7.960435984734378,4.638759096443378,0.29515260458,0.0871150642633,0.582971096039,0.0,0.138824373484,0.897309064865,97.4281768799,independent_low_interferer
S054,32256,0.731428571429,stable_synthetic,interference_293_180_20,development,improvement,other,correct,293.66000142554384,97.3509933775,42.88516898113915,0.102169401771,0.123655329621,50.4130974606,322.901730557,0.0,3.327304774123604,290.131578947,61.79044570034602,0.409937781028,305.524109752,86.2291462597,33.6023460497,1.47250496136,7.57305458791893,290.131578947,61.79044570034602,0.409937781028,305.524109752,86.2291462597,33.6023460497,1.47250496136,7.57305458791893,4.245749813795326,0.283662945032,0.0804646685719,0.57455688715,0.0,0.0844028219581,0.897830605507,97.3719787598,independent_low_interferer
S054,32768,0.743038548753,stable_synthetic,interference_293_180_20,development,improvement,other,correct,293.66000142554384,97.3509933775,42.88516898113915,0.10537338729,0.131959591647,50.3149776797,322.980424572,0.0,3.3273656181994054,292.052980132,61.90471898976339,0.423314379664,322.980424572,108.222241198,57.4775537296,1.04672771203,7.939786300958556,292.052980132,61.90471898976339,0.423314379664,322.980424572,108.222241198,57.4775537296,1.04672771203,7.939786300958556,4.612420682759151,0.261537969112,0.0684021115303,0.58345001936,0.0,0.132131025195,0.894626617432,97.3856811523,independent_low_interferer
S054,33280,0.754648526077,stable_synthetic,interference_293_180_20,development,improvement,other,correct,293.66000142554384,97.3509933775,42.88516898113915,0.10125117392,0.120207011595,50.4261182455,322.892578407,0.0,3.3261872205794423,290.131578947,61.79044570034602,0.409193911472,305.517537767,86.2287727171,33.6020997267,1.47705933173,7.573596809535214,290.131578947,61.79044570034602,0.409193911472,305.517537767,86.2287727171,33.6020997267,1.47705933173,7.573596809535214,4.247409588955772,0.308804929256,0.0953604802489,0.561675012112,0.0,0.162771567702,0.89874881506,97.4371871948,independent_low_interferer
S054,33792,0.766258503401,stable_synthetic,interference_293_180_20,development,improvement,other,correct,293.66000142554384,97.3509933775,42.88516898113915,0.1026062549,0.118554165373,50.4315244596,322.891201355,0.0,3.322051983448186,292.052980132,61.90471898976339,0.408279297754,322.891201355,108.22478817,57.47798639,1.09499557508,7.9579399583058334,292.052980132,61.90471898976339,0.408279297754,322.891201355,108.22478817,57.47798639,1.09499557508,7.9579399583058334,4.635887974857647,0.277332931757,0.0769135504961,0.575392842293,0.0,0.127908214927,0.897393763065,97.3809432983,independent_low_interferer
S054,34304,0.777868480726,stable_synthetic,interference_293_180_20,development,improvement,other,correct,293.66000142554384,97.3509933775,42.88516898113915,0.106693672568,0.140549666347,50.31174448,322.976864441,0.0,3.3322508229316403,292.052980132,61.90471898976339,0.418811461651,322.976864441,108.223041835,57.4779871777,1.04508137251,7.949189016463134,292.052980132,61.90471898976339,0.418811461651,322.976864441,108.223041835,57.4779871777,1.04508137251,7.949189016463134,4.616938193531493,0.260217040777,0.0677129104733,0.512417078018,0.0,0.0923110246658,0.893306314945,97.3796463013,independent_low_interferer
S054,34816,0.78947845805,stable_synthetic,interference_293_180_20,development,improvement,other,correct,293.66000142554384,97.3509933775,42.88516898113915,0.102896418841,0.121500174467,50.4098252117,322.906620793,0.0,3.323902862654021,292.052980132,61.90471898976339,0.407991170363,322.906620793,108.221682757,57.4782464098,1.0852052188,7.960892796785407,292.052980132,61.90471898976339,0.407991170363,322.906620793,108.221682757,57.4782464098,1.0852052188,7.960892796785407,4.636989934131385,0.307498991489,0.0945556387305,0.583207368851,0.0,0.129567936063,0.897103607655,97.4317855835,independent_low_interferer
S054,35328,0.801088435374,stable_synthetic,interference_293_180_20,development,improvement,other,correct,293.66000142554384,97.3509933775,42.88516898113915,0.101215216085,0.117132692469,50.4454422228,322.881534809,0.0,3.323690264295021,290.131578947,61.79044570034602,0.408697882064,305.510338426,86.2205634743,33.5990087417,1.48293505377,7.573311365884568,290.131578947,61.79044570034602,0.408697882064,305.510338426,86.2205634743,33.5990087417,1.48293505377,7.573311365884568,4.249621101589547,0.279624074697,0.0781896263361,0.575830459595,0.0,0.0609605535865,0.89878475666,97.3885955811,independent_low_interferer
S054,35840,0.812698412698,stable_synthetic,interference_293_180_20,development,improvement,other,correct,293.66000142554384,97.5663716814,42.92342831270595,0.105255744546,0.136370792809,45.4416525914,325.972497603,0.0,3.283895566469296,292.052980132,61.90471898976339,0.421527428322,322.972270542,108.223773913,57.4786511012,1.04962062206,7.942640525950002,292.052980132,61.90471898976339,0.421527428322,322.972270542,108.223773913,57.4786511012,1.04962062206,7.942640525950002,4.658744959480705,0.261314302683,0.0682851597667,0.560598731041,0.0,0.18076236546,0.894744277,97.3672332764,independent_low_interferer
S054,36352,0.824308390023,stable_synthetic,interference_293_180_20,development,improvement,other,correct,293.66000142554384,97.3509933775,42.88516898113915,0.103000685681,0.126553909246,50.3889103128,322.922384196,0.0,3.3279991451984494,290.131578947,61.79044570034602,0.413167419744,305.539655554,86.2214288917,33.5991167818,1.46478602697,7.568141851046294,290.131578947,61.79044570034602,0.413167419744,305.539655554,86.2214288917,33.5991167818,1.46478602697,7.568141851046294,4.240142705847845,0.300554454327,0.0903329774737,0.583126425743,0.0,0.108251027763,0.896999299526,97.4656219482,independent_low_interferer
S054,36864,0.835918367347,stable_synthetic,interference_293_180_20,development,improvement,other,correct,293.66000142554384,97.3509933775,42.88516898113915,0.101383278678,0.11512760879,50.457460293,322.871681135,0.0,3.3216668625213384,292.052980132,61.90471898976339,0.403146082417,322.871681135,108.222540747,57.4785964908,1.10492190401,7.965774976913098,292.052980132,61.90471898976339,0.403146082417,322.871681135,108.222540747,57.4785964908,1.10492190401,7.965774976913098,4.644108114391759,0.288954764605,0.083494849503,0.575009405613,0.0,0.133734419942,0.898616731167,97.3899383545,independent_low_interferer
S054,37376,0.847528344671,stable_synthetic,interference_293_180_20,development,improvement,other,correct,293.66000142554384,97.3509933775,42.88516898113915,0.10620090976,0.138790408063,50.3269047923,322.963958666,0.0,3.3318304390425064,292.052980132,61.90471898976339,0.417593148266,322.963958666,108.223941549,57.4784724293,1.05222122449,7.949849424615839,292.052980132,61.90471898976339,0.417593148266,322.963958666,108.223941549,57.4784724293,1.05222122449,7.949849424615839,4.6180189855733325,0.263656795025,0.0695149078965,0.583206653595,0.0,0.124676026404,0.893799066544,97.3514633179,independent_low_interferer
S057,11264,0.255419501134,stable_synthetic,interference_329_120_20,development,improvement,other,correct,329.6299940462711,109.975062344,44.996074744210006,0.038950444241,113.01458143,0.0853167230837,327.440947806,0.0,6.147950651203689,334.090909091,64.2328464293943,0.434803156319,292.917962191,72.0817042984,21.297611861,0.752937168592,7.454956915496766,334.090909091,64.2328464293943,0.434803156319,292.917962191,72.0817042984,21.297611861,0.752937168592,7.454956915496766,1.3070062642930766,0.278912752867,0.0777923315763,0.550977826118,0.0,0.0712216123939,0.961049556732,110.092323303,independent_low_interferer
S057,11776,0.267029478458,stable_synthetic,interference_329_120_20,development,improvement,other,correct,329.6299940462711,110.25,45.03930158439433,0.0385789280822,116.956701215,0.0921816042507,325.319539883,0.0,6.1842176172317185,334.090909091,64.2328464293943,0.440509836988,292.916376102,72.0786002052,21.2962022511,0.75950705809,7.441630652134898,334.090909091,64.2328464293943,0.440509836988,292.916376102,72.0786002052,21.2962022511,0.75950705809,7.441630652134898,1.2574130349031796,0.287415415049,0.082607626915,0.578757166862,0.0,0.109168812633,0.961421072483,110.110992432,independent_low_interferer
S057,12288,0.278639455782,stable_synthetic,interference_329_120_20,development,improvement,other,correct,329.6299940462711,109.975062344,44.996074744210006,0.0387611181387,113.016543337,0.048621707328,327.448644851,0.0,6.13115476303424,334.090909091,64.2328464293943,0.446500465081,292.919844862,72.0796402261,21.2967211674,0.752844075851,7.431571148948294,334.090909091,64.2328464293943,0.446500465081,292.919844862,72.0796402261,21.2967211674,0.752844075851,7.431571148948294,1.3004163859140538,0.274663776159,0.0754401832819,0.583990514278,0.0,0.0481763072312,0.961238861084,110.125015259,independent_low_interferer
S057,12800,0.290249433107,stable_synthetic,interference_329_120_20,development,improvement,other,correct,329.6299940462711,110.25,45.03930158439433,0.0382447108937,116.965297639,0.110050835821,325.313051698,0.0,6.1930682782455735,334.090909091,64.2328464293943,0.439598348772,292.91509464,72.0831109753,21.2979765286,0.76467813332,7.442032711785558,334.090909091,64.2328464293943,0.439598348772,292.91509464,72.0831109753,21.2979765286,0.76467813332,7.442032711785558,1.2489644335399843,0.298166334629,0.0889031589031,0.547825694084,0.0,0.0856716111302,0.961755275726,110.102684021,independent_low_interferer
S057,13312,0.301859410431,stable_synthetic,interference_329_120_20,development,improvement,other,correct,329.6299940462711,109.975062344,44.996074744210006,0.0390351367092,113.003043161,0.00745566205048,327.448167085,0.0,6.1104636317104335,334.090909091,64.2328464293943,0.434798606028,292.919790968,72.085857057,21.2978875663,0.743183580059,7.457793579199219,334.090909091,64.2328464293943,0.434798606028,292.919790968,72.085857057,21.2978875663,0.743183580059,7.457793579199219,1.3473299474887854,0.269504129887,0.0726324766874,0.580048918724,0.0,0.0816287696362,0.960964858532,110.12021637,independent_low_interferer
S057,13824,0.313469387755,stable_synthetic,interference_329_120_20,development,improvement,other,correct,329.6299940462711,110.25,45.03930158439433,0.038464720095,116.958291535,0.107908157806,325.312789699,0.0,6.191602607378618,334.090909091,64.2328464293943,0.432712060199,292.914074743,72.0847693876,21.2981136395,0.761995827066,7.456575278987076,334.090909091,64.2328464293943,0.432712060199,292.914074743,72.0847693876,21.2981136395,0.761995827066,7.456575278987076,1.264972671608458,0.29383918643,0.08634147048,0.583619356155,0.0,0.109330922365,0.961535274982,110.086616516,independent_low_interferer
S057,14336,0.325079365079,stable_synthetic,interference_329_120_20,development,improvement,other,correct,329.6299940462711,109.975062344,44.996074744210006,0.0388887562358,113.014071814,0.049631078555,327.448250388,0.0,6.131358562719036,334.090909091,64.2328464293943,0.443494050957,292.919695068,72.0812409207,21.297400994,0.751990103259,7.437845697164867,334.090909091,64.2328464293943,0.443494050957,292.919695068,72.0812409207,21.297400994,0.751990103259,7.437845697164867,1.306487134445831,0.270623266697,0.0732369571924,0.544335603714,0.0,0.118224948645,0.96111124754,110.121589661,independent_low_interferer
S057,14848,0.336689342404,stable_synthetic,interference_329_120_20,development,improvement,other,correct,329.6299940462711,110.25,45.03930158439433,0.0384650553722,116.961623873,0.0921775425641,325.319662926,0.0,6.184485329359855,334.090909091,64.2328464293943,0.445070882324,292.916814252,72.078353605,21.2960374712,0.761048410076,7.43206870230731,334.090909091,64.2328464293943,0.445070882324,292.916814252,72.078353605,21.2960374712,0.761048410076,7.43206870230731,1.2475833729474548,0.289175152779,0.083622276783,0.580780208111,0.0,0.110240168869,0.961534917355,110.100219727,independent_low_interferer
S057,15360,0.348299319728,stable_synthetic,interference_329_120_20,development,improvement,other,correct,329.6299940462711,109.975062344,44.996074744210006,0.0386906614947,113.020671043,0.0894361121184,327.440454507,0.0,6.150417440099567,334.090909091,64.2328464293943,0.439122605289,292.918151485,72.0802307611,21.2970250914,0.755730807322,7.445505790332905,334.090909091,64.2328464293943,0.439122605289,292.918151485,72.0802307611,21.2970250914,0.755730807322,7.445505790332905,1.2950883502333381,0.28231805563,0.0797034874558,0.583102464676,0.0,0.0694542452693,0.961309313774,110.115264893,independent_low_interferer
S057,15872,0.359909297052,stable_synthetic,interference_329_120_20,development,improvement,other,correct,329.6299940462711,109.975062344,44.996074744210006,0.0390718225003,113.007638964,0.0578894165852,327.445137366,0.0,6.134852166607928,334.090909091,64.2328464293943,0.434229888269,292.919067685,72.084159809,21.2979971871,0.74790563189,7.457565569346055,334.090909091,64.2328464293943,0.434229888269,292.919067685,72.084159809,21.2979971871,0.74790563189,7.457565569346055,1.3227134027381275,0.276770621538,0.0766019746661,0.541195511818,0.0,0.0651390105486,0.960928201675,110.103187561,independent_low_interferer
S057,16384,0.371519274376,stable_synthetic,interference_329_120_20,development,improvement,other,correct,329.6299940462711,110.25,45.03930158439433,0.0383905285747,116.959261546,0.105919249847,325.312931464,0.0,6.190860919647366,334.090909091,64.2328464293943,0.434060213107,292.913439002,72.0863922143,21.2977545442,0.762628310528,7.453704439214517,334.090909091,64.2328464293943,0.434060213107,292.913439002,72.0863922143,21.2977545442,0.762628310528,7.453704439214517,1.2628435195671512,0.295779615641,0.0874855816364,0.581983685493,0.0,0.109809622169,0.961609482765,110.089111328,independent_low_interferer
S057,16896,0.383129251701,stable_synthetic,interference_329_120_20,development,improvement,other,correct,329.6299940462711,109.975062344,44.996074744210006,0.038757581328,113.012389671,0.0168143581991,327.449929502,0.0,6.115725343212804,334.090909091,64.2328464293943,0.444623593142,292.920012968,72.0840134228,21.2980426345,0.749357893682,7.436365627149397,334.090909091,64.2328464293943,0.444623593142,292.920012968,72.0840134228,21.2980426345,0.749357893682,7.436365627149397,1.3206402839365925,0.272455006838,0.074231736362,0.582659065723,0.0,0.141313865781,0.961242437363,110.119895935,independent_low_interferer
S057,17408,0.394739229025,stable_synthetic,interference_329_120_20,development,improvement,other,correct,329.6299940462711,110.25,45.03930158439433,0.0381143516335,116.968548028,0.111694038172,325.313490314,0.0,6.1940964862619685,334.090909091,64.2328464293943,0.441585168162,292.915338616,72.0803089999,21.2970923763,0.766335996785,7.437561304968199,334.090909091,64.2328464293943,0.441585168162,292.915338616,72.0803089999,21.2970923763,0.766335996785,7.437561304968199,1.2434648187062303,0.299328505993,0.0895975530148,0.582653284073,0.0,0.0964671224356,0.961885631084,110.091346741,independent_low_interferer
S057,17920,0.406349206349,stable_synthetic,interference_329_120_20,development,improvement,other,correct,329.6299940462711,109.975062344,44.996074744210006,0.0391322849047,113.007495173,0.0384886917842,327.448887244,0.0,6.125478169055949,334.090909091,64.2328464293943,0.438540234201,292.920612163,72.0786079233,21.2960983973,0.746596465693,7.449265494265474,334.090909091,64.2328464293943,0.438540234201,292.920612163,72.0786079233,21.2960983973,0.746596465693,7.449265494265474,1.3237873252095254,0.260079264641,0.0676412284374,0.566597700119,0.0,0.103594183922,0.960867702961,110.122161865,independent_low_interferer
S057,18432,0.417959183673,stable_synthetic,interference_329_120_20,development,improvement,other,correct,329.6299940462711,110.25,45.03930158439433,0.0388263673196,116.95235047,0.0962583728813,325.317702177,0.0,6.185547313248652,334.090909091,64.2328464293943,0.433059760185,292.916496825,72.0813009349,21.2974274957,0.75771220926,7.457073735689662,334.090909091,64.2328464293943,0.433059760185,292.916496825,72.0813009349,21.2974274957,0.75771220926,7.457073735689662,1.2715264224410108,0.287141948938,0.0824504941702,0.581660926342,0.0,0.062512345612,0.961173653603,110.08795166,independent_low_interferer
S057,18944,0.429569160998,stable_synthetic,interference_329_120_20,development,improvement,other,correct,329.6299940462711,109.975062344,44.996074744210006,0.0386532292701,113.017806995,0.0780632634472,327.442046354,0.0,6.145221358557657,334.090909091,64.2328464293943,0.438364313014,292.916879201,72.0847196724,21.2980955026,0.755132969347,7.447231041186947,334.090909091,64.2328464293943,0.438364313014,292.916879201,72.0847196724,21.2980955026,0.755132969347,7.447231041186947,1.30200968262929,0.287554293871,0.0826874747872,0.583162426949,0.0,0.0995513051748,0.961346745491,110.114135742,independent_low_interferer
S057,19456,0.441179138322,stable_synthetic,interference_329_120_20,development,improvement,other,correct,329.6299940462711,109.975062344,44.996074744210006,0.0384024883344,113.021595636,0.0720923942928,327.442608841,0.0,6.142979541993148,334.090909091,64.2328464293943,0.443474814969,292.917198135,72.0860296427,21.2978418187,0.755880244316,7.436804402645786,334.090909091,64.2328464293943,0.443474814969,292.917198135,72.0860296427,21.2978418187,0.755880244316,7.436804402645786,1.293824860652638,0.287939995527,0.0829094350338,0.580939471722,0.0,0.0380791351199,0.961597502232,110.109527588,independent_low_interferer
S057,19968,0.452789115646,stable_synthetic,interference_329_120_20,development,improvement,other,correct,329.6299940462711,109.975062344,44.996074744210006,0.0383976576045,113.029844393,0.109430240957,327.434876418,0.0,6.160172828640602,334.090909091,64.2328464293943,0.44048795594,292.916036655,72.0833533059,21.2979262353,0.762683546029,7.440823258111603,334.090909091,64.2328464293943,0.44048795594,292.916036655,72.0833533059,21.2979262353,0.762683546029,7.440823258111603,1.2806504294710015,0.285224318504,0.0813529193401,0.544911682606,0.0,0.0629025772214,0.961602330208,110.101051331,independent_low_interferer
S057,20480,0.464399092971,stable_synthetic,interference_329_120_20,development,improvement,other,correct,329.6299940462711,109.975062344,44.996074744210006,0.0392447917824,113.00401979,0.0248205476632,327.449873671,0.0,6.118598945109164,334.090909091,64.2328464293943,0.437061990851,292.921003156,72.0796214117,21.2966897411,0.744646693017,7.4527953511503595,334.090909091,64.2328464293943,0.437061990851,292.921003156,72.0796214117,21.2966897411,0.744646693017,7.4527953511503595,1.3341964060411957,0.26382881403,0.069605641067,0.583758890629,0.0,0.0949351787567,0.960755228996,110.105361938,independent_low_interferer
S057,20992,0.476009070295,stable_synthetic,interference_329_120_20,development,improvement,other,correct,329.6299940462711,110.25,45.03930158439433,0.0384995074831,116.958745696,0.109617991771,325.313895882,0.0,6.192308785118254,334.090909091,64.2328464293943,0.434373895027,292.914420818,72.0785113018,21.2962039231,0.762457629894,7.453057530766767,334.090909091,64.2328464293943,0.434373895027,292.914420818,72.0785113018,21.2962039231,0.762457629894,7.453057530766767,1.2607487456485131,0.292733818293,0.0856930911541,0.579871237278,0.0,0.131635278463,0.96150046587,110.087310791,independent_low_interferer
S057,21504,0.487619047619,stable_synthetic,interference_329_120_20,development,improvement,other,correct,329.6299940462711,109.975062344,44.996074744210006,0.0389674267008,113.010721459,0.0238296254865,327.450290771,0.0,6.118729080318535,334.090909091,64.2328464293943,0.443980450813,292.920506639,72.0818374779,21.2976329156,0.74884988071,7.437779331815031,334.090909091,64.2328464293943,0.443980450813,292.920506639,72.0818374779,21.2976329156,0.74884988071,7.437779331815031,1.3190502514964964,0.276655644178,0.0765383392572,0.548262298107,0.0,0.106165833771,0.961032569408,110.135520935,independent_low_interferer
S057,22016,0.499229024943,stable_synthetic,interference_329_120_20,development,improvement,other,correct,329.6299940462711,109.975062344,44.996074744210006,0.0381613410136,113.033244096,0.110554011105,327.433876611,0.0,6.1611807208922835,334.090909091,64.2328464293943,0.442179533761,292.914755932,72.0854894068,21.2980005281,0.764861340801,7.436833823410952,334.090909091,64.2328464293943,0.442179533761,292.914755932,72.0854894068,21.2980005281,0.764861340801,7.436833823410952,1.2756531025186684,0.299850463867,0.0899102985859,0.583799540997,0.0,0.12823690474,0.961838662624,110.097061157,independent_low_interferer
S057,22528,0.510839002268,stable_synthetic,interference_329_120_20,development,improvement,other,correct,329.6299940462711,109.975062344,44.996074744210006,0.03866761087,113.01561678,0.0703194346219,327.442426506,0.0,6.141569167242409,334.090909091,64.2328464293943,0.438306672575,292.917965796,72.0856371759,21.2979469754,0.752034011267,7.448238238154227,334.090909091,64.2328464293943,0.438306672575,292.917965796,72.0856371759,21.2979469754,0.752034011267,7.448238238154227,1.306669070911818,0.27221634984,0.0741017460823,0.578456819057,0.0,0.0523538179696,0.961332380772,110.111373901,independent_low_interferer
S057,23040,0.522448979592,stable_synthetic,interference_329_120_20,development,improvement,other,correct,329.6299940462711,109.975062344,44.996074744210006,0.0390190743574,113.012232117,0.0786996204666,327.442281135,0.0,6.144736003018246,334.090909091,64.2328464293943,0.43437647652,292.918121182,72.0821467983,21.297767025,0.751600600301,7.456196965350905,334.090909091,64.2328464293943,0.43437647652,292.918121182,72.0821467983,21.297767025,0.751600600301,7.456196965350905,1.3114609623326592,0.275143712759,0.0757040604949,0.551073491573,0.0,0.0829782560468,0.960980951786,110.094726562,independent_low_interferer
S057,23552,0.534058956916,stable_synthetic,interference_329_120_20,development,improvement,other,correct,329.6299940462711,110.25,45.03930158439433,0.0386228620657,116.954762582,0.0953301651795,325.318477489,0.0,6.185551835471661,334.090909091,64.2328464293943,0.436974914408,292.91598982,72.0788673898,21.2963766446,0.759108076137,7.44881635826286,334.090909091,64.2328464293943,0.436974914408,292.91598982,72.0788673898,21.2963766446,0.759108076137,7.44881635826286,1.2632645227911992,0.291607439518,0.0850348994136,0.584102451801,0.0,0.094355635345,0.96137714386,110.111663818,independent_low_interferer
S057,24064,0.54566893424,stable_synthetic,interference_329_120_20,development,improvement,other,correct,329.6299940462711,109.975062344,44.996074744210006,0.0388261438945,113.014647896,0.0415567127873,327.449320546,0.0,6.127628496946532,334.090909091,64.2328464293943,0.445875439242,292.92021865,72.0792958917,21.2965258647,0.751296861049,7.433259465651046,334.090909091,64.2328464293943,0.445875439242,292.92021865,72.0792958917,21.2965258647,0.751296861049,7.433259465651046,1.3056309687045138,0.274311721325,0.0752469152212,0.577330887318,0.0,0.043250951916,0.961173832417,110.129241943,independent_low_interferer
S057,24576,0.557278911565,stable_synthetic,interference_329_120_20,development,improvement,other,correct,329.6299940462711,110.25,45.03930158439433,0.0381417387072,116.968835227,0.111895061861,325.312778815,0.0,6.194134006598466,334.090909091,64.2328464293943,0.442373807289,292.915226696,72.0826924307,21.2978616413,0.766369778569,7.435999015029379,334.090909091,64.2328464293943,0.442373807289,292.915226696,72.0826924307,21.2978616413,0.766369778569,7.435999015029379,1.2418650084309135,0.297929644585,0.0887620747089,0.554383039474,0.0,0.0808313786983,0.961858272552,110.097923279,independent_low_interferer
S057,25088,0.568888888889,stable_synthetic,interference_329_120_20,development,improvement,other,correct,329.6299940462711,109.975062344,44.996074744210006,0.0389442881827,113.005371473,0.013999921597,327.448281083,0.0,6.1139032495035615,334.090909091,64.2328464293943,0.436894476933,292.919719889,72.0857273685,21.297910607,0.744624435826,7.453187854506893,334.090909091,64.2328464293943,0.436894476933,292.919719889,72.0857273685,21.297910607,0.744624435826,7.453187854506893,1.3392846050033311,0.26764729619,0.0716350674629,0.584069669247,0.0,0.102150388062,0.961055696011,110.118041992,independent_low_interferer
S057,25600,0.580498866213,stable_synthetic,interference_329_120_20,development,improvement,other,correct,329.6299940462711,110.25,45.03930158439433,0.0385577660769,116.955572856,0.10549765434,325.313309546,0.0,6.190304817964004,334.090909091,64.2328464293943,0.430937939867,292.913959686,72.0851878393,21.2980662276,0.760666599791,7.46050279538894,334.090909091,64.2328464293943,0.430937939867,292.913959686,72.0851878393,21.2980662276,0.760666599791,7.46050279538894,1.2701979774249352,0.293876379728,0.0863633304834,0.575647473335,0.0,0.0915951281786,0.961442232132,110.087928772,independent_low_interferer
S057,26112,0.592108843537,stable_synthetic,interference_329_120_20,development,improvement,other,correct,329.6299940462711,109.975062344,44.996074744210006,0.0389799610799,113.012458738,0.0561661978694,327.447064799,0.0,6.1342645067558355,334.090909091,64.2328464293943,0.440406581944,292.919367504,72.0817374844,21.2975538608,0.751442443847,7.444180952809473,334.090909091,64.2328464293943,0.440406581944,292.919367504,72.0817374844,21.2975538608,0.751442443847,7.444180952809473,1.3099164460536379,0.273382455111,0.0747379660606,0.55719435215,0.0,0.118002295494,0.961020052433,110.121101379,independent_low_interferer
S057,26624,0.603718820862,stable_synthetic,interference_329_120_20,development,improvement,other,correct,329.6299940462711,109.975062344,44.996074744210006,0.0384905052141,113.027233868,0.0915770293433,327.440727589,0.0,6.15185713330742,334.090909091,64.2328464293943,0.445349940768,292.917442321,72.0785241065,21.2961348835,0.75982119824,7.431863534764465,334.090909091,64.2328464293943,0.445349940768,292.917442321,72.0785241065,21.2961348835,0.75982119824,7.431863534764465,1.2800064014570447,0.289074778557,0.0835642293096,0.583690822124,0.0,0.10755238682,0.961509466171,110.098091125,independent_low_interferer
S057,27136,0.615328798186,stable_synthetic,interference_329_120_20,development,improvement,other,correct,329.6299940462711,109.975062344,44.996074744210006,0.0385087597047,113.025569858,0.0954439419129,327.43927472,0.0,6.153573045734449,334.090909091,64.2328464293943,0.441661335845,292.917682525,72.0798488215,21.2968618079,0.75865457124,7.4395903477896566,334.090909091,64.2328464293943,0.441661335845,292.917682525,72.0798488215,21.2968618079,0.75865457124,7.4395903477896566,1.2860173020552077,0.281895130873,0.0794648602605,0.57403832674,0.0,0.0499498136342,0.96149122715,110.109077454,independent_low_interferer
S057,27648,0.62693877551,stable_synthetic,interference_329_120_20,development,improvement,other,correct,329.6299940462711,109.975062344,44.996074744210006,0.0391003953153,113.007186282,0.0500590824913,327.446594017,0.0,6.131077471505666,334.090909091,64.2328464293943,0.435621915393,292.919444365,72.083746334,21.2979641448,0.747602275676,7.4548663820325825,334.090909091,64.2328464293943,0.435621915393,292.919444365,72.083746334,21.2979641448,0.747602275676,7.4548663820325825,1.3237889105269165,0.273043245077,0.0745526105165,0.559807538986,0.0,0.0739687904716,0.960899591446,110.105056763,independent_low_interferer
S057,28160,0.638548752834,stable_synthetic,interference_329_120_20,development,improvement,other,correct,329.6299940462711,110.25,45.03930158439433,0.0384704027802,116.957241209,0.107264301835,325.312387627,0.0,6.191291372437168,334.090909091,64.2328464293943,0.431430647301,292.913160516,72.0863728811,21.2977620162,0.762024453497,7.459133898665739,334.090909091,64.2328464293943,0.431430647301,292.913160516,72.0863728811,21.2977620162,0.762024453497,7.459133898665739,1.2678425262285709,0.298178732395,0.0889105647802,0.583575546741,0.0,0.115531973541,0.961529612541,110.087921143,independent_low_interferer
S057,28672,0.650158730159,stable_synthetic,interference_329_120_20,development,improvement,other,correct,329.6299940462711,109.975062344,44.996074744210006,0.0388242789757,113.010037028,0.0111905891834,327.449699777,0.0,6.112798075884364,334.090909091,64.2328464293943,0.442319528943,292.920021067,72.0844439699,21.2980401043,0.747838130757,7.441411266441095,334.090909091,64.2328464293943,0.442319528943,292.920021067,72.0844439699,21.2980401043,0.747838130757,7.441411266441095,1.328613190556731,0.274498462677,0.0753494128585,0.572303414345,0.0,0.133587136865,0.961175739765,110.12184906,independent_low_interferer
S057,29184,0.661768707483,stable_synthetic,interference_329_120_20,development,improvement,other,correct,329.6299940462711,110.25,45.03930158439433,0.0380873265023,116.969927712,0.111145701292,325.313658738,0.0,6.193915677793925,334.090909091,64.2328464293943,0.443382326492,292.915610224,72.0807322722,21.297245883,0.766653726058,7.433882597362165,334.090909091,64.2328464293943,0.443382326492,292.915610224,72.0807322722,21.297245883,0.766653726058,7.433882597362165,1.2399669195682401,0.297908484936,0.088749460876,0.582913577557,0.0,0.0974692478776,0.961912691593,110.089332581,independent_low_interferer
S057,29696,0.673378684807,stable_synthetic,interference_329_120_20,development,improvement,other,correct,329.6299940462711,109.975062344,44.996074744210006,0.0389852243208,113.011484525,0.0469291610343,327.448212964,0.0,6.129854166056316,334.090909091,64.2328464293943,0.441344305929,292.920225784,72.0785446564,21.2960657261,0.749102203568,7.442938430887087,334.090909091,64.2328464293943,0.441344305929,292.920225784,72.0785446564,21.2960657261,0.749102203568,7.442938430887087,1.3130842648307706,0.26022362709,0.0677163302898,0.580193281174,0.0,0.111038260162,0.96101474762,110.118141174,independent_low_interferer
S057,30208,0.684988662132,stable_synthetic,interference_329_120_20,development,improvement,other,correct,329.6299940462711,110.25,45.03930158439433,0.0388503766183,116.950427357,0.0920400673969,325.319010171,0.0,6.183556325441989,334.090909091,64.2328464293943,0.432955506513,292.91672836,72.0808225865,21.2972738567,0.756577559961,7.457600902776772,334.090909091,64.2328464293943,0.432955506513,292.91672836,72.0808225865,21.2972738567,0.756577559961,7.457600902776772,1.2740445773347826,0.28409922123,0.0807123631239,0.570018768311,0.0,0.0535531565547,0.961149632931,110.091659546,independent_low_interferer
S057,30720,0.696598639456,stable_synthetic,interference_329_120_20,development,improvement,other,correct,329.6299940462711,110.25,45.03930158439433,0.0387606144052,116.949593016,0.0808679729395,325.320663679,0.0,6.178588457270841,334.090909091,64.2328464293943,0.435455478979,292.916671,72.0842700144,21.2981245223,0.754755584808,7.453152770338636,334.090909091,64.2328464293943,0.435455478979,292.916671,72.0842700144,21.2981245223,0.754755584808,7.453152770338636,1.2745643130677946,0.290533691645,0.0844098180532,0.582326352596,0.0,0.083181515336,0.961239397526,110.11794281,independent_low_interferer
S057,31232,0.70820861678,stable_synthetic,interference_329_120_20,development,improvement,other,correct,329.6299940462711,109.975062344,44.996074744210006,0.038478211791,113.019049695,0.065627528675,327.443492003,0.0,6.139782241876701,334.090909091,64.2328464293943,0.44264562736,292.917727009,72.0860797338,21.2978308933,0.753850255688,7.43904318626392,334.090909091,64.2328464293943,0.44264562736,292.917727009,72.0860797338,21.2978308933,0.753850255688,7.43904318626392,1.2992609443872185,0.287328511477,0.0825576782227,0.580932974815,0.0,0.0385681688786,0.961521804333,110.113090515,independent_low_interferer
S057,31744,0.719818594104,stable_synthetic,interference_329_120_20,development,improvement,other,correct,329.6299940462711,109.975062344,44.996074744210006,0.0382354306721,113.033621102,0.113109913629,327.433764251,0.0,6.162185173092178,334.090909091,64.2328464293943,0.442502250656,292.91558019,72.083753716,21.2980022923,0.76484291133,7.436184560531139,334.090909091,64.2328464293943,0.442502250656,292.91558019,72.083753716,21.2980022923,0.76484291133,7.436184560531139,1.2739993874389608,0.28642976284,0.0820420011878,0.56728965044,0.0,0.0670314878225,0.961764574051,110.097259521,independent_low_interferer
S057,32256,0.731428571429,stable_synthetic,interference_329_120_20,development,improvement,other,correct,329.6299940462711,109.975062344,44.996074744210006,0.0391753183215,113.005542603,0.0171239640881,327.45048426,0.0,6.114982454105228,334.090909091,64.2328464293943,0.439402961814,292.921057202,72.0799797994,21.2968704968,0.745552622808,7.4478585079166555,334.090909091,64.2328464293943,0.439402961814,292.921057202,72.0799797994,21.2968704968,0.745552622808,7.4478585079166555,1.332876053811428,0.260874122381,0.0680553093553,0.581585645676,0.0,0.1055110991,0.960824668407,110.108512878,independent_low_interferer
S057,32768,0.743038548753,stable_synthetic,interference_329_120_20,development,improvement,other,correct,329.6299940462711,110.25,45.03930158439433,0.0385867494794,116.956924721,0.108964879911,325.314045385,0.0,6.191824595699169,334.090909091,64.2328464293943,0.433324312393,292.914308929,72.0782858594,21.2960602383,0.761675138642,7.455375199747998,334.090909091,64.2328464293943,0.433324312393,292.914308929,72.0782858594,21.2960602383,0.761675138642,7.455375199747998,1.2635506040488291,0.293298482895,0.0860240012407,0.582101881504,0.0,0.125953882933,0.961413264275,110.089820862,independent_low_interferer
S057,33280,0.754648526077,stable_synthetic,interference_329_120_20,development,improvement,other,correct,329.6299940462711,109.975062344,44.996074744210006,0.0390757577237,113.008538083,0.0306481055992,327.449676432,0.0,6.121811650706537,334.090909091,64.2328464293943,0.441245049815,292.920507986,72.0813622332,21.2974695722,0.74769491507,7.4435753718060775,334.090909091,64.2328464293943,0.441245049815,292.920507986,72.0813622332,21.2974695722,0.74769491507,7.4435753718060775,1.3217637210995408,0.27831441164,0.0774589106441,0.569506943226,0.0,0.105394780636,0.960924267769,110.136650085,independent_low_interferer
S057,33792,0.766258503401,stable_synthetic,interference_329_120_20,development,improvement,other,correct,329.6299940462711,109.975062344,44.996074744210006,0.038191202442,113.032275265,0.107331753506,327.434835815,0.0,6.159660380049287,334.090909091,64.2328464293943,0.442761868612,292.915393236,72.085140373,21.2980393996,0.763779937184,7.435975834605733,334.090909091,64.2328464293943,0.442761868612,292.915393236,72.085140373,21.2980393996,0.763779937184,7.435975834605733,1.2763154545564461,0.298690468073,0.0892160013318,0.582724094391,0.0,0.130091488361,0.961808800697,110.097419739,independent_low_interferer
S057,34304,0.777868480726,stable_synthetic,interference_329_120_20,development,improvement,other,correct,329.6299940462711,109.975062344,44.996074744210006,0.0384921687465,113.020255153,0.0774651422739,327.441209223,0.0,6.145286831494454,334.090909091,64.2328464293943,0.440816970523,292.917354809,72.0858683331,21.2979030321,0.75498567287,7.442375008151905,334.090909091,64.2328464293943,0.440816970523,292.917354809,72.0858683331,21.2979030321,0.75498567287,7.442375008151905,1.297088176657451,0.273808568716,0.0749711319804,0.563404858112,0.0,0.0482652299106,0.961507856846,110.108093262,independent_low_interferer
S057,34816,0.78947845805,stable_synthetic,interference_329_120_20,development,improvement,other,correct,329.6299940462711,109.975062344,44.996074744210006,0.0390011414419,113.011675549,0.0721036993222,327.443570708,0.0,6.141701234694746,334.090909091,64.2328464293943,0.435423357265,292.918247352,72.082616877,21.297904417,0.751172123095,7.454230714788958,334.090909091,64.2328464293943,0.435423357265,292.918247352,72.082616877,21.297904417,0.751172123095,7.454230714788958,1.312529480094212,0.272843629122,0.0744436383247,0.571254611015,0.0,0.094309642911,0.960998833179,110.097602844,independent_low_interferer
S057,35328,0.801088435374,stable_synthetic,interference_329_120_20,development,improvement,other,correct,329.6299940462711,110.25,45.03930158439433,0.0386486390755,116.953547179,0.0983679682147,325.317427233,0.0,6.186873959942907,334.090909091,64.2328464293943,0.43401266374,292.915709061,72.0792197963,21.2965842322,0.758923113945,7.454797218561762,334.090909091,64.2328464293943,0.43401266374,292.915709061,72.0792197963,21.2965842322,0.758923113945,7.454797218561762,1.267923258618855,0.294489324093,0.0867239609361,0.583258092403,0.0,0.0773404985666,0.961351335049,110.111061096,independent_low_interferer
S057,35840,0.812698412698,stable_synthetic,interference_329_120_20,development,improvement,other,correct,329.6299940462711,109.975062344,44.996074744210006,0.0389448486137,113.011562672,0.0339173377319,327.449820505,0.0,6.123683605544954,334.090909091,64.2328464293943,0.443804338839,292.920563894,72.0790209543,21.2963566677,0.749163298363,7.43800857213088,334.090909091,64.2328464293943,0.443804338839,292.920563894,72.0790209543,21.2963566677,0.749163298363,7.43800857213088,1.314324966585926,0.27292329073,0.0744871273637,0.561050415039,0.0,0.0402527265251,0.961055159569,110.131477356,independent_low_interferer
S057,36352,0.824308390023,stable_synthetic,interference_329_120_20,development,improvement,other,correct,329.6299940462711,110.25,45.03930158439433,0.0380977381962,116.970703603,0.112879786063,325.312704244,0.0,6.194680405734618,334.090909091,64.2328464293943,0.443766527286,292.915328219,72.0822873783,21.2977360841,0.767289078252,7.432949586326789,334.090909091,64.2328464293943,0.443766527286,292.915328219,72.0822873783,21.2977360841,0.767289078252,7.432949586326789,1.2382691805921704,0.297619998455,0.088577657938,0.573426902294,0.0,0.0894645377994,0.96190226078,110.093048096,independent_low_interferer
S057,36864,0.835918367347,stable_synthetic,interference_329_120_20,development,improvement,other,correct,329.6299940462711,109.975062344,44.996074744210006,0.0388187673043,113.008691621,0.0221075652903,327.448310486,0.0,6.1181653900443305,334.090909091,64.2328464293943,0.43970583232,292.919577132,72.0855383381,21.2979421766,0.74671384682,7.446965263087573,334.090909091,64.2328464293943,0.43970583232,292.919577132,72.0855383381,21.2979421766,0.74671384682,7.446965263087573,1.3287998730432422,0.267250627279,0.0714228898287,0.583800852299,0.0,0.120025351644,0.961181223392,110.116027832,independent_low_interferer
S057,37376,0.847528344671,stable_synthetic,interference_329_120_20,development,improvement,other,correct,329.6299940462711,110.25,45.03930158439433,0.0385868994877,116.954487614,0.102991323246,325.313952973,0.0,6.1891029807375535,334.090909091,64.2328464293943,0.430857626422,292.913960556,72.0855626433,21.2979918079,0.759993870809,7.460856235352807,334.090909091,64.2328464293943,0.430857626422,292.913960556,72.0855626433,21.2979918079,0.759993870809,7.460856235352807,1.2717532546152537,0.293754935265,0.0862919613719,0.558150410652,0.0,0.0759368613362,0.961413085461,110.089775085,independent_low_interferer
S059,11264,0.255419501134,stable_synthetic,interference_329_150_10,development,improvement,down,correct,329.6299940462711,164.552238806,51.9725055762009,0.0115032372516,26.0518068811,327.101690317,0.0202530023383,0.106609601036,6.125771317986123,331.578947368,64.10218663565477,0.150326772037,320.741087463,105.294567302,53.974546004,19.2116071245,7.304789735026604,331.578947368,64.10218663565477,0.150326772037,320.741087463,105.294567302,53.974546004,19.2116071245,7.304789735026604,1.1790184170404805,0.24960590899,0.0623031109571,0.474695116282,0.0,0.09340403229,0.988496780396,330.757568359,independent_low_interferer
S059,15360,0.348299319728,stable_synthetic,interference_329_150_10,development,improvement,down,correct,329.6299940462711,164.552238806,51.9725055762009,0.0114992803262,26.0557533533,327.100639097,0.0161819002642,0.109592599683,6.123577941111564,331.578947368,64.10218663565477,0.150063842581,320.740627206,105.294962297,53.9745235172,19.2140063638,7.305256569690835,331.578947368,64.10218663565477,0.150063842581,320.740627206,105.294962297,53.9745235172,19.2140063638,7.305256569690835,1.181678628579271,0.254057735205,0.0645453333855,0.482450783253,0.0,0.0830498486757,0.988500714302,330.575012207,independent_low_interferer
S059,17408,0.394739229025,stable_synthetic,interference_329_150_10,development,improvement,down,correct,329.6299940462711,164.552238806,51.9725055762009,0.0115019441902,26.0552327724,327.100778461,0.0161624268038,0.10958188022,6.12355362403291,331.578947368,64.10218663565477,0.150090213366,320.740690838,105.294970547,53.9745241281,19.2136230188,7.3052135497329935,331.578947368,64.10218663565477,0.150090213366,320.740690838,105.294970547,53.9745241281,19.2136230188,7.3052135497329935,1.1816599257000835,0.259203314781,0.0671863555908,0.473712325096,0.0,0.070469841361,0.988498032093,330.826049805,independent_low_interferer
S059,21504,0.487619047619,stable_synthetic,interference_329_150_10,development,improvement,down,correct,329.6299940462711,164.552238806,51.9725055762009,0.0115013424114,26.0522385702,327.101562467,0.0202725344808,0.106770126254,6.1257231316949525,331.578947368,64.10218663565477,0.150317852032,320.741027205,105.294561252,53.9745480329,19.2119001805,7.304800118874157,331.578947368,64.10218663565477,0.150317852032,320.741027205,105.294561252,53.9745480329,19.2119001805,7.304800118874157,1.1790769871792044,0.254409998655,0.064724445343,0.482096493244,0.0,0.0736159309745,0.988498628139,330.708190918,independent_low_interferer
S059,23040,0.522448979592,stable_synthetic,interference_329_150_10,development,improvement,down,correct,329.6299940462711,164.552238806,51.9725055762009,0.0115095988758,26.0484934336,327.102673376,0.0212939748991,0.103834306688,6.127148084868206,331.578947368,64.10218663565477,0.150244334778,320.741467134,105.294416259,53.9745807735,19.2096131375,7.305004567421491,331.578947368,64.10218663565477,0.150244334778,320.741467134,105.294416259,53.9745807735,19.2096131375,7.305004567421491,1.1778564825532856,0.247521609068,0.0612669475377,0.482869744301,0.0,0.119020476937,0.988490402699,330.755645752,independent_low_interferer
S059,29184,0.661768707483,stable_synthetic,interference_329_150_10,development,improvement,down,correct,329.6299940462711,164.552238806,51.9725055762009,0.0115196652386,26.0508279804,327.101968625,0.0172747013892,0.108627059199,6.124061118072624,331.578947368,64.10218663565477,0.150360138155,320.741264991,105.294946477,53.9745152474,19.2105309391,7.304751821960889,331.578947368,64.10218663565477,0.150360138155,320.741264991,105.294946477,53.9745152474,19.2105309391,7.304751821960889,1.1806907038882652,0.255295336246,0.0651757121086,0.467835962772,0.0,0.0678461715579,0.988480329514,330.815002441,independent_low_interferer
S059,33280,0.754648526077,stable_synthetic,interference_329_150_10,development,improvement,down,correct,329.6299940462711,164.552238806,51.9725055762009,0.0114878050211,26.0565491408,327.100335825,0.0192114144125,0.108881567518,6.124694556141453,331.578947368,64.10218663565477,0.150217607564,320.740501211,105.294675866,53.9745328466,19.2147300432,7.304929443080137,331.578947368,64.10218663565477,0.150217607564,320.740501211,105.294675866,53.9745328466,19.2147300432,7.304929443080137,1.1802348869386838,0.254345983267,0.0646918863058,0.483519256115,0.0,0.077768355608,0.988512217999,330.66229248,independent_low_interferer
S059,34816,0.78947845805,stable_synthetic,interference_329_150_10,development,improvement,down,correct,329.6299940462711,164.552238806,51.9725055762009,0.0115120045326,26.0460390082,327.10335771,0.0223158608792,0.101539048353,6.12834434812613,331.578947368,64.10218663565477,0.15007463377,320.741669255,105.294244414,53.9746450904,19.2081622369,7.305379979372933,331.578947368,64.10218663565477,0.15007463377,320.741669255,105.294244414,53.9746450904,19.2081622369,7.305379979372933,1.1770356312468033,0.247170045972,0.0610930323601,0.483368247747,0.0,0.138523370028,0.988488018513,330.754547119,independent_low_interferer
S062,32768,0.743038548753,stable_synthetic,interference_329_180_10,development,improvement,down,correct,329.6299940462711,165.168539326,52.03722468145686,0.0121078588811,24.4701062081,326.692425175,0.0227289842515,0.00791617410706,6.111003590852057,331.578947368,64.10218663565477,0.150198921803,320.736427588,105.295377556,53.9748176498,28.1243910666,7.122376521463103,331.578947368,64.10218663565477,0.150198921803,320.736427588,105.295377556,53.9748176498,28.1243910666,7.122376521463103,1.0113729306110457,0.239931449294,0.0575671009719,0.479009538889,0.0,0.0876887068152,0.987892150879,330.031402588,independent_low_interferer
S066,11264,0.255419501134,stable_synthetic,interference_349_120_20,development,improvement,other,correct,349.2300065923182,116.35883905,45.9729274036183,0.00470033459364,190.08526247,0.0287093681327,327.552550057,0.0,6.7061457462755,355.64516129,65.31522013703282,0.412676319559,259.166570541,41.3220972864,3.29793850938,0.391652688089,6.807911975037898,355.64516129,65.31522013703282,0.412676319559,259.166570541,41.3220972864,3.29793850938,0.391652688089,6.807911975037898,0.10176622876239794,0.289457142353,0.0837854370475,0.573174118996,0.0,0.0743343830109,0.995299637318,116.482154846,independent_low_interferer
S066,11776,0.267029478458,stable_synthetic,interference_349_120_20,development,improvement,other,correct,349.2300065923182,116.35883905,45.9729274036183,0.00462396087478,190.093104842,0.0728620703891,327.555706061,0.0,6.727354402390495,352.8,65.17616444574598,0.418256062622,305.031191317,85.6275846085,33.0313151323,0.320351300788,7.860855415261468,352.8,65.17616444574598,0.418256062622,305.031191317,85.6275846085,33.0313151323,0.320351300788,7.860855415261468,1.1335010128709726,0.280752599239,0.0788220241666,0.557638287544,0.0,0.0716203153133,0.995376050472,116.495399475,independent_low_interferer
S066,12288,0.278639455782,stable_synthetic,interference_349_120_20,development,improvement,other,correct,349.2300065923182,116.35883905,45.9729274036183,0.00462813774019,190.103270021,0.098635239949,327.561423497,0.0,6.739272997009576,352.8,65.17616444574598,0.423533117262,305.036761709,85.6265066016,33.0309470531,0.318474055107,7.851021976309857,352.8,65.17616444574598,0.423533117262,305.036761709,85.6265066016,33.0309470531,0.318474055107,7.851021976309857,1.1117489793002813,0.277875393629,0.0772147327662,0.551332890987,0.0,0.0882788822055,0.995371878147,116.485061646,independent_low_interferer
S066,12800,0.290249433107,stable_synthetic,interference_349_120_20,development,improvement,other,correct,349.2300065923182,116.35883905,45.9729274036183,0.00461361921748,190.084424649,0.0236824104096,327.551570279,0.0,6.703864725223815,352.8,65.17616444574598,0.420009561012,305.026117101,85.6266135099,33.0305639625,0.323943501036,7.855962241532177,352.8,65.17616444574598,0.420009561012,305.026117101,85.6266135099,33.0305639625,0.323943501036,7.855962241532177,1.1520975163083627,0.292905092239,0.0857933983207,0.568959772587,0.0,0.093049928546,0.995386362076,116.484596252,independent_low_interferer
S066,13312,0.301859410431,stable_synthetic,interference_349_120_20,development,improvement,other,correct,349.2300065923182,116.35883905,45.9729274036183,0.00471234449055,190.094321758,0.0767617710791,327.558033666,0.0,6.728999908065114,352.8,65.17616444574598,0.413334783153,305.032723791,85.6264074571,33.0300528854,0.316231011479,7.872249654542381,352.8,65.17616444574598,0.413334783153,305.032723791,85.6264074571,33.0300528854,0.316231011479,7.872249654542381,1.1432497464772675,0.26522898674,0.0703464224935,0.580222010612,0.0,0.062076177448,0.995287656784,116.491111755,independent_low_interferer
S066,13824,0.313469387755,stable_synthetic,interference_349_120_20,development,improvement,other,correct,349.2300065923182,116.35883905,45.9729274036183,0.00470622988726,190.100105214,0.0953767682815,327.561359786,0.0,6.737615036461981,352.8,65.17616444574598,0.415325688228,305.036468586,85.6257223154,33.0296775998,0.314090626481,7.869087104539881,352.8,65.17616444574598,0.415325688228,305.036468586,85.6257223154,33.0296775998,0.314090626481,7.869087104539881,1.1314720680779002,0.288814514875,0.0834138169885,0.584115445614,0.0,0.0242357775569,0.995293796062,116.492660522,independent_low_interferer
S066,14336,0.325079365079,stable_synthetic,interference_349_120_20,development,improvement,other,correct,349.2300065923182,116.35883905,45.9729274036183,0.00462336370171,190.084837805,0.0215349935996,327.552825853,0.0,6.702798383468499,355.64516129,65.31522013703282,0.422352721165,259.166197082,41.3168302112,3.29977723487,0.394869764155,6.787447924079698,355.64516129,65.31522013703282,0.422352721165,259.166197082,41.3168302112,3.29977723487,0.394869764155,6.787447924079698,0.08464954061119911,0.289997905493,0.0840987786651,0.583464920521,0.0,0.120966546237,0.995376646519,116.485237122,independent_low_interferer
S066,14848,0.336689342404,stable_synthetic,interference_349_120_20,development,improvement,other,correct,349.2300065923182,116.35883905,45.9729274036183,0.00463153313194,190.097060171,0.0816343919311,327.559761825,0.0,6.731434698866357,352.8,65.17616444574598,0.424924661824,305.033171127,85.6254521709,33.0293908335,0.32117754583,7.847185450805037,352.8,65.17616444574598,0.424924661824,305.033171127,85.6254521709,33.0293908335,0.32117754583,7.847185450805037,1.1157507519386805,0.268574595451,0.0721323117614,0.582842051983,0.0,0.0660157799721,0.995368480682,116.49256134,independent_low_interferer
S066,15360,0.348299319728,stable_synthetic,interference_349_120_20,development,improvement,other,correct,349.2300065923182,116.35883905,45.9729274036183,0.00467559405277,190.099521863,0.0937326013522,327.561291707,0.0,6.736922136991329,352.8,65.17616444574598,0.418347758275,305.035700123,85.6251798427,33.0292773637,0.31682034584,7.861996824830197,352.8,65.17616444574598,0.418347758275,305.035700123,85.6251798427,33.0292773637,0.31682034584,7.861996824830197,1.1250746878388673,0.288449108601,0.0832028836012,0.574962258339,0.0,0.0303108394146,0.99532443285,116.489654541,independent_low_interferer
S066,15872,0.359909297052,stable_synthetic,interference_349_120_20,development,improvement,other,correct,349.2300065923182,116.35883905,45.9729274036183,0.00473106527341,190.083933271,0.015604335676,327.553994031,0.0,6.699667859594381,355.64516129,65.31522013703282,0.415770072157,259.165257513,41.3159019124,3.2996178999,0.39018300699,6.802272204655421,355.64516129,65.31522013703282,0.415770072157,259.165257513,41.3159019124,3.2996178999,0.39018300699,6.802272204655421,0.10260434506103966,0.283272325993,0.0802432149649,0.560294747353,0.0,0.07567384094,0.995268940926,116.485458374,independent_low_interferer
S066,16384,0.371519274376,stable_synthetic,interference_349_120_20,development,improvement,other,correct,349.2300065923182,116.35883905,45.9729274036183,0.0046746683275,190.095503104,0.0821930409866,327.558876651,0.0,6.7315977832222496,352.8,65.17616444574598,0.41724816515,305.03343743,85.6250305712,33.0293052135,0.31751854069,7.863922924415148,352.8,65.17616444574598,0.41724816515,305.03343743,85.6250305712,33.0293052135,0.31751854069,7.863922924415148,1.132325141192898,0.280331343412,0.0785856544971,0.548245608807,0.0,0.0974589139223,0.99532532692,116.49634552,independent_low_interferer
S066,16896,0.383129251701,stable_synthetic,interference_349_120_20,development,improvement,other,correct,349.2300065923182,116.35883905,45.9729274036183,0.00464265545091,190.101188291,0.0936337144311,327.561582972,0.0,6.736951747776168,352.8,65.17616444574598,0.423729403217,305.035822682,85.626019711,33.0295732954,0.319270277749,7.850311576168657,352.8,65.17616444574598,0.423729403217,305.035822682,85.626019711,33.0295732954,0.319270277749,7.850311576168657,1.1133598283924897,0.286046504974,0.081822603941,0.566702723503,0.0,0.063438564539,0.995357334614,116.485527039,independent_low_interferer
S066,17408,0.394739229025,stable_synthetic,interference_349_120_20,development,improvement,other,correct,349.2300065923182,116.35883905,45.9729274036183,0.00459053115916,190.084088523,0.0144382047858,327.551528101,0.0,6.699373427205782,355.64516129,65.31522013703282,0.421419175144,259.166968901,41.3183231424,3.29957347374,0.395261035933,6.789183540687855,355.64516129,65.31522013703282,0.421419175144,259.166968901,41.3183231424,3.29957347374,0.395261035933,6.789183540687855,0.08981011348207257,0.29526424408,0.0871809795499,0.583964824677,0.0,0.109637320042,0.995409488678,116.490074158,independent_low_interferer
S066,17920,0.406349206349,stable_synthetic,interference_349_120_20,development,improvement,other,correct,349.2300065923182,116.35883905,45.9729274036183,0.00470123884243,190.097372725,0.0857312074786,327.559416983,0.0,6.733186891070256,352.8,65.17616444574598,0.416297226462,305.034459693,85.626168486,33.0302998954,0.31538024581,7.866654162497663,352.8,65.17616444574598,0.416297226462,305.034459693,85.626168486,33.0302998954,0.31538024581,7.866654162497663,1.1334672714274072,0.25938642025,0.0672813132405,0.581427454948,0.0,0.0674255564809,0.995298743248,116.491874695,independent_low_interferer
S066,18432,0.417959183673,stable_synthetic,interference_349_120_20,development,improvement,other,correct,349.2300065923182,116.35883905,45.9729274036183,0.00470653272212,190.097708587,0.0890062173566,327.559193586,0.0,6.734683825479953,352.8,65.17616444574598,0.412647535356,305.034900952,85.6269291707,33.0307760467,0.31454954108,7.8742787408927715,352.8,65.17616444574598,0.412647535356,305.034900952,85.6269291707,33.0307760467,0.31454954108,7.8742787408927715,1.1395949154128182,0.295159488916,0.0871191248298,0.582957863808,0.0,0.0369648933411,0.995293438435,116.487808228,independent_low_interferer
S066,18944,0.429569160998,stable_synthetic,interference_349_120_20,development,improvement,other,correct,349.2300065923182,116.35883905,45.9729274036183,0.00463428283188,190.083966877,0.0129096284223,327.551212627,0.0,6.698531068713522,355.64516129,65.31522013703282,0.418607031067,259.166894205,41.3210334874,3.29854780204,0.393591658867,6.795378508164135,355.64516129,65.31522013703282,0.418607031067,259.166894205,41.3210334874,3.29854780204,0.393591658867,6.795378508164135,0.09684743945061314,0.288683503866,0.0833381712437,0.583289206028,0.0,0.102029517293,0.995365738869,116.484947205,independent_low_interferer
S066,19456,0.441179138322,stable_synthetic,interference_349_120_20,development,improvement,other,correct,349.2300065923182,116.35883905,45.9729274036183,0.00460564480972,190.09967837,0.0892916089966,327.559122576,0.0,6.735026870843281,352.8,65.17616444574598,0.422615473845,305.034209716,85.6269701991,33.0316951022,0.319996521442,7.852280069252517,352.8,65.17616444574598,0.422615473845,305.034209716,85.6269701991,33.0316951022,0.319996521442,7.852280069252517,1.1172531984092355,0.273866921663,0.0750030875206,0.576586425304,0.0,0.102804802358,0.995394349098,116.49420929,independent_low_interferer
S066,19968,0.452789115646,stable_synthetic,interference_349_120_20,development,improvement,other,correct,349.2300065923182,116.35883905,45.9729274036183,0.00462191488446,190.097672503,0.0868018466058,327.558021379,0.0,6.733838852659643,352.8,65.17616444574598,0.418872616592,305.033550474,85.6274650446,33.031797621,0.318811581918,7.860216282392193,352.8,65.17616444574598,0.418872616592,305.033550474,85.6274650446,33.031797621,0.318811581918,7.860216282392193,1.1263774297325497,0.288682490587,0.0833375751972,0.542031526566,0.0,0.0447324067354,0.99537807703,116.485084534,independent_low_interferer
S066,20480,0.464399092971,stable_synthetic,interference_349_120_20,development,improvement,other,correct,349.2300065923182,116.35883905,45.9729274036183,0.00468990894428,190.084006811,0.0124881398104,327.551755093,0.0,6.698212336596034,355.64516129,65.31522013703282,0.413089044707,259.166278858,41.3222484515,3.29784683887,0.391119565464,6.8072734368780985,355.64516129,65.31522013703282,0.413089044707,259.166278858,41.3222484515,3.29784683887,0.391119565464,6.8072734368780985,0.10906110028206406,0.284422636032,0.0808962360024,0.545011341572,0.0,0.0637791454792,0.99531006813,116.484054565,independent_low_interferer
S066,20992,0.476009070295,stable_synthetic,interference_349_120_20,development,improvement,other,correct,349.2300065923182,116.35883905,45.9729274036183,0.00467834402403,190.097530442,0.0894539219066,327.558520319,0.0,6.734944272597454,352.8,65.17616444574598,0.41349858187,305.034472176,85.6273899564,33.0314725846,0.315196490542,7.872337011154373,352.8,65.17616444574598,0.41349858187,305.034472176,85.6273899564,33.0314725846,0.315196490542,7.872337011154373,1.137392738556919,0.277588874102,0.077055580914,0.564533054829,0.0,0.0627459436655,0.995321631432,116.495483398,independent_low_interferer
S066,21504,0.487619047619,stable_synthetic,interference_349_120_20,development,improvement,other,correct,349.2300065923182,116.35883905,45.9729274036183,0.00465108249234,190.098444689,0.0855401775081,327.559105293,0.0,6.733204595410154,352.8,65.17616444574598,0.421057637013,305.033924239,85.626610195,33.0311140044,0.318592971911,7.855920395153008,352.8,65.17616444574598,0.421057637013,305.033924239,85.626610195,33.0311140044,0.318592971911,7.855920395153008,1.1227157997428545,0.286398142576,0.0820238888264,0.583646178246,0.0,0.0821941718459,0.995348930359,116.482460022,independent_low_interferer
S066,22016,0.499229024943,stable_synthetic,interference_349_120_20,development,improvement,other,correct,349.2300065923182,116.35883905,45.9729274036183,0.00457224738082,190.084230496,0.0165740031209,327.550923462,0.0,6.700461871113456,352.8,65.17616444574598,0.42305479669,305.025554791,85.6269858209,33.030698728,0.326602322661,7.848869949047138,352.8,65.17616444574598,0.42305479669,305.025554791,85.6269858209,33.030698728,0.326602322661,7.848869949047138,1.1484080779336825,0.289958924055,0.0840761810541,0.582292258739,0.0,0.0792912095785,0.995427727699,116.488098145,independent_low_interferer
S066,22528,0.510839002268,stable_synthetic,interference_349_120_20,development,improvement,other,correct,349.2300065923182,116.35883905,45.9729274036183,0.00468146282687,190.100543243,0.0937351808109,327.560903373,0.0,6.736916627900867,352.8,65.17616444574598,0.41756803207,305.036025834,85.6264890105,33.0301579361,0.316403836043,7.863729541959515,352.8,65.17616444574598,0.41756803207,305.036025834,85.6264890105,33.0301579361,0.316403836043,7.863729541959515,1.1268129140586476,0.26278039813,0.0690535381436,0.582285225391,0.0,0.071587100625,0.99531853199,116.490821838,independent_low_interferer
S066,23040,0.522448979592,stable_synthetic,interference_349_120_20,development,improvement,other,correct,349.2300065923182,116.35883905,45.9729274036183,0.00470701959581,190.094756424,0.0804031789724,327.558420328,0.0,6.730701180877208,352.8,65.17616444574598,0.413681916371,305.033423553,85.6256221722,33.0298086957,0.315083741453,7.871987354523901,352.8,65.17616444574598,0.413681916371,305.033423553,85.6256221722,33.0298086957,0.315083741453,7.871987354523901,1.1412861736466926,0.293296694756,0.0860229432583,0.583571076393,0.0,0.0701693892479,0.995292961597,116.489425659,independent_low_interferer
S066,23552,0.534058956916,stable_synthetic,interference_349_120_20,development,improvement,other,correct,349.2300065923182,116.35883905,45.9729274036183,0.00467823990043,190.084048906,0.0174492365609,327.552908534,0.0,6.700680742933534,355.64516129,65.31522013703282,0.417348099391,259.166157976,41.3171387079,3.2997936523,0.392243472586,6.798403915335939,355.64516129,65.31522013703282,0.417348099391,259.166157976,41.3171387079,3.2997936523,0.392243472586,6.798403915335939,0.09772317240240458,0.282353460789,0.0797234773636,0.578046023846,0.0,0.0860382393003,0.995321750641,116.485939026,independent_low_interferer
S066,24064,0.54566893424,stable_synthetic,interference_349_120_20,development,improvement,other,correct,349.2300065923182,116.35883905,45.9729274036183,0.00463767839493,190.101544047,0.0960220195519,327.562019233,0.0,6.738054617620926,352.8,65.17616444574598,0.423668623688,305.036192824,85.6256299971,33.0294116889,0.319150001563,7.850476494475384,352.8,65.17616444574598,0.423668623688,305.036192824,85.6256299971,33.0294116889,0.319150001563,7.850476494475384,1.1124218768544578,0.274348765612,0.0752672478557,0.545288562775,0.0,0.075731113553,0.995362341404,116.495063782,independent_low_interferer
S066,24576,0.557278911565,stable_synthetic,interference_349_120_20,development,improvement,other,correct,349.2300065923182,116.35883905,45.9729274036183,0.00462616355587,190.095622949,0.0790957143428,327.558805734,0.0,6.730262272499325,352.8,65.17616444574598,0.423434241401,305.032609634,85.6249700294,33.0292506818,0.321223720999,7.8501431696479465,352.8,65.17616444574598,0.423434241401,305.032609634,85.6249700294,33.0292506818,0.321223720999,7.8501431696479465,1.1198808971486214,0.291655689478,0.0850630328059,0.541631579399,0.0,0.0569798648357,0.9953738451,116.486885071,independent_low_interferer
S066,25088,0.568888888889,stable_synthetic,interference_349_120_20,development,improvement,other,correct,349.2300065923182,116.35883905,45.9729274036183,0.00470041749606,190.084738169,0.0228077707488,327.554116644,0.0,6.703267321719053,355.64516129,65.31522013703282,0.418412359876,259.165377476,41.3158133917,3.29959391783,0.391949289862,6.796350783249058,355.64516129,65.31522013703282,0.418412359876,259.165377476,41.3158133917,3.29959391783,0.391949289862,6.796350783249058,0.09308346153000535,0.276368319988,0.0763794481754,0.562221586704,0.0,0.0579427219927,0.995299577713,116.487342834,independent_low_interferer
S066,25600,0.580498866213,stable_synthetic,interference_349_120_20,development,improvement,other,correct,349.2300065923182,116.35883905,45.9729274036183,0.00471779639243,190.09947552,0.0955465208895,327.561470667,0.0,6.7376661726560645,352.8,65.17616444574598,0.4137417576,305.036309903,85.6252456832,33.0293112551,0.313806935087,7.872356958550413,352.8,65.17616444574598,0.4137417576,305.036309903,85.6252456832,33.0293112551,0.313806935087,7.872356958550413,1.1346907858943487,0.279781848192,0.0782778859138,0.583159208298,0.0,0.0686242282391,0.995282232761,116.495254517,independent_low_interferer
S066,26112,0.592108843537,stable_synthetic,interference_349_120_20,development,improvement,other,correct,349.2300065923182,116.35883905,45.9729274036183,0.00468338153068,190.095155532,0.0764518963647,327.558950674,0.0,6.728918982215829,352.8,65.17616444574598,0.419972594432,305.032496138,85.625808612,33.0294988312,0.31875326923,7.858008541672701,352.8,65.17616444574598,0.419972594432,305.032496138,85.625808612,33.0294988312,0.31875326923,7.858008541672701,1.1290895594568724,0.291386514902,0.0849060937762,0.582993149757,0.0,0.0585303381085,0.995316624641,116.484695435,independent_low_interferer
S066,26624,0.603718820862,stable_synthetic,interference_349_120_20,development,improvement,other,correct,349.2300065923182,116.35883905,45.9729274036183,0.00457621671634,190.085181388,0.0270400391305,327.552054607,0.0,6.7055811511114545,355.64516129,65.31522013703282,0.423292763186,259.167138385,41.3179359244,3.29963182147,0.396556276205,6.784971891923748,355.64516129,65.31522013703282,0.423292763186,259.167138385,41.3179359244,3.29963182147,0.396556276205,6.784971891923748,0.07939074081229336,0.290452361107,0.0843625813723,0.581447780132,0.0,0.110089786351,0.995423793793,116.493270874,independent_low_interferer
S066,27136,0.615328798186,stable_synthetic,interference_349_120_20,development,improvement,other,correct,349.2300065923182,116.35883905,45.9729274036183,0.00466095572264,190.102812165,0.0989549733883,327.561984854,0.0,6.739350885066576,352.8,65.17616444574598,0.42097737806,305.037204919,85.6261681397,33.0301271135,0.316631576685,7.856826130688013,352.8,65.17616444574598,0.42097737806,305.037204919,85.6261681397,33.0301271135,0.316631576685,7.856826130688013,1.1174752456214367,0.262360692024,0.0688331350684,0.583730578423,0.0,0.0761927962303,0.995339035988,116.489570618,independent_low_interferer
S066,27648,0.62693877551,stable_synthetic,interference_349_120_20,development,improvement,other,correct,349.2300065923182,116.35883905,45.9729274036183,0.00468392970576,190.09212454,0.0708462174928,327.556111879,0.0,6.726289285416279,352.8,65.17616444574598,0.413292644482,305.031468873,85.6269874249,33.0306541225,0.317550606616,7.871836568877886,352.8,65.17616444574598,0.413292644482,305.031468873,85.6269874249,33.0306541225,0.317550606616,7.871836568877886,1.1455472834616076,0.299866050482,0.0899196490645,0.579340696335,0.0,0.0673139840364,0.9953160882,116.486450195,independent_low_interferer
S066,28160,0.638548752834,stable_synthetic,interference_349_120_20,development,improvement,other,correct,349.2300065923182,116.35883905,45.9729274036183,0.00469245054472,190.084908572,0.029707562692,327.552378408,0.0,6.706644464884419,355.64516129,65.31522013703282,0.414461292439,259.167170612,41.3206863889,3.29870563736,0.392052756817,6.804228566737455,355.64516129,65.31522013703282,0.414461292439,259.167170612,41.3206863889,3.29870563736,0.392052756817,6.804228566737455,0.09758410185303656,0.27649885416,0.0764516219497,0.548568964005,0.0,0.0737376511097,0.995307564735,116.487854004,independent_low_interferer
S066,28672,0.650158730159,stable_synthetic,interference_349_120_20,development,improvement,other,correct,349.2300065923182,116.35883905,45.9729274036183,0.0046355174667,190.102617829,0.0994044183443,327.560918612,0.0,6.739604378989751,352.8,65.17616444574598,0.419803280555,305.036618786,85.6268710217,33.031565068,0.316895702281,7.859086737567723,352.8,65.17616444574598,0.419803280555,305.036618786,85.6268710217,33.031565068,0.316895702281,7.859086737567723,1.1194823585779723,0.280497997999,0.0786791294813,0.538107991219,0.0,0.10000513494,0.995364487171,116.494873047,independent_low_interferer
S066,29184,0.661768707483,stable_synthetic,interference_349_120_20,development,improvement,other,correct,349.2300065923182,116.35883905,45.9729274036183,0.00458585975737,190.093076922,0.0687705478522,327.555310315,0.0,6.725519686157046,352.8,65.17616444574598,0.422240842799,305.030149004,85.6276777916,33.0317229961,0.323024961948,7.851874525810366,352.8,65.17616444574598,0.422240842799,305.030149004,85.6276777916,33.0317229961,0.323024961948,7.851874525810366,1.1263548396533203,0.293130844831,0.0859256908298,0.574852645397,0.0,0.0792540237308,0.99541413784,116.482063293,independent_low_interferer
S066,29696,0.673378684807,stable_synthetic,interference_349_120_20,development,improvement,other,correct,349.2300065923182,116.35883905,45.9729274036183,0.00464356163311,190.086683305,0.0366581188731,327.552660834,0.0,6.710115420141627,355.64516129,65.31522013703282,0.417324692326,259.166840061,41.322290756,3.29780019991,0.394863947756,6.797458077431111,355.64516129,65.31522013703282,0.417324692326,259.166840061,41.322290756,3.29780019991,0.394863947756,6.797458077431111,0.08734265728948376,0.279131412506,0.0779143497348,0.582503795624,0.0,0.0402071550488,0.995356440544,116.487266541,independent_low_interferer
S066,30208,0.684988662132,stable_synthetic,interference_349_120_20,development,improvement,other,correct,349.2300065923182,116.35883905,45.9729274036183,0.00469812073647,190.100739835,0.0987630287457,327.560391796,0.0,6.739177160616439,352.8,65.17616444574598,0.412121917363,305.036548971,85.6271910425,33.031628257,0.31275891339,7.876024678559076,352.8,65.17616444574598,0.412121917363,305.036548971,85.6271910425,33.031628257,0.31275891339,7.876024678559076,1.1368475179426367,0.276103675365,0.0762332454324,0.583529233932,0.0,0.0654785484076,0.995301902294,116.493118286,independent_low_interferer
S066,30720,0.696598639456,stable_synthetic,interference_349_120_20,development,improvement,other,correct,349.2300065923182,116.35883905,45.9729274036183,0.00469259475905,190.091836845,0.0646067835158,327.556019214,0.0,6.723348539392448,355.64516129,65.31522013703282,0.416038241155,259.168270365,41.3210272815,3.29852641104,0.397039451133,6.79928457110337,355.64516129,65.31522013703282,0.416038241155,259.168270365,41.3210272815,3.29852641104,0.397039451133,6.79928457110337,0.07593603171092234,0.291271328926,0.0848389938474,0.580446481705,0.0,0.0668307170272,0.995307385921,116.481193542,independent_low_interferer
S066,31232,0.70820861678,stable_synthetic,interference_349_120_20,development,improvement,other,correct,349.2300065923182,116.35883905,45.9729274036183,0.00458261761489,190.086601356,0.0403974118598,327.552143577,0.0,6.7120367731927,352.8,65.17616444574598,0.421806051769,305.027086482,85.6272566248,33.0308166178,0.32525261269,7.851883841377415,352.8,65.17616444574598,0.421806051769,305.027086482,85.6272566248,33.0308166178,0.32525261269,7.851883841377415,1.1398470681847144,0.285681992769,0.0816142037511,0.583914518356,0.0,0.0762356966734,0.995417356491,116.492424011,independent_low_interferer
S066,31744,0.719818594104,stable_synthetic,interference_349_120_20,development,improvement,other,correct,349.2300065923182,116.35883905,45.9729274036183,0.00464315964859,190.104473607,0.102310569453,327.562513101,0.0,6.7409199683011485,352.8,65.17616444574598,0.422305287272,305.037880436,85.6264336733,33.0302818748,0.317588992353,7.853811736014561,352.8,65.17616444574598,0.422305287272,305.037880436,85.6264336733,33.0302818748,0.317588992353,7.853811736014561,1.1128917677134122,0.267282068729,0.0714396983385,0.569374740124,0.0,0.0700529515743,0.995356857777,116.489143372,independent_low_interferer
S066,32256,0.731428571429,stable_synthetic,interference_349_120_20,development,improvement,other,correct,349.2300065923182,116.35883905,45.9729274036183,0.00466058296393,190.08939971,0.0590095080602,327.55503155,0.0,6.720763323289355,352.8,65.17616444574598,0.416452449161,305.029794903,85.6256700417,33.0299729001,0.319254471924,7.86485269559629,352.8,65.17616444574598,0.416452449161,305.029794903,85.6256700417,33.0299729001,0.319254471924,7.86485269559629,1.1440893723069347,0.294843912125,0.0869329348207,0.551700949669,0.0,0.106460645795,0.995339393616,116.486534119,independent_low_interferer
S066,32768,0.743038548753,stable_synthetic,interference_349_120_20,development,improvement,other,correct,349.2300065923182,116.35883905,45.9729274036183,0.00471890838068,190.08681893,0.0438359942002,327.554694106,0.0,6.713417079247503,355.64516129,65.31522013703282,0.41405398359,259.166895326,41.3174834339,3.29978420082,0.392923420364,6.8047543728666495,355.64516129,65.31522013703282,0.41405398359,259.166895326,41.3174834339,3.29978420082,0.392923420364,6.8047543728666495,0.09133729361914611,0.27250534296,0.0742591693997,0.53444224596,0.0,0.0669396966696,0.995281100273,116.487380981,independent_low_interferer
S066,33280,0.754648526077,stable_synthetic,interference_349_120_20,development,improvement,other,correct,349.2300065923182,116.35883905,45.9729274036183,0.0046791112736,190.10280987,0.101649556902,327.562915764,0.0,6.740539745106888,352.8,65.17616444574598,0.418900976241,305.037650901,85.6256383099,33.0294189917,0.315739856471,7.861310882915081,352.8,65.17616444574598,0.418900976241,305.037650901,85.6256383099,33.0294189917,0.315739856471,7.861310882915081,1.1207711378081928,0.281862646341,0.0794465467334,0.573102235794,0.0,0.0602661445737,0.995320916176,116.496002197,independent_low_interferer
S066,33792,0.766258503401,stable_synthetic,interference_349_120_20,development,improvement,other,correct,349.2300065923182,116.35883905,45.9729274036183,0.00461300444215,190.090503835,0.0575479014521,327.55602894,0.0,6.720174458729633,355.64516129,65.31522013703282,0.425163818516,259.16697713,41.3160435061,3.29965865114,0.399749896804,6.780066275465547,355.64516129,65.31522013703282,0.425163818516,259.16697713,41.3160435061,3.29965865114,0.399749896804,6.780066275465547,0.05989181673591393,0.292834401131,0.0857519805431,0.581877350807,0.0,0.103155955672,0.995387017727,116.485206604,independent_low_interferer
S066,34304,0.777868480726,stable_synthetic,interference_349_120_20,development,improvement,other,correct,349.2300065923182,116.35883905,45.9729274036183,0.00464889061231,190.088991556,0.0502241831262,327.555802127,0.0,6.7166199604962475,355.64516129,65.31522013703282,0.422989258892,259.166302307,41.3158282041,3.29959276307,0.397207239185,6.785315506073343,355.64516129,65.31522013703282,0.422989258892,259.166302307,41.3158282041,3.29959276307,0.397207239185,6.785315506073343,0.06869554557709545,0.272193431854,0.0740892589092,0.583899796009,0.0,0.0321054905653,0.995351135731,116.490142822,independent_low_interferer
S066,34816,0.78947845805,stable_synthetic,interference_349_120_20,development,improvement,other,correct,349.2300065923182,116.35883905,45.9729274036183,0.00471288627016,190.101717065,0.101009434578,327.562712356,0.0,6.740175708456263,352.8,65.17616444574598,0.414833625557,305.037521075,85.6254048586,33.0293323616,0.3137193449,7.870211589664773,352.8,65.17616444574598,0.414833625557,305.037521075,85.6254048586,33.0293323616,0.3137193449,7.870211589664773,1.13003588120851,0.281123042107,0.0790301710367,0.579282462597,0.0,0.0579082034528,0.995287120342,116.492530823,independent_low_interferer
S066,35328,0.801088435374,stable_synthetic,interference_349_120_20,development,improvement,other,correct,349.2300065923182,116.35883905,45.9729274036183,0.00472287077022,190.088703386,0.0523675133278,327.556056489,0.0,6.717490061413204,355.64516129,65.31522013703282,0.415937575765,259.166764024,41.316828798,3.29978191369,0.394284521733,6.800490477286812,355.64516129,65.31522013703282,0.415937575765,259.166764024,41.316828798,3.29978191369,0.394284521733,6.800490477286812,0.08300041587360774,0.291392922401,0.0849098414183,0.583929955959,0.0,0.0769922062755,0.995277106762,116.484619141,independent_low_interferer
S066,35840,0.812698412698,stable_synthetic,interference_349_120_20,development,improvement,other,correct,349.2300065923182,116.35883905,45.9729274036183,0.00461508951139,190.088513158,0.0524044359005,327.554279115,0.0,6.717720818332944,352.8,65.17616444574598,0.420726116676,305.02872001,85.6252515744,33.0296725251,0.322584866735,7.8550365905476776,352.8,65.17616444574598,0.420726116676,305.02872001,85.6252515744,33.0296725251,0.322584866735,7.8550365905476776,1.1373157722147331,0.285051763058,0.081254504621,0.571253359318,0.0,0.0975153446198,0.995384931564,116.495643616,independent_low_interferer
S066,36352,0.824308390023,stable_synthetic,interference_349_120_20,development,improvement,other,correct,349.2300065923182,116.35883905,45.9729274036183,0.00463458595413,190.104909969,0.103148425111,327.562938543,0.0,6.741319623598814,352.8,65.17616444574598,0.423742889635,305.038097146,85.6262471784,33.0299784327,0.318051499482,7.850758451879463,352.8,65.17616444574598,0.423742889635,305.038097146,85.6262471784,33.0299784327,0.318051499482,7.850758451879463,1.1094388282806484,0.272254109383,0.0741222947836,0.554682910442,0.0,0.0709634572268,0.995365440845,116.48727417,independent_low_interferer
S066,36864,0.835918367347,stable_synthetic,interference_349_120_20,development,improvement,other,correct,349.2300065923182,116.35883905,45.9729274036183,0.00462554046754,190.087344547,0.047347648398,327.553133269,0.0,6.715284645953228,352.8,65.17616444574598,0.417737800308,305.028077423,85.626864616,33.0305465502,0.32246211706,7.861073262232029,352.8,65.17616444574598,0.417737800308,305.028077423,85.626864616,33.0305465502,0.32246211706,7.861073262232029,1.145788616278801,0.300746560097,0.0904484987259,0.554372549057,0.0,0.0979748815298,0.995374441147,116.487098694,independent_low_interferer
S066,37376,0.847528344671,stable_synthetic,interference_349_120_20,development,improvement,other,correct,349.2300065923182,116.35883905,45.9729274036183,0.00471673577219,190.089326926,0.0565137797726,327.555020167,0.0,6.719470906083169,355.64516129,65.31522013703282,0.413847737794,259.168118006,41.3203274189,3.29884696042,0.394407547274,6.804618211928807,355.64516129,65.31522013703282,0.413847737794,259.168118006,41.3203274189,3.29884696042,0.394407547274,6.804618211928807,0.08514730584563779,0.263598293066,0.0694840550423,0.571189582348,0.0,0.0793342515826,0.99528324604,116.490036011,independent_low_interferer
S071,11264,0.255419501134,stable_synthetic,interference_349_180_10,development,regression,correct,down,349.2300065923182,350.0,65.03821677969204,0.148336556805,326.517370004,113.152652467,63.5978033014,88.9198192476,6.65622219633055,175.0,53.03821677969203,0.00178495051841,88.9198192476,326.517370004,0.0233184438354,0.0474962673615,7.373680296876144,350.0,65.03821677969204,0.148336556805,326.517370004,113.152652467,63.5978033014,88.9198192476,6.65622219633055,0.7174581005455947,0.255058199167,0.0650546848774,0.471787780523,0.0,0.0294898916036,0.851663470268,349.554077148,independent_low_interferer
S071,11776,0.267029478458,stable_synthetic,interference_349_180_10,development,regression,correct,down,349.2300065923182,350.0,65.03821677969204,0.148489242545,326.518410666,113.153334144,63.5979505049,88.9178809611,6.655934335743358,175.0,53.03821677969203,0.00179610385358,88.9178809611,326.518410666,0.0228175612731,0.0474664568155,7.373529855409278,350.0,65.03821677969204,0.148489242545,326.518410666,113.153334144,63.5979505049,88.9178809611,6.655934335743358,0.7175955196659203,0.255473285913,0.0652666017413,0.447380125523,0.0,0.0321448110044,0.851510763168,349.625274658,independent_low_interferer
S071,19456,0.441179138322,stable_synthetic,interference_349_180_10,development,regression,correct,down,349.2300065923182,350.0,65.03821677969204,0.149908747698,326.5214412,113.152711219,63.597835984,88.9098022151,6.653146331671353,175.0,53.03821677969203,0.00179821186882,88.9098022151,326.5214412,0.0233139767439,0.050363236241,7.3721808751372855,350.0,65.03821677969204,0.149908747698,326.5214412,113.152711219,63.597835984,88.9098022151,6.653146331671353,0.7190345434659324,0.258849650621,0.0670031383634,0.475444197655,0.0,0.0318246521056,0.850091278553,174.675964355,independent_low_interferer
S071,19968,0.452789115646,stable_synthetic,interference_349_180_10,development,regression,correct,down,349.2300065923182,350.0,65.03821677969204,0.148684846619,326.520308526,113.152280915,63.5977350824,88.9120865827,6.655575696725448,175.0,53.03821677969203,0.0017965197608,88.9120865827,326.520308526,0.0235867369543,0.0509006967418,7.372018785174038,350.0,65.03821677969204,0.148684846619,326.520308526,113.152280915,63.5977350824,88.9120865827,6.655575696725448,0.7164430884485906,0.256859540939,0.0659768208861,0.453449040651,0.0,0.0195962879807,0.851315140724,349.930847168,independent_low_interferer
S071,20480,0.464399092971,stable_synthetic,interference_349_180_10,development,regression,correct,down,349.2300065923182,350.0,65.03821677969204,0.149094402328,326.519334946,113.152382412,63.5977118099,88.9143688622,6.654741275658246,175.0,53.03821677969203,0.00178249473858,88.9143688622,326.519334946,0.0233994656361,0.0506745774085,7.372132584043163,350.0,65.03821677969204,0.149094402328,326.519334946,113.152382412,63.5977118099,88.9143688622,6.654741275658246,0.7173913083849168,0.25544705987,0.0652532055974,0.441285461187,0.0,0.0269352216274,0.85090559721,349.820709229,independent_low_interferer
S071,22528,0.510839002268,stable_synthetic,interference_349_180_10,development,regression,correct,down,349.2300065923182,350.0,65.03821677969204,0.148304785653,326.51649056,113.155772581,63.5986521412,88.9242413697,6.656275416098815,175.0,53.03821677969203,0.00176138574931,88.9242413697,326.51649056,0.0202723773156,0.0441511935384,7.374629241995173,350.0,65.03821677969204,0.148304785653,326.51649056,113.155772581,63.5986521412,88.9242413697,6.656275416098815,0.718353825896358,0.255335360765,0.0651961490512,0.483655035496,0.0,0.0397477969527,0.851695239544,174.686340332,independent_low_interferer
S071,23040,0.522448979592,stable_synthetic,interference_349_180_10,development,regression,correct,down,349.2300065923182,350.0,65.03821677969204,0.148015610217,326.516414201,113.156856874,63.5990804649,88.925170174,6.656854776268525,175.0,53.03821677969203,0.00175842318035,88.925170174,326.516414201,0.0193435142973,0.044064011545,7.374459423379854,350.0,65.03821677969204,0.148015610217,326.516414201,113.156856874,63.5990804649,88.925170174,6.656854776268525,0.7176046471113287,0.255219340324,0.0651369169354,0.483598023653,0.0,0.0475437305868,0.851984381676,349.751342773,independent_low_interferer
S071,23552,0.534058956916,stable_synthetic,interference_349_180_10,development,regression,correct,down,349.2300065923182,350.0,65.03821677969204,0.14948806373,326.516700757,113.15784522,63.59952144,88.9250430236,6.653917486612167,175.0,53.03821677969203,0.00175262489313,88.9250430236,326.516700757,0.0185038997677,0.0442140043293,7.374192212141143,350.0,65.03821677969204,0.14948806373,326.516700757,113.15784522,63.59952144,88.9250430236,6.653917486612167,0.7202747255289754,0.254857450724,0.0649523139,0.47305136919,0.0,0.0381740480661,0.850511908531,349.749694824,independent_low_interferer
S071,25600,0.580498866213,stable_synthetic,interference_349_180_10,development,regression,correct,down,349.2300065923182,350.0,65.03821677969204,0.149101158947,326.518767887,113.158623978,63.5998734212,88.9203722634,6.654728351689105,175.0,53.03821677969203,0.00177653230243,88.9203722634,326.518767887,0.0180163937936,0.0470181279992,7.372635023947139,350.0,65.03821677969204,0.149101158947,326.518767887,113.158623978,63.5998734212,88.9203722634,6.654728351689105,0.7179066722580343,0.25507068634,0.0650610476732,0.483152836561,0.0,0.0381249003112,0.850898861885,174.688522339,independent_low_interferer
S071,26112,0.592108843537,stable_synthetic,interference_349_180_10,development,regression,correct,down,349.2300065923182,350.0,65.03821677969204,0.149206118242,326.519354046,113.157816022,63.5995632038,88.9184688012,6.654526067767584,175.0,53.03821677969203,0.00177500223035,88.9184688012,326.519354046,0.0186423883381,0.0469864554543,7.372786617500379,350.0,65.03821677969204,0.149206118242,326.519354046,113.157816022,63.5995632038,88.9184688012,6.654526067767584,0.7182605497327952,0.257354170084,0.0662311762571,0.483934104443,0.0,0.043815292418,0.850793898106,349.744262695,independent_low_interferer
S071,28672,0.650158730159,stable_synthetic,interference_349_180_10,development,regression,correct,down,349.2300065923182,350.0,65.03821677969204,0.149613319388,326.52362922,113.15277315,63.5977975437,88.9035859459,6.653778561974148,175.0,53.03821677969203,0.00180206299517,88.9035859459,326.52362922,0.0229853925736,0.0555802514483,7.3695497976484114,350.0,65.03821677969204,0.149613319388,326.52362922,113.15277315,63.5977975437,88.9035859459,6.653778561974148,0.7157712356742634,0.25524815917,0.0651516243815,0.449805825949,0.0,0.0501624271274,0.850386679173,174.683731079,independent_low_interferer
S071,34304,0.777868480726,stable_synthetic,interference_349_180_10,development,regression,correct,down,349.2300065923182,350.0,65.03821677969204,0.149901797122,326.52276931,113.159330269,63.5999703139,88.9108186146,6.65319588672511,175.0,53.03821677969203,0.00179703791932,88.9108186146,326.52276931,0.0177653616066,0.0517867177944,7.3701601610580365,350.0,65.03821677969204,0.149901797122,326.52276931,113.159330269,63.5999703139,88.9108186146,6.65319588672511,0.7169642743329261,0.255442261696,0.0652507469058,0.484100699425,0.0,0.0241260696203,0.850098192692,174.681243896,independent_low_interferer
S071,36352,0.824308390023,stable_synthetic,interference_349_180_10,development,regression,correct,down,349.2300065923182,350.0,65.03821677969204,0.14991793853,326.517586207,113.156464639,63.5988074761,88.9220412534,6.653068321317285,175.0,53.03821677969203,0.00175209310629,88.9220412534,326.517586207,0.0198548056366,0.0449272373339,7.37415121704842,350.0,65.03821677969204,0.14991793853,326.517586207,113.156464639,63.5988074761,88.9220412534,6.653068321317285,0.7210828957311346,0.257867693901,0.0664957463741,0.451421260834,0.0,0.031583070755,0.850082039833,174.687744141,independent_low_interferer
S071,36864,0.835918367347,stable_synthetic,interference_349_180_10,development,regression,correct,down,349.2300065923182,350.0,65.03821677969204,0.148179423253,326.516501143,113.155384996,63.5984363404,88.9241181823,6.6565243253845106,175.0,53.03821677969203,0.00177273683215,88.9241181823,326.516501143,0.0208728800512,0.0442283644736,7.374715333005607,350.0,65.03821677969204,0.148179423253,326.516501143,113.155384996,63.5984363404,88.9241181823,6.6565243253845106,0.7181910076210967,0.256689995527,0.0658897534013,0.443554222584,0.0,0.0182540863752,0.851820588112,349.647460938,independent_low_interferer
S071,37376,0.847528344671,stable_synthetic,interference_349_180_10,development,regression,correct,down,349.2300065923182,350.0,65.03821677969204,0.147919273378,326.515787758,113.154313711,63.598155913,88.9251198069,6.657031100202554,175.0,53.03821677969203,0.00178135481649,88.9251198069,326.515787758,0.0218369133157,0.0441724655654,7.374970882049505,350.0,65.03821677969204,0.147919273378,326.515787758,113.154313711,63.598155913,88.9251198069,6.657031100202554,0.7179397818469511,0.256094068289,0.0655841752887,0.469410032034,0.0,0.0348600931466,0.852080702782,349.666168213,independent_low_interferer
S075,11264,0.255419501134,stable_synthetic,interference_440_120_20,development,improvement,other,correct,440.0,146.511627907,49.96213974057735,0.135287456254,5.19458913111,0.0383528852273,327.204230476,0.0,3.0203281415725423,445.454545455,69.21329642075338,0.320217503545,276.866400174,56.2148439176,10.4671169382,0.0800959132693,7.581458065871718,445.454545455,69.21329642075338,0.320217503545,276.866400174,56.2148439176,10.4671169382,0.0800959132693,7.581458065871718,2.8378833048898837,0.288594990969,0.0832870602608,0.580190062523,0.0,0.0678775161505,0.864712536335,146.340301514,independent_low_interferer
S075,11776,0.267029478458,stable_synthetic,interference_440_120_20,development,improvement,other,correct,440.0,146.511627907,49.96213974057735,0.133489311955,5.19538267231,0.039192502396,327.205112203,0.0,3.0244573349563995,445.454545455,69.21329642075338,0.325605253729,276.866793337,56.2144478581,10.4671190851,0.0782627316108,7.571529906890401,445.454545455,69.21329642075338,0.325605253729,276.866793337,56.2144478581,10.4671190851,0.0782627316108,7.571529906890401,2.829185755805544,0.285037338734,0.0812462866306,0.577576518059,0.0,0.0451990701258,0.866510689259,146.315795898,independent_low_interferer
S075,12288,0.278639455782,stable_synthetic,interference_440_120_20,development,improvement,other,correct,440.0,146.511627907,49.96213974057735,0.132701750157,5.19405142421,0.0326914361976,327.208403963,0.0,3.0226822991164415,445.454545455,69.21329642075338,0.328797126061,276.864098165,56.2139691412,10.4672723304,0.0703623123349,7.568812601729177,445.454545455,69.21329642075338,0.328797126061,276.864098165,56.2139691412,10.4672723304,0.0703623123349,7.568812601729177,2.83656937986923,0.276420384645,0.0764082297683,0.580685138702,0.0,0.119021013379,0.86729824543,146.317153931,independent_low_interferer
S075,12800,0.290249433107,stable_synthetic,interference_440_120_20,development,improvement,other,correct,440.0,146.511627907,49.96213974057735,0.13340922631,5.19422348016,0.0382251071166,327.206140369,0.0,3.023965494027284,445.454545455,69.21329642075338,0.32704232825,276.866864184,56.2137878336,10.4675691121,0.0755623570232,7.569913814113395,445.454545455,69.21329642075338,0.32704232825,276.866864184,56.2137878336,10.4675691121,0.0755623570232,7.569913814113395,2.8303970275445387,0.281103461981,0.079019151628,0.577149391174,0.0,0.0732513442636,0.866590797901,146.374893188,independent_low_interferer
S075,13312,0.301859410431,stable_synthetic,interference_440_120_20,development,improvement,other,correct,440.0,146.511627907,49.96213974057735,0.13491013467,5.19559316497,0.0394076934442,327.204052698,0.0,3.0217523845417653,445.454545455,69.21329642075338,0.319578610945,276.867693931,56.2137405414,10.4677481961,0.0814250879748,7.5821297008571635,445.454545455,69.21329642075338,0.319578610945,276.867693931,56.2137405414,10.4677481961,0.0814250879748,7.5821297008571635,2.8366974698697547,0.293117702007,0.0859179869294,0.580190062523,0.0,0.0745043456554,0.865089893341,146.314178467,independent_low_interferer
S075,13824,0.313469387755,stable_synthetic,interference_440_120_20,development,improvement,other,correct,440.0,146.511627907,49.96213974057735,0.135839763267,5.18971193374,0.0367775299192,327.207039116,0.0,3.0176788651609607,445.454545455,69.21329642075338,0.324420796163,276.866178757,56.2137629735,10.4675382877,0.0717255152154,7.576940355784312,445.454545455,69.21329642075338,0.324420796163,276.866178757,56.2137629735,10.4675382877,0.0717255152154,7.576940355784312,2.842240323548781,0.27753791213,0.0770272985101,0.577576518059,0.0,0.107983678579,0.864160239697,146.287628174,independent_low_interferer
S075,14336,0.325079365079,stable_synthetic,interference_440_120_20,development,improvement,other,correct,440.0,146.511627907,49.96213974057735,0.133502163945,5.19328743038,0.0332685251826,327.208012982,0.0,3.0212371550973853,445.454545455,69.21329642075338,0.3273134912,276.864307339,56.2140432282,10.4672234609,0.0710774469798,7.571446255880312,445.454545455,69.21329642075338,0.3273134912,276.864307339,56.2140432282,10.4672234609,0.0710774469798,7.571446255880312,2.838381429920279,0.283824771643,0.0805564969778,0.580685138702,0.0,0.0987542495131,0.866497814655,146.324417114,independent_low_interferer
S075,14848,0.336689342404,stable_synthetic,interference_440_120_20,development,improvement,other,correct,440.0,146.511627907,49.96213974057735,0.131632390587,5.19903395742,0.0402387126889,327.204363326,0.0,3.0292629128619013,445.454545455,69.21329642075338,0.32751285627,276.867262815,56.2145036269,10.4670968435,0.0811602575302,7.566374587419591,445.454545455,69.21329642075338,0.32751285627,276.867262815,56.2145036269,10.4670968435,0.0811602575302,7.566374587419591,2.8206114171438372,0.285213381052,0.081346668303,0.577149391174,0.0,0.0724059715867,0.868367612362,146.369567871,independent_low_interferer
S075,15360,0.348299319728,stable_synthetic,interference_440_120_20,development,improvement,other,correct,440.0,146.511627907,49.96213974057735,0.133806856176,5.19585815043,0.0374411668528,327.204890465,0.0,3.0230554684943045,445.454545455,69.21329642075338,0.323061832296,276.865926043,56.2149184771,10.4671330199,0.078873261445,7.5763350170553245,445.454545455,69.21329642075338,0.323061832296,276.865926043,56.2149184771,10.4671330199,0.078873261445,7.5763350170553245,2.8338727393471093,0.286324858665,0.0819819271564,0.580190062523,0.0,0.0717563182116,0.866193115711,146.311538696,independent_low_interferer
S075,15872,0.359909297052,stable_synthetic,interference_440_120_20,development,improvement,other,correct,440.0,146.511627907,49.96213974057735,0.136568168964,5.18682550668,0.0345449356369,327.20783469,0.0,3.014678364679011,445.454545455,69.21329642075338,0.323101329049,276.864604591,56.2150326075,10.467107678,0.0675155206599,7.58154332012662,445.454545455,69.21329642075338,0.323101329049,276.864604591,56.2150326075,10.467107678,0.0675155206599,7.58154332012662,2.8520225276706457,0.271713972092,0.0738284885883,0.577576518059,0.0,0.059120696038,0.863431811333,146.32585144,independent_low_interferer
S075,16384,0.371519274376,stable_synthetic,interference_440_120_20,development,improvement,other,correct,440.0,146.511627907,49.96213974057735,0.134578811723,5.19341067601,0.035731709308,327.206202513,0.0,3.020292899735469,445.454545455,69.21329642075338,0.323141383604,276.865189559,56.2148696879,10.4670722335,0.0753143279801,7.577823613904004,445.454545455,69.21329642075338,0.323141383604,276.865189559,56.2148696879,10.4670722335,0.0753143279801,7.577823613904004,2.8395401843733614,0.284556359053,0.0809723213315,0.580685138702,0.0,0.0955688729882,0.865421175957,146.343963623,independent_low_interferer
S075,16896,0.383129251701,stable_synthetic,interference_440_120_20,development,improvement,other,correct,440.0,146.511627907,49.96213974057735,0.131710501088,5.19958223335,0.0409845213324,327.204064115,0.0,3.029553256535457,445.454545455,69.21329642075338,0.327330563675,276.867818155,56.2142039709,10.4672273759,0.0824163449714,7.566160837544803,445.454545455,69.21329642075338,0.327330563675,276.867818155,56.2142039709,10.4672273759,0.0824163449714,7.566160837544803,2.819083726248418,0.288602501154,0.0832914039493,0.577149391174,0.0,0.0571042336524,0.868289470673,146.335128784,independent_low_interferer
S075,17408,0.394739229025,stable_synthetic,interference_440_120_20,development,improvement,other,correct,440.0,146.511627907,49.96213974057735,0.133164031376,5.19533927004,0.0350054643705,327.207086774,0.0,3.0230837619320856,445.454545455,69.21329642075338,0.327555560947,276.865364088,56.2135264569,10.4675079527,0.0742208695591,7.5695023432133475,445.454545455,69.21329642075338,0.327555560947,276.865364088,56.2135264569,10.4675079527,0.0742208695591,7.5695023432133475,2.832696762628145,0.279422968626,0.0780771896243,0.574578285217,0.0,0.106125593185,0.866835951805,146.298049927,independent_low_interferer
S075,17920,0.406349206349,stable_synthetic,interference_440_120_20,development,improvement,other,correct,440.0,146.511627907,49.96213974057735,0.135734878363,5.18868233617,0.0355168644577,327.207796734,0.0,3.0171145151602974,445.454545455,69.21329642075338,0.325319754831,276.86581252,56.2135004222,10.4676994296,0.0690539131194,7.576390297220662,445.454545455,69.21329642075338,0.325319754831,276.86581252,56.2135004222,10.4676994296,0.0690539131194,7.576390297220662,2.845065779293625,0.275414913893,0.0758533775806,0.580190062523,0.0,0.0741523876786,0.864265143871,146.363540649,independent_low_interferer
S075,18432,0.417959183673,stable_synthetic,interference_440_120_20,development,improvement,other,correct,440.0,146.511627907,49.96213974057735,0.135605245154,5.1943766694,0.038600498159,327.204651747,0.0,3.0197778054268754,445.454545455,69.21329642075338,0.320765230554,276.867173704,56.2136728536,10.467588771,0.0797818718936,7.5805108458376464,445.454545455,69.21329642075338,0.320765230554,276.867173704,56.2136728536,10.467588771,0.0797818718936,7.5805108458376464,2.837404243145981,0.291639268398,0.0850534588099,0.577576518059,0.0,0.0921378433704,0.864394783974,146.350845337,independent_low_interferer
S075,18944,0.429569160998,stable_synthetic,interference_440_120_20,development,improvement,other,correct,440.0,146.511627907,49.96213974057735,0.133491145803,5.19557188319,0.0395320101524,327.205122342,0.0,3.024647540183231,445.454545455,69.21329642075338,0.325340277584,276.867196305,56.2141925448,10.467315319,0.0786978216546,7.5718616419271,445.454545455,69.21329642075338,0.325340277584,276.867196305,56.2141925448,10.467315319,0.0786978216546,7.5718616419271,2.8289137771763597,0.28792950511,0.0829033926129,0.580685138702,0.0,0.0371285378933,0.866508841515,146.31350708,independent_low_interferer
S075,19456,0.441179138322,stable_synthetic,interference_440_120_20,development,improvement,other,correct,440.0,146.511627907,49.96213974057735,0.13247030418,5.19408189076,0.0327120624179,327.208215211,0.0,3.0231599524957438,445.454545455,69.21329642075338,0.328487814679,276.863872926,56.2147223369,10.4671020598,0.0704797522415,7.569378427109925,445.454545455,69.21329642075338,0.328487814679,276.863872926,56.2147223369,10.4671020598,0.0704797522415,7.569378427109925,2.836744801106672,0.281321167946,0.0791415944695,0.577149391174,0.0,0.0819075033069,0.867529690266,146.299133301,independent_low_interferer
S075,19968,0.452789115646,stable_synthetic,interference_440_120_20,development,improvement,other,correct,440.0,146.511627907,49.96213974057735,0.133275073261,5.19416950935,0.0375357240151,327.206003809,0.0,3.0238928719214893,445.454545455,69.21329642075338,0.326402175256,276.865916551,56.214782525,10.4670990748,0.0751674077296,7.571372790102231,445.454545455,69.21329642075338,0.326402175256,276.865916551,56.214782525,10.4670990748,0.0751674077296,7.571372790102231,2.8323846950137055,0.275778383017,0.0760537162423,0.580190062523,0.0,0.0578881800175,0.866724908352,146.36289978,independent_low_interferer
S075,20480,0.464399092971,stable_synthetic,interference_440_120_20,development,improvement,other,correct,440.0,146.511627907,49.96213974057735,0.134970083747,5.1955687794,0.0390614368392,327.203729753,0.0,3.0214617122976204,445.454545455,69.21329642075338,0.320339959629,276.866737662,56.2147788714,10.4671488659,0.0814355483991,7.580594733792784,445.454545455,69.21329642075338,0.320339959629,276.866737662,56.2147788714,10.4671488659,0.0814355483991,7.580594733792784,2.8355178545991233,0.289283305407,0.0836848318577,0.577576518059,0.0,0.0444777719676,0.865029931068,146.329193115,independent_low_interferer
S075,20992,0.476009070295,stable_synthetic,interference_440_120_20,development,improvement,other,correct,440.0,146.511627907,49.96213974057735,0.13574687424,5.18988814176,0.036592987946,327.206661786,0.0,3.017803817492429,445.454545455,69.21329642075338,0.323524740733,276.865545094,56.2146985773,10.4671078369,0.0722225662028,7.5784971391088245,445.454545455,69.21329642075338,0.323524740733,276.865545094,56.2146985773,10.4671078369,0.0722225662028,7.5784971391088245,2.8432812169295225,0.277801632881,0.0771737545729,0.580685138702,0.0,0.0715732499957,0.864253103733,146.312408447,independent_low_interferer
S075,21504,0.487619047619,stable_synthetic,interference_440_120_20,development,improvement,other,correct,440.0,146.511627907,49.96213974057735,0.133463224364,5.19300331184,0.0331301916384,327.208072261,0.0,3.0212022588562433,445.454545455,69.21329642075338,0.326819945324,276.864162859,56.2144189599,10.4671604619,0.0707221739529,7.5726006136976505,445.454545455,69.21329642075338,0.326819945324,276.864162859,56.2144189599,10.4671604619,0.0707221739529,7.5726006136976505,2.8397899377434346,0.280002832413,0.0784015804529,0.577149391174,0.0,0.0974460542202,0.866536796093,146.333145142,independent_low_interferer
S075,22016,0.499229024943,stable_synthetic,interference_440_120_20,development,improvement,other,correct,440.0,146.511627907,49.96213974057735,0.131575308078,5.19894661079,0.0403221936559,327.204664592,0.0,3.0294033411595676,445.454545455,69.21329642075338,0.328192300857,276.867716994,56.2139896112,10.4674402584,0.0808457056788,7.565165818330003,445.454545455,69.21329642075338,0.328192300857,276.867716994,56.2139896112,10.4674402584,0.0808457056788,7.565165818330003,2.8196135061565952,0.286059081554,0.0818298012018,0.580190062523,0.0,0.0767807811499,0.868424713612,146.360778809,independent_low_interferer
S075,22528,0.510839002268,stable_synthetic,interference_440_120_20,development,improvement,other,correct,440.0,146.511627907,49.96213974057735,0.133769798068,5.19634481048,0.0381436012608,327.205015064,0.0,3.0235466498085235,445.454545455,69.21329642075338,0.323037616942,276.867024833,56.2136278112,10.4677151709,0.0794292716386,7.576131199739422,445.454545455,69.21329642075338,0.323037616942,276.867024833,56.2136278112,10.4677151709,0.0794292716386,7.576131199739422,2.8329330005694633,0.288377761841,0.083161726594,0.577576518059,0.0,0.068057924509,0.8662301898,146.294998169,independent_low_interferer
S075,23040,0.522448979592,stable_synthetic,interference_440_120_20,development,improvement,other,correct,440.0,146.511627907,49.96213974057735,0.136916875173,5.18686882164,0.0349718852906,327.208102983,0.0,3.0141944617890406,445.454545455,69.21329642075338,0.324161146274,276.865520883,56.2135159376,10.4676415717,0.0676506790317,7.579362067299529,445.454545455,69.21329642075338,0.324161146274,276.865520883,56.2135159376,10.4676415717,0.0676506790317,7.579362067299529,2.849998403411009,0.271619230509,0.0737770050764,0.580685138702,0.0,0.0667041540146,0.863083124161,146.31288147,independent_low_interferer
S075,23552,0.534058956916,stable_synthetic,interference_440_120_20,development,improvement,other,correct,440.0,146.511627907,49.96213974057735,0.135157901367,5.1928407131,0.0357014837195,327.206583358,0.0,3.0190283873697963,445.454545455,69.21329642075338,0.324040817698,276.865546094,56.2137474318,10.4673416445,0.0746629991227,7.576325041728001,445.454545455,69.21329642075338,0.324040817698,276.865546094,56.2137474318,10.4673416445,0.0746629991227,7.576325041728001,2.8392066830222076,0.288199812174,0.0830591320992,0.577149391174,0.0,0.102180466056,0.864842116833,146.351257324,independent_low_interferer
S075,24064,0.54566893424,stable_synthetic,interference_440_120_20,development,improvement,other,correct,440.0,146.511627907,49.96213974057735,0.13172763707,5.19959418322,0.0408864369824,327.203971145,0.0,3.0294737277217076,445.454545455,69.21329642075338,0.326843785467,276.86766113,56.214434701,10.4671321279,0.0825007289119,7.567094790776629,445.454545455,69.21329642075338,0.326843785467,276.86766113,56.214434701,10.4671321279,0.0825007289119,7.567094790776629,2.819931585653496,0.290364384651,0.0843114778399,0.580190062523,0.0,0.0673230066895,0.86827236414,146.353729248,independent_low_interferer
S075,24576,0.557278911565,stable_synthetic,interference_440_120_20,development,improvement,other,correct,440.0,146.511627907,49.96213974057735,0.132471995978,5.19569891326,0.0350453621077,327.206628211,0.0,3.0245448061543443,445.454545455,69.21329642075338,0.326755753416,276.864801657,56.2150223448,10.4671027475,0.0747217421953,7.570871094266016,445.454545455,69.21329642075338,0.326755753416,276.864801657,56.2150223448,10.4671027475,0.0747217421953,7.570871094266016,2.8329404102283293,0.283373564482,0.0803005769849,0.577576518059,0.0,0.0899217203259,0.867528021336,146.301620483,independent_low_interferer
S075,25088,0.568888888889,stable_synthetic,interference_440_120_20,development,improvement,other,correct,440.0,146.511627907,49.96213974057735,0.135396223778,5.18885082204,0.0348665496115,327.207591717,0.0,3.017504789040786,445.454545455,69.21329642075338,0.324501562258,276.864722154,56.2150510569,10.467110865,0.0689077834211,7.57809182815917,445.454545455,69.21329642075338,0.324501562258,276.864722154,56.2150510569,10.467110865,0.0689077834211,7.57809182815917,2.8467127507864625,0.269657045603,0.0727149173617,0.574127554893,0.0,0.0530171059072,0.864603757858,146.344390869,independent_low_interferer
S075,25600,0.580498866213,stable_synthetic,interference_440_120_20,development,improvement,other,correct,440.0,146.511627907,49.96213974057735,0.135448660045,5.19402882825,0.0381164844582,327.204523323,0.0,3.019801655137089,445.454545455,69.21329642075338,0.320310202055,276.866294388,56.2148428934,10.4670861068,0.0793447431488,7.581619461059675,445.454545455,69.21329642075338,0.320310202055,276.866294388,56.2148428934,10.4670861068,0.0793447431488,7.581619461059675,2.838860819358054,0.288551568985,0.0832620039582,0.580685138702,0.0,0.0629793852568,0.864551365376,146.343109131,independent_low_interferer
S075,26112,0.592108843537,stable_synthetic,interference_440_120_20,development,improvement,other,correct,440.0,146.511627907,49.96213974057735,0.133677540066,5.19558593635,0.0395179083975,327.204894642,0.0,3.024270063681935,445.454545455,69.21329642075338,0.32514644979,276.86701366,56.2143152815,10.4671490788,0.0790401993271,7.572087414217414,445.454545455,69.21329642075338,0.32514644979,276.86701366,56.2143152815,10.4671490788,0.0790401993271,7.572087414217414,2.828981378754535,0.285144001245,0.08130710572,0.577149391174,0.0,0.0423264093697,0.86632245779,146.316513062,independent_low_interferer
S075,26624,0.603718820862,stable_synthetic,interference_440_120_20,development,improvement,other,correct,440.0,146.511627907,49.96213974057735,0.132838971684,5.19410864608,0.0330778107178,327.20829413,0.0,3.022604047189274,445.454545455,69.21329642075338,0.328926799716,276.864367115,56.2137346239,10.4673731063,0.0706671870054,7.568411973584082,445.454545455,69.21329642075338,0.328926799716,276.864367115,56.2137346239,10.4673731063,0.0706671870054,7.568411973584082,2.835811310292473,0.278528779745,0.0775782763958,0.580190062523,0.0,0.114277876914,0.867161035538,146.313217163,independent_low_interferer
S075,27136,0.615328798186,stable_synthetic,interference_440_120_20,development,improvement,other,correct,440.0,146.511627907,49.96213974057735,0.133242907535,5.19404408866,0.0376543774064,327.206441662,0.0,3.023994465622268,445.454545455,69.21329642075338,0.327376784072,276.866680015,56.2136890454,10.4676417375,0.0746744049174,7.5696579151479755,445.454545455,69.21329642075338,0.327376784072,276.866680015,56.2136890454,10.4676417375,0.0746744049174,7.5696579151479755,2.831190968276629,0.279243260622,0.0779768005013,0.577576518059,0.0,0.0725786611438,0.86675709486,146.375732422,independent_low_interferer
S075,27648,0.62693877551,stable_synthetic,interference_440_120_20,development,improvement,other,correct,440.0,146.511627907,49.96213974057735,0.134814275749,5.19578203907,0.0395817380387,327.20402126,0.0,3.0220582791643436,445.454545455,69.21329642075338,0.320184830302,276.867742229,56.2137534348,10.4677062166,0.0815627329093,7.580852996989455,445.454545455,69.21329642075338,0.320184830302,276.867742229,56.2137534348,10.4677062166,0.0815627329093,7.580852996989455,2.8353068458861532,0.294152289629,0.0865255743265,0.580685138702,0.0,0.0572853758931,0.86518573761,146.323745728,independent_low_interferer
S075,28160,0.638548752834,stable_synthetic,interference_440_120_20,development,improvement,other,correct,440.0,146.511627907,49.96213974057735,0.13588027522,5.19012588807,0.0370555284312,327.20676206,0.0,3.0177985563581426,445.454545455,69.21329642075338,0.323684725396,276.866201931,56.2139127065,10.4674528418,0.0727276594683,7.577944707186104,445.454545455,69.21329642075338,0.323684725396,276.866201931,56.2139127065,10.4674528418,0.0727276594683,7.577944707186104,2.8420903372951924,0.27739495039,0.0769479572773,0.577149391174,0.0,0.0965537279844,0.864119708538,146.289810181,independent_low_interferer
S075,28672,0.650158730159,stable_synthetic,interference_440_120_20,development,improvement,other,correct,440.0,146.511627907,49.96213974057735,0.133687491963,5.19257049839,0.0330434421945,327.208149222,0.0,3.0206419067955887,445.454545455,69.21329642075338,0.327036906882,276.864125822,56.2143007024,10.4671590121,0.0702944469968,7.572365269728725,445.454545455,69.21329642075338,0.327036906882,276.864125822,56.2143007024,10.4671590121,0.0702944469968,7.572365269728725,2.8401546428996314,0.284929335117,0.0811847299337,0.580190062523,0.0,0.0786201581359,0.866312503815,146.318191528,independent_low_interferer
S075,29184,0.661768707483,stable_synthetic,interference_440_120_20,development,improvement,other,correct,440.0,146.511627907,49.96213974057735,0.131593409272,5.19881295762,0.0397767049285,327.204531,0.0,3.029083234420387,445.454545455,69.21329642075338,0.327553862512,276.867004872,56.2145946781,10.4670871279,0.0805534064525,7.566572957386394,445.454545455,69.21329642075338,0.327553862512,276.867004872,56.2145946781,10.4670871279,0.0805534064525,7.566572957386394,2.8214742954613286,0.28286164999,0.0800107195973,0.577576518059,0.0,0.078813277185,0.8684065938,146.365539551,independent_low_interferer
S075,29696,0.673378684807,stable_synthetic,interference_440_120_20,development,improvement,other,correct,440.0,146.511627907,49.96213974057735,0.133486592018,5.19662373596,0.0380151559346,327.204559161,0.0,3.0240958613306095,445.454545455,69.21329642075338,0.323365064013,276.866190071,56.2148706731,10.4671491531,0.0798026775351,7.575298888612171,445.454545455,69.21329642075338,0.323365064013,276.866190071,56.2148706731,10.4671491531,0.0798026775351,7.575298888612171,2.83173159192937,0.2875225842,0.0826692432165,0.580685138702,0.0,0.0580487176776,0.866513431072,146.315338135,independent_low_interferer
S075,30208,0.684988662132,stable_synthetic,interference_440_120_20,development,improvement,other,correct,440.0,146.511627907,49.96213974057735,0.136523087155,5.18715018617,0.0345750005618,327.207781406,0.0,3.0148354958024575,445.454545455,69.21329642075338,0.323132333349,276.864626861,56.2149668081,10.4671087944,0.0679627567589,7.581271409640673,445.454545455,69.21329642075338,0.323132333349,276.864626861,56.2149668081,10.4671087944,0.0679627567589,7.581271409640673,2.8512893380435944,0.270556032658,0.0732005685568,0.577149391174,0.0,0.0720850154757,0.863476932049,146.323074341,independent_low_interferer
S075,30720,0.696598639456,stable_synthetic,interference_440_120_20,development,improvement,other,correct,440.0,146.511627907,49.96213974057735,0.134932328349,5.19242389174,0.035343457622,327.206611894,0.0,3.01923937370154,445.454545455,69.21329642075338,0.3231058605,276.865059008,56.2147378346,10.4670863767,0.0740885879134,7.578463616446557,445.454545455,69.21329642075338,0.3231058605,276.865059008,56.2147378346,10.4670863767,0.0740885879134,7.578463616446557,2.8416293284723526,0.28475061059,0.0810829102993,0.580190062523,0.0,0.085935279727,0.865067660809,146.344589233,independent_low_interferer
S075,31232,0.70820861678,stable_synthetic,interference_440_120_20,development,improvement,other,correct,440.0,146.511627907,49.96213974057735,0.131833131931,5.1995117587,0.0409631387173,327.204061492,0.0,3.029286354655459,445.454545455,69.21329642075338,0.327192709923,276.867906624,56.2140919773,10.4673040779,0.082480422399,7.566407958530024,445.454545455,69.21329642075338,0.327192709923,276.867906624,56.2140919773,10.4673040779,0.082480422399,7.566407958530024,2.819311544201117,0.288390547037,0.0831691101193,0.577576518059,0.0,0.0607321038842,0.868166863918,146.33807373,independent_low_interferer
S075,31744,0.719818594104,stable_synthetic,interference_440_120_20,development,improvement,other,correct,440.0,146.511627907,49.96213974057735,0.132843893476,5.19606172283,0.0357546561134,327.206705928,0.0,3.0242021486818143,445.454545455,69.21329642075338,0.327461472829,276.865789615,56.2134903034,10.4676082691,0.0753018470719,7.5691910299518055,445.454545455,69.21329642075338,0.327461472829,276.865789615,56.2134903034,10.4676082691,0.0753018470719,7.5691910299518055,2.830911007536942,0.282812476158,0.0799828916788,0.574127554893,0.0,0.0890749767423,0.867156088352,146.295516968,independent_low_interferer
S075,32256,0.731428571429,stable_synthetic,interference_440_120_20,development,improvement,other,correct,440.0,146.511627907,49.96213974057735,0.135631934499,5.18880817519,0.0350883875373,327.207979603,0.0,3.017133942530428,445.454545455,69.21329642075338,0.325631991733,276.865623165,56.2134602591,10.4677021317,0.0686568720966,7.575950581740493,445.454545455,69.21329642075338,0.325631991733,276.865623165,56.2134602591,10.4677021317,0.0686568720966,7.575950581740493,2.84523791291394,0.272040724754,0.0740061625838,0.580685138702,0.0,0.0590292140841,0.864368081093,146.35333252,independent_low_interferer
S075,32768,0.743038548753,stable_synthetic,interference_440_120_20,development,improvement,other,correct,440.0,146.511627907,49.96213974057735,0.135847802635,5.1937238716,0.038308174176,327.204938832,0.0,3.019046768476908,445.454545455,69.21329642075338,0.321331051029,276.866929321,56.2136973321,10.4674811471,0.0789241099485,7.579773543117573,445.454545455,69.21329642075338,0.321331051029,276.866929321,56.2136973321,10.4674811471,0.0789241099485,7.579773543117573,2.837755368779945,0.291725873947,0.0851039811969,0.577149391174,0.0,0.0863870531321,0.864152193069,146.356613159,independent_low_interferer
S075,33280,0.754648526077,stable_synthetic,interference_440_120_20,development,improvement,other,correct,440.0,146.511627907,49.96213974057735,0.13364225154,5.19579342779,0.0397077848555,327.204828453,0.0,3.0244654007144387,445.454545455,69.21329642075338,0.324573650169,276.867199367,56.2143416477,10.4672244466,0.0794684193895,7.573037168315882,445.454545455,69.21329642075338,0.324573650169,276.867199367,56.2143416477,10.4672244466,0.0794684193895,7.573037168315882,2.829367415565091,0.288665413857,0.0833277180791,0.580190062523,0.0,0.0351849608123,0.86635774374,146.323104858,independent_low_interferer
S075,33792,0.766258503401,stable_synthetic,interference_440_120_20,development,improvement,other,correct,440.0,146.511627907,49.96213974057735,0.132443054295,5.19413907221,0.0330994783886,327.207997188,0.0,3.0234110547189745,445.454545455,69.21329642075338,0.328354462315,276.863988346,56.2149059061,10.4670960445,0.0708416668037,7.569478005697067,445.454545455,69.21329642075338,0.328354462315,276.863988346,56.2149059061,10.4670960445,0.0708416668037,7.569478005697067,2.836261374766033,0.282408505678,0.0797545686364,0.577576518059,0.0,0.0747318863869,0.867556929588,146.301101685,independent_low_interferer
S075,34304,0.777868480726,stable_synthetic,interference_440_120_20,development,improvement,other,correct,440.0,146.511627907,49.96213974057735,0.133103875038,5.19403610697,0.0368961364281,327.206298557,0.0,3.0239056364738475,445.454545455,69.21329642075338,0.326730644251,276.865608169,56.2148785066,10.4671081159,0.0743000329606,7.571119308282811,445.454545455,69.21329642075338,0.326730644251,276.865608169,56.2148785066,10.4671081159,0.0743000329606,7.571119308282811,2.8331247649042455,0.273590087891,0.0748515352607,0.580685138702,0.0,0.049718875438,0.866896152496,146.358764648,independent_low_interferer
S075,34816,0.78947845805,stable_synthetic,interference_440_120_20,development,improvement,other,correct,440.0,146.511627907,49.96213974057735,0.134829861816,5.19573480457,0.0392363033884,327.203739168,0.0,3.021853099693535,445.454545455,69.21329642075338,0.320648780312,276.866819975,56.214761986,10.4671233762,0.0815085316051,7.579942942854897,445.454545455,69.21329642075338,0.320648780312,276.866819975,56.214761986,10.4671233762,0.0815085316051,7.579942942854897,2.834717430589058,0.289590418339,0.0838626176119,0.577149391174,0.0,0.0391491502523,0.865170121193,146.333206177,independent_low_interferer
S075,35328,0.801088435374,stable_synthetic,interference_440_120_20,development,improvement,other,correct,440.0,146.511627907,49.96213974057735,0.135856187764,5.19029277777,0.036924733078,327.206424142,0.0,3.0178103692425298,445.454545455,69.21329642075338,0.323159186211,276.865736562,56.2145534443,10.4671173282,0.0732196961452,7.5787631091727,445.454545455,69.21329642075338,0.323159186211,276.865736562,56.2145534443,10.4671173282,0.0732196961452,7.5787631091727,2.8424951188318834,0.277662932873,0.0770967081189,0.580190062523,0.0,0.0695076286793,0.864143788815,146.310623169,independent_low_interferer
S075,35840,0.812698412698,stable_synthetic,interference_440_120_20,development,improvement,other,correct,440.0,146.511627907,49.96213974057735,0.133821545457,5.19229655379,0.0330842773068,327.208260023,0.0,3.0203494096837438,445.454545455,69.21329642075338,0.326754079664,276.864234891,56.2141575468,10.4672438352,0.0700133132472,7.573063266918332,445.454545455,69.21329642075338,0.326754079664,276.864234891,56.2141575468,10.4672438352,0.0700133132472,7.573063266918332,2.8411404754340914,0.281166136265,0.0790543928742,0.577576518059,0.0,0.0961865186691,0.866178452969,146.330703735,independent_low_interferer
S075,36352,0.824308390023,stable_synthetic,interference_440_120_20,development,improvement,other,correct,440.0,146.511627907,49.96213974057735,0.131549900259,5.19868226159,0.0398770265628,327.204896969,0.0,3.0291976865340464,445.454545455,69.21329642075338,0.328323052231,276.867605365,56.2138864178,10.467529415,0.0801780242588,7.565213921054195,445.454545455,69.21329642075338,0.328323052231,276.867605365,56.2138864178,10.467529415,0.0801780242588,7.565213921054195,2.8203924315944073,0.284891426563,0.0811631307006,0.580685138702,0.0,0.0794252753258,0.86845010519,146.363250732,independent_low_interferer
S075,36864,0.835918367347,stable_synthetic,interference_440_120_20,development,improvement,other,correct,440.0,146.511627907,49.96213974057735,0.133292259763,5.19707569623,0.0387406262623,327.204712892,0.0,3.024906905497344,445.454545455,69.21329642075338,0.32313057265,276.867325775,56.2136862021,10.4677437993,0.0802912393173,7.575548394988175,445.454545455,69.21329642075338,0.32313057265,276.867325775,56.2136862021,10.4677437993,0.0802912393173,7.575548394988175,2.831133991902285,0.291730850935,0.0851068869233,0.577149391174,0.0,0.061822835356,0.866707742214,146.299530029,independent_low_interferer
S075,37376,0.847528344671,stable_synthetic,interference_440_120_20,development,improvement,other,correct,440.0,146.511627907,49.96213974057735,0.136850912932,5.18733000059,0.0349660228145,327.208019455,0.0,3.014398029245268,445.454545455,69.21329642075338,0.324002488778,276.865431333,56.2135995207,10.4675743103,0.0682350070371,7.57940474767877,445.454545455,69.21329642075338,0.324002488778,276.865431333,56.2135995207,10.4675743103,0.0682350070371,7.57940474767877,2.8493447490830137,0.268429607153,0.0720544531941,0.580190062523,0.0,0.117668807507,0.863149106503,146.302307129,independent_low_interferer
S078,11264,0.255419501134,stable_synthetic,interference_440_150_20,development,improvement,other,correct,440.0,146.511627907,49.96213974057735,0.00294068813364,191.267635585,0.0580901262669,327.204830377,0.0,6.729649192213958,445.454545455,69.21329642075338,0.412937003369,276.868568577,56.2147891193,10.4670951473,0.157588155319,7.361381506795456,445.454545455,69.21329642075338,0.412937003369,276.868568577,56.2147891193,10.4670951473,0.157588155319,7.361381506795456,0.6317323145814981,0.275663495064,0.0759903565049,0.583591103554,0.0,0.0599542111158,0.997059285641,146.739059448,independent_low_interferer
S078,11776,0.267029478458,stable_synthetic,interference_440_150_20,development,improvement,other,correct,440.0,146.511627907,49.96213974057735,0.00296788060733,191.265241012,0.0288012358027,327.207110368,0.0,6.715548469719134,445.454545455,69.21329642075338,0.418111677127,276.86350334,56.2147588946,10.4671034478,0.148647526299,7.354890586047717,445.454545455,69.21329642075338,0.418111677127,276.86350334,56.2147588946,10.4671034478,0.148647526299,7.354890586047717,0.6393421163285833,0.274570703506,0.0753890648484,0.583450317383,0.0,0.104865409434,0.997032105923,146.739944458,independent_low_interferer
S078,12288,0.278639455782,stable_synthetic,interference_440_150_20,development,improvement,other,correct,440.0,146.511627907,49.96213974057735,0.00293999880703,191.262830826,0.0388664218952,327.206644081,0.0,6.720459274348527,445.454545455,69.21329642075338,0.415705399812,276.865263867,56.2139847019,10.4672856079,0.149643682576,7.359273248739247,445.454545455,69.21329642075338,0.415705399812,276.865263867,56.2139847019,10.4672856079,0.149643682576,7.359273248739247,0.63881397439072,0.288626641035,0.0833053439856,0.57182598114,0.0,0.0558344572783,0.997060000896,146.740402222,independent_low_interferer
S078,12800,0.290249433107,stable_synthetic,interference_440_150_20,development,improvement,other,correct,440.0,146.511627907,49.96213974057735,0.00296005085043,191.270312769,0.0567621872009,327.205110419,0.0,6.728996693154864,445.454545455,69.21329642075338,0.416486988826,276.869143108,56.2138254883,10.4675533492,0.15802785577,7.354095286692977,445.454545455,69.21329642075338,0.416486988826,276.869143108,56.2138254883,10.4675533492,0.15802785577,7.354095286692977,0.6250985935381133,0.280569255352,0.0787191018462,0.545184493065,0.0,0.0644649639726,0.997039973736,146.738357544,independent_low_interferer
S078,13312,0.301859410431,stable_synthetic,interference_440_150_20,development,improvement,other,correct,440.0,146.511627907,49.96213974057735,0.00291164816549,191.258458314,0.0178192226928,327.206962801,0.0,6.710259566658931,445.454545455,69.21329642075338,0.417098993237,276.863949947,56.2135423514,10.4677472251,0.143419308214,7.359201974445546,445.454545455,69.21329642075338,0.417098993237,276.863949947,56.2135423514,10.4677472251,0.143419308214,7.359201974445546,0.648942407786615,0.284739434719,0.0810765475035,0.550807476044,0.0,0.112110413611,0.997088372707,146.739807129,independent_low_interferer
S078,13824,0.313469387755,stable_synthetic,interference_440_150_20,development,improvement,other,correct,440.0,146.511627907,49.96213974057735,0.00295993762882,191.268830071,0.0509017065457,327.205438794,0.0,6.726208893499343,445.454545455,69.21329642075338,0.417891038243,276.868009085,56.2138685505,10.4675038005,0.155371438367,7.3524306778395285,445.454545455,69.21329642075338,0.417891038243,276.868009085,56.2138685505,10.4675038005,0.155371438367,7.3524306778395285,0.6262217843401858,0.293149441481,0.0859365910292,0.575109958649,0.0,0.0921899601817,0.99704003334,146.735687256,independent_low_interferer
S078,14336,0.325079365079,stable_synthetic,interference_440_150_20,development,improvement,other,correct,440.0,146.511627907,49.96213974057735,0.0029279044723,191.263553883,0.0488811095465,327.205785572,0.0,6.725283492994621,445.454545455,69.21329642075338,0.414284390846,276.867102837,56.2141225315,10.4672508581,0.152605666526,7.36083577018801,445.454545455,69.21329642075338,0.414284390846,276.867102837,56.2141225315,10.4672508581,0.152605666526,7.36083577018801,0.6355522771933888,0.273547858,0.0748284384608,0.581568598747,0.0,0.0680155530572,0.997072100639,146.739120483,independent_low_interferer
S078,14848,0.336689342404,stable_synthetic,interference_440_150_20,development,improvement,other,correct,440.0,146.511627907,49.96213974057735,0.00297313227108,191.26508496,0.0180422776692,327.207387512,0.0,6.710280951688395,445.454545455,69.21329642075338,0.419640014371,276.862552891,56.2148412989,10.4670896071,0.146924849712,7.352581343964007,445.454545455,69.21329642075338,0.419640014371,276.862552891,56.2148412989,10.4670896071,0.146924849712,7.352581343964007,0.6423003922756125,0.288091003895,0.0829964205623,0.584044992924,0.0,0.0724808573723,0.997026860714,146.737686157,independent_low_interferer
S078,15360,0.348299319728,stable_synthetic,interference_440_150_20,development,improvement,other,correct,440.0,146.511627907,49.96213974057735,0.0029327482847,191.265915791,0.0563997403733,327.205062504,0.0,6.72885687407536,445.454545455,69.21329642075338,0.411907233837,276.868090008,56.2148819875,10.467111281,0.156301737947,7.363996441388295,445.454545455,69.21329642075338,0.411907233837,276.868090008,56.2148819875,10.467111281,0.156301737947,7.363996441388295,0.635139567312935,0.282098293304,0.0795794501901,0.579190373421,0.0,0.0614976137877,0.997067272663,146.740127563,independent_low_interferer
S078,15872,0.359909297052,stable_synthetic,interference_440_150_20,development,improvement,other,correct,440.0,146.511627907,49.96213974057735,0.00296870421625,191.26751228,0.0377870236919,327.206227908,0.0,6.719906117697435,445.454545455,69.21329642075338,0.418173004297,276.864750532,56.2150182851,10.4671409117,0.151516691801,7.353528128933584,445.454545455,69.21329642075338,0.418173004297,276.864750532,56.2150182851,10.4671409117,0.151516691801,7.353528128933584,0.6336220112361488,0.271832257509,0.0738927721977,0.583591103554,0.0,0.0539276599884,0.997031271458,146.739959717,independent_low_interferer
S078,16384,0.371519274376,stable_synthetic,interference_440_150_20,development,improvement,other,correct,440.0,146.511627907,49.96213974057735,0.00292475059412,191.259611835,0.0305337856785,327.206538317,0.0,6.716446330802127,445.454545455,69.21329642075338,0.415430806968,276.864140524,56.2146937218,10.4670688868,0.146108271777,7.3613598436700505,445.454545455,69.21329642075338,0.415430806968,276.864140524,56.2146937218,10.4670688868,0.146108271777,7.3613598436700505,0.6449135128679231,0.291259258986,0.0848319530487,0.579622387886,0.0,0.0604344382882,0.997075259686,146.740112305,independent_low_interferer
S078,16896,0.383129251701,stable_synthetic,interference_440_150_20,development,improvement,other,correct,440.0,146.511627907,49.96213974057735,0.00296203822851,191.271214076,0.0586555012748,327.204779565,0.0,6.72989216152196,445.454545455,69.21329642075338,0.416996501441,276.869276134,56.2142411774,10.4672441205,0.159048007942,7.352633355762034,445.454545455,69.21329642075338,0.416996501441,276.869276134,56.2142411774,10.4672441205,0.159048007942,7.352633355762034,0.6227411942400742,0.280230820179,0.0785293206573,0.5599796772,0.0,0.0754703208804,0.997037947178,146.73789978,independent_low_interferer
S078,17408,0.394739229025,stable_synthetic,interference_440_150_20,development,improvement,other,correct,440.0,146.511627907,49.96213974057735,0.00293372865543,191.258799849,0.0245752492136,327.20694694,0.0,6.713525077126943,445.454545455,69.21329642075338,0.416682963806,276.864149852,56.2136954227,10.4674947215,0.144560328232,7.359531883711689,445.454545455,69.21329642075338,0.416682963806,276.864149852,56.2136954227,10.4674947215,0.144560328232,7.359531883711689,0.6460068065847464,0.280671238899,0.0787763521075,0.545184493065,0.0,0.111435830593,0.997066259384,146.739028931,independent_low_interferer
S078,17920,0.406349206349,stable_synthetic,interference_440_150_20,development,improvement,other,correct,440.0,146.511627907,49.96213974057735,0.00296808585198,191.268438249,0.0440201950473,327.206104603,0.0,6.722906201028221,445.454545455,69.21329642075338,0.417871185903,276.866719382,56.213573207,10.4677257726,0.153434851628,7.353306782020378,445.454545455,69.21329642075338,0.417871185903,276.866719382,56.213573207,10.4677257726,0.153434851628,7.353306782020378,0.6304005809921573,0.293016314507,0.0858585685492,0.565117359161,0.0,0.0824131220579,0.997031927109,146.738815308,independent_low_interferer
S078,18432,0.417959183673,stable_synthetic,interference_440_150_20,development,improvement,other,correct,440.0,146.511627907,49.96213974057735,0.0029420738439,191.265482008,0.0541482893253,327.205602823,0.0,6.727769616617142,445.454545455,69.21329642075338,0.413154087562,276.868378512,56.2136354955,10.467599117,0.15526066085,7.361953892478915,445.454545455,69.21329642075338,0.413154087562,276.868378512,56.2136354955,10.467599117,0.15526066085,7.361953892478915,0.6341842758617737,0.272186428308,0.074085444212,0.575109958649,0.0,0.0400796122849,0.997057914734,146.741744995,independent_low_interferer
S078,18944,0.429569160998,stable_synthetic,interference_440_150_20,development,improvement,other,correct,440.0,146.511627907,49.96213974057735,0.00298044513745,191.264699876,0.0150076049875,327.207680575,0.0,6.708771875138694,445.454545455,69.21329642075338,0.420111100545,276.862679921,56.2139388531,10.4672778088,0.146442918813,7.3518459864410275,445.454545455,69.21329642075338,0.420111100545,276.862679921,56.2139388531,10.4672778088,0.146442918813,7.3518459864410275,0.643074111302333,0.283393472433,0.0803118646145,0.584044992924,0.0,0.103628404438,0.997019529343,146.740661621,independent_low_interferer
S078,19456,0.441179138322,stable_synthetic,interference_440_150_20,development,improvement,other,correct,440.0,146.511627907,49.96213974057735,0.00293417519635,191.264989566,0.052996448085,327.205384514,0.0,6.72723605027102,445.454545455,69.21329642075338,0.413211521095,276.867655388,56.2145930039,10.4671284213,0.154584400744,7.3621273020769165,445.454545455,69.21329642075338,0.413211521095,276.867655388,56.2145930039,10.4671284213,0.154584400744,7.3621273020769165,0.6348912518058967,0.292027413845,0.0852800160646,0.582275271416,0.0,0.0653169229627,0.997065842152,146.740890503,independent_low_interferer
S078,19968,0.452789115646,stable_synthetic,interference_440_150_20,development,improvement,other,correct,440.0,146.511627907,49.96213974057735,0.00295686864376,191.267510322,0.0456749178011,327.205469314,0.0,6.723715174371578,445.454545455,69.21329642075338,0.417447197822,276.866353399,56.2147486433,10.4670844949,0.153412296703,7.3541595102509945,445.454545455,69.21329642075338,0.417447197822,276.866353399,56.2147486433,10.4670844949,0.153412296703,7.3541595102509945,0.6304443358794165,0.272532522678,0.074273981154,0.583591103554,0.0,0.0256665442139,0.997043132782,146.739349365,independent_low_interferer
S078,20480,0.464399092971,stable_synthetic,interference_440_150_20,development,improvement,other,correct,440.0,146.511627907,49.96213974057735,0.00292805428076,191.259386746,0.0224692136288,327.206511114,0.0,6.7125103284696515,445.454545455,69.21329642075338,0.416279142461,276.863352061,56.2149476806,10.4671415366,0.144546345406,7.360346007418738,445.454545455,69.21329642075338,0.416279142461,276.863352061,56.2149476806,10.4671415366,0.144546345406,7.360346007418738,0.6478356789490869,0.292753428221,0.0857045724988,0.583450317383,0.0,0.0508489757776,0.997071921825,146.739044189,independent_low_interferer
S078,20992,0.476009070295,stable_synthetic,interference_440_150_20,development,improvement,other,correct,440.0,146.511627907,49.96213974057735,0.00295740367447,191.270262405,0.0580284017618,327.20473242,0.0,6.72960017999585,445.454545455,69.21329642075338,0.415563446168,276.868766618,56.2146295236,10.4670860044,0.15858491439,7.355697392442124,445.454545455,69.21329642075338,0.415563446168,276.868766618,56.2146295236,10.4670860044,0.15858491439,7.355697392442124,0.6260972124462745,0.278454661369,0.0775370001793,0.57182598114,0.0,0.0834095850587,0.99704259634,146.738006592,independent_low_interferer
S078,21504,0.487619047619,stable_synthetic,interference_440_150_20,development,improvement,other,correct,440.0,146.511627907,49.96213974057735,0.00294739166018,191.262269248,0.0327243346831,327.206907479,0.0,6.717476846288239,445.454545455,69.21329642075338,0.415867140201,276.864244155,56.2143887758,10.4671615481,0.147945427563,7.359686071387396,445.454545455,69.21329642075338,0.415867140201,276.864244155,56.2143887758,10.4671615481,0.147945427563,7.359686071387396,0.6422092250991573,0.275919914246,0.076131798327,0.5599796772,0.0,0.113878063858,0.997052609921,146.739746094,independent_low_interferer
S078,22016,0.499229024943,stable_synthetic,interference_440_150_20,development,improvement,other,correct,440.0,146.511627907,49.96213974057735,0.00297034244696,191.265709744,0.0353323566518,327.206939916,0.0,6.718709962645583,445.454545455,69.21329642075338,0.418358076985,276.864860689,56.2136372258,10.4674591799,0.150217896875,7.353717517381332,445.454545455,69.21329642075338,0.418358076985,276.864860689,56.2136372258,10.4674591799,0.150217896875,7.353717517381332,0.6350075547357488,0.286210715771,0.0819165706635,0.534140586853,0.0,0.0648349300027,0.997029662132,146.740036011,independent_low_interferer
S078,22528,0.510839002268,stable_synthetic,interference_440_150_20,development,improvement,other,correct,440.0,146.511627907,49.96213974057735,0.00294998507201,191.26803892,0.0576000717319,327.205191286,0.0,6.729401342337704,445.454545455,69.21329642075338,0.413208797197,276.86929348,56.2136958687,10.4676730741,0.157469154584,7.360894976219354,445.454545455,69.21329642075338,0.413208797197,276.86929348,56.2136958687,10.4676730741,0.157469154584,7.360894976219354,0.6314936338816501,0.282907634974,0.0800367370248,0.565117359161,0.0,0.0718402639031,0.997049987316,146.739807129,independent_low_interferer
S078,23040,0.522448979592,stable_synthetic,interference_440_150_20,development,improvement,other,correct,440.0,146.511627907,49.96213974057735,0.00295197540789,191.262252724,0.0204227828286,327.207127983,0.0,6.711476130225512,445.454545455,69.21329642075338,0.419204740303,276.863852699,56.2134909489,10.4676696765,0.145712478324,7.353986226062661,445.454545455,69.21329642075338,0.419204740303,276.863852699,56.2134909489,10.4676696765,0.145712478324,7.353986226062661,0.6425100958371486,0.27712136507,0.0767962485552,0.581568598747,0.0,0.122867204249,0.997048020363,146.743118286,independent_low_interferer
S078,23552,0.534058956916,stable_synthetic,interference_440_150_20,development,improvement,other,correct,440.0,146.511627907,49.96213974057735,0.00294671121331,191.265253565,0.0479140260024,327.205665854,0.0,6.724793408772026,445.454545455,69.21329642075338,0.416202179855,276.867257315,56.2140302914,10.4673503915,0.152881051376,7.356882664357022,445.454545455,69.21329642075338,0.416202179855,276.867257315,56.2140302914,10.4673503915,0.152881051376,7.356882664357022,0.6320892555849964,0.298223286867,0.0889371335506,0.584044992924,0.0,0.0555121824145,0.997053265572,146.738525391,independent_low_interferer
S078,24064,0.54566893424,stable_synthetic,interference_440_150_20,development,improvement,other,correct,440.0,146.511627907,49.96213974057735,0.00294236271359,191.266448734,0.0517354131094,327.205290975,0.0,6.726628050427888,445.454545455,69.21329642075338,0.415737263895,276.867672134,56.2143888197,10.4671342482,0.154703789797,7.357022519899369,445.454545455,69.21329642075338,0.415737263895,276.867672134,56.2143888197,10.4671342482,0.154703789797,7.357022519899369,0.6303944694714803,0.27382183075,0.0749783888459,0.579190373421,0.0,0.018170427531,0.997057616711,146.739486694,independent_low_interferer
S078,24576,0.557278911565,stable_synthetic,interference_440_150_20,development,improvement,other,correct,440.0,146.511627907,49.96213974057735,0.00294935661696,191.261837746,0.0160521529359,327.207069985,0.0,6.7093329877724335,445.454545455,69.21329642075338,0.418085519315,276.862617235,56.2149891768,10.4671082457,0.145039250396,7.356514964677543,445.454545455,69.21329642075338,0.418085519315,276.862617235,56.2149891768,10.4671082457,0.145039250396,7.356514964677543,0.6471819769051095,0.29020217061,0.0842173025012,0.583591103554,0.0,0.0921983793378,0.997050642967,146.738342285,independent_low_interferer
S078,25088,0.568888888889,stable_synthetic,interference_440_150_20,development,improvement,other,correct,440.0,146.511627907,49.96213974057735,0.00294567268614,191.267758891,0.0551489910119,327.205081944,0.0,6.728248288731622,445.454545455,69.21329642075338,0.413668549667,276.867844456,56.2148828408,10.4671135222,0.156672525891,7.360312674489619,445.454545455,69.21329642075338,0.413668549667,276.867844456,56.2148828408,10.4671135222,0.156672525891,7.360312674489619,0.6320643857579968,0.280256450176,0.0785436779261,0.579622387886,0.0,0.0703489780426,0.997054338455,146.738891602,independent_low_interferer
S078,25600,0.580498866213,stable_synthetic,interference_440_150_20,development,improvement,other,correct,440.0,146.511627907,49.96213974057735,0.00296054968866,191.266476071,0.0410802139986,327.206289644,0.0,6.72150121295757,445.454545455,69.21329642075338,0.416403168951,276.865131097,56.2149820052,10.4671212191,0.151933904394,7.3568872978068525,445.454545455,69.21329642075338,0.416403168951,276.865131097,56.2149820052,10.4671212191,0.151933904394,7.3568872978068525,0.6353860848492827,0.272634088993,0.0743293464184,0.57182598114,0.0,0.0631995648146,0.997039437294,146.739944458,independent_low_interferer
S078,26112,0.592108843537,stable_synthetic,interference_440_150_20,development,improvement,other,correct,440.0,146.511627907,49.96213974057735,0.00294330521155,191.261418474,0.0263250756887,327.207090406,0.0,6.7143728529017475,445.454545455,69.21329642075338,0.41683816901,276.863520933,56.2144568008,10.467112092,0.146320903994,7.3584490071225765,445.454545455,69.21329642075338,0.41683816901,276.863520933,56.2144568008,10.467112092,0.146320903994,7.3584490071225765,0.6440761542208291,0.285851478577,0.0817110762,0.545184493065,0.0,0.0662764236331,0.997056722641,146.740478516,independent_low_interferer
S078,26624,0.603718820862,stable_synthetic,interference_440_150_20,development,improvement,other,correct,440.0,146.511627907,49.96213974057735,0.00295290075625,191.270032088,0.0587362988384,327.204914623,0.0,6.729942550824874,445.454545455,69.21329642075338,0.416187446339,276.869403584,56.2140078872,10.4673856302,0.158585454674,7.354452550949113,445.454545455,69.21329642075338,0.416187446339,276.869403584,56.2140078872,10.4673856302,0.158585454674,7.354452550949113,0.6245100001242392,0.2857606709,0.0816591605544,0.550807476044,0.0,0.0873722732067,0.997047126293,146.738861084,independent_low_interferer
S078,27136,0.615328798186,stable_synthetic,interference_440_150_20,development,improvement,other,correct,440.0,146.511627907,49.96213974057735,0.00292307667041,191.260155773,0.0287852007724,327.206614691,0.0,6.7156034574714,445.454545455,69.21329642075338,0.417045498848,276.86486024,56.2136425264,10.4676497947,0.145856764815,7.358246262167405,445.454545455,69.21329642075338,0.417045498848,276.86486024,56.2136425264,10.4676497947,0.145856764815,7.358246262167405,0.6426428046960053,0.278117895126,0.0773495659232,0.575109958649,0.0,0.0724885091186,0.997076928616,146.738327026,independent_low_interferer
S078,27648,0.62693877551,stable_synthetic,interference_440_150_20,development,improvement,other,correct,440.0,146.511627907,49.96213974057735,0.00294964219786,191.266333731,0.040846394378,327.206087566,0.0,6.7214098244334135,445.454545455,69.21329642075338,0.418160626425,276.866390192,56.2136752811,10.4676808894,0.151458410266,7.353584128055022,445.454545455,69.21329642075338,0.418160626425,276.866390192,56.2136752811,10.4676808894,0.151458410266,7.353584128055022,0.6321743036216088,0.2981159091,0.0888730883598,0.584044992924,0.0,0.0363181531429,0.997050344944,146.736846924,independent_low_interferer
S078,28160,0.638548752834,stable_synthetic,interference_440_150_20,development,improvement,other,correct,440.0,146.511627907,49.96213974057735,0.00293334308467,191.265916085,0.0559197959553,327.205342089,0.0,6.728628686931875,445.454545455,69.21329642075338,0.413793940159,276.868706286,56.213846825,10.4674496746,0.15593694947,7.360381341839704,445.454545455,69.21329642075338,0.413793940159,276.868706286,56.213846825,10.4674496746,0.15593694947,7.360381341839704,0.631752654907829,0.270882427692,0.0733772963285,0.582275271416,0.0,0.0557877272367,0.997066676617,146.738845825,independent_low_interferer
S078,28672,0.650158730159,stable_synthetic,interference_440_150_20,development,improvement,other,correct,440.0,146.511627907,49.96213974057735,0.00297414503478,191.264676548,0.0160706366467,327.207622957,0.0,6.7093076930899045,445.454545455,69.21329642075338,0.419714832005,276.862530972,56.214358092,10.4671404983,0.14654787617,7.35259288456497,445.454545455,69.21329642075338,0.419714832005,276.862530972,56.214358092,10.4671404983,0.14654787617,7.35259288456497,0.6432851914750657,0.285260289907,0.0813734382391,0.583591103554,0.0,0.103461168706,0.997025847435,146.737945557,independent_low_interferer
S078,29184,0.661768707483,stable_synthetic,interference_440_150_20,development,improvement,other,correct,440.0,146.511627907,49.96213974057735,0.00293636137644,191.264674426,0.0504450587252,327.205648268,0.0,6.7260172796281195,445.454545455,69.21329642075338,0.412986253571,276.866887114,56.214844342,10.4671112736,0.153760616762,7.36293376696649,445.454545455,69.21329642075338,0.412986253571,276.866887114,56.214844342,10.4671112736,0.153760616762,7.36293376696649,0.6369164873383708,0.286970883608,0.0823522880673,0.583450317383,0.0,0.0635960623622,0.99706363678,146.740203857,independent_low_interferer
S078,29696,0.673378684807,stable_synthetic,interference_440_150_20,development,improvement,other,correct,440.0,146.511627907,49.96213974057735,0.00296491259234,191.269221107,0.0484969629463,327.20542212,0.0,6.725055520171436,445.454545455,69.21329642075338,0.417102966042,276.866647322,56.2148644653,10.4671152464,0.155120172271,7.354110903987687,445.454545455,69.21329642075338,0.417102966042,276.866647322,56.2148644653,10.4671152464,0.155120172271,7.354110903987687,0.6290553838162509,0.272938251495,0.0744952857494,0.579622387886,0.0,0.035570718348,0.997035086155,146.740020752,independent_low_interferer
S078,30208,0.684988662132,stable_synthetic,interference_440_150_20,development,improvement,other,correct,440.0,146.511627907,49.96213974057735,0.00292295441037,191.258269679,0.018887204764,327.206743703,0.0,6.710760173385466,445.454545455,69.21329642075338,0.415925499,276.863029848,56.2149286225,10.4671095927,0.143543856888,7.361489405089859,445.454545455,69.21329642075338,0.415925499,276.863029848,56.2149286225,10.4671095927,0.143543856888,7.361489405089859,0.6507292317043936,0.288109689951,0.0830071941018,0.5599796772,0.0,0.0699572637677,0.997077047825,146.739898682,independent_low_interferer
S078,30720,0.696598639456,stable_synthetic,interference_440_150_20,development,improvement,other,correct,440.0,146.511627907,49.96213974057735,0.00296191852002,191.270881114,0.057380496612,327.20477027,0.0,6.7292881181155995,445.454545455,69.21329642075338,0.416912679056,276.868824635,56.2144565784,10.4671188873,0.158522701805,7.353025190223697,445.454545455,69.21329642075338,0.416912679056,276.868824635,56.2144565784,10.4671188873,0.158522701805,7.353025190223697,0.6237370721080975,0.284683078527,0.0810444504023,0.534140586853,0.0,0.0930025726557,0.997038066387,146.737716675,independent_low_interferer
S078,31232,0.70820861678,stable_synthetic,interference_440_150_20,development,improvement,other,correct,440.0,146.511627907,49.96213974057735,0.00293594044104,191.260768817,0.0368952778617,327.206500614,0.0,6.719506956159322,445.454545455,69.21329642075338,0.415083298973,276.865245211,56.214058669,10.4672871387,0.147996754293,7.361234854308945,445.454545455,69.21329642075338,0.415083298973,276.865245211,56.214058669,10.4672871387,0.147996754293,7.361234854308945,0.6417278981496226,0.275256425142,0.0757660940289,0.565117359161,0.0,0.100617334247,0.997064054012,146.739151001,independent_low_interferer
S078,31744,0.719818594104,stable_synthetic,interference_440_150_20,development,improvement,other,correct,440.0,146.511627907,49.96213974057735,0.00298077609695,191.266686709,0.0318984853084,327.206934662,0.0,6.717033073939795,445.454545455,69.21329642075338,0.419928524791,276.864725837,56.213479764,10.4676236112,0.149867200454,7.350730816142,445.454545455,69.21329642075338,0.419928524791,276.864725837,56.213479764,10.4676236112,0.149867200454,7.350730816142,0.6336977422022043,0.28932762146,0.0837104767561,0.575109958649,0.0,0.0685445517302,0.997019231319,146.739898682,independent_low_interferer
S078,32256,0.731428571429,stable_synthetic,interference_440_150_20,development,improvement,other,correct,440.0,146.511627907,49.96213974057735,0.00294267460543,191.266357222,0.0581237893151,327.205221323,0.0,6.729654775371561,445.454545455,69.21329642075338,0.411405059293,276.869368067,56.2136511928,10.4676997886,0.156981457602,7.364713630661058,445.454545455,69.21329642075338,0.411405059293,276.869368067,56.2136511928,10.4676997886,0.156981457602,7.364713630661058,0.6350588552894969,0.281394660473,0.079182960093,0.584044992924,0.0,0.0666322186589,0.997057318687,146.740646362,independent_low_interferer
S078,32768,0.743038548753,stable_synthetic,interference_440_150_20,development,improvement,other,correct,440.0,146.511627907,49.96213974057735,0.00298365314069,191.265574019,0.0234853755953,327.207345763,0.0,6.7129286168166065,445.454545455,69.21329642075338,0.420553249111,276.863669249,56.2135427624,10.467514531,0.147885762572,7.350338074933468,445.454545455,69.21329642075338,0.420553249111,276.863669249,56.2135427624,10.467514531,0.147885762572,7.350338074933468,0.6374094581168617,0.273601561785,0.0748578161001,0.582275271416,0.0,0.145659297705,0.997016370296,146.744415283,independent_low_interferer
S078,33280,0.754648526077,stable_synthetic,interference_440_150_20,development,improvement,other,correct,440.0,146.511627907,49.96213974057735,0.00293409734254,191.26245005,0.0443771016417,327.206046865,0.0,6.723113888350465,445.454545455,69.21329642075338,0.414238274282,276.866270607,56.2142763078,10.4672113759,0.150734008003,7.361738076204849,445.454545455,69.21329642075338,0.414238274282,276.866270607,56.2142763078,10.4672113759,0.150734008003,7.361738076204849,0.6386241878543846,0.298265635967,0.0889623984694,0.583591103554,0.0,0.0524709187448,0.997065901756,146.740524292,independent_low_interferer
S078,33792,0.766258503401,stable_synthetic,interference_440_150_20,development,improvement,other,correct,440.0,146.511627907,49.96213974057735,0.00295972421872,191.269759555,0.0540621604776,327.204962612,0.0,6.72771522207869,445.454545455,69.21329642075338,0.417041142476,276.868058293,56.2145567098,10.4670799674,0.156939054539,7.353449476570518,445.454545455,69.21329642075338,0.417041142476,276.868058293,56.2145567098,10.4670799674,0.156939054539,7.353449476570518,0.6257342544918272,0.274667263031,0.0754420980811,0.583450317383,0.0,0.0386311970651,0.997040271759,146.739532471,independent_low_interferer
S078,34304,0.777868480726,stable_synthetic,interference_440_150_20,development,improvement,other,correct,440.0,146.511627907,49.96213974057735,0.00292542521312,191.258353087,0.0154607997037,327.206762843,0.0,6.709071401842185,445.454545455,69.21329642075338,0.416215210769,276.862802124,56.2149875404,10.467141969,0.143186191765,7.361066791714006,445.454545455,69.21329642075338,0.416215210769,276.862802124,56.2149875404,10.467141969,0.143186191765,7.361066791714006,0.6519953898718205,0.289245396852,0.083662904799,0.57182598114,0.0,0.0956065654755,0.997074604034,146.739105225,independent_low_interferer
S078,34816,0.78947845805,stable_synthetic,interference_440_150_20,development,improvement,other,correct,440.0,146.511627907,49.96213974057735,0.00296158515804,191.26991094,0.0536576028976,327.205039654,0.0,6.727520405361978,445.454545455,69.21329642075338,0.416265480661,276.867707927,56.2147734018,10.4670928846,0.157020777263,7.3549663973206485,445.454545455,69.21329642075338,0.416265480661,276.867707927,56.2147734018,10.4670928846,0.157020777263,7.3549663973206485,0.6274459919586706,0.282708436251,0.0799240618944,0.545184493065,0.0,0.0874490216374,0.997038424015,146.737930298,independent_low_interferer
S078,35328,0.801088435374,stable_synthetic,interference_440_150_20,development,improvement,other,correct,440.0,146.511627907,49.96213974057735,0.00294081328476,191.263868665,0.0443361545858,327.20615963,0.0,6.723088316905346,445.454545455,69.21329642075338,0.414136210346,276.865793228,56.2147636375,10.4671137901,0.151574789788,7.361577426620391,445.454545455,69.21329642075338,0.414136210346,276.865793228,56.2147636375,10.4671137901,0.151574789788,7.361577426620391,0.6384891097150449,0.272981852293,0.074519097805,0.550807476044,0.0,0.071118041873,0.997059166431,146.739883423,independent_low_interferer
S078,35840,0.812698412698,stable_synthetic,interference_440_150_20,development,improvement,other,correct,440.0,146.511627907,49.96213974057735,0.00297098956839,191.264644905,0.0225674151418,327.207482692,0.0,6.712500566321711,445.454545455,69.21329642075338,0.419222113608,276.863141483,56.2140642406,10.4672286402,0.147355724971,7.353227700050386,445.454545455,69.21329642075338,0.419222113608,276.863141483,56.2140642406,10.4672286402,0.147355724971,7.353227700050386,0.6407271337286753,0.283114224672,0.0801536589861,0.565117359161,0.0,0.0760565251112,0.997029006481,146.739883423,independent_low_interferer
S078,36352,0.824308390023,stable_synthetic,interference_440_150_20,development,improvement,other,correct,440.0,146.511627907,49.96213974057735,0.00294053226361,191.267266592,0.0581849965399,327.205144665,0.0,6.729692653081948,445.454545455,69.21329642075338,0.413693637153,276.869313878,56.2137818303,10.4675363906,0.157300132124,7.359996160312718,445.454545455,69.21329642075338,0.413693637153,276.869313878,56.2137818303,10.4675363906,0.157300132124,7.359996160312718,0.6303035072307708,0.287704944611,0.0827741324902,0.581568598747,0.0,0.0782954022288,0.997059464455,146.739944458,independent_low_interferer
S078,36864,0.835918367347,stable_synthetic,interference_440_150_20,development,improvement,other,correct,440.0,146.511627907,49.96213974057735,0.00294277543467,191.264261152,0.0327486010853,327.206520968,0.0,6.717507893215894,445.454545455,69.21329642075338,0.418358822054,276.865272872,56.213582257,10.4677359954,0.148669240236,7.354396720011141,445.454545455,69.21329642075338,0.418358822054,276.865272872,56.213582257,10.4677359954,0.148669240236,7.354396720011141,0.6368888267952473,0.274936437607,0.0755900517106,0.584044992924,0.0,0.0705609843135,0.997057199478,146.739273071,independent_low_interferer
S078,37376,0.847528344671,stable_synthetic,interference_440_150_20,development,improvement,other,correct,440.0,146.511627907,49.96213974057735,0.00293626231985,191.262240658,0.0370650216081,327.206266053,0.0,6.71959563436944,445.454545455,69.21329642075338,0.417043667797,276.865784895,56.213753067,10.4675445556,0.148571764017,7.357068622349579,445.454545455,69.21329642075338,0.417043667797,276.865784895,56.213753067,10.4675445556,0.148571764017,7.357068622349579,0.6374729879801393,0.298734724522,0.0892424285412,0.579190373421,0.0,0.0430421642959,0.997063755989,146.738265991,independent_low_interferer
H011,11264,0.255419501134,stable_heldout_synthetic,heldout_mixture,heldout,improvement,down,correct,392.0000098023755,195.132743363,54.92342831272369,0.0531321930284,0.980899218362,188.077577018,0.00568258846105,0.0100459368192,3.194783921827205,397.297297297,67.2325854654768,0.431082559011,163.219452927,48.093192086,0.000305085163792,2.94778878348,5.49939717787929,397.297297297,67.2325854654768,0.431082559011,163.219452927,48.093192086,0.000305085163792,2.94778878348,5.49939717787929,2.304613256052085,0.155256062746,0.0241044443101,0.345871239901,0.0,0.0326632782817,0.946867823601,195.26512146,independent_low_interferer
H011,11776,0.267029478458,stable_heldout_synthetic,heldout_mixture,heldout,improvement,down,correct,392.0000098023755,195.132743363,54.92342831272369,0.0526281600822,0.975015333063,184.828332129,0.00413517793075,0.00722918992141,3.185161563334329,397.297297297,67.2325854654768,0.431373799023,160.400245567,47.2626405605,0.000355851592792,2.89657873331,5.479508053214296,397.297297297,67.2325854654768,0.431373799023,160.400245567,47.2626405605,0.000355851592792,2.89657873331,5.479508053214296,2.2943464898799673,0.148518338799,0.0220576953143,0.329754263163,0.0,0.0327461063862,0.947371840477,195.324523926,independent_low_interferer
H011,12288,0.278639455782,stable_heldout_synthetic,heldout_mixture,heldout,improvement,down,correct,392.0000098023755,195.132743363,54.92342831272369,0.0531868633663,0.945020103274,181.640227944,0.00417224767235,0.00851237698539,3.159460427786735,397.297297297,67.2325854654768,0.431211006546,157.633316514,46.4476624672,0.000219514150399,2.84762635459,5.460313629795125,397.297297297,67.2325854654768,0.431211006546,157.633316514,46.4476624672,0.000219514150399,2.84762635459,5.460313629795125,2.3008532020083896,0.148503094912,0.0220531672239,0.333682864904,0.0,0.0265426300466,0.946813166142,195.260482788,independent_low_interferer
H011,12800,0.290249433107,stable_heldout_synthetic,heldout_mixture,heldout,improvement,down,correct,392.0000098023755,195.132743363,54.92342831272369,0.0525475256442,0.942962326142,178.500991222,0.00440420888211,0.00845425111123,3.1510983720518437,397.297297297,67.2325854654768,0.431320132524,154.909063899,45.6440364991,0.000433377683323,2.79675517715,5.440940110941674,397.297297297,67.2325854654768,0.431320132524,154.909063899,45.6440364991,0.000433377683323,2.79675517715,5.440940110941674,2.2898417388898302,0.14586879313,0.0212777052075,0.304997116327,0.0,0.0916223600507,0.947452485561,195.341201782,independent_low_interferer
H011,13312,0.301859410431,stable_heldout_synthetic,heldout_mixture,heldout,improvement,down,correct,392.0000098023755,195.132743363,54.92342831272369,0.0533149692447,0.912357697243,175.422763556,0.00224737229554,0.00704047020795,3.1252018407406776,397.297297297,67.2325854654768,0.431689918448,152.238156494,44.857886948,0.000243856093088,2.75068646421,5.420478569203079,397.297297297,67.2325854654768,0.431689918448,152.238156494,44.857886948,0.000243856093088,2.75068646421,5.420478569203079,2.295276728462401,0.140010386705,0.0196029078215,0.317580997944,0.0,0.0517748221755,0.946685016155,195.281143188,independent_low_interferer
H011,13824,0.313469387755,stable_heldout_synthetic,heldout_mixture,heldout,improvement,down,correct,392.0000098023755,195.132743363,54.92342831272369,0.0524164777065,0.910087454729,172.390595066,0.00453791015905,0.00910370717771,3.116690137772395,397.297297297,67.2325854654768,0.430204498329,149.606273113,44.0815454518,0.000435622085779,2.70075276612,5.40433721466011,397.297297297,67.2325854654768,0.430204498329,149.606273113,44.0815454518,0.000435622085779,2.70075276612,5.40433721466011,2.287647076887715,0.145777434111,0.021251058206,0.278117150068,0.0,0.107343196869,0.947583496571,195.355285645,independent_low_interferer
H011,14336,0.325079365079,stable_heldout_synthetic,heldout_mixture,heldout,improvement,down,correct,392.0000098023755,195.132743363,54.92342831272369,0.0531576570859,0.882912757845,169.417819891,0.0021391311687,0.00574884285219,3.0932992168016327,397.297297297,67.2325854654768,0.431901375898,147.027063162,43.3221690456,0.000248108568294,2.65689945857,5.381089051844196,397.297297297,67.2325854654768,0.431901375898,147.027063162,43.3221690456,0.000248108568294,2.65689945857,5.381089051844196,2.287789835042563,0.130469664931,0.0170223340392,0.304065674543,0.0,0.0891755074263,0.946842372417,195.298828125,independent_low_interferer
H011,14848,0.336689342404,stable_heldout_synthetic,heldout_mixture,heldout,improvement,down,correct,392.0000098023755,195.132743363,54.92342831272369,0.0523751619402,0.876656639047,166.489951802,0.0047943624513,0.00904503454223,3.0818967063001033,397.297297297,67.2325854654768,0.430560626466,144.485387753,42.5732816123,0.000336752533432,2.60848905087,5.364616082878083,397.297297297,67.2325854654768,0.430560626466,144.485387753,42.5732816123,0.000336752533432,2.60848905087,5.364616082878083,2.2827193765779796,0.142670080066,0.0203547514975,0.267131000757,0.0,0.0987611487508,0.947624862194,195.333007812,independent_low_interferer
H011,15360,0.348299319728,stable_heldout_synthetic,heldout_mixture,heldout,improvement,down,correct,392.0000098023755,195.132743363,54.92342831272369,0.0528370269024,0.855915411141,163.618212676,0.00346479318457,0.00485423083354,3.062961926366021,397.297297297,67.2325854654768,0.432171169087,141.993694884,41.8387489188,0.000262870940715,2.5660033234,5.341522703576565,397.297297297,67.2325854654768,0.432171169087,141.993694884,41.8387489188,0.000262870940715,2.5660033234,5.341522703576565,2.2785607772105445,0.124713182449,0.0155533775687,0.293797045946,0.0,0.0819687247276,0.947162985802,195.300338745,independent_low_interferer
H011,15872,0.359909297052,stable_heldout_synthetic,heldout_mixture,heldout,improvement,down,correct,392.0000098023755,195.132743363,54.92342831272369,0.0524555358073,0.843277863448,160.791739514,0.00435030518063,0.0084457372037,3.046669419187514,397.297297297,67.2325854654768,0.431169216064,139.540132027,41.1168369042,0.00020810635969,2.51961125936,5.324255194926811,397.297297297,67.2325854654768,0.431169216064,139.540132027,41.1168369042,0.00020810635969,2.51961125936,5.324255194926811,2.2775857757392965,0.13680280745,0.0187150072306,0.265493810177,0.0,0.0705769658089,0.947544455528,195.295806885,independent_low_interferer
H011,16384,0.371519274376,stable_heldout_synthetic,heldout_mixture,heldout,improvement,down,correct,392.0000098023755,195.132743363,54.92342831272369,0.0527408511269,0.830209957939,158.016844874,0.00423869216438,0.00473668073008,3.032148743313745,397.297297297,67.2325854654768,0.43289675789,137.132320584,40.4059088564,0.000328026029965,2.47776911168,5.301016831995698,397.297297297,67.2325854654768,0.43289675789,137.132320584,40.4059088564,0.000328026029965,2.47776911168,5.301016831995698,2.2688680886819528,0.121834382415,0.0148436175659,0.279996931553,0.0,0.040823712945,0.947259128094,195.303329468,independent_low_interferer
H011,16896,0.383129251701,stable_heldout_synthetic,heldout_mixture,heldout,improvement,down,correct,392.0000098023755,195.132743363,54.92342831272369,0.0527140392613,0.810909981927,155.288703167,0.00295521298717,0.0076195325771,3.0111962604231266,397.297297297,67.2325854654768,0.431166744675,134.764469045,39.7098146669,0.000161796706453,2.43381413462,5.285027282661533,397.297297297,67.2325854654768,0.431166744675,134.764469045,39.7098146669,0.000161796706453,2.43381413462,5.285027282661533,2.273831022238406,0.131432801485,0.0172745808959,0.260455399752,0.0,0.0593523494899,0.947285950184,195.289154053,independent_low_interferer
H011,17408,0.394739229025,stable_heldout_synthetic,heldout_mixture,heldout,improvement,down,correct,392.0000098023755,195.132743363,54.92342831272369,0.0526305130611,0.804756169403,152.606895978,0.00416561291889,0.00527375292044,3.0007721205330045,397.297297297,67.2325854654768,0.431754791372,132.437380527,39.0224158068,0.000373208833411,2.39223588322,5.264191228015502,397.297297297,67.2325854654768,0.431754791372,132.437380527,39.0224158068,0.000373208833411,2.39223588322,5.264191228015502,2.2634191074824974,0.120700113475,0.0145685169846,0.263068914413,0.0,0.0702038630843,0.947369515896,195.320953369,independent_low_interferer
H011,17920,0.406349206349,stable_heldout_synthetic,heldout_mixture,heldout,improvement,down,correct,392.0000098023755,195.132743363,54.92342831272369,0.053151608542,0.780629287589,149.973924569,0.00154182324679,0.00678458179088,2.9762215094805966,397.297297297,67.2325854654768,0.432118656051,130.152406188,38.3502915376,0.000234032330074,2.35098552675,5.243805689123034,397.297297297,67.2325854654768,0.432118656051,130.152406188,38.3502915376,0.000234032330074,2.35098552675,5.243805689123034,2.2675841796424376,0.123306587338,0.0152045153081,0.252107709646,0.0,0.0363313741982,0.946848392487,195.302154541,independent_low_interferer
H011,18432,0.417959183673,stable_heldout_synthetic,heldout_mixture,heldout,improvement,down,correct,392.0000098023755,195.132743363,54.92342831272369,0.0523965045313,0.778853128246,147.382142177,0.0038088811234,0.00588731095849,2.9690867186832466,397.297297297,67.2325854654768,0.429777274517,127.903357072,37.6869272264,0.000350023132888,2.30963741441,5.228927447191047,397.297297297,67.2325854654768,0.429777274517,127.903357072,37.6869272264,0.000350023132888,2.30963741441,5.228927447191047,2.259840728507801,0.122552573681,0.015019133687,0.246150508523,0.0,0.0718105733395,0.947603523731,195.343795776,independent_low_interferer
H011,18944,0.429569160998,stable_heldout_synthetic,heldout_mixture,heldout,improvement,down,correct,392.0000098023755,195.132743363,54.92342831272369,0.0532973290702,0.753133184025,144.840822932,0.00229499665079,0.00589372792385,2.943702684223288,397.297297297,67.2325854654768,0.432592037245,125.697908529,37.0370804255,0.000253219769788,2.27103953642,5.203411626949601,397.297297297,67.2325854654768,0.432592037245,125.697908529,37.0370804255,0.000253219769788,2.27103953642,5.203411626949601,2.259708942726313,0.112952254713,0.0127582112327,0.240721225739,0.0,0.0590541660786,0.94670265913,195.305496216,independent_low_interferer
H011,19456,0.441179138322,stable_heldout_synthetic,heldout_mixture,heldout,improvement,down,correct,392.0000098023755,195.132743363,54.92342831272369,0.0522510885513,0.752143990144,142.336733565,0.00364680728843,0.00621095158234,2.936750491225986,397.297297297,67.2325854654768,0.429231271877,123.524827018,36.3976222863,0.000248206842763,2.23011576188,5.190649185572406,397.297297297,67.2325854654768,0.429231271877,123.524827018,36.3976222863,0.000248206842763,2.23011576188,5.190649185572406,2.25389869434642,0.121525555849,0.0147684598342,0.244654968381,0.0,0.0887669175863,0.94774889946,195.334869385,independent_low_interferer
H011,19968,0.452789115646,stable_heldout_synthetic,heldout_mixture,heldout,improvement,down,correct,392.0000098023755,195.132743363,54.92342831272369,0.0532320762995,0.728400995217,139.883092529,0.00353211002028,0.00485694047681,2.913156635903621,397.297297297,67.2325854654768,0.432314787717,121.39531618,35.7688236153,0.000263048108516,2.19371768533,5.1644246032492065,397.297297297,67.2325854654768,0.432314787717,121.39531618,35.7688236153,0.000263048108516,2.19371768533,5.1644246032492065,2.2512679673455853,0.105828285217,0.0111996261403,0.226468846202,0.0,0.0716541409492,0.946767926216,195.291305542,independent_low_interferer
H011,20480,0.464399092971,stable_heldout_synthetic,heldout_mixture,heldout,improvement,down,correct,392.0000098023755,195.132743363,54.92342831272369,0.0522963593713,0.724672256958,137.464710645,0.00311997908291,0.00622556390112,2.9034277138549918,397.297297297,67.2325854654768,0.428975732231,119.296503897,35.1523670893,0.00013990124092,2.15356758941,5.151647092460892,397.297297297,67.2325854654768,0.428975732231,119.296503897,35.1523670893,0.00013990124092,2.15356758941,5.151647092460892,2.2482193786059,0.118050530553,0.0139359273016,0.239684656262,0.0,0.102851040661,0.947703659534,195.313095093,independent_low_interferer
H011,20992,0.476009070295,stable_heldout_synthetic,heldout_mixture,heldout,improvement,down,correct,392.0000098023755,195.132743363,54.92342831272369,0.0532914507803,0.705808261663,135.094587219,0.00406659091929,0.00383992005582,2.8832295227136884,397.297297297,67.2325854654768,0.431988599883,117.239532177,34.5440755137,0.000289310511743,2.11865941481,5.125492745739114,397.297297297,67.2325854654768,0.431988599883,117.239532177,34.5440755137,0.000289310511743,2.11865941481,5.125492745739114,2.242263223025426,0.101969651878,0.0103978095576,0.212549954653,0.0,0.0696000233293,0.94670855999,195.279083252,independent_low_interferer
H011,21504,0.487619047619,stable_heldout_synthetic,heldout_mixture,heldout,improvement,down,correct,392.0000098023755,195.132743363,54.92342831272369,0.0526284611115,0.696990573527,132.759974516,0.00202931533744,0.00613585595374,2.86907124927994,397.297297297,67.2325854654768,0.428881293884,115.213336423,33.9491832681,0.000149630316399,2.07979691858,5.112218146397225,397.297297297,67.2325854654768,0.428881293884,115.213336423,33.9491832681,0.000149630316399,2.07979691858,5.112218146397225,2.243146897117285,0.114427261055,0.013093598187,0.232367143035,0.0,0.123032405972,0.947371542454,195.313842773,independent_low_interferer
H011,22016,0.499229024943,stable_heldout_synthetic,heldout_mixture,heldout,improvement,down,correct,392.0000098023755,195.132743363,54.92342831272369,0.0532435388711,0.684503987033,130.469420295,0.00374502837694,0.00323112788089,2.8536927614604912,397.297297297,67.2325854654768,0.430258893639,113.225756164,33.3616050297,0.000302687754342,2.04569506312,5.089340015248479,397.297297297,67.2325854654768,0.430258893639,113.225756164,33.3616050297,0.000302687754342,2.04569506312,5.089340015248479,2.2356472537879877,0.100624315441,0.0101252533495,0.201419681311,0.0,0.0701568499207,0.946756482124,195.285217285,independent_low_interferer
H011,22528,0.510839002268,stable_heldout_synthetic,heldout_mixture,heldout,improvement,down,correct,392.0000098023755,195.132743363,54.92342831272369,0.0532383051458,0.670054468426,128.216490319,0.00148275027488,0.00606432019215,2.834471649973436,397.297297297,67.2325854654768,0.430487385658,111.270321137,32.7865997867,0.00023209686526,2.00873825956,5.069264520961404,397.297297297,67.2325854654768,0.430487385658,111.270321137,32.7865997867,0.00023209686526,2.00873825956,5.069264520961404,2.234792870987968,0.107950977981,0.0116534139961,0.231188252568,0.0,0.0507050827146,0.946761667728,195.325958252,independent_low_interferer
H011,23040,0.522448979592,stable_heldout_synthetic,heldout_mixture,heldout,improvement,down,correct,392.0000098023755,195.132743363,54.92342831272369,0.0529776337065,0.663671984966,126.002275151,0.00306385029617,0.00324477931272,2.8243194599512313,397.297297297,67.2325854654768,0.427946724057,109.349330763,32.2200687321,0.00026206368766,1.97497318981,5.05428270025916,397.297297297,67.2325854654768,0.427946724057,109.349330763,32.2200687321,0.00026206368766,1.97497318981,5.05428270025916,2.2299632403079284,0.102342195809,0.0104739256203,0.211998283863,0.0,0.0351197272539,0.947022378445,195.307800293,independent_low_interferer
H011,23552,0.534058956916,stable_heldout_synthetic,heldout_mixture,heldout,improvement,down,correct,392.0000098023755,195.132743363,54.92342831272369,0.0535950800537,0.64480859336,123.828448024,0.00245635727292,0.00585085945031,2.8016004816722364,397.297297297,67.2325854654768,0.431194564497,107.462320993,31.6637712853,0.000252298011834,1.94039566888,5.027937977469095,397.297297297,67.2325854654768,0.431194564497,107.462320993,31.6637712853,0.000252298011834,1.94039566888,5.027937977469095,2.2263374957968582,0.0989628359675,0.00979364290833,0.22680658102,0.0,0.0282941702753,0.946404933929,195.321075439,independent_low_interferer
H011,24064,0.54566893424,stable_heldout_synthetic,heldout_mixture,heldout,improvement,down,correct,392.0000098023755,195.132743363,54.92342831272369,0.0527463764761,0.642612528574,121.688278419,0.00260039466854,0.00360754413877,2.7944673635915263,397.297297297,67.2325854654768,0.426791149722,105.605678432,31.1177721478,0.000174249130884,1.90671426376,5.016791139013375,397.297297297,67.2325854654768,0.426791149722,105.605678432,31.1177721478,0.000174249130884,1.90671426376,5.016791139013375,2.2223237754218483,0.101802714169,0.0103637930006,0.214088097215,0.0,0.0599229894578,0.947253644466,195.311935425,independent_low_interferer
H011,24576,0.557278911565,stable_heldout_synthetic,heldout_mixture,heldout,improvement,down,correct,392.0000098023755,195.132743363,54.92342831272369,0.0537272448333,0.621758618024,119.590354192,0.00337333736158,0.00528931222173,2.770460515727891,397.297297297,67.2325854654768,0.430359464566,103.784373049,30.5796019496,0.00025130929927,1.87456341556,4.989553837429436,397.297297297,67.2325854654768,0.430359464566,103.784373049,30.5796019496,0.00025130929927,1.87456341556,4.989553837429436,2.219093321701545,0.0924976617098,0.0085558174178,0.219487681985,0.0,0.048002678901,0.946272730827,195.295074463,independent_low_interferer
H011,25088,0.568888888889,stable_heldout_synthetic,heldout_mixture,heldout,improvement,down,correct,392.0000098023755,195.132743363,54.92342831272369,0.0526593060315,0.620866366139,117.522542234,0.00213082321667,0.00404440450684,2.7637077894104185,397.297297297,67.2325854654768,0.425928238663,101.990320302,30.0529559978,0.000108074941597,1.8409243363,4.9785878137715995,397.297297297,67.2325854654768,0.425928238663,101.990320302,30.0529559978,0.000108074941597,1.8409243363,4.9785878137715995,2.214880024361181,0.0994514971972,0.00989060010761,0.213188022375,0.0,0.10517783463,0.947340667248,195.309936523,independent_low_interferer
H011,25600,0.580498866213,stable_heldout_synthetic,heldout_mixture,heldout,improvement,down,correct,392.0000098023755,195.132743363,54.92342831272369,0.053914511351,0.600883244974,115.496916908,0.00367032472618,0.00437695069242,2.740391088042882,397.297297297,67.2325854654768,0.429490779408,100.231933414,29.5328069783,0.000244291863319,1.81080309061,4.9511595134780775,397.297297297,67.2325854654768,0.429490779408,100.231933414,29.5328069783,0.000244291863319,1.81080309061,4.9511595134780775,2.2107684254351954,0.0882651954889,0.00779074477032,0.209579095244,0.0,0.0725524500012,0.946085512638,195.263702393,independent_low_interferer
H011,26112,0.592108843537,stable_heldout_synthetic,heldout_mixture,heldout,improvement,down,correct,392.0000098023755,195.132743363,54.92342831272369,0.0528725436072,0.598427609394,113.499997935,0.00158018979395,0.00455831640667,2.7316834734514965,397.297297297,67.2325854654768,0.426093585816,98.4990275542,29.0240650391,0.00015393215301,1.77748115413,4.938226564612069,397.297297297,67.2325854654768,0.426093585816,98.4990275542,29.0240650391,0.00015393215301,1.77748115413,4.938226564612069,2.206543091160573,0.0971232876182,0.00943293236196,0.209519267082,0.0,0.138444080949,0.947127461433,195.323699951,independent_low_interferer
H011,26624,0.603718820862,stable_heldout_synthetic,heldout_mixture,heldout,improvement,down,correct,392.0000098023755,195.132743363,54.92342831272369,0.0539541757954,0.581828671062,111.543037918,0.00320612097273,0.00331216388588,2.7114879695246885,397.297297297,67.2325854654768,0.428061119522,96.8007741974,28.522133206,0.000229595518715,1.74879660508,4.913856167608479,397.297297297,67.2325854654768,0.428061119522,96.8007741974,28.522133206,0.000229595518715,1.74879660508,4.913856167608479,2.2023681980837906,0.0859656333923,0.00739009026438,0.197609096766,0.0,0.0656032934785,0.946045815945,195.250305176,independent_low_interferer
H011,27136,0.615328798186,stable_heldout_synthetic,heldout_mixture,heldout,improvement,down,correct,392.0000098023755,195.132743363,54.92342831272369,0.0534227312498,0.575800310704,109.615494939,0.00172876486178,0.00511696078956,2.6988277648423287,397.297297297,67.2325854654768,0.428440220084,95.1276778972,28.0299832644,0.000224800446376,1.71640884095,4.893362275870823,397.297297297,67.2325854654768,0.428440220084,95.1276778972,28.0299832644,0.000224800446376,1.71640884095,4.893362275870823,2.194534511028494,0.0927273258567,0.00859835650772,0.203164964914,0.0,0.0768978521228,0.946577250957,195.342773438,independent_low_interferer
H011,27648,0.62693877551,stable_heldout_synthetic,heldout_mixture,heldout,improvement,down,correct,392.0000098023755,195.132743363,54.92342831272369,0.0537285567305,0.564072540632,107.724069578,0.00235226191449,0.00244225872124,2.6836102437945946,397.297297297,67.2325854654768,0.426229042646,93.4868783142,27.5462647118,0.000182831247483,1.68858757441,4.877303641326139,397.297297297,67.2325854654768,0.426229042646,93.4868783142,27.5462647118,0.000182831247483,1.68858757441,4.877303641326139,2.1936933975315447,0.0862133726478,0.00743274530396,0.183882281184,0.0,0.0410075969994,0.946271419525,195.265457153,independent_low_interferer
H011,28160,0.638548752834,stable_heldout_synthetic,heldout_mixture,heldout,improvement,down,correct,392.0000098023755,195.132743363,54.92342831272369,0.05377802628,0.553734476202,105.864014694,0.00246694699264,0.00548597499766,2.6667643741393774,397.297297297,67.2325854654768,0.429308322236,91.8720114898,27.070055608,0.000241156154598,1.65782975267,4.851262694097384,397.297297297,67.2325854654768,0.429308322236,91.8720114898,27.070055608,0.000241156154598,1.65782975267,4.851262694097384,2.184498319958007,0.0864342972636,0.00747088715434,0.194383054972,0.0,0.0271495096385,0.94622194767,195.341018677,independent_low_interferer
H011,28672,0.650158730159,stable_heldout_synthetic,heldout_mixture,heldout,improvement,down,correct,392.0000098023755,195.132743363,54.92342831272369,0.0534628405282,0.54695947928,104.035794291,0.00173353283168,0.00216066496141,2.6558701330910175,397.297297297,67.2325854654768,0.425193972712,90.2863179143,26.6037158613,0.000126838853179,1.63035259617,4.839060926162755,397.297297297,67.2325854654768,0.425193972712,90.2863179143,26.6037158613,0.000126838853179,1.63035259617,4.839060926162755,2.183190793071738,0.0848434343934,0.00719840778038,0.168855085969,0.0,0.0532972849905,0.946537137032,195.278869629,independent_low_interferer
H011,29184,0.661768707483,stable_heldout_synthetic,heldout_mixture,heldout,improvement,down,correct,392.0000098023755,195.132743363,54.92342831272369,0.0539193660326,0.532855854605,102.24085795,0.00302470720074,0.00544497412706,2.635866111199012,397.297297297,67.2325854654768,0.428120758418,88.7277941617,26.1433459955,0.000228972585131,1.6016268365,4.813093786503151,397.297297297,67.2325854654768,0.428120758418,88.7277941617,26.1433459955,0.000228972585131,1.6016268365,4.813093786503151,2.177227675304139,0.082111351192,0.00674227392301,0.189206585288,0.0,0.0622300319374,0.946080625057,195.313140869,independent_low_interferer
H011,29696,0.673378684807,stable_heldout_synthetic,heldout_mixture,heldout,improvement,down,correct,392.0000098023755,195.132743363,54.92342831272369,0.0531963670168,0.529814302438,100.474088914,0.00152574817751,0.00252075583779,2.62777771949803,397.297297297,67.2325854654768,0.424391520479,87.195240001,25.6931375509,0.000106873825156,1.57408716814,4.800252438558629,397.297297297,67.2325854654768,0.424391520479,87.195240001,25.6931375509,0.000106873825156,1.57408716814,4.800252438558629,2.172474719060599,0.0822619572282,0.00676702940837,0.169499546289,0.0,0.0793922543526,0.946803629398,195.292831421,independent_low_interferer
H011,30208,0.684988662132,stable_heldout_synthetic,heldout_mixture,heldout,improvement,down,correct,392.0000098023755,195.132743363,54.92342831272369,0.0541047096761,0.513504792756,98.7415376999,0.0031299355505,0.00494565029312,2.6058242368399163,397.297297297,67.2325854654768,0.42735987205,85.6910363251,25.2486611876,0.000196383337091,1.54737744023,4.773955143213914,397.297297297,67.2325854654768,0.42735987205,85.6910363251,25.2486611876,0.000196383337091,1.54737744023,4.773955143213914,2.1681309063739973,0.0784702375531,0.00615757796913,0.183730080724,0.0,0.0528898276389,0.945895314217,195.266159058,independent_low_interferer
H011,30720,0.696598639456,stable_heldout_synthetic,heldout_mixture,heldout,improvement,down,correct,392.0000098023755,195.132743363,54.92342831272369,0.0531547571305,0.512205889745,97.0347279256,0.00159268554481,0.00325368249856,2.5986944702128008,397.297297297,67.2325854654768,0.425143862711,84.2100525506,24.8133390282,0.000155926825615,1.51969086527,4.758248244519391,397.297297297,67.2325854654768,0.425143862711,84.2100525506,24.8133390282,0.000155926825615,1.51969086527,4.758248244519391,2.1595537743065907,0.0803740024567,0.0064599798061,0.169238343835,0.0,0.106943182647,0.94684523344,195.317962646,independent_low_interferer
H011,31232,0.70820861678,stable_heldout_synthetic,heldout_mixture,heldout,improvement,down,correct,392.0000098023755,195.132743363,54.92342831272369,0.0542023152811,0.495805206949,95.3616688529,0.00261036987008,0.00409845997209,2.57692097963274,397.297297297,67.2325854654768,0.42690299599,82.7580031303,24.3847510513,0.000162276449059,1.49472265866,4.734151838374668,397.297297297,67.2325854654768,0.42690299599,82.7580031303,24.3847510513,0.000162276449059,1.49472265866,4.734151838374668,2.157230858741928,0.0755110159516,0.005701913964,0.176030859351,0.0,0.0399940237403,0.945797681808,195.233291626,independent_low_interferer
H011,31744,0.719818594104,stable_heldout_synthetic,heldout_mixture,heldout,improvement,down,correct,392.0000098023755,195.132743363,54.92342831272369,0.053459174873,0.494132643696,93.7133842248,0.00194222890302,0.00409267741797,2.568498102546094,397.297297297,67.2325854654768,0.427994645683,81.3273492386,23.9634452382,0.000208679786082,1.46724683431,4.7119210758276555,397.297297297,67.2325854654768,0.427994645683,81.3273492386,23.9634452382,0.000208679786082,1.46724683431,4.7119210758276555,2.1434229732815617,0.0777611657977,0.00604679947719,0.16678071022,0.0,0.0713524222374,0.94654083252,195.34765625,independent_low_interferer
H011,32256,0.731428571429,stable_heldout_synthetic,heldout_mixture,heldout,improvement,down,correct,392.0000098023755,195.132743363,54.92342831272369,0.0540921070076,0.479700679402,92.0971393975,0.00171204292163,0.00313628668793,2.5493392938628476,397.297297297,67.2325854654768,0.426152046461,79.9251855158,23.5503877981,0.000123259571846,1.44362497595,4.694874346155921,397.297297297,67.2325854654768,0.426152046461,79.9251855158,23.5503877981,0.000123259571846,1.44362497595,4.694874346155921,2.1455350522930736,0.0741185545921,0.00549355987459,0.166367098689,0.0,0.0589893721044,0.945907890797,195.238739014,independent_low_interferer
H011,32768,0.743038548753,stable_heldout_synthetic,heldout_mixture,heldout,improvement,down,correct,392.0000098023755,195.132743363,54.92342831272369,0.0536206753119,0.475921710184,90.5058145672,0.00232765413938,0.00476661282295,2.538446184078859,397.297297297,67.2325854654768,0.42876707965,78.5436525306,23.1428797222,0.00022005921156,1.41695590377,4.669567130727572,397.297297297,67.2325854654768,0.42876707965,78.5436525306,23.1428797222,0.00022005921156,1.41695590377,4.669567130727572,2.131120946648713,0.0743899866939,0.00553386984393,0.16221241653,0.0,0.069481305778,0.946379303932,195.358581543,independent_low_interferer
H011,33280,0.754648526077,stable_heldout_synthetic,heldout_mixture,heldout,improvement,down,correct,392.0000098023755,195.132743363,54.92342831272369,0.0538974951454,0.464876152213,88.944174615,0.00112373077192,0.00236754504264,2.522668710329221,397.297297297,67.2325854654768,0.425955549973,77.1891695299,22.7443547047,0.000111185087135,1.39416434537,4.654403111651646,397.297297297,67.2325854654768,0.425955549973,77.1891695299,22.7443547047,0.000111185087135,1.39416434537,4.654403111651646,2.1317344013224253,0.0713937133551,0.00509706279263,0.1550437361,0.0,0.0727484747767,0.946102499962,195.256362915,independent_low_interferer
H011,33792,0.766258503401,stable_heldout_synthetic,heldout_mixture,heldout,improvement,down,correct,392.0000098023755,195.132743363,54.92342831272369,0.0535844995043,0.457981676561,87.4080788953,0.00255958087507,0.00507235964418,2.508975053224633,397.297297297,67.2325854654768,0.427354276819,75.8554461788,22.3508008026,0.000198434883456,1.36879200069,4.6313929644277305,397.297297297,67.2325854654768,0.427354276819,75.8554461788,22.3508008026,0.000198434883456,1.36879200069,4.6313929644277305,2.1224179112030974,0.0726122558117,0.00527253979817,0.155719548464,0.0,0.0800319835544,0.946415483952,195.339233398,independent_low_interferer
H011,34304,0.777868480726,stable_heldout_synthetic,heldout_mixture,heldout,improvement,down,correct,392.0000098023755,195.132743363,54.92342831272369,0.0535184504674,0.450777280575,85.8991683448,0.00135590684246,0.00209579469202,2.4967287447439475,397.297297297,67.2325854654768,0.425799485211,74.5465904475,21.965682192,0.000116228050987,1.3462718917,4.613766334694856,397.297297297,67.2325854654768,0.425799485211,74.5465904475,21.965682192,0.000116228050987,1.3462718917,4.613766334694856,2.1170375899509084,0.0677241683006,0.00458656297997,0.142483621836,0.0,0.0608932040632,0.946481525898,195.276290894,independent_low_interferer
H011,34816,0.78947845805,stable_heldout_synthetic,heldout_mixture,heldout,improvement,down,correct,392.0000098023755,195.132743363,54.92342831272369,0.0536352738177,0.440679247971,84.4164437478,0.0025260892512,0.00493175290644,2.4797843809044857,397.297297297,67.2325854654768,0.426977878115,73.25931122,21.5860804797,0.000149325320597,1.32243301452,4.591003975386576,397.297297297,67.2325854654768,0.426977878115,73.25931122,21.5860804797,0.000149325320597,1.32243301452,4.591003975386576,2.11121959448209,0.0701749846339,0.00492452830076,0.147412881255,0.0,0.0465672537684,0.946364700794,195.285827637,independent_low_interferer
H011,35328,0.801088435374,stable_heldout_synthetic,heldout_mixture,heldout,improvement,down,correct,392.0000098023755,195.132743363,54.92342831272369,0.0532378000894,0.436835372189,82.9585393545,0.00175606189446,0.00242147848178,2.470358340493979,397.297297297,67.2325854654768,0.427065020985,71.9943275767,21.2134525131,0.00015078175506,1.29983076612,4.570220651393406,397.297297297,67.2325854654768,0.427065020985,71.9943275767,21.2134525131,0.00015078175506,1.29983076612,4.570220651393406,2.099862310899427,0.065482839942,0.00428800238296,0.128959327936,0.0,0.069449916482,0.94676220417,195.304138184,independent_low_interferer
H011,35840,0.812698412698,stable_heldout_synthetic,heldout_mixture,heldout,improvement,down,correct,392.0000098023755,195.132743363,54.92342831272369,0.0537467570666,0.424367766252,81.527194362,0.00201595576625,0.00439236989799,2.4511105679732506,397.297297297,67.2325854654768,0.427482685211,70.7519863566,20.8475262041,0.000106904299516,1.27757669537,4.548764729442795,397.297297297,67.2325854654768,0.427482685211,70.7519863566,20.8475262041,0.000106904299516,1.27757669537,4.548764729442795,2.0976541614695448,0.0672709047794,0.00452537462115,0.139838293195,0.0,0.0222949534655,0.946253240108,195.241409302,independent_low_interferer
H011,36352,0.824308390023,stable_heldout_synthetic,heldout_mixture,heldout,improvement,down,correct,392.0000098023755,195.132743363,54.92342831272369,0.0532696418551,0.422707758738,80.118668845,0.00201917702939,0.00308862312505,2.44294156322798,397.297297297,67.2325854654768,0.429773363662,69.5295069177,20.486928787,0.000185111212915,1.25491887405,4.523696101580466,397.297297297,67.2325854654768,0.429773363662,69.5295069177,20.486928787,0.000185111212915,1.25491887405,4.523696101580466,2.080754538352486,0.0639429986477,0.00408870726824,0.13073246181,0.0,0.0684684440494,0.94673037529,195.340393066,independent_low_interferer
H011,36864,0.835918367347,stable_heldout_synthetic,heldout_mixture,heldout,improvement,down,correct,392.0000098023755,195.132743363,54.92342831272369,0.0538146111223,0.409356710537,78.7367088892,0.00117958059618,0.00362409994437,2.4233551254176997,397.297297297,67.2325854654768,0.427848225987,68.3304117584,20.134058914,0.0000933004200292,1.23415068684,4.506722901937762,397.297297297,67.2325854654768,0.427848225987,68.3304117584,20.134058914,0.0000933004200292,1.23415068684,4.506722901937762,2.083367776520062,0.0649330615997,0.00421630218625,0.134457528591,0.0,0.0499195344746,0.946185410023,195.24029541,independent_low_interferer
H011,37376,0.847528344671,stable_heldout_synthetic,heldout_mixture,heldout,improvement,down,correct,392.0000098023755,195.132743363,54.92342831272369,0.0531864707047,0.40830919893,77.3760147035,0.00208158195458,0.00376378599917,2.41541736082905,397.297297297,67.2325854654768,0.430011981956,67.1492821868,19.7855487546,0.000191430733999,1.21173988121,4.481963760172515,397.297297297,67.2325854654768,0.430011981956,67.1492821868,19.7855487546,0.000191430733999,1.21173988121,4.481963760172515,2.0665463993434647,0.0628653913736,0.00395205710083,0.13094073534,0.0,0.0847704932094,0.946813523769,195.365524292,independent_low_interferer
H012,11264,0.255419501134,stable_heldout_synthetic,heldout_mixture,heldout,improvement,other,correct,523.2510097045291,174.308300395,52.96965296533379,0.00538118366042,74.0712372764,0.0168970637929,191.140543179,0.035598730672,5.613119977357309,531.325301205,72.26510268553382,0.286750328631,131.237204775,20.4916437885,0.00016737124232,0.0259199430066,5.832175739391481,531.325301205,72.26510268553382,0.286750328631,131.237204775,20.4916437885,0.00016737124232,0.0259199430066,5.832175739391481,0.21905576203417176,0.149337723851,0.0223017577082,0.30008149147,0.0,0.0276928655803,0.994618833065,174.638549805,independent_low_interferer
H012,11776,0.267029478458,stable_heldout_synthetic,heldout_mixture,heldout,improvement,other,correct,523.2510097045291,174.308300395,52.96965296533379,0.00535311462852,72.7924452568,0.0165376747314,187.840620251,0.0347168241744,5.591913287935379,531.325301205,72.26510268553382,0.287054050837,128.971478981,20.1378133362,0.000129352749311,0.0255580585527,5.806152581366221,531.325301205,72.26510268553382,0.287054050837,128.971478981,20.1378133362,0.000129352749311,0.0255580585527,5.806152581366221,0.21423929343084236,0.146396517754,0.0214319396764,0.310585826635,0.0,0.0188927892596,0.994646906853,174.63899231,independent_low_interferer
H012,12288,0.278639455782,stable_heldout_synthetic,heldout_mixture,heldout,improvement,other,correct,523.2510097045291,174.308300395,52.96965296533379,0.00539662482483,71.535769473,0.0162289557425,184.597633595,0.0344662810451,5.570288355486981,531.325301205,72.26510268553382,0.286538437619,126.744900781,19.7901135925,0.000106356408891,0.0256253357794,5.781572552832673,531.325301205,72.26510268553382,0.286538437619,126.744900781,19.7901135925,0.000106356408891,0.0256253357794,5.781572552832673,0.21128419734569182,0.143315836787,0.0205394309014,0.309318631887,0.0,0.00792152341455,0.994603395462,174.63772583,independent_low_interferer
H012,12800,0.290249433107,stable_heldout_synthetic,heldout_mixture,heldout,improvement,other,correct,523.2510097045291,174.308300395,52.96965296533379,0.00543933770469,70.300713121,0.0158126379593,181.4106814,0.0343299075302,5.548560380710316,531.325301205,72.26510268553382,0.285864521971,124.556746758,19.4484593374,0.00011118175908,0.0255550608872,5.757393348125834,531.325301205,72.26510268553382,0.285864521971,124.556746758,19.4484593374,0.00011118175908,0.0255550608872,5.757393348125834,0.2088329674155185,0.140730783343,0.0198051519692,0.293666303158,0.0,0.0162132438272,0.994560658932,174.635986328,independent_low_interferer
H012,13312,0.301859410431,stable_heldout_synthetic,heldout_mixture,heldout,improvement,other,correct,523.2510097045291,174.308300395,52.96965296533379,0.0054170984757,69.0868842948,0.0151613866969,178.278873378,0.0336372020531,5.527118993698167,531.325301205,72.26510268553382,0.285931798029,122.406312933,19.1127648588,0.000137697664742,0.0250257299147,5.731971577674086,531.325301205,72.26510268553382,0.285931798029,122.406312933,19.1127648588,0.000137697664742,0.0250257299147,5.731971577674086,0.204852583975919,0.138403788209,0.0191556103528,0.26546099782,0.0,0.0351961553097,0.994582891464,174.633804321,independent_low_interferer
H012,13824,0.313469387755,stable_heldout_synthetic,heldout_mixture,heldout,improvement,other,correct,523.2510097045291,174.308300395,52.96965296533379,0.0053685964602,67.8939292486,0.0143126011862,175.201245297,0.0326370092691,5.50578527145419,531.325301205,72.26510268553382,0.286936313727,120.292942041,18.7828777336,0.000160260169642,0.0244080982964,5.704726973625181,531.325301205,72.26510268553382,0.286936313727,120.292942041,18.7828777336,0.000160260169642,0.0244080982964,5.704726973625181,0.19894170217099116,0.135617405176,0.0183920804411,0.278508841991,0.0,0.0236189998686,0.994631409645,174.631713867,independent_low_interferer
H012,14336,0.325079365079,stable_heldout_synthetic,heldout_mixture,heldout,improvement,other,correct,523.2510097045291,174.308300395,52.96965296533379,0.00537468410835,66.721517869,0.0134232543448,172.176762493,0.0321381816699,5.484083510833316,531.325301205,72.26510268553382,0.288012982456,118.21602321,18.4586542866,0.000175545288359,0.0242254363844,5.677132719290914,531.325301205,72.26510268553382,0.288012982456,118.21602321,18.4586542866,0.000175545288359,0.0242254363844,5.677132719290914,0.1930492084575981,0.132333740592,0.0175122190267,0.278719991446,0.0,0.0172548573464,0.994625329971,174.632232666,independent_low_interferer
H012,14848,0.336689342404,stable_heldout_synthetic,heldout_mixture,heldout,improvement,other,correct,523.2510097045291,174.308300395,52.96965296533379,0.00543665799172,65.5693817135,0.0126072096668,169.204407182,0.0322325348663,5.4620236664679735,531.325301205,72.26510268553382,0.288026317929,116.174974888,18.1400194832,0.000193164198811,0.024366634809,5.65151742983208,531.325301205,72.26510268553382,0.288026317929,116.174974888,18.1400194832,0.000193164198811,0.024366634809,5.65151742983208,0.18949376336410673,0.13049466908,0.0170288588852,0.266989439726,0.0,0.0478645637631,0.994563341141,174.635818481,independent_low_interferer
H012,15360,0.348299319728,stable_heldout_synthetic,heldout_mixture,heldout,improvement,other,correct,523.2510097045291,174.308300395,52.96965296533379,0.00546906771546,64.4372201224,0.0118076836082,166.283266788,0.0321269131684,5.440133661852627,531.325301205,72.26510268553382,0.287006191943,114.169204643,17.8268760679,0.000200006695911,0.0242421208756,5.62810624560917,531.325301205,72.26510268553382,0.287006191943,114.169204643,17.8268760679,0.000200006695911,0.0242421208756,5.62810624560917,0.1879725837565429,0.130702897906,0.0170832481235,0.257912218571,0.0,0.0359314903617,0.994530916214,174.638122559,independent_low_interferer
H012,15872,0.359909297052,stable_heldout_synthetic,heldout_mixture,heldout,improvement,other,correct,523.2510097045291,174.308300395,52.96965296533379,0.00543048314256,63.3246141134,0.0108708749776,163.412534905,0.0313253631408,5.4186598125615255,531.325301205,72.26510268553382,0.286573061428,112.198077961,17.5190756337,0.000180370738569,0.0236285109028,5.603761971099624,531.325301205,72.26510268553382,0.286573061428,112.198077961,17.5190756337,0.000180370738569,0.0236285109028,5.603761971099624,0.18510215853809875,0.129424035549,0.0167505796999,0.271596223116,0.0,0.031515814364,0.994569540024,174.635971069,independent_low_interferer
H012,16384,0.371519274376,stable_heldout_synthetic,heldout_mixture,heldout,improvement,other,correct,523.2510097045291,174.308300395,52.96965296533379,0.00538251269989,62.2311365664,0.00975279109632,160.591417939,0.0303129757484,5.397221042872236,531.325301205,72.26510268553382,0.287634931852,110.260949674,17.2165372684,0.000146906398536,0.0229815489122,5.576449386480341,531.325301205,72.26510268553382,0.287634931852,110.260949674,17.2165372684,0.000146906398536,0.0229815489122,5.576449386480341,0.1792283436081057,0.124960899353,0.0156152267009,0.272461920977,0.0,0.0277005564421,0.994617462158,174.632705688,independent_low_interferer
H012,16896,0.383129251701,stable_heldout_synthetic,heldout_mixture,heldout,improvement,other,correct,523.2510097045291,174.308300395,52.96965296533379,0.00539171840192,61.1564716293,0.00859361186562,157.819046476,0.02991601184,5.375352695316416,531.325301205,72.26510268553382,0.288604926688,108.357231133,16.9192532149,0.000119840889526,0.0228229488265,5.549094644300006,531.325301205,72.26510268553382,0.288604926688,108.357231133,16.9192532149,0.000119840889526,0.0228229488265,5.549094644300006,0.17374194898359008,0.12078602612,0.0145892640576,0.263048499823,0.0,0.0332496985793,0.994608283043,174.632644653,independent_low_interferer
H012,17408,0.394739229025,stable_heldout_synthetic,heldout_mixture,heldout,improvement,other,correct,523.2510097045291,174.308300395,52.96965296533379,0.00544632468219,60.1003641548,0.00754819814969,155.094497021,0.0301536599618,5.353146509026358,531.325301205,72.26510268553382,0.288025387416,106.4863971,16.6271444291,0.0000990055287015,0.0229828381175,5.524696926400523,531.325301205,72.26510268553382,0.288025387416,106.4863971,16.6271444291,0.0000990055287015,0.0229828381175,5.524696926400523,0.17155041737416532,0.119259350002,0.0142227932811,0.240375563502,0.0,0.0436642505229,0.994553685188,174.634872437,independent_low_interferer
H012,17920,0.406349206349,stable_heldout_synthetic,heldout_mixture,heldout,improvement,other,correct,523.2510097045291,174.308300395,52.96965296533379,0.00547363612662,59.0625514335,0.00658535932604,152.4169022,0.0301782487002,5.331145000641947,531.325301205,72.26510268553382,0.286984376905,104.647916417,16.3400668475,0.0000807207702198,0.0228362524464,5.501383657036959,531.325301205,72.26510268553382,0.286984376905,104.647916417,16.3400668475,0.0000807207702198,0.0228362524464,5.501383657036959,0.17023865639501157,0.118492282927,0.0140404216945,0.253532528877,0.0,0.0182807985693,0.994526386261,174.636367798,independent_low_interferer
H012,18432,0.417959183673,stable_heldout_synthetic,heldout_mixture,heldout,improvement,other,correct,523.2510097045291,174.308300395,52.96965296533379,0.00542399643697,58.0427619011,0.0055530799296,149.785513793,0.0293966355501,5.309661002913065,531.325301205,72.26510268553382,0.286938269547,102.841206414,16.0579560729,0.0000826625884822,0.022165464129,5.476353669484181,531.325301205,72.26510268553382,0.286938269547,102.841206414,16.0579560729,0.0000826625884822,0.022165464129,5.476353669484181,0.16669266657111592,0.116805449128,0.0136435134336,0.260554373264,0.0,0.0374743752182,0.994575977325,174.6355896,independent_low_interferer
H012,18944,0.429569160998,stable_heldout_synthetic,heldout_mixture,heldout,improvement,other,correct,523.2510097045291,174.308300395,52.96965296533379,0.0053534147512,57.0406587691,0.00440029181739,147.199636808,0.0282482541257,5.288344018562871,531.325301205,72.26510268553382,0.287758943081,101.065673879,15.7807875468,0.000116009768428,0.0214443432638,5.449636074805059,531.325301205,72.26510268553382,0.287758943081,101.065673879,15.7807875468,0.000116009768428,0.0214443432638,5.449636074805059,0.16129205624218823,0.114349260926,0.0130757531151,0.258584439754,0.0,0.045914940536,0.994646608829,174.632034302,independent_low_interferer
H012,19456,0.441179138322,stable_heldout_synthetic,heldout_mixture,heldout,improvement,other,correct,523.2510097045291,174.308300395,52.96965296533379,0.00536419813914,56.0558083803,0.00323224658539,144.658511064,0.0277175982026,5.266561023498364,531.325301205,72.26510268553382,0.288682116109,99.3207754721,15.5084282568,0.00014978051072,0.0212119638133,5.422486483030905,531.325301205,72.26510268553382,0.288682116109,99.3207754721,15.5084282568,0.00014978051072,0.0212119638133,5.422486483030905,0.15592545953254078,0.111589126289,0.0124521329999,0.244558408856,0.0,0.0610875338316,0.994635820389,174.628005981,independent_low_interferer
H012,19968,0.452789115646,stable_heldout_synthetic,heldout_mixture,heldout,improvement,other,correct,523.2510097045291,174.308300395,52.96965296533379,0.00544788569292,55.0878465944,0.002178168667,142.161277009,0.0279752408164,5.2443086899113185,531.325301205,72.26510268553382,0.289141177329,97.6060144881,15.2407097253,0.000160499680829,0.0213089169252,5.396108015433764,531.325301205,72.26510268553382,0.289141177329,97.6060144881,15.2407097253,0.000160499680829,0.0213089169252,5.396108015433764,0.1517993255224459,0.108887694776,0.011856530793,0.227205961943,0.0,0.0492844171822,0.994552135468,174.627944946,independent_low_interferer
H012,20480,0.464399092971,stable_heldout_synthetic,heldout_mixture,heldout,improvement,other,correct,523.2510097045291,174.308300395,52.96965296533379,0.00548730955589,54.136622932,0.00128646370861,139.707059157,0.0280769507585,5.222307381841619,531.325301205,72.26510268553382,0.289000131199,95.9208954463,14.9775787546,0.000159028058128,0.0211105913137,5.371082407208106,531.325301205,72.26510268553382,0.289000131199,95.9208954463,14.9775787546,0.000159028058128,0.0211105913137,5.371082407208106,0.14877502536648723,0.107044763863,0.0114585822448,0.241175308824,0.0,0.0227919239551,0.994512677193,174.631790161,independent_low_interferer
H012,20992,0.476009070295,stable_heldout_synthetic,heldout_mixture,heldout,improvement,other,correct,523.2510097045291,174.308300395,52.96965296533379,0.00542746954469,53.2020227969,0.000771677033126,137.295073235,0.0272941239517,5.201132242264155,531.325301205,72.26510268553382,0.288718456436,94.2649044479,14.7190118579,0.000163574128573,0.0203814428832,5.346612658781265,531.325301205,72.26510268553382,0.288718456436,94.2649044479,14.7190118579,0.000163574128573,0.0203814428832,5.346612658781265,0.14548041651710975,0.106883652508,0.011424115859,0.243521600962,0.0,0.0510262064636,0.994572520256,174.633682251,independent_low_interferer
H012,21504,0.487619047619,stable_heldout_synthetic,heldout_mixture,heldout,improvement,other,correct,523.2510097045291,174.308300395,52.96965296533379,0.00535001444746,52.2837106616,0.00126481906398,134.924652746,0.0260603727042,5.180724532554676,531.325301205,72.26510268553382,0.28868658226,92.6375225523,14.4648876032,0.000160179908237,0.0195606011186,5.321698255884853,531.325301205,72.26510268553382,0.28868658226,92.6375225523,14.4648876032,0.000160179908237,0.0195606011186,5.321698255884853,0.14097372333017777,0.106937661767,0.0114356633276,0.23823697865,0.0,0.0602377206087,0.994650006294,174.630371094,independent_low_interferer
H012,22016,0.499229024943,stable_heldout_synthetic,heldout_mixture,heldout,improvement,other,correct,523.2510097045291,174.308300395,52.96965296533379,0.00535700085817,51.3812058647,0.00216270151148,132.595179674,0.0253927225649,5.160079745143841,531.325301205,72.26510268553382,0.288645421814,91.0382399859,14.2150899868,0.000133197021622,0.0191832698921,5.296589649579805,531.325301205,72.26510268553382,0.288645421814,91.0382399859,14.2150899868,0.000133197021622,0.0191832698921,5.296589649579805,0.13650990443596367,0.104534156621,0.0109273893759,0.220571786165,0.0,0.0259182266891,0.994642972946,174.626449585,independent_low_interferer
H012,22528,0.510839002268,stable_heldout_synthetic,heldout_mixture,heldout,improvement,other,correct,523.2510097045291,174.308300395,52.96965296533379,0.00543443716073,50.4941545092,0.0030292989352,130.305990858,0.0254945509777,5.13890689154278,531.325301205,72.26510268553382,0.288133733767,89.4665662458,13.9696129213,0.0000959994668155,0.0191482163557,5.272264452241098,531.325301205,72.26510268553382,0.288133733767,89.4665662458,13.9696129213,0.0000959994668155,0.0191482163557,5.272264452241098,0.13335756069831817,0.10056604445,0.0101135289297,0.219871520996,0.0,0.0505066141486,0.994565546513,174.627578735,independent_low_interferer
H012,23040,0.522448979592,stable_heldout_synthetic,heldout_mixture,heldout,improvement,other,correct,523.2510097045291,174.308300395,52.96965296533379,0.00547485798362,49.6223948642,0.00377983939893,128.056347881,0.0255306473587,5.1177878924243085,531.325301205,72.26510268553382,0.287416397607,87.9220402482,13.7284406345,0.0000746060528307,0.0188929372274,5.248477728908114,531.325301205,72.26510268553382,0.287416397607,87.9220402482,13.7284406345,0.0000746060528307,0.0188929372274,5.248477728908114,0.13068983648380517,0.0983535945415,0.00967342965305,0.222523421049,0.0,0.0436362624168,0.994525134563,174.632461548,independent_low_interferer
H012,23552,0.534058956916,stable_heldout_synthetic,heldout_mixture,heldout,improvement,other,correct,523.2510097045291,174.308300395,52.96965296533379,0.00542991721184,48.7658010424,0.00448519667944,125.845498176,0.0248472441965,5.0971764350268955,531.325301205,72.26510268553382,0.287447024706,86.4042177805,13.4914534384,0.0000702398809925,0.0181787416586,5.223438836645407,531.325301205,72.26510268553382,0.287447024706,86.4042177805,13.4914534384,0.0000702398809925,0.0181787416586,5.223438836645407,0.12626240161851143,0.0977634713054,0.00955769605935,0.219147637486,0.0,0.0281243398786,0.994570076466,174.63583374,independent_low_interferer
H012,24064,0.54566893424,stable_heldout_synthetic,heldout_mixture,heldout,improvement,other,correct,523.2510097045291,174.308300395,52.96965296533379,0.00536689261377,47.9241441862,0.00524254239142,123.672762622,0.0237324246463,5.076847166782925,531.325301205,72.26510268553382,0.288082100829,84.9126339836,13.2585423462,0.0000728534012805,0.0173774003802,5.197248931986795,531.325301205,72.26510268553382,0.288082100829,84.9126339836,13.2585423462,0.0000728534012805,0.0173774003802,5.197248931986795,0.12040176520387025,0.0964679569006,0.00930606666952,0.204020261765,0.0,0.0267455354333,0.994633078575,174.63583374,independent_low_interferer
H012,24576,0.557278911565,stable_heldout_synthetic,heldout_mixture,heldout,improvement,other,correct,523.2510097045291,174.308300395,52.96965296533379,0.00536525993586,47.0970625211,0.00601660086406,121.537550342,0.0229872671869,5.056230730754469,531.325301205,72.26510268553382,0.287839154235,83.4467934788,13.0296790294,0.0000879701956626,0.0169720973363,5.172638024161892,531.325301205,72.26510268553382,0.287839154235,83.4467934788,13.0296790294,0.0000879701956626,0.0169720973363,5.172638024161892,0.1164072934074234,0.0943638682365,0.00890453997999,0.190031185746,0.0,0.0368299335241,0.994634747505,174.634017944,independent_low_interferer
H012,25088,0.568888888889,stable_heldout_synthetic,heldout_mixture,heldout,improvement,other,correct,523.2510097045291,174.308300395,52.96965296533379,0.00542562413372,46.2841484483,0.00666877329894,119.439279794,0.0228959188735,5.0351147414136594,531.325301205,72.26510268553382,0.286737158161,82.0062175341,12.8048026403,0.00011455930001,0.016897665996,5.149599867120395,531.325301205,72.26510268553382,0.286737158161,82.0062175341,12.8048026403,0.00011455930001,0.016897665996,5.149599867120395,0.11448512570673586,0.0925012901425,0.00855648890138,0.199114665389,0.0,0.066002741456,0.994574368,174.632873535,independent_low_interferer
H012,25600,0.580498866213,stable_heldout_synthetic,heldout_mixture,heldout,improvement,other,correct,523.2510097045291,174.308300395,52.96965296533379,0.00547203746828,45.4851280039,0.00713596914995,117.377297446,0.0228855437165,5.0138991139422195,531.325301205,72.26510268553382,0.286582441204,80.5904887182,12.5837781195,0.000134095482076,0.0166726233424,5.124751901824059,531.325301205,72.26510268553382,0.286582441204,80.5904887182,12.5837781195,0.000134095482076,0.0166726233424,5.124751901824059,0.11085278788183928,0.0911318361759,0.00830501131713,0.199605628848,0.0,0.0534574389458,0.994527935982,174.634902954,independent_low_interferer
H012,26112,0.592108843537,stable_heldout_synthetic,heldout_mixture,heldout,improvement,other,correct,523.2510097045291,174.308300395,52.96965296533379,0.00543747109107,44.6999197952,0.00750958152394,115.350891106,0.0223510080258,4.9930625578754775,531.325301205,72.26510268553382,0.28767774514,79.1992256134,12.3665141589,0.000135187741737,0.0160884393011,5.097588285552042,531.325301205,72.26510268553382,0.28767774514,79.1992256134,12.3665141589,0.000135187741737,0.0160884393011,5.097588285552042,0.1045257276765641,0.0898952409625,0.00808115396649,0.192219942808,0.0,0.0316827557981,0.994562506676,174.639221191,independent_low_interferer
H012,26624,0.603718820862,stable_heldout_synthetic,heldout_mixture,heldout,improvement,other,correct,523.2510097045291,174.308300395,52.96965296533379,0.0053666701804,43.9284247311,0.00791362503931,113.359380838,0.0214208403085,4.972517728834929,531.325301205,72.26510268553382,0.288405926742,77.8320204178,12.1529898736,0.000125697913,0.0154560390637,5.071194478042189,531.325301205,72.26510268553382,0.288405926742,77.8320204178,12.1529898736,0.000125697913,0.0154560390637,5.071194478042189,0.09867674920726,0.0884034782648,0.00781517475843,0.174512073398,0.0,0.0267349220812,0.994633316994,174.640640259,independent_low_interferer
H012,27136,0.615328798186,stable_heldout_synthetic,heldout_mixture,heldout,improvement,other,correct,523.2510097045291,174.308300395,52.96965296533379,0.00536105844785,43.1703238911,0.00834220377189,111.402181635,0.0207516507448,4.9517360439750275,531.325301205,72.26510268553382,0.287894843294,76.4884244955,11.9431526985,0.000117820522595,0.0151579927298,5.0471296511207955,531.325301205,72.26510268553382,0.287894843294,76.4884244955,11.9431526985,0.000117820522595,0.0151579927298,5.0471296511207955,0.09539360714576794,0.0868861526251,0.00754920393229,0.173742473125,0.0,0.0208888202906,0.99463891983,174.63710022,independent_low_interferer
H012,27648,0.62693877551,stable_heldout_synthetic,heldout_mixture,heldout,improvement,other,correct,523.2510097045291,174.308300395,52.96965296533379,0.00541840666704,42.4252028685,0.00868012152034,109.478774953,0.0206086933598,4.93053075481574,531.325301205,72.26510268553382,0.286730197141,75.1679928291,11.7369148219,0.000105722503138,0.0151083699216,5.024261908254934,531.325301205,72.26510268553382,0.286730197141,75.1679928291,11.7369148219,0.000105722503138,0.0151083699216,5.024261908254934,0.0937311534391938,0.0855994150043,0.00732726044953,0.174848213792,0.0,0.0371119938791,0.994581580162,174.63319397,independent_low_interferer
H012,28160,0.638548752834,stable_heldout_synthetic,heldout_mixture,heldout,improvement,other,correct,523.2510097045291,174.308300395,52.96965296533379,0.0054418144268,41.6928031198,0.00885156492452,107.588632733,0.0205137499851,4.909291635997556,531.325301205,72.26510268553382,0.285898213337,73.8703210853,11.5342332866,0.0000829643444444,0.0149152411656,5.000811108938874,531.325301205,72.26510268553382,0.285898213337,73.8703210853,11.5342332866,0.0000829643444444,0.0149152411656,5.000811108938874,0.09151947294131801,0.0841091498733,0.00707434862852,0.16937944293,0.0,0.0258701685816,0.994558215141,174.633087158,independent_low_interferer
H012,28672,0.650158730159,stable_heldout_synthetic,heldout_mixture,heldout,improvement,other,correct,523.2510097045291,174.308300395,52.96965296533379,0.00539404346353,40.9730230385,0.00889496161176,105.731176694,0.0200179863464,4.888335029668901,531.325301205,72.26510268553382,0.286004981053,72.5950378027,11.3350874828,0.0000628353505051,0.0144539646019,4.97563201872559,531.325301205,72.26510268553382,0.286004981053,72.5950378027,11.3350874828,0.0000628353505051,0.0144539646019,4.97563201872559,0.08729698905668926,0.0823603197932,0.00678322231397,0.157871201634,0.0,0.0196172222495,0.994605958462,174.635253906,independent_low_interferer
H012,29184,0.661768707483,stable_heldout_synthetic,heldout_mixture,heldout,improvement,other,correct,523.2510097045291,174.308300395,52.96965296533379,0.00534629026119,40.2657328888,0.00891033305688,103.90580271,0.0193181830923,4.86747402774586,531.325301205,72.26510268553382,0.286742384922,71.3417783059,11.1394124816,0.0000598785814563,0.0140081962623,4.949205208668357,531.325301205,72.26510268553382,0.286742384922,71.3417783059,11.1394124816,0.0000598785814563,0.0140081962623,4.949205208668357,0.08173118092249698,0.0807204395533,0.00651578884572,0.168770074844,0.0,0.0175674445927,0.994653701782,174.636657715,independent_low_interferer
H012,29696,0.673378684807,stable_heldout_synthetic,heldout_mixture,heldout,improvement,other,correct,523.2510097045291,174.308300395,52.96965296533379,0.00536959187909,39.5706992659,0.00895057821477,102.111933485,0.0188909988624,4.8463587018163645,531.325301205,72.26510268553382,0.287092627228,70.1101680876,10.9471268109,0.0000710090860799,0.0138450087804,4.923433221371508,531.325301205,72.26510268553382,0.287092627228,70.1101680876,10.9471268109,0.0000710090860799,0.0138450087804,4.923433221371508,0.07707451955514344,0.0791707858443,0.00626801280305,0.170537516475,0.0,0.0213898271322,0.994630396366,174.636962891,independent_low_interferer
H012,30208,0.684988662132,stable_heldout_synthetic,heldout_mixture,heldout,improvement,other,correct,523.2510097045291,174.308300395,52.96965296533379,0.00543234234522,38.887642242,0.00896329547998,100.349043712,0.0187693216643,4.825008488395347,531.325301205,72.26510268553382,0.286438735392,68.8998163735,10.7581738372,0.0000862976236012,0.0138268286122,4.899615392107293,531.325301205,72.26510268553382,0.286438735392,68.8998163735,10.7581738372,0.0000862976236012,0.0138268286122,4.899615392107293,0.07460690371194634,0.0778798907995,0.00606527691707,0.166824474931,0.0,0.0281614139676,0.994567632675,174.636779785,independent_low_interferer
H012,30720,0.696598639456,stable_heldout_synthetic,heldout_mixture,heldout,improvement,other,correct,523.2510097045291,174.308300395,52.96965296533379,0.00544958103424,38.2162933438,0.00885060437024,98.6166330318,0.01856468589,4.803734033006748,531.325301205,72.26510268553382,0.285609188153,67.7103255058,10.5724902639,0.0000971105912685,0.0136426709166,4.876245539127037,531.325301205,72.26510268553382,0.285609188153,67.7103255058,10.5724902639,0.0000971105912685,0.0136426709166,4.876245539127037,0.07251150612028923,0.0768015161157,0.00589847238734,0.154299229383,0.0,0.0106735387817,0.994550406933,174.635925293,independent_low_interferer
H012,31232,0.70820861678,stable_heldout_synthetic,heldout_mixture,heldout,improvement,other,correct,523.2510097045291,174.308300395,52.96965296533379,0.00541136374561,37.5564438742,0.00858894903,96.9141758584,0.0180979806636,4.782631405507855,531.325301205,72.26510268553382,0.286111336706,66.5413219414,10.3899923076,0.000103935556151,0.0132668503687,4.850320639453865,531.325301205,72.26510268553382,0.286111336706,66.5413219414,10.3899923076,0.000103935556151,0.0132668503687,4.850320639453865,0.06768923394600979,0.0753030702472,0.00567055214196,0.157298609614,0.0,0.0192024745047,0.99458861351,174.635681152,independent_low_interferer
H012,31744,0.719818594104,stable_heldout_synthetic,heldout_mixture,heldout,improvement,other,correct,523.2510097045291,174.308300395,52.96965296533379,0.00538417455863,36.907966088,0.00826932437868,95.2411069314,0.0176238589548,4.761489551856679,531.325301205,72.26510268553382,0.287553480536,65.3924779846,10.2106177891,0.000108613906375,0.0129823618345,4.822485224029844,531.325301205,72.26510268553382,0.287553480536,65.3924779846,10.2106177891,0.000108613906375,0.0129823618345,4.822485224029844,0.06099567217316526,0.0737945735455,0.00544563913718,0.163882613182,0.0,0.0457202345133,0.994615852833,174.638122559,independent_low_interferer
H012,32256,0.731428571429,stable_heldout_synthetic,heldout_mixture,heldout,improvement,other,correct,523.2510097045291,174.308300395,52.96965296533379,0.00540608363569,36.2707326735,0.00799172030508,93.5968670732,0.0174266695437,4.740143988601091,531.325301205,72.26510268553382,0.287740279946,64.2634863079,10.0343268391,0.000104785087232,0.0129603038075,4.797045345447943,531.325301205,72.26510268553382,0.287740279946,64.2634863079,10.0343268391,0.000104785087232,0.0129603038075,4.797045345447943,0.05690135684685149,0.0730753019452,0.00534000014886,0.163709715009,0.0,0.0239330753684,0.994593918324,174.641403198,independent_low_interferer
H012,32768,0.743038548753,stable_heldout_synthetic,heldout_mixture,heldout,improvement,other,correct,523.2510097045291,174.308300395,52.96965296533379,0.00544769634847,35.6445237368,0.00773575935382,91.9809605833,0.017394600279,4.718697763623893,531.325301205,72.26510268553382,0.286416217417,63.1540117479,9.8610630295,0.0000903226263153,0.012998732613,4.774611381111373,531.325301205,72.26510268553382,0.286416217417,63.1540117479,9.8610630295,0.0000903226263153,0.012998732613,4.774611381111373,0.05591361748748014,0.0723241493106,0.00523078301921,0.156834959984,0.0,0.0326916612685,0.994552314281,174.641464233,independent_low_interferer
H012,33280,0.754648526077,stable_heldout_synthetic,heldout_mixture,heldout,improvement,other,correct,523.2510097045291,174.308300395,52.96965296533379,0.00545147754343,35.0290781672,0.00739620775969,90.3929541149,0.0171815491193,4.69738216817213,531.325301205,72.26510268553382,0.285720623056,62.0636855345,9.69077218176,0.0000717577329341,0.0128273147228,4.751039397422085,531.325301205,72.26510268553382,0.285720623056,62.0636855345,9.69077218176,0.0000717577329341,0.0128273147228,4.751039397422085,0.05365722924995531,0.0707078352571,0.00499959755689,0.146933615208,0.0,0.0118057345971,0.994548499584,174.638534546,independent_low_interferer
H012,33792,0.766258503401,stable_heldout_synthetic,heldout_mixture,heldout,improvement,other,correct,523.2510097045291,174.308300395,52.96965296533379,0.00540067819182,34.4242009693,0.00693124753219,88.8324152158,0.0167067131865,4.676249666560536,531.325301205,72.26510268553382,0.286506864082,60.9921500392,9.52343433588,0.00005712466817,0.0124952921697,4.724601688122408,531.325301205,72.26510268553382,0.286506864082,60.9921500392,9.52343433588,0.00005712466817,0.0124952921697,4.724601688122408,0.048352021561871794,0.0688252598047,0.00473691662773,0.153887599707,0.0,0.0153076918796,0.994599342346,174.635650635,independent_low_interferer
H012,34304,0.777868480726,stable_heldout_synthetic,heldout_mixture,heldout,improvement,other,correct,523.2510097045291,174.308300395,52.96965296533379,0.00536086349385,33.8297475091,0.00641220692501,87.2988631764,0.0163036590779,4.6550416936902215,531.325301205,72.26510268553382,0.28752279541,59.9390906753,9.35901830409,0.0000509690562403,0.0123024261787,4.697657056791266,531.325301205,72.26510268553382,0.28752279541,59.9390906753,9.35901830409,0.0000509690562403,0.0123024261787,4.697657056791266,0.042615363101044856,0.067245952785,0.00452201813459,0.154210209846,0.0,0.0278933737427,0.994639158249,174.63394165,independent_low_interferer
H012,34816,0.78947845805,stable_heldout_synthetic,heldout_mixture,heldout,improvement,other,correct,523.2510097045291,174.308300395,52.96965296533379,0.00539380195217,33.2455542902,0.00592629990029,85.7917873325,0.0162676010191,4.6335332045099,531.325301205,72.26510268553382,0.287691396232,58.9042163317,9.1974504468,0.0000527075887442,0.0123610897133,4.67230348504515,531.325301205,72.26510268553382,0.287691396232,58.9042163317,9.1974504468,0.0000527075887442,0.0123610897133,4.67230348504515,0.038770280535250556,0.0659443289042,0.00434865429997,0.148600041866,0.0,0.021825550124,0.99460619688,174.633575439,independent_low_interferer
H012,35328,0.801088435374,stable_heldout_synthetic,heldout_mixture,heldout,improvement,other,correct,523.2510097045291,174.308300395,52.96965296533379,0.00545027974876,32.6714568441,0.00547335233064,84.3107041524,0.016370003943,4.611935408785501,531.325301205,72.26510268553382,0.287151867476,57.8872247481,9.03867250577,0.0000609452403499,0.0124164370986,4.648388120534351,531.325301205,72.26510268553382,0.287151867476,57.8872247481,9.03867250577,0.0000609452403499,0.0124164370986,4.648388120534351,0.036452711748849786,0.0649840161204,0.00422292202711,0.135721921921,0.0,0.035677883774,0.994549691677,174.634674072,independent_low_interferer
H012,35840,0.812698412698,stable_heldout_synthetic,heldout_mixture,heldout,improvement,other,correct,523.2510097045291,174.308300395,52.96965296533379,0.00544224153999,32.1073122819,0.00498603257364,82.8551837661,0.0161526752006,4.5906175342020585,531.325301205,72.26510268553382,0.286827156296,56.887798136,8.88265938507,0.0000781189870344,0.0122107065047,4.62419428188528,531.325301205,72.26510268553382,0.286827156296,56.887798136,8.88265938507,0.0000781189870344,0.0122107065047,4.62419428188528,0.033576747683221164,0.0644130036235,0.00414903508499,0.138721913099,0.0,0.0501970611513,0.994557738304,174.634857178,independent_low_interferer
H012,36352,0.824308390023,stable_heldout_synthetic,heldout_mixture,heldout,improvement,other,correct,523.2510097045291,174.308300395,52.96965296533379,0.00538119488162,31.5529391947,0.00442199073906,81.4248204627,0.015589797307,4.569548284167943,531.325301205,72.26510268553382,0.287479053758,55.9056208853,8.72935217253,0.0000935729023844,0.0118348784321,4.598150366006441,531.325301205,72.26510268553382,0.287479053758,55.9056208853,8.72935217253,0.0000935729023844,0.0118348784321,4.598150366006441,0.028602081838497995,0.0637816041708,0.00406809337437,0.14220649004,0.0,0.046370908618,0.994618833065,174.631576538,independent_low_interferer
H012,36864,0.835918367347,stable_heldout_synthetic,heldout_mixture,heldout,improvement,other,correct,523.2510097045291,174.308300395,52.96965296533379,0.00536002481057,31.0081044739,0.00380823419173,80.0191850241,0.0151609108646,4.548317514828556,531.325301205,72.26510268553382,0.288760058066,54.940390826,8.57865988837,0.0000957500615987,0.0116089121536,4.570788319544826,531.325301205,72.26510268553382,0.288760058066,54.940390826,8.57865988837,0.0000957500615987,0.0116089121536,4.570788319544826,0.022470804716269832,0.0622589550912,0.00387617759407,0.140961110592,0.0,0.0300159752369,0.994639992714,174.627471924,independent_low_interferer
H012,37376,0.847528344671,stable_heldout_synthetic,heldout_mixture,heldout,improvement,other,correct,523.2510097045291,174.308300395,52.96965296533379,0.00541926334902,30.4726233718,0.00321176633092,78.6378103819,0.0151831804882,4.526720563171459,531.325301205,72.26510268553382,0.289472727532,53.9918213118,8.43053858435,0.0000891503094098,0.0116351988407,4.5444538915325685,531.325301205,72.26510268553382,0.289472727532,53.9918213118,8.43053858435,0.0000891503094098,0.0116351988407,4.5444538915325685,0.017733328361109635,0.0601364783943,0.00361639610492,0.13302230835,0.0,0.0385545119643,0.994580745697,174.627883911,independent_low_interferer
H013,11264,0.255419501134,stable_heldout_synthetic,heldout_mixture,heldout,improvement,other,correct,783.9910078187763,260.946745562,59.95502262629618,0.0934558363476,0.268544853209,0.0034531794369,189.850112975,0.0679228632838,1.3326967379557797,787.5,79.07731679699978,0.186194708631,178.515122887,71.5834070468,0.0,0.000997555104973,6.959739679562653,787.5,79.07731679699978,0.186194708631,178.515122887,71.5834070468,0.0,0.000997555104973,6.959739679562653,3.946169874874856,0.148028627038,0.0219124723226,0.32099661231,0.0,0.0762093216181,0.906544148922,261.106933594,independent_low_interferer
H013,11776,0.267029478458,stable_heldout_synthetic,heldout_mixture,heldout,improvement,other,correct,783.9910078187763,260.946745562,59.95502262629618,0.0937807867733,0.264826684141,0.00413260115172,186.572659198,0.0663416082045,1.3258602786907603,787.5,79.07731679699978,0.186318180785,175.433561651,70.3476095773,0.0,0.00149078738635,6.933345104360683,787.5,79.07731679699978,0.186318180785,175.433561651,70.3476095773,0.0,0.00149078738635,6.933345104360683,3.9352600403092532,0.141550511122,0.0200365465134,0.315925091505,0.0,0.0453448444605,0.906219184399,261.129882812,independent_low_interferer
H013,12288,0.278639455782,stable_heldout_synthetic,heldout_mixture,heldout,improvement,other,correct,783.9910078187763,260.946745562,59.95502262629618,0.0938864236715,0.259502405419,0.00339653215977,183.351563315,0.0656381880648,1.317063490315316,787.5,79.07731679699978,0.186234639469,172.404533175,69.1332049397,0.0,0.000495387547461,6.908108476245717,787.5,79.07731679699978,0.186234639469,172.404533175,69.1332049397,0.0,0.000495387547461,6.908108476245717,3.9273283523449747,0.144406139851,0.0208531320095,0.315176039934,0.0,0.0829946771264,0.906113564968,261.096160889,independent_low_interferer
H013,12800,0.290249433107,stable_heldout_synthetic,heldout_mixture,heldout,improvement,other,correct,783.9910078187763,260.946745562,59.95502262629618,0.0943656739161,0.25485800671,0.00328386291286,180.186183397,0.0649708800608,1.308337874664321,787.5,79.07731679699978,0.185730107042,169.428072247,67.9397724031,0.0,0.000913515664043,6.883013210498189,787.5,79.07731679699978,0.185730107042,169.428072247,67.9397724031,0.0,0.000913515664043,6.883013210498189,3.919042263874073,0.136829778552,0.0187223888934,0.313072234392,0.0,0.0427508205175,0.905634343624,261.131774902,independent_low_interferer
H013,13312,0.301859410431,stable_heldout_synthetic,heldout_mixture,heldout,improvement,other,correct,783.9910078187763,260.946745562,59.95502262629618,0.0949223953162,0.251087128253,0.00386422877896,177.075477334,0.0638885257806,1.3006830406066308,787.5,79.07731679699978,0.18451335179,166.503242302,66.7669061233,0.0,0.00137560023056,6.859325659797942,787.5,79.07731679699978,0.18451335179,166.503242302,66.7669061233,0.0,0.00137560023056,6.859325659797942,3.9112533764100803,0.136612951756,0.0186630990356,0.304155677557,0.0,0.0351458489895,0.905077576637,261.106048584,independent_low_interferer
H013,13824,0.313469387755,stable_heldout_synthetic,heldout_mixture,heldout,improvement,other,correct,783.9910078187763,260.946745562,59.95502262629618,0.0951449068965,0.245914364755,0.0031180783065,174.018322341,0.0634152677126,1.291616316841245,787.5,79.07731679699978,0.184201435915,163.628449153,65.6142135568,0.0,0.000405298370246,6.834544617231728,787.5,79.07731679699978,0.184201435915,163.628449153,65.6142135568,0.0,0.000405298370246,6.834544617231728,3.9039342793877774,0.134985789657,0.0182211622596,0.304818123579,0.0,0.0620470643044,0.904855072498,261.115020752,independent_low_interferer
H013,14336,0.325079365079,stable_heldout_synthetic,heldout_mixture,heldout,improvement,other,correct,783.9910078187763,260.946745562,59.95502262629618,0.0951747115894,0.241844262568,0.00328352382841,171.014011826,0.0622877457766,1.2845688002410705,787.5,79.07731679699978,0.183819940603,160.803605498,64.4813509842,0.0,0.00115266220909,6.809050099790749,787.5,79.07731679699978,0.183819940603,160.803605498,64.4813509842,0.0,0.00115266220909,6.809050099790749,3.894527124163462,0.131004244089,0.0171621106565,0.298853695393,0.0,0.0362848676741,0.904825270176,261.106628418,independent_low_interferer
H013,14848,0.336689342404,stable_heldout_synthetic,heldout_mixture,heldout,improvement,other,correct,783.9910078187763,260.946745562,59.95502262629618,0.095127554268,0.238256350517,0.00368651901199,168.061653192,0.0607791357574,1.2783530119067206,787.5,79.07731679699978,0.184141117456,158.027695294,63.3680264674,0.0,0.00129646650676,6.782456836167115,787.5,79.07731679699978,0.184141117456,158.027695294,63.3680264674,0.0,0.00129646650676,6.782456836167115,3.88364129133382,0.129861369729,0.0168639756739,0.288558840752,0.0,0.0439998880029,0.90487241745,261.112213135,independent_low_interferer
H013,15360,0.348299319728,stable_heldout_synthetic,heldout_mixture,heldout,improvement,other,correct,783.9910078187763,260.946745562,59.95502262629618,0.0946656483234,0.23343383614,0.00286201094325,165.160162668,0.0597672973003,1.2711130444216558,787.5,79.07731679699978,0.185552999318,155.299250646,62.2739664269,0.0,0.0000955424151202,6.754355661361642,787.5,79.07731679699978,0.185552999318,155.299250646,62.2739664269,0.0,0.0000955424151202,6.754355661361642,3.8727592419280468,0.128811493516,0.0165924020112,0.274164438248,0.0,0.0492620244622,0.905334353447,261.12008667,independent_low_interferer
H013,15872,0.359909297052,stable_heldout_synthetic,heldout_mixture,heldout,improvement,other,correct,783.9910078187763,260.946745562,59.95502262629618,0.0939523069799,0.229843903047,0.00323524986366,162.308773961,0.0581780366271,1.266234037105215,787.5,79.07731679699978,0.185745894678,152.618193047,61.1988896452,0.0,0.00117685739276,6.727558960051764,787.5,79.07731679699978,0.185745894678,152.618193047,61.1988896452,0.0,0.00117685739276,6.727558960051764,3.8613270903708004,0.125856220722,0.0158397890627,0.27924400568,0.0,0.0715159624815,0.906047701836,261.100219727,independent_low_interferer
H013,16384,0.371519274376,stable_heldout_synthetic,heldout_mixture,heldout,improvement,other,correct,783.9910078187763,260.946745562,59.95502262629618,0.093904349917,0.226326583617,0.00344357784276,159.506746011,0.0567917243356,1.259898486340941,787.5,79.07731679699978,0.186331402472,149.983510511,60.1424470992,0.0,0.00110511660897,6.700558740876741,787.5,79.07731679699978,0.186331402472,149.983510511,60.1424470992,0.0,0.00110511660897,6.700558740876741,3.8501751681415013,0.122644349933,0.0150416363031,0.267343908548,0.0,0.0363922864199,0.90609562397,261.128540039,independent_low_interferer
H013,16896,0.383129251701,stable_heldout_synthetic,heldout_mixture,heldout,improvement,other,correct,783.9910078187763,260.946745562,59.95502262629618,0.0935140321187,0.22166771707,0.00269070836481,156.752876853,0.0560565157344,1.252518972929542,787.5,79.07731679699978,0.186548831896,147.393818326,59.1042319423,0.0,0.000263448113937,6.67468043091743,787.5,79.07731679699978,0.186548831896,147.393818326,59.1042319423,0.0,0.000263448113937,6.67468043091743,3.8414187056460443,0.122373364866,0.0149752395228,0.255211740732,0.0,0.0775387957692,0.906485974789,261.102935791,independent_low_interferer
H013,17408,0.394739229025,stable_heldout_synthetic,heldout_mixture,heldout,improvement,other,correct,783.9910078187763,260.946745562,59.95502262629618,0.0940005620889,0.218294584283,0.00311257636571,154.04676116,0.0550985764907,1.245119335131754,787.5,79.07731679699978,0.186209404609,144.849375529,58.0838652241,0.0,0.00108771999941,6.649090980601774,787.5,79.07731679699978,0.186209404609,144.849375529,58.0838652241,0.0,0.00108771999941,6.649090980601774,3.8316379763119763,0.115789249539,0.0134071502835,0.25128942728,0.0,0.0543899014592,0.905999422073,261.125610352,independent_low_interferer
H013,17920,0.406349206349,stable_heldout_synthetic,heldout_mixture,heldout,improvement,other,correct,783.9910078187763,260.946745562,59.95502262629618,0.0944323965611,0.21459301433,0.00316046111095,151.387275833,0.0543563115981,1.2372630607988604,787.5,79.07731679699978,0.18530749208,142.348721261,57.0810458747,0.0,0.000920265267906,6.625125055609704,787.5,79.07731679699978,0.18530749208,142.348721261,57.0810458747,0.0,0.000920265267906,6.625125055609704,3.8240375835460245,0.117936208844,0.0139089496806,0.242166474462,0.0,0.0282522793859,0.905567586422,261.106414795,independent_low_interferer
H013,18432,0.417959183673,stable_heldout_synthetic,heldout_mixture,heldout,improvement,other,correct,783.9910078187763,260.946745562,59.95502262629618,0.0947912654182,0.210144037896,0.00252765396285,148.773606616,0.0540730727968,1.228369421494006,787.5,79.07731679699978,0.184890944839,139.890995826,56.0955063173,0.0,0.000226267865709,6.600454208883568,787.5,79.07731679699978,0.184890944839,139.890995826,56.0955063173,0.0,0.000226267865709,6.600454208883568,3.8167606953578175,0.114395059645,0.0130862295628,0.231787845492,0.0,0.0580535531044,0.905208706856,261.126464844,independent_low_interferer
H013,18944,0.429569160998,stable_heldout_synthetic,heldout_mixture,heldout,improvement,other,correct,783.9910078187763,260.946745562,59.95502262629618,0.0951735406162,0.207079917677,0.00310080328246,146.205167596,0.0530751058315,1.2215046231883533,787.5,79.07731679699978,0.183746122474,137.476109405,55.1269891192,0.0,0.00119186542721,6.576418385825388,787.5,79.07731679699978,0.183746122474,137.476109405,55.1269891192,0.0,0.00119186542721,6.576418385825388,3.8082420215946122,0.112885542214,0.0127431452274,0.232846483588,0.0,0.0649322941899,0.904826462269,261.098449707,independent_low_interferer
H013,19456,0.441179138322,stable_heldout_synthetic,heldout_mixture,heldout,improvement,other,correct,783.9910078187763,260.946745562,59.95502262629618,0.0952861084449,0.203446928159,0.00298897884377,143.681061387,0.0522066797056,1.214298079308048,787.5,79.07731679699978,0.18375336848,135.102702344,54.1752399085,0.0,0.000869075079348,6.550725829386498,787.5,79.07731679699978,0.18375336848,135.102702344,54.1752399085,0.0,0.000869075079348,6.550725829386498,3.7988792994591223,0.112341180444,0.0126205403358,0.229504451156,0.0,0.0149403642863,0.904713869095,261.113922119,independent_low_interferer
H013,19968,0.452789115646,stable_heldout_synthetic,heldout_mixture,heldout,improvement,other,correct,783.9910078187763,260.946745562,59.95502262629618,0.0950174749799,0.199434990641,0.00239957749432,141.200501893,0.0514012068861,1.2072616394426332,787.5,79.07731679699978,0.184816351169,132.770069963,53.2399857569,0.0,0.000421359923048,6.522988282910099,787.5,79.07731679699978,0.184816351169,132.770069963,53.2399857569,0.0,0.000421359923048,6.522988282910099,3.78814109913015,0.108856156468,0.011849662289,0.234225615859,0.0,0.0614793077111,0.904982507229,261.122619629,independent_low_interferer
H013,20480,0.464399092971,stable_heldout_synthetic,heldout_mixture,heldout,improvement,other,correct,783.9910078187763,260.946745562,59.95502262629618,0.0945933868257,0.19670023869,0.0029683997539,138.762840798,0.0499154189756,1.2024951399655377,787.5,79.07731679699978,0.185071129681,130.47806665,52.3209230861,0.0,0.0011405532399,6.496292236833049,787.5,79.07731679699978,0.185071129681,130.47806665,52.3209230861,0.0,0.0011405532399,6.496292236833049,3.776534563099118,0.106946028769,0.0114374523982,0.232588455081,0.0,0.0639699846506,0.905406594276,261.095794678,independent_low_interferer
H013,20992,0.476009070295,stable_heldout_synthetic,heldout_mixture,heldout,improvement,other,correct,783.9910078187763,260.946745562,59.95502262629618,0.0942296846748,0.193194524181,0.00269286021436,136.367241262,0.0488594454074,1.1963322530856888,787.5,79.07731679699978,0.186063844195,128.225412648,51.4177244238,0.0,0.000636515460785,6.468734812701294,787.5,79.07731679699978,0.186063844195,128.225412648,51.4177244238,0.0,0.000636515460785,6.468734812701294,3.7652009988549247,0.105736210942,0.011180145666,0.231322094798,0.0,0.0243636369705,0.905770301819,261.124725342,independent_low_interferer
H013,21504,0.487619047619,stable_heldout_synthetic,heldout_mixture,heldout,improvement,other,correct,783.9910078187763,260.946745562,59.95502262629618,0.0935183947823,0.189518767525,0.00233577963445,134.012861092,0.0479490414816,1.1906035969254682,787.5,79.07731679699978,0.186410050784,126.0115077,50.5300584812,0.0,0.00056862843934,6.442256007798721,787.5,79.07731679699978,0.186410050784,126.0115077,50.5300584812,0.0,0.00056862843934,6.442256007798721,3.7551170864208796,0.10352948308,0.010718354024,0.224399879575,0.0,0.0614582672715,0.90648162365,261.108306885,independent_low_interferer
H013,22016,0.499229024943,stable_heldout_synthetic,heldout_mixture,heldout,improvement,other,correct,783.9910078187763,260.946745562,59.95502262629618,0.0937962513819,0.186890142889,0.00286405839749,131.69933495,0.0468577731861,1.1842989829544461,787.5,79.07731679699978,0.186360822044,123.836297394,49.6576356008,0.0,0.00104399967229,6.41630487230647,787.5,79.07731679699978,0.186360822044,123.836297394,49.6576356008,0.0,0.00104399967229,6.41630487230647,3.744609256705502,0.0996762961149,0.00993536412716,0.227256834507,0.0,0.0636386349797,0.906203746796,261.1222229,independent_low_interferer
H013,22528,0.510839002268,stable_heldout_synthetic,heldout_mixture,heldout,improvement,other,correct,783.9910078187763,260.946745562,59.95502262629618,0.0938551360901,0.183259805324,0.00248311671382,129.425599723,0.0463252170743,1.1768615444272663,787.5,79.07731679699978,0.185974701766,121.69825245,48.8002449177,0.0,0.000462263335135,6.391557578382285,787.5,79.07731679699978,0.185974701766,121.69825245,48.8002449177,0.0,0.000462263335135,6.391557578382285,3.736434835504284,0.101698845625,0.0103426547721,0.224063247442,0.0,0.0737055763602,0.906144857407,261.104614258,independent_low_interferer
H013,23040,0.522448979592,stable_heldout_synthetic,heldout_mixture,heldout,improvement,other,correct,783.9910078187763,260.946745562,59.95502262629618,0.0943809091091,0.179811809933,0.00226204113554,127.191148463,0.0459305524657,1.1686500070559636,787.5,79.07731679699978,0.185708906679,119.597188759,47.9576943266,0.0,0.000539414229316,6.366246797854815,787.5,79.07731679699978,0.185708906679,119.597188759,47.9576943266,0.0,0.000539414229316,6.366246797854815,3.7278387238895827,0.0965396016836,0.00931989401579,0.21778807044,0.0,0.0481695495546,0.905619084835,261.134216309,independent_low_interferer
H013,23552,0.534058956916,stable_heldout_synthetic,heldout_mixture,heldout,improvement,other,correct,783.9910078187763,260.946745562,59.95502262629618,0.0949753879159,0.177241219804,0.00276362925188,124.995338516,0.045124925966,1.1615959000466063,787.5,79.07731679699978,0.184311478927,117.532634624,47.1297501737,0.0,0.00102689826828,6.343002423115121,787.5,79.07731679699978,0.184311478927,117.532634624,47.1297501737,0.0,0.00102689826828,6.343002423115121,3.7201598694587226,0.0974560827017,0.0094976881519,0.21729592979,0.0,0.0552220195532,0.905024588108,261.095825195,independent_low_interferer
H013,24064,0.54566893424,stable_heldout_synthetic,heldout_mixture,heldout,improvement,other,correct,783.9910078187763,260.946745562,59.95502262629618,0.0951719840547,0.173676010295,0.00231297494794,122.837354621,0.0447299085326,1.15381496294046,787.5,79.07731679699978,0.183954337805,115.503359177,46.3161445135,0.0,0.000433838185953,6.318220338514403,787.5,79.07731679699978,0.183954337805,115.503359177,46.3161445135,0.0,0.000433838185953,6.318220338514403,3.712035314490868,0.0963536575437,0.00928402785212,0.212447375059,0.0,0.0629161819816,0.90482801199,261.115020752,independent_low_interferer
H013,24576,0.557278911565,stable_heldout_synthetic,heldout_mixture,heldout,improvement,other,correct,783.9910078187763,260.946745562,59.95502262629618,0.095217393295,0.170613265416,0.00221086802686,120.716674617,0.0440148953359,1.1470843199171947,787.5,79.07731679699978,0.184182335397,113.509233534,45.5166025996,0.0,0.000692601357836,6.291849257367397,787.5,79.07731679699978,0.184182335397,113.509233534,45.5166025996,0.0,0.000692601357836,6.291849257367397,3.7019728027095997,0.0919574573636,0.0084561733529,0.206821426749,0.0,0.0357414036989,0.90478259325,261.121917725,independent_low_interferer
H013,25088,0.568888888889,stable_heldout_synthetic,heldout_mixture,heldout,improvement,other,correct,783.9910078187763,260.946745562,59.95502262629618,0.0950948936453,0.168195958888,0.00259276095602,118.632659467,0.0428745403347,1.1416815872787198,787.5,79.07731679699978,0.184349244543,111.549735105,44.7308419124,0.0,0.000950497100117,6.2656081758587066,787.5,79.07731679699978,0.184349244543,111.549735105,44.7308419124,0.0,0.000950497100117,6.2656081758587066,3.691144899374558,0.0913515016437,0.00834509637207,0.204103767872,0.0,0.0444499030709,0.904905080795,261.097747803,independent_low_interferer
H013,25600,0.580498866213,stable_heldout_synthetic,heldout_mixture,heldout,improvement,other,correct,783.9910078187763,260.946745562,59.95502262629618,0.0946176944411,0.164861349348,0.00205960815515,116.584539779,0.0421235127572,1.1355545779309122,787.5,79.07731679699978,0.185491076682,109.623770856,43.9585991965,0.0,0.000188410575291,6.2379296668013176,787.5,79.07731679699978,0.185491076682,109.623770856,43.9585991965,0.0,0.000188410575291,6.2379296668013176,3.6798924550918874,0.0904173031449,0.00817528925836,0.197144776583,0.0,0.0348686948419,0.905382335186,261.119567871,independent_low_interferer
H013,26112,0.592108843537,stable_heldout_synthetic,heldout_mixture,heldout,improvement,other,correct,783.9910078187763,260.946745562,59.95502262629618,0.0939193710522,0.16217164129,0.00218988543428,114.571740846,0.0410723039114,1.130892608722759,787.5,79.07731679699978,0.185902666154,107.731210934,43.1996407906,0.0,0.000758293052676,6.211052877936811,787.5,79.07731679699978,0.185902666154,107.731210934,43.1996407906,0.0,0.000758293052676,6.211052877936811,3.668577659473564,0.0879609659314,0.00773713132367,0.186080828309,0.0,0.0641783997416,0.9060806036,261.108642578,independent_low_interferer
H013,26624,0.603718820862,stable_heldout_synthetic,heldout_mixture,heldout,improvement,other,correct,783.9910078187763,260.946745562,59.95502262629618,0.0938517799142,0.159801750447,0.00247608691306,112.593815473,0.0400617972046,1.1252992391253762,787.5,79.07731679699978,0.186265131223,105.8715173,42.4537583081,0.0,0.000842018772507,6.184524918016653,787.5,79.07731679699978,0.186265131223,105.8715173,42.4537583081,0.0,0.000842018772507,6.184524918016653,3.657593260000412,0.0868119895458,0.00753632141277,0.187772810459,0.0,0.0478223077953,0.906148195267,261.123809814,independent_low_interferer
H013,27136,0.615328798186,stable_heldout_synthetic,heldout_mixture,heldout,improvement,other,correct,783.9910078187763,260.946745562,59.95502262629618,0.0934404284143,0.156500082295,0.00195658701177,110.649890098,0.0395650170604,1.1189355667817948,787.5,79.07731679699978,0.186323786266,104.043533604,41.7207761002,0.0,0.000164578961507,6.158987695555966,787.5,79.07731679699978,0.186323786266,104.043533604,41.7207761002,0.0,0.000164578961507,6.158987695555966,3.648504607926819,0.087162643671,0.00759732583538,0.178865864873,0.0,0.080695129931,0.906559586525,261.10144043,independent_low_interferer
H013,27648,0.62693877551,stable_heldout_synthetic,heldout_mixture,heldout,improvement,other,correct,783.9910078187763,260.946745562,59.95502262629618,0.0940261350131,0.153992745618,0.00213744186587,108.73966106,0.0389575215503,1.1116619892504445,787.5,79.07731679699978,0.186324733766,102.247399171,41.0005167479,0.0,0.000708642580121,6.132965339423552,787.5,79.07731679699978,0.186324733766,102.247399171,41.0005167479,0.0,0.000708642580121,6.132965339423552,3.638375033681764,0.0816752240062,0.00667084241286,0.166266262531,0.0,0.0650570243597,0.905973851681,261.135284424,independent_low_interferer
H013,28160,0.638548752834,stable_heldout_synthetic,heldout_mixture,heldout,improvement,other,correct,783.9910078187763,260.946745562,59.95502262629618,0.0945774530173,0.151544617442,0.00229946494066,106.862392305,0.0383684026643,1.104486441865581,787.5,79.07731679699978,0.185236271704,100.482243075,40.292743383,0.0,0.000741875943878,6.109383884008776,787.5,79.07731679699978,0.185236271704,100.482243075,40.292743383,0.0,0.000741875943878,6.109383884008776,3.6306152883366067,0.0837358906865,0.00701169995591,0.169619336724,0.0,0.0450580827892,0.905422568321,261.098968506,independent_low_interferer
H013,28672,0.650158730159,stable_heldout_synthetic,heldout_mixture,heldout,improvement,other,correct,783.9910078187763,260.946745562,59.95502262629618,0.0948499337594,0.148358166029,0.00180381428081,105.017444972,0.0381741969095,1.0967035864481975,787.5,79.07731679699978,0.184642236729,98.7473001665,39.59718407,0.0,0.000121641485564,6.085144052062035,787.5,79.07731679699978,0.184642236729,98.7473001665,39.59718407,0.0,0.000121641485564,6.085144052062035,3.6229840609010777,0.0816272944212,0.00666301557794,0.170016378164,0.0,0.0713823884726,0.905150055885,261.116882324,independent_low_interferer
H013,29184,0.661768707483,stable_heldout_synthetic,heldout_mixture,heldout,improvement,other,correct,783.9910078187763,260.946745562,59.95502262629618,0.0952223023989,0.146083966596,0.00209485078078,103.204429318,0.037520689231,1.0901243118027257,787.5,79.07731679699978,0.183958862783,97.0425979109,38.913595559,0.0,0.000781308599609,6.060452332795515,787.5,79.07731679699978,0.183958862783,97.0425979109,38.913595559,0.0,0.000781308599609,6.060452332795515,3.6139429830741046,0.0784201323986,0.0061497176066,0.168118298054,0.0,0.0276148915291,0.904777705669,261.116607666,independent_low_interferer
H013,29696,0.673378684807,stable_heldout_synthetic,heldout_mixture,heldout,improvement,other,correct,783.9910078187763,260.946745562,59.95502262629618,0.0952767612367,0.14367206551,0.00214265347801,101.422703944,0.0368190802919,1.0839592308078982,787.5,79.07731679699978,0.183857089048,95.3672848964,38.2417618028,0.0,0.000677065708583,6.034984945237855,787.5,79.07731679699978,0.183857089048,95.3672848964,38.2417618028,0.0,0.000677065708583,6.034984945237855,3.604280338247045,0.0786368325353,0.00618375185877,0.170098543167,0.0,0.0156104937196,0.904723227024,261.10647583,independent_low_interferer
H013,30208,0.684988662132,stable_heldout_synthetic,heldout_mixture,heldout,improvement,other,correct,783.9910078187763,260.946745562,59.95502262629618,0.0949381628153,0.140785714892,0.00167378162294,99.6716883274,0.0362615472341,1.0778334816954067,787.5,79.07731679699978,0.184737678355,93.7207223519,37.5814946365,0.0,0.000182608424767,6.007752518677647,787.5,79.07731679699978,0.184737678355,93.7207223519,37.5814946365,0.0,0.000182608424767,6.007752518677647,3.5933730211446604,0.0768251642585,0.00590210640803,0.168150469661,0.0,0.0502038672566,0.905061841011,261.114654541,independent_low_interferer
H013,30720,0.696598639456,stable_heldout_synthetic,heldout_mixture,heldout,improvement,other,correct,783.9910078187763,260.946745562,59.95502262629618,0.0945467139918,0.138802957647,0.00205811110178,97.9509370132,0.0352268355433,1.0732579952934562,787.5,79.07731679699978,0.18518891885,92.1028400797,36.9326285192,0.0,0.000790193517072,5.980837737325077,787.5,79.07731679699978,0.18518891885,92.1028400797,36.9326285192,0.0,0.000790193517072,5.980837737325077,3.581549177339601,0.0752341672778,0.00566018000245,0.167111426592,0.0,0.0679663568735,0.905453264713,261.103729248,independent_low_interferer
H013,31232,0.70820861678,stable_heldout_synthetic,heldout_mixture,heldout,improvement,other,correct,783.9910078187763,260.946745562,59.95502262629618,0.0941649718791,0.136455604814,0.00199819048466,96.2599170622,0.03443577839,1.068001124939239,787.5,79.07731679699978,0.18600222391,90.5127996058,36.2949922807,0.0,0.000554373607358,5.953626822294741,787.5,79.07731679699978,0.18600222391,90.5127996058,36.2949922807,0.0,0.000554373607358,5.953626822294741,3.5700749739817232,0.0754072964191,0.00568626029417,0.1667316854,0.0,0.0228269509971,0.905835032463,261.128570557,independent_low_interferer
H013,31744,0.719818594104,stable_heldout_synthetic,heldout_mixture,heldout,improvement,other,correct,783.9910078187763,260.946745562,59.95502262629618,0.0933920076817,0.133745813962,0.0016414411152,94.5979905679,0.0338534213006,1.0629545091807984,787.5,79.07731679699978,0.186292110736,88.9499960057,35.6684020887,0.0,0.000316790239486,5.927469027330789,787.5,79.07731679699978,0.186292110736,88.9499960057,35.6684020887,0.0,0.000316790239486,5.927469027330789,3.559905129709921,0.0740898996592,0.00548931304365,0.162759706378,0.0,0.0770016983151,0.906607985497,261.098876953,independent_low_interferer
H013,32256,0.731428571429,stable_heldout_synthetic,heldout_mixture,heldout,improvement,other,correct,783.9910078187763,260.946745562,59.95502262629618,0.0938280800052,0.131868652599,0.00198387867521,92.964918229,0.0331072475323,1.0566496109419752,787.5,79.07731679699978,0.186558001188,87.4144989103,35.0526708015,0.0,0.000721577221492,5.901049783646132,787.5,79.07731679699978,0.186558001188,87.4144989103,35.0526708015,0.0,0.000721577221492,5.901049783646132,3.548835600533774,0.0697588250041,0.00486629316583,0.156151890755,0.0,0.0732695534825,0.906171917915,261.130462646,independent_low_interferer
H013,32768,0.743038548753,stable_heldout_synthetic,heldout_mixture,heldout,improvement,other,correct,783.9910078187763,260.946745562,59.95502262629618,0.0940576607753,0.129442838664,0.00180746449038,91.3599503273,0.0326835901999,1.0498549839233224,787.5,79.07731679699978,0.186075276856,85.9052865511,34.4475762988,0.0,0.000419888497333,5.8764858519411005,787.5,79.07731679699978,0.186075276856,85.9052865511,34.4475762988,0.0,0.000419888497333,5.8764858519411005,3.540204510846521,0.0715461149812,0.00511884689331,0.159934133291,0.0,0.0502106696367,0.905942320824,261.104949951,independent_low_interferer
H013,33280,0.754648526077,stable_heldout_synthetic,heldout_mixture,heldout,improvement,other,correct,783.9910078187763,260.946745562,59.95502262629618,0.0944245029666,0.126888079057,0.00153737853691,89.7826623841,0.0324543236899,1.0425266924078533,787.5,79.07731679699978,0.185490916344,84.4221024348,33.8528832461,0.0,0.000283791731791,5.852049103004722,787.5,79.07731679699978,0.185490916344,84.4221024348,33.8528832461,0.0,0.000283791731791,5.852049103004722,3.531919758831938,0.0686035230756,0.00470644328743,0.154568165541,0.0,0.0288539119065,0.90557551384,261.12020874,independent_low_interferer
H013,33792,0.766258503401,stable_heldout_synthetic,heldout_mixture,heldout,improvement,other,correct,783.9910078187763,260.946745562,59.95502262629618,0.0950289514048,0.125073891996,0.00191617935303,88.2326652071,0.0318921587363,1.0358626968563138,787.5,79.07731679699978,0.18430459109,82.9647736679,33.2684052359,0.0,0.000721194520898,5.828539600078945,787.5,79.07731679699978,0.18430459109,82.9647736679,33.2684052359,0.0,0.000721194520898,5.828539600078945,3.5237569942030404,0.0676964819431,0.00458281347528,0.146354719996,0.0,0.0634450539947,0.904971063137,261.108337402,independent_low_interferer
H013,34304,0.777868480726,stable_heldout_synthetic,heldout_mixture,heldout,improvement,other,correct,783.9910078187763,260.946745562,59.95502262629618,0.0951316013283,0.122653033959,0.00169172622307,86.7093651739,0.0315564783586,1.0292493774797016,787.5,79.07731679699978,0.183852541219,81.5323972795,32.6939971009,0.0,0.000385044395313,5.803953189933999,787.5,79.07731679699978,0.183852541219,81.5323972795,32.6939971009,0.0,0.000385044395313,5.803953189933999,3.5151581185969,0.0678784772754,0.00460748793557,0.15037471056,0.0,0.0583959668875,0.904868423939,261.118438721,independent_low_interferer
H013,34816,0.78947845805,stable_heldout_synthetic,heldout_mixture,heldout,improvement,other,correct,783.9910078187763,260.946745562,59.95502262629618,0.0951169020802,0.120385026767,0.00151639243934,85.2123830198,0.0310864866966,1.0230931295061219,787.5,79.07731679699978,0.184090464015,80.1247696876,32.129518486,0.0,0.000414877833748,5.777812353174692,787.5,79.07731679699978,0.184090464015,80.1247696876,32.129518486,0.0,0.000414877833748,5.777812353174692,3.504900720706118,0.0651663690805,0.0042466558516,0.143863484263,0.0,0.0281683914363,0.904883086681,261.111541748,independent_low_interferer
H013,35328,0.801088435374,stable_heldout_synthetic,heldout_mixture,heldout,improvement,other,correct,783.9910078187763,260.946745562,59.95502262629618,0.0951222346618,0.118734464462,0.00184464103751,83.7412960342,0.0302404761537,1.0178797418995083,787.5,79.07731679699978,0.184474951236,78.7416116655,31.5748233411,0.0,0.00069796027197,5.75126264230396,787.5,79.07731679699978,0.184474951236,78.7416116655,31.5748233411,0.0,0.00069796027197,5.75126264230396,3.4934131413984435,0.0646618902683,0.00418116012588,0.138573944569,0.0,0.0543460920453,0.904877781868,261.097167969,independent_low_interferer
H013,35840,0.812698412698,stable_heldout_synthetic,heldout_mixture,heldout,improvement,other,correct,783.9910078187763,260.946745562,59.95502262629618,0.0946157260444,0.116442072895,0.00153288388399,82.2955685322,0.0296863650848,1.0126530204475377,787.5,79.07731679699978,0.185576709033,77.3821142508,31.0297421654,0.0,0.000250429935746,5.723649606317936,787.5,79.07731679699978,0.185576709033,77.3821142508,31.0297421654,0.0,0.000250429935746,5.723649606317936,3.4816311345068134,0.0646319240332,0.00417728582397,0.135317236185,0.0,0.0468234568834,0.905384302139,261.132232666,independent_low_interferer
H013,36352,0.824308390023,stable_heldout_synthetic,heldout_mixture,heldout,improvement,other,correct,783.9910078187763,260.946745562,59.95502262629618,0.0937497560209,0.114410512983,0.00149132171699,80.8747585485,0.02900538888,1.0085725098672618,787.5,79.07731679699978,0.185902233493,76.0461028929,30.4940815694,0.0,0.000473186216472,5.6972627981608035,787.5,79.07731679699978,0.185902233493,76.0461028929,30.4940815694,0.0,0.000473186216472,5.6972627981608035,3.4705989492921128,0.0626396164298,0.00392372114584,0.131298795342,0.0,0.0619769506156,0.906250238419,261.09854126,independent_low_interferer
H013,36864,0.835918367347,stable_heldout_synthetic,heldout_mixture,heldout,improvement,other,correct,783.9910078187763,260.946745562,59.95502262629618,0.0938576774155,0.112806108201,0.00174253599657,79.4785910245,0.0282714872611,1.0030981929349434,787.5,79.07731679699978,0.186428906684,74.7333583363,29.9676611928,0.0,0.000615211566999,5.670525140083417,787.5,79.07731679699978,0.186428906684,74.7333583363,29.9676611928,0.0,0.000615211566999,5.670525140083417,3.4590169689684727,0.0602565743029,0.00363085488789,0.124786861241,0.0,0.0465552210808,0.906142294407,261.123718262,independent_low_interferer
H013,37376,0.847528344671,stable_heldout_synthetic,heldout_mixture,heldout,improvement,other,correct,783.9910078187763,260.946745562,59.95502262629618,0.0935959882108,0.110524326893,0.00139813601233,78.1064129591,0.0279118188554,0.9972726680828131,787.5,79.07731679699978,0.186478535513,73.4430118955,29.4503048868,0.0,0.00014276981436,5.645053444235289,787.5,79.07731679699978,0.186478535513,73.4430118955,29.4503048868,0.0,0.00014276981436,5.645053444235289,3.449328067570469,0.0610136687756,0.00372266792692,0.122998118401,0.0,0.0645509958267,0.906404018402,261.109405518,independent_low_interferer
