caseId,sample,timestamp,lag,hz,cmnd,selected,spectralFundamental,spectralH2,spectralH3,spectralHalf,interpolatedLag
R01,47616,1.07972789116,154,286.363636364,1.07339072118,0,0.0537646408711,0.0527052607184,0.0203900254772,0.409572189583,0
R01,47616,1.07972789116,311,141.800643087,0.997259175406,0,0.411386768195,0.204326041205,0.344336018148,0,0
R01,47616,1.07972789116,447,98.6577181208,1.03678523361,0,0.630522129042,0.580335206122,0.439440942573,0,0
R01,47616,1.07972789116,538,81.970260223,1.02020970167,0,0.689650823703,0.266281776411,0.413498487639,0,0
R01,48128,1.09133786848,28,1575,1.94100052288,0,0.0545061821549,0,0,0.0513098564008,0
R01,48128,1.09133786848,162,272.222222222,1.02693300833,0,0.176987587661,0.0874613904356,0.0399779926747,0.101032664552,0
R01,48128,1.09133786848,315,140,0.868010062777,0,0.201506267047,0.604655977321,0.553383209651,0,0
R01,48128,1.09133786848,447,98.6577181208,1.00350328645,0,0.64635960615,0.477891129999,0.852002331931,0,0
R01,48640,1.1029478458,163,270.552147239,0.524048968897,0,0.915029558134,0.182392416968,0.11716576806,0.676276532713,0
R01,48640,1.1029478458,367,120.163487738,0.770146472264,0,0.795966332615,0.760339485198,0.170022354619,0,0
R01,48640,1.1029478458,385,114.545454545,0.768629989859,0,0.613230893444,0.373125443731,0.253163613059,0,0
R01,48640,1.1029478458,500,88.2,0.818368686804,0,0.283118069265,0.637956042442,0.974823751923,0,0
R01,49152,1.11455782313,158,279.113924051,0.887211604363,0,6.72367548993,0.238222313163,0.247139740341,3.74493132635,0
R01,49152,1.11455782313,297,148.484848485,0.450068435134,0,2.13198220114,7.0140688373,1.20829891445,0,0
R01,49152,1.11455782313,454,97.1365638767,0.511154384667,0,4.18817755257,2.99073682603,5.72136083585,0,0
R01,49664,1.12616780045,143,308.391608392,1.00532795164,0,24.523786824,0.51704900758,0.584560355631,21.2592383996,0
R01,49664,1.12616780045,270,163.333333333,0.584515808668,0,20.0261707593,15.7461074927,1.85576888066,7.71132664837,0
R01,49664,1.12616780045,398,110.804020101,0.988017983552,0,18.0141263395,18.7519098777,11.2557100781,0,0
R01,49664,1.12616780045,420,105,0.987031565577,0,17.0081533551,19.8892662772,21.3206973201,0,0
R01,49664,1.12616780045,503,87.6739562624,0.745031249112,0,9.53650254541,18.8260450766,26.8226639299,0,0
R01,50176,1.13777777778,142,310.563380282,1.12400016731,0,49.3374020306,1.02725110333,0.890197850307,47.2382963083,0
R01,50176,1.13777777778,255,172.941176471,0.516415058009,0,55.7165611605,25.6367681234,3.46821955851,15.7835178973,0
R01,50176,1.13777777778,393,112.213740458,0.998064516596,0,39.2135447434,33.3485706622,32.2458094175,0,0
R01,50176,1.13777777778,417,105.755395683,1.02162906761,0,32.5123521011,25.6744634438,48.0056088088,0,0
R01,50176,1.13777777778,502,87.8486055777,0.662745111965,0,16.5922707815,56.0043140417,46.7132716451,0,0
R01,50688,1.1493877551,140,315,1.11221008122,0,65.1992119694,1.74354237945,1.08024191536,63.2216624154,0
R01,50688,1.1493877551,253,174.308300395,0.494100663502,0,102.59877654,62.5306792159,6.31649443277,21.3410339343,0
R01,50688,1.1493877551,390,113.076923077,0.937949599785,0,53.5014659758,48.387628984,67.4538847424,0,0
R01,50688,1.1493877551,502,87.8486055777,0.659190502979,0,21.9782076367,103.436544485,57.8181197207,0,0
R01,51200,1.16099773243,141,312.765957447,1.17524746251,0,65.1491094901,2.23248502645,0.72082775564,55.2901125896,0
R01,51200,1.16099773243,165,267.272727273,1.23751815192,0,55.6589900695,6.99374679362,3.94084477285,92.4365241007,0
R01,51200,1.16099773243,253,174.308300395,0.422882033899,0,138.919546477,105.246641982,8.59814621226,21.0325622942,0
R01,51200,1.16099773243,337,130.860534125,1.11271869603,0,100.974896852,50.0050333716,11.5417013336,0,0
R01,51200,1.16099773243,373,118.230563003,0.99219065385,0,74.7268582917,39.5875159679,94.2207330446,0,0
R01,51200,1.16099773243,387,113.953488372,1.00070378709,0,52.9163473368,56.7490901176,103.93054736,0,0
R01,51200,1.16099773243,503,87.6739562624,0.603177841442,0,21.6810004728,141.373298253,51.2946394782,0,0
R01,51712,1.17260770975,140,315,1.16361169237,0,47.0425404582,1.62679527262,0.37589742111,36.617784094,0
R01,51712,1.17260770975,165,267.272727273,1.25921467507,0,36.0132988057,5.33947182509,3.4729517181,102.266652057,0
R01,51712,1.17260770975,253,174.308300395,0.411142248039,0,159.292958752,138.610573362,9.40464650012,18.2948859199,0
R01,51712,1.17260770975,339,130.088495575,1.17496352619,0,112.224805903,30.0697021878,7.60158764869,0,0
R01,51712,1.17260770975,375,117.6,1.00292152248,0,59.1192090635,40.5848612009,129.45416864,0,0
R01,51712,1.17260770975,388,113.659793814,0.999530847793,0,36.2218677149,52.8207921011,117.986195017,0,0
R01,51712,1.17260770975,502,87.8486055777,0.584503350105,0,19.2093920822,164.651231468,31.7685408975,0,0
R01,52224,1.18421768707,140,315,1.2030935014,0,17.5329976259,0.474753131733,0.478250520039,25.989981037,0
R01,52224,1.18421768707,166,265.662650602,1.27433370507,0,14.2837650807,3.91591098943,1.56611898703,107.840961155,0
R01,52224,1.18421768707,253,174.308300395,0.376346497433,0,164.553471813,153.089012001,8.75290650883,13.1398515569,0
R01,52224,1.18421768707,337,130.860534125,1.17262872875,0,109.610529535,8.60839483016,2.17456247959,0,0
R01,52224,1.18421768707,374,117.914438503,1.02233683164,0,38.8492105473,35.9942337365,136.751045637,0,0
R01,52224,1.18421768707,388,113.659793814,1.02089532834,0,20.9722970586,40.1941400946,110.388531321,0,0
R01,52224,1.18421768707,503,87.6739562624,0.542595295307,0,13.5985619457,169.06942108,10.319106882,0,0
R01,52736,1.1958276644,139,317.26618705,1.18690043723,0,5.80792437343,1.10535855711,0.923422633104,37.026330923,0
R01,52736,1.1958276644,166,265.662650602,1.28682170919,0,7.38836284338,2.73433637889,1.95098125236,105.742053424,0
R01,52736,1.1958276644,253,174.308300395,0.238275672508,0,165.454703081,149.082346088,8.48302535351,8.45410823708,0
R01,52736,1.1958276644,338,130.473372781,1.21017648679,0,101.120101614,6.41871561697,0.154965504267,0,0
R01,52736,1.1958276644,390,113.076923077,0.984043438572,0,8.44106841623,25.109145043,82.0277026135,0,0
R01,52736,1.1958276644,503,87.6739562624,0.387848997396,0,8.7319923492,167.941953036,7.04483999336,0,0
R01,53248,1.20743764172,139,317.26618705,1.23399291969,0,12.6809521319,1.53587557636,0.679439917158,36.8501970023,0
R01,53248,1.20743764172,167,264.071856287,1.32202037171,0,6.97217668877,8.41760572295,1.17559557542,96.6130543672,0
R01,53248,1.20743764172,252,175,0.182082824942,0,169.12136285,139.231448775,9.88281717466,5.46068877922,0
R01,53248,1.20743764172,374,117.914438503,0.982513275312,0,21.176064222,16.0254728373,120.325405635,0,0
R01,53248,1.20743764172,388,113.659793814,0.978127391961,0,6.71247721114,10.0384104823,101.880485501,0,0
R01,53248,1.20743764172,503,87.6739562624,0.336828635058,0,5.62681483474,169.136482862,7.53020159803,0,0
R01,53760,1.21904761905,139,317.26618705,1.24942727669,0,15.9893298318,1.47105317546,0.38202251562,20.8632201095,0
R01,53760,1.21904761905,167,264.071856287,1.3523523842,0,7.54096992867,13.0162622996,0.536825459928,84.9350740819,0
R01,53760,1.21904761905,252,175,0.173022996929,0,170.077554789,133.386031647,13.6024989677,4.87964844434,0
R01,53760,1.21904761905,338,130.473372781,1.2206432648,0,83.9986767961,8.38165000833,2.16667067793,0,0
R01,53760,1.21904761905,373,118.230563003,0.996404242882,0,29.0557793829,10.1443807101,105.091536721,0,0
R01,53760,1.21904761905,387,113.953488372,1.00342207306,0,12.2854463484,2.70629309104,108.399705626,0,0
R01,53760,1.21904761905,503,87.6739562624,0.317603183136,0,4.96205493381,169.760529643,7.84593653616,0,0
R01,54272,1.23065759637,140,315,1.26368329066,0,15.6059333219,1.08360710728,0.110228894931,31.2502898442,251.710941567
R01,54272,1.23065759637,168,262.5,1.34390125391,0,5.68781386233,17.7456627082,0.534663744481,74.9646284088,251.710941567
R01,54272,1.23065759637,252,175,0.135155649484,1,168.081391013,129.957253053,17.7456627082,3.68478387594,251.710941567
R01,54272,1.23065759637,336,131.25,1.26345434211,0,74.9646284088,5.68781386233,1.78708799748,0,251.710941567
R01,54272,1.23065759637,373,118.230563003,1.07121636519,0,27.8236507808,9.17099846641,103.935335431,0,251.710941567
R01,54272,1.23065759637,388,113.659793814,1.0758433868,0,8.95813113969,6.40487561857,97.7612421449,0,251.710941567
R01,54272,1.23065759637,503,87.6739562624,0.252466868184,0,3.70610620133,167.722094263,5.89416655237,0,251.710941567
R01,54784,1.2422675737,140,315,1.26355777969,0,12.0579196564,0.698571095299,0.0940557571234,29.9281073698,251.601737757
R01,54784,1.2422675737,168,262.5,1.33226162709,0,4.13056073445,21.0766599097,0.645725828003,66.5253436376,251.601737757
R01,54784,1.2422675737,252,175,0.108748022982,1,164.935044804,128.36203829,21.0766599097,0.966138073494,251.601737757
R01,54784,1.2422675737,336,131.25,1.31976041459,0,66.5253436376,4.13056073445,2.54706827947,0,251.601737757
R01,54784,1.2422675737,390,113.076923077,1.05702775932,0,7.35464639334,7.78437182989,78.6243699775,0,251.601737757
R01,54784,1.2422675737,415,106.265060241,1.19734417456,0,0.749421649696,2.96707050223,10.3150622383,0,251.601737757
R01,54784,1.2422675737,503,87.6739562624,0.200267954523,0,1.04779658981,164.645046768,4.28687576773,0,251.601737757
R01,55296,1.25387755102,140,315,1.24224309411,0,6.34138692241,0.417079573194,0.123801340432,10.1999082382,251.506564818
R01,55296,1.25387755102,168,262.5,1.31558367685,0,3.898651823,22.275147865,0.429570364355,58.2854867043,251.506564818
R01,55296,1.25387755102,252,175,0.0914743193775,1,164.896140575,127.175007666,22.275147865,3.47803402006,251.506564818
R01,55296,1.25387755102,336,131.25,1.35782914456,0,58.2854867043,3.898651823,2.23218263864,0,251.506564818
R01,55296,1.25387755102,375,117.6,1.15265992929,0,22.0321230691,2.86703117484,117.467688212,0,251.506564818
R01,55296,1.25387755102,390,113.076923077,1.13413550941,0,7.01856427481,6.95511475117,73.984158844,0,251.506564818
R01,55296,1.25387755102,503,87.6739562624,0.163449132878,0,3.49412347066,164.881264857,3.83080914812,0,251.506564818
R01,55808,1.26548752834,140,315,1.25320564981,0,4.36181274881,0.364867632822,0.167716467537,16.236869027,251.415716258
R01,55808,1.26548752834,168,262.5,1.32258358073,0,2.52504416475,21.3555569954,0.207258210164,48.8513395278,251.415716258
R01,55808,1.26548752834,251,175.697211155,0.0733679952026,1,163.683119018,122.33062871,21.1480600488,5.86932808944,251.415716258
R01,55808,1.26548752834,336,131.25,1.35461496419,0,48.8513395278,2.52504416475,3.75266234339,0,251.415716258
R01,55808,1.26548752834,375,117.6,1.13927825021,0,22.1426998147,4.88969507256,116.558585822,0,251.415716258
R01,55808,1.26548752834,390,113.076923077,1.12202921499,0,9.95513529906,7.41495166137,70.2838405128,0,251.415716258
R01,55808,1.26548752834,503,87.6739562624,0.136512705156,0,5.85306592925,163.855190451,2.26582733283,0,251.415716258
R01,56320,1.27709750567,139,317.26618705,1.21361658282,0,4.03103089567,0.325693012209,0.0742857147215,42.1783335031,251.516413697
R01,56320,1.27709750567,167,264.071856287,1.30974886595,0,2.07420621315,18.180087154,0.0441031439421,38.5613598471,251.516413697
R01,56320,1.27709750567,252,175,0.0637661125887,1,159.942038678,122.758811734,19.2517509,7.42042266765,251.516413697
R01,56320,1.27709750567,336,131.25,1.37551814345,0,39.7164976347,2.88760018264,4.0455510584,0,251.516413697
R01,56320,1.27709750567,375,117.6,1.14963423513,0,19.2577851483,6.84841543984,114.477029088,0,251.516413697
R01,56320,1.27709750567,389,113.367609254,1.13365635308,0,10.2029075286,6.29363426412,77.7466828847,0,251.516413697
R01,56320,1.27709750567,503,87.6739562624,0.120409829792,0,7.43709190344,159.798754908,2.60116825137,0,251.516413697
R01,56832,1.28870748299,140,315,1.21998819852,0,2.9236707364,0.354616027789,0.0741579410459,30.4021975516,251.204645795
R01,56832,1.28870748299,168,262.5,1.29111848263,0,4.83510966849,16.7696234806,0.172656932459,32.3558567292,251.204645795
R01,56832,1.28870748299,251,175.697211155,0.0510829865015,1,150.279052359,116.622153448,16.1928483885,6.4693120319,251.204645795
R01,56832,1.28870748299,337,130.860534125,1.37702774046,0,32.4475415393,5.0472324368,3.92075478988,0,251.204645795
R01,56832,1.28870748299,375,117.6,1.13270415998,0,14.9559859993,6.24486184161,111.208049119,0,251.204645795
R01,56832,1.28870748299,390,113.076923077,1.11070832676,0,7.6339009601,4.40798086561,69.3346175234,0,251.204645795
R01,56832,1.28870748299,502,87.8486055777,0.0964679006207,0,6.4693120319,150.279052359,4.56092285673,0,251.204645795
R01,57344,1.30031746032,139,317.26618705,1.18820702656,0,2.06264916049,0.259823077152,0.0620635414054,24.0088529769,251.333632055
R01,57344,1.30031746032,167,264.071856287,1.2866852148,0,5.1624543333,13.3745078295,0.138242721936,27.4859919387,251.333632055
R01,57344,1.30031746032,251,175.697211155,0.0414372273867,1,138.80987852,112.897781155,13.8440753162,4.82359434967,251.333632055
R01,57344,1.30031746032,337,130.860534125,1.39750988023,0,26.9958525046,5.50674922269,3.01709599422,0,251.333632055
R01,57344,1.30031746032,374,117.914438503,1.14954684976,0,9.37875781483,3.17194726144,102.676751164,0,251.333632055
R01,57344,1.30031746032,390,113.076923077,1.13017296164,0,5.66753850801,3.31699469989,65.9304350524,0,251.333632055
R01,57344,1.30031746032,503,87.6739562624,0.0701198252291,0,4.78552195135,139.60129566,5.33005526415,0,251.333632055
R01,57856,1.31192743764,139,317.26618705,1.17267799749,0,0.759905548383,0.440739453821,0.118184597667,24.8085869419,251.182487004
R01,57856,1.31192743764,167,264.071856287,1.2689672072,0,4.42006322365,11.6047278654,0.172647689427,23.1282030759,251.182487004
R01,57856,1.31192743764,251,175.697211155,0.0318264497086,1,128.33449156,109.573675041,12.0462647139,2.74678235242,251.182487004
R01,57856,1.31192743764,337,130.860534125,1.40937681586,0,21.4250533349,4.51056357216,2.3423471154,0,251.182487004
R01,57856,1.31192743764,390,113.076923077,1.09812276671,0,4.43403591669,1.28370871615,62.3717694129,0,251.182487004
R01,57856,1.31192743764,416,106.009615385,1.23956656162,0,3.26326582332,2.18142252476,0.569087992868,0,251.182487004
R01,57856,1.31192743764,503,87.6739562624,0.0553878348555,0,2.68170759676,129.111954541,4.48748918925,0,251.182487004
R01,58368,1.32353741497,139,317.26618705,1.15644735967,0,1.79344558609,0.452988844645,0.107619152374,24.6260623614,251.38204987
R01,58368,1.32353741497,167,264.071856287,1.2771614308,0,2.81666856421,10.4046222596,0.158624603198,19.8913556114,251.38204987
R01,58368,1.32353741497,251,175.697211155,0.0281596084751,1,122.816425046,107.295097427,10.8830069802,2.84917269225,251.38204987
R01,58368,1.32353741497,337,130.860534125,1.38874618581,0,18.7789717165,2.88651482061,1.99540961287,0,251.38204987
R01,58368,1.32353741497,375,117.6,1.11674844703,0,2.3399761256,0.885751232637,102.548167427,0,251.38204987
R01,58368,1.32353741497,390,113.076923077,1.09751272375,0,3.8648623109,1.54435607635,60.0123375215,0,251.38204987
R01,58368,1.32353741497,503,87.6739562624,0.0560209016372,0,2.79951032,123.373838548,2.8641445688,0,251.38204987
R01,58880,1.33514739229,139,317.26618705,1.11852204278,0,3.03033267909,0.321789572357,0.0382939247093,15.1940493284,251.245029207
R01,58880,1.33514739229,166,265.662650602,1.26506562204,0,1.55208998505,7.78172614028,0.034858651624,18.9036655124,251.245029207
R01,58880,1.33514739229,251,175.697211155,0.0258318848342,1,121.434065942,105.347352135,10.2574851962,3.34456885502,251.245029207
R01,58880,1.33514739229,337,130.860534125,1.41119719996,0,18.1290571747,1.88835120507,1.71277486787,0,251.245029207
R01,58880,1.33514739229,390,113.076923077,1.06142047634,0,4.18410913443,1.49904204472,59.5167861662,0,251.245029207
R01,58880,1.33514739229,415,106.265060241,1.24517929796,0,3.82236085645,4.74803745773,3.38118301808,0,251.245029207
R01,58880,1.33514739229,503,87.6739562624,0.0508085816326,0,3.33253071282,121.809004092,1.79137642745,0,251.245029207
R01,59392,1.34675736961,138,319.565217391,1.14174431879,0,1.51866245552,0.106517788036,0.113335387548,26.5787616926,251.284970851
R01,59392,1.34675736961,166,265.662650602,1.30042408079,0,1.04836641598,7.63404133317,0.0138695602822,18.0154011708,251.284970851
R01,59392,1.34675736961,251,175.697211155,0.0188691621307,1,121.753100993,103.201215935,10.0073572793,2.81561199846,251.284970851
R01,59392,1.34675736961,337,130.860534125,1.40000574543,0,18.6536580973,1.54288137083,1.00002293782,0,251.284970851
R01,59392,1.34675736961,375,117.6,1.10489855669,0,8.31816575185,1.30199934592,98.6365183068,0,251.284970851
R01,59392,1.34675736961,389,113.367609254,1.0890779608,0,5.63649690974,1.89924568301,65.7950060868,0,251.284970851
R01,59392,1.34675736961,503,87.6739562624,0.0412458431475,0,2.81434728747,122.080549473,1.4141408552,0,251.284970851
R01,59904,1.35836734694,139,317.26618705,1.13971589791,0,2.17575482918,0.184168302723,0.0726496883911,24.9025357458,251.213118696
R01,59904,1.35836734694,166,265.662650602,1.28912607136,0,1.02741777402,7.71254703092,0.0416140006162,17.777223422,251.213118696
R01,59904,1.35836734694,251,175.697211155,0.0173227507114,1,122.008594724,101.06361308,10.0612946034,1.84069371569,251.213118696
R01,59904,1.35836734694,337,130.860534125,1.41601478081,0,18.2642848669,1.44203313141,0.541998455141,0,251.213118696
R01,59904,1.35836734694,376,117.287234043,1.11503706819,0,9.03094710867,1.16341603654,99.7618666888,0,251.213118696
R01,59904,1.35836734694,390,113.076923077,1.09197437402,0,5.30910112076,1.36823550375,58.0850449206,0,251.213118696
R01,59904,1.35836734694,503,87.6739562624,0.0340005533629,0,1.84929938482,122.491977621,1.32225861521,0,251.213118696
R01,60416,1.36997732426,139,317.26618705,1.15366664769,0,1.74514908452,0.198631748187,0.0425858762729,25.0714165649,251.223563017
R01,60416,1.36997732426,167,264.071856287,1.30051983148,0,1.37821608565,9.94223777263,0.204580024147,17.0384485453,251.223563017
R01,60416,1.36997732426,251,175.697211155,0.0171349964729,1,122.662446768,99.3251552171,10.3277105892,0.536131609746,251.223563017
R01,60416,1.36997732426,337,130.860534125,1.42673947978,0,17.3531894902,1.50672895867,0.743732451062,0,251.223563017
R01,60416,1.36997732426,390,113.076923077,1.10797961362,0,3.15041464828,0.590758984276,55.948677526,0,251.223563017
R01,60416,1.36997732426,416,106.009615385,1.29405693295,0,1.38424898812,3.35280271693,1.80507521411,0,251.223563017
R01,60416,1.36997732426,503,87.6739562624,0.0328696560334,0,0.544653898703,123.260945116,1.43945629509,0,251.223563017
R01,60928,1.38158730159,138,319.565217391,1.15245198487,0,1.016681506,0.20439608046,0.0199316660062,32.4268586698,251.247646107
R01,60928,1.38158730159,166,265.662650602,1.30132643258,0,1.18328726727,8.61724292417,0.222341010947,14.8579984318,251.247646107
R01,60928,1.38158730159,251,175.697211155,0.0164584895772,1,123.014957788,98.0841769046,10.6975509731,0.828597380653,251.247646107
R01,60928,1.38158730159,337,130.860534125,1.417859177,0,15.4404810804,1.42801805568,1.08327082912,0,251.247646107
R01,60928,1.38158730159,377,116.976127321,1.11473500131,0,4.83865559071,0.661330838007,99.0279615575,0,251.247646107
R01,60928,1.38158730159,390,113.076923077,1.09633310936,0,1.04761033127,0.127391443608,54.3948188483,0,251.247646107
R01,60928,1.38158730159,503,87.6739562624,0.0318965584865,0,0.826809496198,123.586749854,1.34835620692,0,251.247646107
R01,61440,1.39319727891,138,319.565217391,1.17273161351,0,2.90518217834,0.160394623585,0.0165387112004,33.2364869803,251.287180665
R01,61440,1.39319727891,167,264.071856287,1.30943851342,0,0.810500720036,10.5398585646,0.355624927965,13.0164009597,251.287180665
R01,61440,1.39319727891,251,175.697211155,0.0144984758238,1,122.579769239,97.3271470914,10.9811016896,1.65797704027,251.287180665
R01,61440,1.39319727891,336,131.25,1.41668572828,0,13.5883904939,0.938406288474,1.1955774615,0,251.287180665
R01,61440,1.39319727891,375,117.6,1.14053394343,0,6.4872448272,0.472297726511,93.1999986437,0,251.287180665
R01,61440,1.39319727891,389,113.367609254,1.12906894012,0,2.91609812396,0.991415730547,60.0416991174,0,251.287180665
R01,61440,1.39319727891,503,87.6739562624,0.0296750223394,0,1.65488946136,123.070893561,0.894159364238,0,251.287180665
R01,61952,1.40480725624,139,317.26618705,1.18256061047,0,1.29933335869,0.202355643908,0.00515919824858,21.9275460628,251.277147248
R01,61952,1.40480725624,167,264.071856287,1.30081077439,0,0.29817454741,10.6033041548,0.344731484417,12.5238541844,251.277147248
R01,61952,1.40480725624,251,175.697211155,0.0124036117149,1,121.203548256,96.3782804391,11.1280443941,2.06184872351,251.277147248
R01,61952,1.40480725624,336,131.25,1.42444564233,0,12.6859722772,0.457260658583,1.36558596529,0,251.277147248
R01,61952,1.40480725624,375,117.6,1.15130415771,0,7.98575132177,1.05933657529,92.2131781411,0,251.277147248
R01,61952,1.40480725624,390,113.076923077,1.1327239442,0,5.34565496693,1.40362170899,54.7616655587,0,251.277147248
R01,61952,1.40480725624,503,87.6739562624,0.0242078532882,0,2.04206789951,121.669786613,0.403347907903,0,251.277147248
R01,62464,1.41641723356,139,317.26618705,1.19541589142,0,0.369834922369,0.182343375179,0.0294892707134,17.7856132876,251.263296714
R01,62464,1.41641723356,167,264.071856287,1.30643153255,0,0.40772434533,10.6966251021,0.294397199899,11.7081008696,251.263296714
R01,62464,1.41641723356,251,175.697211155,0.0102875602674,1,120.404946227,94.7971599384,11.2543313407,1.95125910109,251.263296714
R01,62464,1.41641723356,336,131.25,1.42225427493,0,11.8703621219,0.491184159251,0.968361747318,0,251.263296714
R01,62464,1.41641723356,376,117.287234043,1.16321064958,0,5.90914127655,1.13923351565,93.6033691909,0,251.263296714
R01,62464,1.41641723356,390,113.076923077,1.15131842566,0,4.83906129174,1.79376943224,55.4067654531,0,251.263296714
R01,62464,1.41641723356,503,87.6739562624,0.021726058634,0,1.92493155161,120.864801271,0.460542357177,0,251.263296714
R01,62976,1.42802721088,139,317.26618705,1.19928937286,0,0.5541427421,0.145322572763,0.033194462091,21.8578994609,251.270487181
R01,62976,1.42802721088,167,264.071856287,1.30488447764,0,0.643429199765,10.9590187404,0.223875912188,10.4855964428,251.270487181
R01,62976,1.42802721088,251,175.697211155,0.00957814612222,1,120.438862851,92.8925724095,11.5047954378,1.33775173964,251.270487181
R01,62976,1.42802721088,336,131.25,1.41446648592,0,10.1483942868,0.697137546066,1.15526122691,0,251.270487181
R01,62976,1.42802721088,375,117.6,1.16846234541,0,3.21239445344,1.06871887049,88.6672974787,0,251.270487181
R01,62976,1.42802721088,390,113.076923077,1.15842035989,0,2.74079425486,2.0829560255,53.941041982,0,251.270487181
R01,62976,1.42802721088,503,87.6739562624,0.0199338968055,0,1.30617313584,120.90974592,0.678975959363,0,251.270487181
R01,63488,1.43963718821,139,317.26618705,1.21144173945,0,0.952257487748,0.0497009209313,0.0196137417539,25.0479580997,251.287199301
R01,63488,1.43963718821,167,264.071856287,1.31000382057,0,0.545661566426,11.2216238894,0.152197766052,8.19587752317,251.287199301
R01,63488,1.43963718821,251,175.697211155,0.00897350933291,1,121.031792101,91.1052146635,11.745840202,1.09240605012,251.287199301
R01,63488,1.43963718821,336,131.25,1.41400889479,0,8.03139439312,0.615760303445,0.650787075994,0,251.287199301
R01,63488,1.43963718821,375,117.6,1.17951151607,0,0.574097581164,1.68023245,86.9589216006,0,251.287199301
R01,63488,1.43963718821,390,113.076923077,1.16823701511,0,0.645737559255,1.78091237322,51.4384559452,0,251.287199301
R01,63488,1.43963718821,503,87.6739562624,0.0192077321258,0,1.0698105217,121.533128893,0.591152024567,0,251.287199301
R01,64000,1.45124716553,139,317.26618705,1.22006716635,0,0.643196219966,0.0473232448545,0.0112701305687,24.098878585,251.320900868
R01,64000,1.45124716553,168,262.5,1.31185514442,0,0.369672854353,12.4559680357,0.143405291593,6.41606438762,251.320900868
R01,64000,1.45124716553,251,175.697211155,0.00828274023545,1,121.394835621,89.6300222298,11.8523322191,0.85242271952,251.320900868
R01,64000,1.45124716553,336,131.25,1.40812000515,0,6.41606438762,0.369672854353,0.975724686453,0,251.320900868
R01,64000,1.45124716553,375,117.6,1.18363800434,0,0.821332252978,1.96731963672,85.6254515657,0,251.320900868
R01,64000,1.45124716553,390,113.076923077,1.17876250616,0,0.732019620209,1.84831219469,50.1951653965,0,251.320900868
R01,64000,1.45124716553,503,87.6739562624,0.0170613709454,0,0.85446517656,121.939538851,0.348425169738,0,251.320900868
R01,64512,1.46285714286,139,317.26618705,1.24207202145,0,0.256515275718,0.0725712930865,0.00199345514674,23.4917282205,251.351834182
R01,64512,1.46285714286,168,262.5,1.31306390126,0,0.180613398085,12.305898173,0.117355025209,5.40593344663,251.351834182
R01,64512,1.46285714286,251,175.697211155,0.00608847932332,1,121.277178049,88.8410734653,11.7597853844,0.256193097689,251.351834182
R01,64512,1.46285714286,335,131.641791045,1.41126926356,0,5.44712933939,0.114177444233,0.294184339742,0,251.351834182
R01,64512,1.46285714286,375,117.6,1.2095732435,0,0.69332873116,2.28617279441,84.8796072056,0,251.351834182
R01,64512,1.46285714286,390,113.076923077,1.20641371362,0,0.832378447932,1.81858727601,50.2498314522,0,251.351834182
R01,64512,1.46285714286,503,87.6739562624,0.0149574670329,0,0.279493085249,121.887369028,0.135772998863,0,251.351834182
R01,65024,1.47446712018,139,317.26618705,1.24807813444,0,0.400553149363,0.0293300408949,0.00298989706325,23.7316749197,251.334755243
R01,65024,1.47446712018,168,262.5,1.31332691986,0,0.332628098241,11.9801024398,0.109689000918,4.66433983787,251.334755243
R01,65024,1.47446712018,251,175.697211155,0.00532016513519,1,121.323430732,88.7089098344,11.5002738298,0.510072533252,251.334755243
R01,65024,1.47446712018,335,131.641791045,1.4179321526,0,4.70501486712,0.292093412406,0.472692492996,0,251.334755243
R01,65024,1.47446712018,375,117.6,1.21621218995,0,1.37130398952,1.83117613483,84.6353423519,0,251.334755243
R01,65024,1.47446712018,390,113.076923077,1.21103989506,0,0.756482042362,2.0364568533,50.7336845391,0,251.334755243
R01,65024,1.47446712018,503,87.6739562624,0.0128938009549,0,0.513797802811,121.969028757,0.304778983014,0,251.334755243
R01,65536,1.48607709751,139,317.26618705,1.24300435569,0,0.512644300324,0.0703035062178,0.007190364999,25.1813779854,251.362639444
R01,65536,1.48607709751,168,262.5,1.3206346373,0,0.265358935899,11.5731063569,0.0922375200507,4.09547653153,251.362639444
R01,65536,1.48607709751,251,175.697211155,0.00510188987617,1,121.918236308,89.0423194289,11.1305649246,0.856487714634,251.362639444
R01,65536,1.48607709751,335,131.641791045,1.42391317834,0,4.08659643324,0.234527920866,1.0068670281,0,251.362639444
R01,65536,1.48607709751,375,117.6,1.21165115221,0,1.07961067179,0.653587852153,84.8616451648,0,251.362639444
R01,65536,1.48607709751,389,113.367609254,1.2095713914,0,0.0863126849297,2.42094722362,57.1699842193,0,251.362639444
R01,65536,1.48607709751,503,87.6739562624,0.0128989379854,0,0.853117577416,122.49847212,0.243480203496,0,251.362639444
R01,66048,1.49768707483,139,317.26618705,1.23947479485,0,0.335735657635,0.168259679827,0.0205089545202,25.1348651121,251.401016535
R01,66048,1.49768707483,168,262.5,1.32511833561,0,0.17979512571,11.2405553707,0.0569965719968,3.43185954433,251.401016535
R01,66048,1.49768707483,251,175.697211155,0.00491157290553,1,121.76439709,89.564916517,10.7580975073,0.947112549317,251.401016535
R01,66048,1.49768707483,336,131.25,1.42903703692,0,3.43185954433,0.17979512571,1.15476790118,0,251.401016535
R01,66048,1.49768707483,376,117.287234043,1.20026829228,0,1.23739220545,1.20322927565,88.3819135063,0,251.401016535
R01,66048,1.49768707483,389,113.367609254,1.19992926485,0,0.388000055526,2.01300215541,58.1089644873,0,251.401016535
R01,66048,1.49768707483,503,87.6739562624,0.0120239466595,0,0.937012100494,122.270208869,0.144418992247,0,251.401016535
R01,66560,1.50929705215,138,319.565217391,1.23524715636,0,0.686675651599,0.148898685661,0.0350294751066,30.9300559946,251.425010268
R01,66560,1.50929705215,168,262.5,1.32568167522,0,0.566334721168,11.0639058243,0.0232658422034,2.96516068557,251.425010268
R01,66560,1.50929705215,251,175.697211155,0.00485450603845,1,120.184033982,89.8135788794,10.4727038315,1.04278042402,251.425010268
R01,66560,1.50929705215,336,131.25,1.44072017203,0,2.96516068557,0.566334721168,1.61435109653,0,251.425010268
R01,66560,1.50929705215,376,117.287234043,1.20505970161,0,1.81156578685,1.33793256992,88.6557572524,0,251.425010268
R01,66560,1.50929705215,389,113.367609254,1.20052180835,0,1.13554454807,1.94991954939,58.2684409085,0,251.425010268
R01,66560,1.50929705215,503,87.6739562624,0.0118476454136,0,1.03498316902,120.66696793,0.552061163314,0,251.425010268
R01,67072,1.52090702948,138,319.565217391,1.23980899968,0,1.87841290009,0.159643566026,0.0786872902093,28.6876730454,251.440744138
R01,67072,1.52090702948,168,262.5,1.3280272517,0,0.737625594604,11.0838955629,0.0542323215853,2.42382944894,251.440744138
R01,67072,1.52090702948,251,175.697211155,0.00451883151128,1,117.626595172,89.2225175109,10.4257811619,0.900534784745,251.440744138
R01,67072,1.52090702948,336,131.25,1.43942339442,0,2.42382944894,0.737625594604,1.07659209613,0,251.440744138
R01,67072,1.52090702948,376,117.287234043,1.20526606303,0,2.47863110467,1.17195356649,88.0679511229,0,251.440744138
R01,67072,1.52090702948,389,113.367609254,1.20269020347,0,1.97725536536,1.60666796877,57.6407614397,0,251.440744138
R01,67072,1.52090702948,503,87.6739562624,0.0111120968384,0,0.893851715464,118.129796467,0.744719538429,0,251.440744138
R01,67584,1.5325170068,138,319.565217391,1.24001937569,0,1.42128424522,0.1892386311,0.114589217429,27.1715399908,251.422126838
R01,67584,1.5325170068,168,262.5,1.32665334478,0,0.727023220505,11.2677911061,0.110563522206,1.66523054462,251.422126838
R01,67584,1.5325170068,251,175.697211155,0.00422888442349,1,115.562899962,87.9690313967,10.6151918357,0.593002082111,251.422126838
R01,67584,1.5325170068,336,131.25,1.44835112923,0,1.66523054462,0.727023220505,0.89068598251,0,251.422126838
R01,67584,1.5325170068,377,116.976127321,1.20210932963,0,1.93470559988,1.04398558973,88.9130039357,0,251.422126838
R01,67584,1.5325170068,389,113.367609254,1.20004656221,0,1.9993178435,1.14825433125,56.5069262337,0,251.422126838
R01,67584,1.5325170068,503,87.6739562624,0.0103463564424,0,0.575615098445,116.092550276,0.74322175214,0,251.422126838
R01,68096,1.54412698413,138,319.565217391,1.23750850497,0,1.14372514705,0.179417516503,0.120637309669,28.5376039939,251.462111993
R01,68096,1.54412698413,168,262.5,1.32791211325,0,0.561589606098,11.502460389,0.137616167765,0.69342121711,251.462111993
R01,68096,1.54412698413,251,175.697211155,0.00422938419619,1,114.93030003,86.5846714887,10.9007114848,0.701543254414,251.462111993
R01,68096,1.54412698413,337,130.860534125,1.4446238673,0,0.630179774299,0.539966158327,1.04842912174,0,251.462111993
R01,68096,1.54412698413,377,116.976127321,1.19653325978,0,1.73155123896,0.357938951062,87.5180732569,0,251.462111993
R01,68096,1.54412698413,388,113.659793814,1.19490517545,0,1.82786451796,1.12035811368,60.5700036629,0,251.462111993
R01,68096,1.54412698413,503,87.6739562624,0.00981801130069,0,0.682049272214,115.436785144,0.576515543815,0,251.462111993
R01,68608,1.55573696145,138,319.565217391,1.238651827,0,2.50701030475,0.139449008933,0.104949419239,29.9883949119,251.46251441
R01,68608,1.55573696145,168,262.5,1.32481436947,0,0.351505111199,11.6417659732,0.128767127592,0.879814775859,251.46251441
R01,68608,1.55573696145,251,175.697211155,0.00412281392168,1,115.284299571,85.4777295694,11.0950787865,1.23429112537,251.46251441
R01,68608,1.55573696145,336,131.25,1.44377908948,0,0.879814775859,0.351505111199,1.33532046671,0,251.46251441
R01,68608,1.55573696145,376,117.287234043,1.20445156964,0,1.574679297,0.696612003406,84.3611394208,0,251.46251441
R01,68608,1.55573696145,389,113.367609254,1.20444821696,0,1.32801444978,0.655839861482,54.3507395113,0,251.46251441
R01,68608,1.55573696145,503,87.6739562624,0.00978938164165,0,1.21597002,115.7611577,0.355224588578,0,251.46251441
R01,69120,1.56734693878,138,319.565217391,1.2460435486,0,1.0335548056,0.121406641624,0.0700919467681,29.0062012101,251.468888049
R01,69120,1.56734693878,169,260.946745562,1.32127977897,0,0.0993559580909,11.417222866,0.139771891644,1.24028582795,251.468888049
R01,69120,1.56734693878,251,175.697211155,0.00392684580348,1,115.563571335,84.6314070549,11.099822979,1.59794817334,251.468888049
R01,69120,1.56734693878,336,131.25,1.4473626689,0,1.07555903324,0.0970966783645,2.13822889334,0,251.468888049
R01,69120,1.56734693878,377,116.976127321,1.21454811294,0,1.13763457111,0.570794661642,85.5265412658,0,251.468888049
R01,69120,1.56734693878,388,113.659793814,1.21323167574,0,0.799402312817,0.338692108142,59.2479078086,0,251.468888049
R01,69120,1.56734693878,503,87.6739562624,0.00894673876894,0,1.57535863695,116.033212207,0.117806778838,0,251.468888049
R01,69632,1.5789569161,139,317.26618705,1.25290300965,0,0.629935890665,0.0354856506898,0.0510084361278,20.8782610548,251.495458889
R01,69632,1.5789569161,170,259.411764706,1.31537755534,0,0.132561828762,9.96930638138,0.0974101171815,0.835602845108,251.495458889
R01,69632,1.5789569161,251,175.697211155,0.00388503868039,1,115.472021937,83.9685514923,11.0036974944,1.48272207136,251.495458889
R01,69632,1.5789569161,336,131.25,1.44744581853,0,0.797937416628,0.190058387611,2.08724560815,0,251.495458889
R01,69632,1.5789569161,377,116.976127321,1.22535786538,0,1.55100071822,0.266960424403,84.8601415331,0,251.495458889
R01,69632,1.5789569161,389,113.367609254,1.22322994663,0,1.49543351882,0.20356037392,53.7428436498,0,251.495458889
R01,69632,1.5789569161,503,87.6739562624,0.00919815727037,0,1.46499530588,115.949744672,0.202241612777,0,251.495458889
R01,70144,1.59056689342,139,317.26618705,1.25707998219,0,0.749969629143,0.0780064885008,0.00648974077901,22.1885937035,251.48222224
R01,70144,1.59056689342,170,259.411764706,1.31230907184,0,0.334507009493,9.83293645842,0.0812771593109,0.829136087648,251.48222224
R01,70144,1.59056689342,251,175.697211155,0.00376297400074,1,115.01042006,83.4866661228,10.8640816022,0.941546093092,251.48222224
R01,70144,1.59056689342,336,131.25,1.4506004014,0,0.710343517514,0.34025967225,2.3207397349,0,251.48222224
R01,70144,1.59056689342,378,116.666666667,1.23251302698,0,1.44648275746,0.402661101509,85.5476728355,0,251.48222224
R01,70144,1.59056689342,389,113.367609254,1.22883006147,0,1.70910826215,0.621937770666,53.1342942414,0,251.48222224
R01,70144,1.59056689342,503,87.6739562624,0.00855699827404,0,0.93587149435,115.505236454,0.338107738474,0,251.48222224
R01,70656,1.60217687075,139,317.26618705,1.2525011091,0,0.741603533688,0.144190805566,0.0327071571421,22.766239401,251.520692048
R01,70656,1.60217687075,252,175,0.00365461532493,1,115.250906011,85.1427461568,11.1945948944,0.426362843894,251.520692048
R01,70656,1.60217687075,336,131.25,1.45473094551,0,0.900450986837,0.588093025803,1.62922226568,0,251.520692048
R01,70656,1.60217687075,379,116.35883905,1.22818571768,0,0.67330404493,0.71323273342,85.4710747353,0,251.520692048
R01,70656,1.60217687075,389,113.367609254,1.2242499871,0,1.28090243093,0.307673808533,52.7825773308,0,251.520692048
R01,70656,1.60217687075,416,106.009615385,1.33286534562,0,2.22332478425,1.53801490258,0.846523209228,0,251.520692048
R01,70656,1.60217687075,503,87.6739562624,0.00860763705772,0,0.411288358891,114.90540638,0.594426243071,0,251.520692048
R01,71168,1.61378684807,139,317.26618705,1.25243769866,0,0.586537741607,0.134828173243,0.0576879910538,21.6457525295,251.553067862
R01,71168,1.61378684807,252,175,0.00362621325125,1,114.550863531,84.825710658,10.9605384573,0.452522616663,251.553067862
R01,71168,1.61378684807,378,116.666666667,1.22749179961,0,0.880249764158,0.407022892654,84.825710658,0,251.553067862
R01,71168,1.61378684807,389,113.367609254,1.22572690362,0,1.3924408743,0.42838213352,52.8540456544,0,251.553067862
R01,71168,1.61378684807,417,105.755395683,1.33736499399,0,2.2683263409,0.998021007576,0.586537741607,0,251.553067862
R01,71168,1.61378684807,503,87.6739562624,0.00832957341805,0,0.447445126911,114.218439359,0.911887697795,0,251.553067862
R01,71680,1.6253968254,139,317.26618705,1.24607306974,0,0.737003076008,0.0811293797555,0.0876043996582,20.6854281237,251.573846006
R01,71680,1.6253968254,252,175,0.00356616560145,1,113.705986972,84.5183176342,10.7264872621,0.773953139607,251.573846006
R01,71680,1.6253968254,337,130.860534125,1.46544876174,0,1.21948881117,1.10828970156,1.24755843385,0,251.573846006
R01,71680,1.6253968254,389,113.367609254,1.2207619171,0,1.93588279528,0.215266944028,52.7443864335,0,251.573846006
R01,71680,1.6253968254,417,105.755395683,1.33195362643,0,1.82869108102,0.71347863566,0.737003076008,0,251.573846006
R01,71680,1.6253968254,503,87.6739562624,0.008636663678,0,0.785331098294,113.377557146,1.16683060652,0,251.573846006
R01,72192,1.63700680272,138,319.565217391,1.24031929319,0,0.704602816334,0.0497082854965,0.0573610082384,28.2693813388,251.574024184
R01,72192,1.63700680272,170,259.411764706,1.30373160363,0,1.16325033589,9.13780102862,0.13796562967,1.33134330119,251.574024184
R01,72192,1.63700680272,252,175,0.00338576269629,1,112.748876179,84.0312476433,10.5603901102,0.952214082295,251.574024184
R01,72192,1.63700680272,388,113.659793814,1.21575722372,0,2.11800318466,0.617602376896,57.4715888101,0,251.574024184
R01,72192,1.63700680272,416,106.009615385,1.33122213186,0,1.01857748354,1.64286033568,0.262838955874,0,251.574024184
R01,72192,1.63700680272,503,87.6739562624,0.00806839913903,0,0.963072126273,112.408075912,1.26960025912,0,251.574024184
R01,72704,1.64861678005,138,319.565217391,1.23140306959,0,1.74207349863,0.0397274367683,0.0864956286378,29.4366347721,251.613211114
R01,72704,1.64861678005,170,259.411764706,1.30262381681,0,1.05118429804,8.96878783693,0.0881232260924,1.63136229627,251.613211114
R01,72704,1.64861678005,252,175,0.00352862346137,1,111.448101535,83.2537670391,10.586911972,0.719154575035,251.613211114
R01,72704,1.64861678005,388,113.659793814,1.20178498465,0,1.75894162734,0.901475523138,57.1406286127,0,251.613211114
R01,72704,1.64861678005,416,106.009615385,1.32182642352,0,0.339576730122,0.553910985126,1.24625403713,0,251.613211114
R01,72704,1.64861678005,503,87.6739562624,0.00837308238734,0,0.722218866093,111.115613841,1.07284362025,0,251.613211114
R01,73216,1.66022675737,138,319.565217391,1.22772747416,0,0.392969389844,0.0860185071084,0.0927954913029,28.4840179778,251.647452734
R01,73216,1.66022675737,170,259.411764706,1.30527840725,0,0.822852997949,9.06918894369,0.0506842224705,0.620353655094,251.647452734
R01,73216,1.66022675737,252,175,0.00364189332381,1,109.732817609,82.2858345136,10.8285420359,0.0793581355618,251.647452734
R01,73216,1.66022675737,388,113.659793814,1.20047369469,0,2.19886153116,1.0857492329,56.6668415551,0,251.647452734
R01,73216,1.66022675737,415,106.265060241,1.32858049743,0,1.14017225092,2.11708725147,0.21364925137,0,251.647452734
R01,73216,1.66022675737,503,87.6739562624,0.00885512549782,0,0.0982187758964,109.448629419,0.777138542693,0,251.647452734
R01,73728,1.67183673469,137,321.897810219,1.22655829156,0,2.26714761303,0.128081461838,0.0669101017884,32.4842167175,251.701299223
R01,73728,1.67183673469,170,259.411764706,1.3056935255,0,0.663609332324,9.45169713841,0.0378712229851,1.0159112587,251.701299223
R01,73728,1.67183673469,252,175,0.00372183256612,1,107.606075316,81.0822765312,11.1245240213,0.620056531434,251.701299223
R01,73728,1.67183673469,388,113.659793814,1.20171995002,0,2.52747653492,1.23286307694,55.926418069,0,251.701299223
R01,73728,1.67183673469,415,106.265060241,1.33189004751,0,1.62367776282,1.09339586715,1.39914377612,0,251.701299223
R01,73728,1.67183673469,504,87.5,0.0089769220322,0,0.620056531434,107.606075316,0.559178749299,0,251.701299223
R01,74240,1.68344671202,138,319.565217391,1.2269449021,0,1.01600463481,0.16974003681,0.0587360277099,24.1001303385,251.672902403
R01,74240,1.68344671202,252,175,0.00356819395684,1,105.394731957,79.6529860092,11.2874828611,0.91285258094,251.672902403
R01,74240,1.68344671202,388,113.659793814,1.19817514464,0,1.93075537569,1.56693493742,54.824996839,0,251.672902403
R01,74240,1.68344671202,415,106.265060241,1.32659473111,0,1.60476093503,1.8525763292,0.831297435759,0,251.672902403
R01,74240,1.68344671202,504,87.5,0.00888669315586,0,0.91285258094,105.394731957,0.445052981778,0,251.672902403
R01,74752,1.69505668934,138,319.565217391,1.23254658839,0,1.01295240262,0.1988617136,0.0525065884728,26.8263796724,251.740599589
R01,74752,1.69505668934,252,175,0.00360245611152,1,103.847178032,78.1894465066,11.2289515739,0.911240153013,251.740599589
R01,74752,1.69505668934,388,113.659793814,1.20533920331,0,1.37364316913,2.28762944011,53.4431239929,0,251.740599589
R01,74752,1.69505668934,416,106.009615385,1.32291540042,0,1.1218799839,0.746830983558,0.615721545207,0,251.740599589
R01,74752,1.69505668934,504,87.5,0.00868512156454,0,0.911240153013,103.847178032,0.251195914853,0,251.740599589
R01,75264,1.70666666667,139,317.26618705,1.23998425131,0,0.608034412629,0.233058954814,0.0905605774168,21.2718382635,251.723020092
R01,75264,1.70666666667,252,175,0.00340906649209,1,103.590377433,76.8065797699,11.0589899475,0.620782946117,251.723020092
R01,75264,1.70666666667,389,113.367609254,1.21660969263,0,0.851357474204,2.31331493993,47.612778281,0,251.723020092
R01,75264,1.70666666667,417,105.755395683,1.32206306109,0,0.419453417668,0.953147499492,0.608034412629,0,251.723020092
R01,75264,1.70666666667,504,87.5,0.0082894711914,0,0.620782946117,103.590377433,0.120025084242,0,251.723020092
R01,75776,1.71827664399,139,317.26618705,1.24734822946,0,0.125871284632,0.178566248058,0.104263084636,20.4689774044,251.789352737
R01,75776,1.71827664399,252,175,0.00329854768526,1,104.386318057,75.7113594838,10.9686500074,0.526733393323,251.789352737
R01,75776,1.71827664399,389,113.367609254,1.22813904855,0,0.265140313252,2.41926681059,47.0429838125,0,251.789352737
R01,75776,1.71827664399,417,105.755395683,1.3199695096,0,0.284346281474,1.15697646648,0.125871284632,0,251.789352737
R01,75776,1.71827664399,504,87.5,0.00785827989365,0,0.526733393323,104.386318057,0.0604895392196,0,251.789352737
R01,76288,1.72988662132,139,317.26618705,1.25958940565,0,0.314097207792,0.127421133329,0.116586448302,21.0261666882,251.746048219
R01,76288,1.72988662132,252,175,0.00310244853843,1,105.208985488,74.9540817639,11.0621584936,0.49656654687,251.746048219
R01,76288,1.72988662132,389,113.367609254,1.24420583672,0,0.33348273006,2.21620146857,47.1029940909,0,251.746048219
R01,76288,1.72988662132,419,105.250596659,1.32021296631,0,0.183474505839,1.41285614214,0.0595932793926,0,251.746048219
R01,76288,1.72988662132,504,87.5,0.00762526871167,0,0.49656654687,105.208985488,0.150211081157,0,251.746048219
R01,76800,1.74149659864,140,315,1.26716120459,0,0.459954633531,0.08327057144,0.170687477712,15.6115789979,251.810960577
R01,76800,1.74149659864,252,175,0.0030749289925,1,105.199469608,74.3554826078,11.3026755827,0.542813034807,251.810960577
R01,76800,1.74149659864,335,131.641791045,1.48555795527,0,0.969289399157,0.495055567847,0.789767666623,0,251.810960577
R01,76800,1.74149659864,389,113.367609254,1.25175576189,0,1.01359228297,1.51369028599,47.0486861272,0,251.810960577
R01,76800,1.74149659864,504,87.5,0.00738561261104,0,0.542813034807,105.199469608,0.504679946322,0,251.810960577
R01,77312,1.75310657596,140,315,1.27540909136,0,0.651129180869,0.075287920827,0.204557209753,12.697241329,251.876968714
R01,77312,1.75310657596,252,175,0.0030542291846,1,104.204857268,73.5578770393,11.5431283444,0.728663950388,251.876968714
R01,77312,1.75310657596,333,132.432432432,1.48634089287,0,1.21359588557,0.79259900971,1.06683877768,0,251.876968714
R01,77312,1.75310657596,389,113.367609254,1.26397228368,0,1.09474439621,1.12713992624,46.2547994392,0,251.876968714
R01,77312,1.75310657596,504,87.5,0.00745482300609,0,0.728663950388,104.204857268,0.773292714185,0,251.876968714
R01,77824,1.76471655329,140,315,1.27643944645,0,0.63153684797,0.0657572225414,0.212803191638,10.5052340246,251.863730575
R01,77824,1.76471655329,252,175,0.00277851736618,1,102.687394341,72.519640929,11.659350181,0.755825902971,251.863730575
R01,77824,1.76471655329,389,113.367609254,1.2625409665,0,1.0802999974,0.476000001805,44.9537688942,0,251.863730575
R01,77824,1.76471655329,504,87.5,0.00677335772119,0,0.755825902971,102.687394341,0.715337538042,0,251.863730575
R01,78336,1.77632653061,140,315,1.28362542346,0,0.174245656987,0.0480466158756,0.173344353887,14.9736316033,251.884462156
R01,78336,1.77632653061,252,175,0.00295206584443,1,101.412620586,71.4142094873,11.6625841557,0.672593819877,251.884462156
R01,78336,1.77632653061,389,113.367609254,1.26518053592,0,1.03519998925,0.540726174036,44.2174555169,0,251.884462156
R01,78336,1.77632653061,504,87.5,0.00666682759014,0,0.672593819877,101.412620586,0.455394915042,0,251.884462156
R01,78848,1.78793650794,140,315,1.28744580743,0,0.712098972703,0.0368157807422,0.105869826417,17.0724764561,251.910803885
R01,78848,1.78793650794,252,175,0.00291070749123,1,100.763455134,70.2676757807,11.6466411519,0.699856272405,251.910803885
R01,78848,1.78793650794,389,113.367609254,1.2706099799,0,0.727727566838,0.245066532327,44.1915331099,0,251.910803885
R01,78848,1.78793650794,504,87.5,0.00646634792912,0,0.699856272405,100.763455134,0.517948468228,0,251.910803885
R01,79360,1.79954648526,139,317.26618705,1.28996737997,0,1.07826532935,0.0790827731065,0.0383542520295,19.7732644414,251.947273727
R01,79360,1.79954648526,252,175,0.00299718351615,1,100.456245751,69.1156296364,11.6540652347,0.916546565014,251.947273727
R01,79360,1.79954648526,388,113.659793814,1.27173048191,0,0.840942412568,0.416868275136,47.7995105367,0,251.947273727
R01,79360,1.79954648526,504,87.5,0.00673544188427,0,0.916546565014,100.456245751,0.86074709371,0,251.947273727
R01,79872,1.81115646259,139,317.26618705,1.29443849362,0,1.38643967118,0.129958651742,0.0411066961195,17.9294062153,252.043790096
R01,79872,1.81115646259,252,175,0.00265608605665,1,99.7953641708,68.0204004734,11.654386428,1.02327932246,252.043790096
R01,79872,1.81115646259,388,113.659793814,1.27793998771,0,1.45564990075,0.0890316992837,46.7458516625,0,252.043790096
R01,79872,1.81115646259,504,87.5,0.00628941779793,0,1.02327932246,99.7953641708,1.10676962036,0,252.043790096
R01,80384,1.82276643991,139,317.26618705,1.30281756008,0,0.904490702127,0.176790746085,0.0623980652162,18.5990163396,252.07434226
R01,80384,1.82276643991,252,175,0.00256214647251,1,98.5593110613,67.1469197036,11.6235648857,0.855177817713,252.07434226
R01,80384,1.82276643991,387,113.953488372,1.27713374918,0,1.65449548297,0.107639452545,50.112336842,0,252.07434226
R01,80384,1.82276643991,504,87.5,0.00558438489039,0,0.855177817713,98.5593110613,1.09674443037,0,252.07434226
R01,80896,1.83437641723,139,317.26618705,1.30822233971,0,0.286036131786,0.212323390158,0.0660853770084,17.8838825176,252.063058929
R01,80896,1.83437641723,252,175,0.00246925031303,1,97.4888492142,66.6498393617,11.5416946729,0.479562895032,252.063058929
R01,80896,1.83437641723,387,113.953488372,1.28167535994,0,1.44488491828,0.299576694453,50.2171741415,0,252.063058929
R01,80896,1.83437641723,504,87.5,0.00516212721929,0,0.479562895032,97.4888492142,0.865048399021,0,252.063058929
R01,81408,1.84598639456,139,317.26618705,1.31663086726,0,0.326187013534,0.174092110441,0.0640736006724,16.9802621074,252.053539614
R01,81408,1.84598639456,252,175,0.00241122407632,1,97.1007068538,66.5205130457,11.4346097556,0.301112901813,252.053539614
R01,81408,1.84598639456,386,114.248704663,1.28830105007,0,1.7813984286,0.335483499841,53.7209931304,0,252.053539614
R01,81408,1.84598639456,504,87.5,0.00505172780319,0,0.301112901813,97.1007068538,0.491812460458,0,252.053539614
R01,81920,1.85759637188,139,317.26618705,1.32420695357,0,0.232538376295,0.0956228385697,0.0557061442738,18.9675270836,252.105871546
R01,81920,1.85759637188,252,175,0.0024588898752,1,97.5579141443,66.4586124188,11.3650988335,0.516386191711,252.105871546
R01,81920,1.85759637188,387,113.953488372,1.29454745954,0,1.51177350996,0.539084718026,49.3728794956,0,252.105871546
R01,81920,1.85759637188,504,87.5,0.00499122618781,0,0.516386191711,97.5579141443,0.188309256696,0,252.105871546
R01,82432,1.86920634921,139,317.26618705,1.32814370236,0,0.494374368561,0.060000068446,0.0439210190408,20.9333886943,252.190999491
R01,82432,1.86920634921,252,175,0.00248383029817,1,98.6105772054,66.0854694427,11.3511808912,0.534443528621,252.190999491
R01,82432,1.86920634921,385,114.545454545,1.30012198532,0,0.617277359842,0.456348006113,55.575232086,0,252.190999491
R01,82432,1.86920634921,505,87.3267326733,0.00549321412361,0,0.521252673522,98.8310302376,0.433148741479,0,252.190999491
R01,82944,1.88081632653,139,317.26618705,1.33206478729,0,0.981961094125,0.0689723728589,0.0253220154663,20.0697023995,252.148524479
R01,82944,1.88081632653,252,175,0.00230300008689,1,99.4528080651,65.4260592089,11.4245336046,0.670761671968,252.148524479
R01,82944,1.88081632653,385,114.545454545,1.30663243086,0,0.140970204311,0.464716640129,55.1309348051,0,252.148524479
R01,82944,1.88081632653,504,87.5,0.00508640485487,0,0.670761671968,99.4528080651,0.723095434483,0,252.148524479
R01,83456,1.89242630385,139,317.26618705,1.34108748457,0,0.956172808655,0.0732526687109,0.00432413019381,19.4839949368,252.193602995
R01,83456,1.89242630385,252,175,0.00230283652058,1,99.4311874818,64.6570186014,11.6126155174,1.04972687426,252.193602995
R01,83456,1.89242630385,385,114.545454545,1.31809263856,0,1.11547533428,0.0727213567784,54.764762041,0,252.193602995
R01,83456,1.89242630385,505,87.3267326733,0.00488750840217,0,1.03763640613,99.6330143086,0.922498709666,0,252.193602995
R01,83968,1.90403628118,140,315,1.35543359663,0,0.661812187359,0.145369015165,0.0625693800631,14.8414348438,252.222538517
R01,83968,1.90403628118,252,175,0.00231818101588,1,98.6224044742,63.7772148392,11.8391601806,1.02746169001,252.222538517
R01,83968,1.90403628118,385,114.545454545,1.32873698245,0,1.77207629112,0.43861611391,54.1013513151,0,252.222538517
R01,83968,1.90403628118,505,87.3267326733,0.00475525344868,0,1.02146096441,98.8257870885,0.898008077065,0,252.222538517
R01,84480,1.9156462585,140,315,1.36146558724,0,0.894813737961,0.175058625119,0.0774797636823,13.7282979817,252.264641759
R01,84480,1.9156462585,252,175,0.00239212538696,1,97.6541440402,62.7106490827,11.9854019279,0.575243095041,252.264641759
R01,84480,1.9156462585,385,114.545454545,1.33469084824,0,1.37987989032,0.73195760058,53.1115608895,0,252.264641759
R01,84480,1.9156462585,505,87.3267326733,0.00450495538777,0,0.56476253001,97.8609190257,0.747360034092,0,252.264641759
R01,84992,1.92725623583,141,312.765957447,1.36657107852,0,0.620357066103,0.194669626696,0.143300096088,7.69059698234,252.282068555
R01,84992,1.92725623583,252,175,0.00242682902013,1,97.0812042172,61.6067106802,11.9843755906,0.17383579678,252.282068555
R01,84992,1.92725623583,386,114.248704663,1.34051027192,0,0.909786280191,1.20920056482,49.0579105282,0,252.282068555
R01,84992,1.92725623583,505,87.3267326733,0.00446952230628,0,0.158038644525,97.2714724074,0.78758474299,0,252.282068555
R01,85504,1.93886621315,141,312.765957447,1.36841011532,0,0.384990261905,0.147761553804,0.15366641152,8.82164096491,252.276780509
R01,85504,1.93886621315,252,175,0.00228206800248,1,96.8847974944,60.6030584828,11.8450048663,0.298371108842,252.276780509
R01,85504,1.93886621315,386,114.248704663,1.34728200378,0,0.997117928867,1.61378436337,48.625810587,0,252.276780509
R01,85504,1.93886621315,505,87.3267326733,0.00415730047694,0,0.291479954684,97.0370224298,0.932140639484,0,252.276780509
R01,86016,1.95047619048,142,310.563380282,1.36874811119,0,0.452041002426,0.0803158637474,0.145884869001,6.36952293114,252.312047958
R01,86016,1.95047619048,252,175,0.00206329417925,1,96.6056036639,59.8571387164,11.669700079,0.376350911148,252.312047958
R01,86016,1.95047619048,386,114.248704663,1.34735023692,0,0.620315392578,1.75252726286,48.3160711331,0,252.312047958
R01,86016,1.95047619048,505,87.3267326733,0.00377362273873,0,0.367828525157,96.7291847618,0.917685628418,0,252.312047958
R01,86528,1.9620861678,144,306.25,1.37347742407,0,0.804675688367,0.0483208777493,0.166029727581,1.79639761977,252.325678605
R01,86528,1.9620861678,252,175,0.00209710386372,1,96.1091568666,59.3430022469,11.5825690024,0.555081500015,252.325678605
R01,86528,1.9620861678,387,113.953488372,1.35728444117,0,0.146718204225,1.48804574897,44.6613179591,0,252.325678605
R01,86528,1.9620861678,505,87.3267326733,0.0037682838804,0,0.547111059695,96.2390490466,0.710986008831,0,252.325678605
R01,87040,1.97369614512,252,175,0.00240505297589,1,95.6720090005,58.9701144294,11.5977873765,0.849752596194,252.385088799
R01,87040,1.97369614512,388,113.659793814,1.36846333266,0,0.101790348654,1.09424584028,40.516369997,0,252.385088799
R01,87040,1.97369614512,505,87.3267326733,0.00386558201843,0,0.833670374093,95.8503124056,0.508370987072,0,252.385088799
R01,87552,1.98530612245,252,175,0.00237261815222,1,95.5134844494,58.5583571493,11.6096426662,1.24459108075,252.310783799
R01,87552,1.98530612245,388,113.659793814,1.37034535255,0,0.416414138523,0.630973677529,40.008001102,0,252.310783799
R01,87552,1.98530612245,505,87.3267326733,0.00369384987667,0,1.22729675774,95.7396117784,0.55036003831,0,252.310783799
R01,88064,1.99691609977,252,175,0.00249576749829,1,95.717356383,58.1725466054,11.5417832424,1.48441228672,252.402588641
R01,88064,1.99691609977,389,113.367609254,1.3734962614,0,0.413481810635,0.368756891054,36.4703802177,0,252.402588641
R01,88064,1.99691609977,505,87.3267326733,0.00382614135698,0,1.46892432127,95.945667967,0.706113459878,0,252.402588641
R01,88576,2.0085260771,252,175,0.00238283074869,1,96.2151426604,57.8015278153,11.4235205264,1.28683895224,252.390539333
R01,88576,2.0085260771,390,113.076923077,1.386152581,0,0.292438552523,0.874855937093,32.9125835217,0,252.390539333
R01,88576,2.0085260771,505,87.3267326733,0.00375516755743,0,1.26714636398,96.4077147158,0.919239063201,0,252.390539333
R01,89088,2.02013605442,252,175,0.00257665838956,1,96.6118725577,57.3893830717,11.348897411,0.835237954703,252.454677142
R01,89088,2.02013605442,391,112.787723785,1.39455642109,0,1.06657087111,0.966982870743,29.0679561344,0,252.454677142
R01,89088,2.02013605442,505,87.3267326733,0.00389431731671,0,0.810859919188,96.7628210187,0.97551920928,0,252.454677142
R01,89600,2.03174603175,252,175,0.00258724986847,1,96.612247447,56.9610822484,11.3232737968,0.538176903575,252.458530441
R01,89600,2.03174603175,394,111.92893401,1.39911954435,0,1.57046313118,1.41498740203,18.8387044701,0,252.458530441
R01,89600,2.03174603175,505,87.3267326733,0.00375452879822,0,0.52000909514,96.7427501651,0.896700713183,0,252.458530441
R01,90112,2.04335600907,252,175,0.002540073616,1,96.439427425,56.4339220954,11.3229119626,0.385758042597,252.410320133
R01,90112,2.04335600907,505,87.3267326733,0.00366109323358,0,0.371368963286,96.5746325766,0.890477574724,0,252.410320133
R01,90624,2.05496598639,252,175,0.00247022354523,1,96.1745076091,55.7754926061,11.3465392747,0.458690105672,252.369903745
R01,90624,2.05496598639,505,87.3267326733,0.00376376516272,0,0.444677229099,96.3313785419,1.02427143511,0,252.369903745
R01,91136,2.06657596372,252,175,0.00258213581993,1,95.6619302678,55.0235704936,11.3854150039,0.725958816113,252.424073904
R01,91136,2.06657596372,505,87.3267326733,0.00398436585298,0,0.716175006069,95.8379931567,1.2922114994,0,252.424073904
R01,91648,2.07818594104,252,175,0.00243412562071,1,94.7499936589,54.1804994451,11.4236289569,0.79617027923,252.45249108
R01,91648,2.07818594104,505,87.3267326733,0.00367221375346,0,0.784710557512,94.9113721496,1.42910500143,0,252.45249108
R01,92160,2.08979591837,252,175,0.00226303043356,1,93.324962133,53.1627443821,11.4169193798,0.727912329632,252.463560909
R01,92160,2.08979591837,505,87.3267326733,0.00352297461075,0,0.715205206087,93.4493988517,1.45282426283,0,252.463560909
R01,92672,2.10140589569,253,174.308300395,0.00237425133114,1,91.4599824916,52.2617173111,11.4805010051,0.454474235143,252.521717408
R01,92672,2.10140589569,505,87.3267326733,0.00348798883728,0,0.466203832881,91.4705851945,1.33150831988,0,252.521717408
R01,93184,2.11301587302,253,174.308300395,0.00250050448437,1,89.5652427444,51.2121820792,11.4250412716,0.283548410872,252.521020556
R01,93184,2.11301587302,505,87.3267326733,0.00350652002609,0,0.305267183937,89.5380324496,1.206666237,0,252.521020556
R01,93696,2.12462585034,252,175,0.00260083487425,1,88.0903358737,49.9872160493,11.1028446354,0.55512516262,252.472338156
R01,93696,2.12462585034,505,87.3267326733,0.00373328378036,0,0.543817207808,88.2969039398,1.162299715,0,252.472338156
R01,94208,2.13623582766,252,175,0.00243706167418,1,87.8566361451,49.003932177,10.9832325214,0.552124633982,252.489121955
R01,94208,2.13623582766,505,87.3267326733,0.00353650823258,0,0.547553916319,88.0659919065,1.13635037548,0,252.489121955
R01,94720,2.14784580499,253,174.308300395,0.00229273082659,1,88.5184618977,48.1311826623,10.9581384073,0.320265370517,252.556255425
R01,94720,2.14784580499,505,87.3267326733,0.00377849108819,0,0.322832844468,88.4832647139,1.11218312546,0,252.556255425
R01,95232,2.15945578231,253,174.308300395,0.00252204513817,1,88.4683491534,47.3285596708,10.8767370596,0.185691104554,252.59380847
R01,95232,2.15945578231,505,87.3267326733,0.00441386901974,0,0.184999635947,88.4820743764,0.951951565956,0,252.59380847
R01,95744,2.17106575964,253,174.308300395,0.00267996724767,1,87.6098361507,46.6627680221,10.8670271187,0.12156252339,252.508543016
R01,95744,2.17106575964,505,87.3267326733,0.00446012769135,0,0.118754540651,87.613293733,0.749457612594,0,252.508543016
R01,96256,2.18267573696,253,174.308300395,0.0023697587056,1,86.2635889403,46.1142482082,10.8954053599,0.0941433544706,252.568155128
R01,96256,2.18267573696,505,87.3267326733,0.00422216251869,0,0.0932369126524,86.220525402,0.565330988589,0,252.568155128
R01,96768,2.19428571429,252,175,0.00219083073398,1,84.8046980127,45.5399875251,10.7583356915,0.22487423235,252.453217324
R01,96768,2.19428571429,505,87.3267326733,0.00391593612412,0,0.230082154424,84.9873574074,0.465354674665,0,252.453217324
R01,97280,2.20589569161,253,174.308300395,0.00205979779523,1,84.2058334936,45.1812262484,10.8740100356,0.750287333464,252.58457131
R01,97280,2.20589569161,505,87.3267326733,0.00359298318487,0,0.746523409064,84.1733899872,0.37697092439,0,252.58457131
R01,97792,2.21750566893,253,174.308300395,0.00198337774775,1,83.7029153417,44.6251019401,10.7960491808,1.09025720818,252.565283703
R01,97792,2.21750566893,505,87.3267326733,0.00343378376871,0,1.09241957146,83.7067813195,0.203457531741,0,252.565283703
R01,98304,2.22911564626,253,174.308300395,0.00196886071591,1,83.1704918006,44.0942025011,10.6978523484,1.08176819378,252.587505136
R01,98304,2.22911564626,505,87.3267326733,0.00286734773205,0,1.0878476115,83.1709267401,0.231028371493,0,252.587505136
R01,98816,2.24072562358,253,174.308300395,0.00162276747674,1,82.1090561232,43.7386608762,10.6040053199,0.78493495729,252.531807866
R01,98816,2.24072562358,505,87.3267326733,0.00208906841416,0,0.796955434277,82.0783083814,0.394324147119,0,252.531807866
R01,99328,2.25233560091,253,174.308300395,0.00119975680901,1,80.9705278822,43.615727725,10.5753018653,0.649049343702,252.685746361
R01,99328,2.25233560091,505,87.3267326733,0.00202128212784,0,0.662975119121,80.9195860165,0.367890155434,0,252.685746361
R01,99840,2.26394557823,253,174.308300395,0.00170765077271,1,80.3517643334,43.6677668498,10.6191927078,0.62463004626,252.670737474
R01,99840,2.26394557823,505,87.3267326733,0.00217875621651,0,0.634075498871,80.3026901477,0.183654929225,0,252.670737474
R01,100352,2.27555555556,253,174.308300395,0.00195438772463,1,80.4449525506,43.799596507,10.6768833944,0.510989023542,252.681521227
R01,100352,2.27555555556,505,87.3267326733,0.00231098498832,0,0.503203629165,80.4134021478,0.0386147276824,0,252.681521227
R01,100864,2.28716553288,253,174.308300395,0.00208257360201,1,80.8940134631,43.8515268694,10.707294642,0.710336231328,252.648973346
R01,100864,2.28716553288,505,87.3267326733,0.00233130431574,0,0.694521522415,80.8700077163,0.0957406106068,0,252.648973346
R01,101376,2.2987755102,253,174.308300395,0.00223997798129,1,81.3380431338,43.8521242585,10.7004523478,1.28324022051,252.732770624
R01,101376,2.2987755102,505,87.3267326733,0.00277368750952,0,1.27609708112,81.309743266,0.155133761641,0,252.732770624
R01,101888,2.31038548753,253,174.308300395,0.00288323145159,1,81.347104924,43.7867945969,10.666486998,1.4441841754,252.691264678
R01,101888,2.31038548753,505,87.3267326733,0.00330914254506,0,1.44410681157,81.3106657438,0.340667212311,0,252.691264678
R01,102400,2.32199546485,253,174.308300395,0.00467204300361,1,80.6243138802,43.6671659404,10.678611861,1.05666089819,252.638582776
R01,102400,2.32199546485,505,87.3267326733,0.00618147053234,0,1.06554481618,80.5980157072,0.571173779969,0,252.638582776
R01,102912,2.33360544218,253,174.308300395,0.0054010395155,1,78.9813083902,43.1833484776,10.7114636748,0.372762333577,252.624962941
R01,102912,2.33360544218,505,87.3267326733,0.00991226033846,0,0.387393056369,79.0053991356,0.734948893726,0,252.624962941
R01,103424,2.3452154195,253,174.308300395,0.0259040166843,1,75.5058584137,41.7783140203,10.5393370733,0.422826487439,252.718632563
R01,103424,2.3452154195,505,87.3267326733,0.0296226416915,0,0.435345297982,75.6067932327,0.852919800912,0,252.718632563
R01,103936,2.35682539683,256,172.265625,0.222228870782,0,66.0165226275,36.712366784,8.78862533928,1.45583125876,0
R01,103936,2.35682539683,503,87.6739562624,0.160679554004,0,1.68715912242,69.3017237396,2.38187898938,0,0
R01,104448,2.36843537415,260,169.615384615,0.316293895659,0,49.6135410928,23.1030867557,4.67953448285,3.42502022455,0
R01,104448,2.36843537415,501,88.0239520958,0.380542430419,0,4.04503052753,61.5555863466,7.58714133839,0,0
R01,104960,2.38004535147,156,282.692307692,1.1788217859,0,21.6533525875,0.739697624621,0.527447403412,10.4254298634,0
R01,104960,2.38004535147,263,167.680608365,0.35293078519,0,34.7065863783,10.1591870594,2.87626146874,5.43797488805,0
R01,104960,2.38004535147,500,88.2,0.47931270358,0,6.28537091433,53.8232210156,13.1774095166,0,0
R01,105472,2.3916553288,151,292.052980132,1.14402449121,0,33.9174982704,0.290309989835,3.99296223117,10.0403548529,0
R01,105472,2.3916553288,267,165.168539326,0.413660417214,0,24.4325135904,10.8968619972,3.57872065846,6.06779419793,0
R01,105472,2.3916553288,497,88.7323943662,0.599368479467,0,7.4972357423,46.1717377072,16.8992009795,0,0
R01,105984,2.40326530612,149,295.973154362,1.12484998145,0,35.6652159968,0.44257155859,0.818140469058,2.71477966771,0
R01,105984,2.40326530612,274,160.948905109,0.438742635335,0,18.663504412,21.6111347342,3.62430844786,5.00090418892,0
R01,105984,2.40326530612,493,89.4523326572,0.717595305779,0,6.51416755765,37.9849955979,17.8347939188,0,0
R01,106496,2.41487528345,147,300,1.07018589653,0,27.7978863417,0.627307303147,0.121672591042,6.79861831906,0
R01,106496,2.41487528345,280,157.5,0.470139037526,0,13.1943413525,23.293593017,0.846887324308,0,0
R01,106496,2.41487528345,474,93.0379746835,0.811121175419,0,4.4676382977,18.3158692755,23.4178183939,0,0
R01,107008,2.42648526077,148,297.972972973,1.02774691373,0,14.1153944449,0.316609868507,0.216368406554,11.0775861852,0
R01,107008,2.42648526077,285,154.736842105,0.466539096487,0,8.64604494748,16.0738839973,0.808785376564,0,0
R01,107008,2.42648526077,461,95.6616052061,0.813009707208,0,2.42052890742,5.45179921421,13.7454607576,0,0
R01,107520,2.4380952381,152,290.131578947,0.986101278951,0,2.45910111272,0.324907289543,3.03478671215,15.5520274001,0
R01,107520,2.4380952381,284,155.281690141,0.380365029517,0,3.91673535205,7.06503047339,0.659353578238,0,0
R01,107520,2.4380952381,466,94.635193133,0.793075531554,0,2.16266787259,6.08967969452,4.68213029819,0,0
R01,108032,2.44970521542,145,304.137931034,1.26427266707,0,4.02353447201,0.129950338823,0.0438750745975,4.99537353428,0
R01,108032,2.44970521542,266,165.789473684,0.421741326038,0,11.2390776893,3.05887703609,1.08954540566,0.664642362578,0
R01,108032,2.44970521542,506,87.1541501976,0.699463321632,0,1.1500012062,21.4607508572,3.34892139823,0,0
R01,108544,2.46131519274,267,165.168539326,0.405417342019,0,10.5230388235,1.63948221267,0.919611088594,0.425619184926,0
R01,108544,2.46131519274,502,87.8486055777,0.848226848163,0,1.37923507643,19.8742921308,3.51628102507,0,0
R01,109056,2.47292517007,274,160.948905109,0.451976891942,0,6.97402075948,3.94150443946,0.547955055658,0.43057292194,0
R01,109056,2.47292517007,510,86.4705882353,0.901108822434,0,0.973095820436,16.9072763264,3.86101893373,0,0
R01,109568,2.48453514739,281,156.939501779,0.520690729583,0,7.30854788908,6.19828550011,0.365261624196,0,0
R01,109568,2.48453514739,469,94.0298507463,0.967763015796,0,2.28311614424,5.60303158404,5.30052443556,0,0
R01,110080,2.49614512472,295,149.491525424,0.495185491535,0,8.25296438236,5.47060764953,0.26277388769,0,0
R01,110080,2.49614512472,498,88.5542168675,1.09758515621,0,1.11071906046,11.1079004772,1.50686308523,0,0
R01,110592,2.50775510204,301,146.511627907,0.477426419642,0,6.61174006748,2.40198194835,0.299969744316,0,0
R01,111104,2.51936507937,305,144.590163934,0.46210310365,0,1.21224362379,3.33764591225,0.550840762409,0,0
R01,111616,2.53097505669,321,137.38317757,0.392301328003,0,15.2369921335,3.31822817401,0.823109037014,0,0
R01,112128,2.54258503401,319,138.244514107,0.43044903058,0,14.5189397811,2.98620837072,0.443337870959,0,0
R01,112640,2.55419501134,313,140.89456869,0.465771909529,0,10.1779261439,1.88844926316,0.279567396088,0,0
R01,113152,2.56580498866,304,145.065789474,0.485158376124,0,3.62687913269,0.826602400415,0.187129496332,0,0
R01,113664,2.57741496599,23,1917.39130435,2.5816113475,0,0.0513508204032,0,0,0.042583084042,0
R01,113664,2.57741496599,293,150.511945392,0.499099430171,0,0.715441155893,0.864304504604,0.0854686918295,0,0
R01,114176,2.58902494331,308,143.181818182,0.490635762324,0,3.07042391913,0.224325903889,0.318347037386,0,0
R01,114688,2.60063492063,298,147.986577181,0.585449365573,0,1.47249421659,0.496117605179,0.24727161851,0,0
R01,114688,2.60063492063,495,89.0909090909,1.07056061132,0,0.287885314431,3.92430733209,0.186311023835,0,0
R01,115200,2.61224489796,303,145.544554455,0.484422578146,0,1.39819906491,0.365001229012,0.255439783622,0,0
R01,115200,2.61224489796,504,87.5,1.1917316097,0,0.372946498956,3.65006924817,0.241868619062,0,0
R01,145408,3.29723356009,309,142.718446602,1.02577513226,0,1.17306331436,0.110268477173,0.161493010855,0,0
R01,145408,3.29723356009,474,93.0379746835,1.37129831477,0,0.156767432606,0.342325858758,0.354684226159,0,0
R01,147968,3.35528344671,313,140.89456869,1.07990308257,0,1.29627428357,0.18877076905,0.194387794124,0,0
R01,161792,3.66875283447,335,131.641791045,1.34422594394,0,0.816767369813,0.422175704784,0.0565556676263,0,0
R01,165888,3.76163265306,209,211.004784689,1.16554077825,0,0.293255478497,0.231411384554,0.0644264115733,0.308728793018,0
R01,165888,3.76163265306,319,138.244514107,0.826577164817,0,1.65778352924,0.252759129272,0.146011320516,0,0
R01,166400,3.77324263039,275,160.363636364,0.925391119212,0,0.523365284704,0.233818196179,0.080708589136,0.308077901098,0
R01,166400,3.77324263039,430,102.558139535,1.26675621808,0,0.801615185591,0.204268721635,0.421451533157,0,0
R01,166400,3.77324263039,436,101.146788991,1.26654767367,0,0.826614519992,0.219441216606,0.620927090559,0,0
R01,171520,3.88934240363,43,1025.58139535,1.67957916376,0,0.113755194185,0,0,0.162085137312,0
R01,171520,3.88934240363,244,180.737704918,0.541274374478,0,0.429731080166,0.166463650638,0.114127972925,0.080079614486,0
R01,171520,3.88934240363,254,173.622047244,0.548975686493,0,0.305688807937,0.17580083568,0.136616114505,0.181245356929,0
R01,171520,3.88934240363,286,154.195804196,0.636719311053,0,0.930504145596,0.141174891756,0.135737854519,0,0
R01,171520,3.88934240363,301,146.511627907,0.652371871974,0,0.370514849848,0.358070259077,0.0815328931477,0,0
R01,171520,3.88934240363,526,83.8403041825,0.728007767026,0,0.379084093495,0.375012473452,1.01020560886,0,0
R01,172032,3.90095238095,42,1050,1.75816883965,0,0.813952261663,0,0,0.471928994747,0
R01,172032,3.90095238095,327,134.862385321,0.75054403004,0,3.93955956303,1.73413139473,0.594636336814,0,0
R01,172544,3.91256235828,42,1050,1.78087673578,0,1.74614285623,0,0,0.858206167575,0
R01,172544,3.91256235828,328,134.451219512,0.758126628476,0,10.9740303707,4.02644390602,1.41113420941,0,0
R01,173568,3.93578231293,43,1025.58139535,1.77863572571,0,2.23940951724,0,0,2.21723033724,0
R01,173568,3.93578231293,328,134.451219512,0.763227544915,0,21.8859543193,5.28041186857,2.01649214743,0,0
R01,173568,3.93578231293,524,84.1603053435,1.18233405653,0,7.04200287988,10.2161704289,8.58137930515,0,0
R01,173568,3.93578231293,540,81.6666666667,1.18200784344,0,7.03000243947,10.3303195953,9.32724224023,0,0
R01,174080,3.94739229025,43,1025.58139535,1.7821990991,0,1.57193523887,0,0,1.87083102301,0
R01,174080,3.94739229025,328,134.451219512,0.766360459016,0,19.1579378282,3.66579709224,1.42947524742,0,0
R01,174080,3.94739229025,523,84.3212237094,1.18002888571,0,4.28981172672,6.47381779604,6.63490066647,0,0
R01,174080,3.94739229025,539,81.8181818182,1.18019068526,0,4.78851015721,5.94870330067,7.58567504729,0,0
R01,174592,3.95900226757,42,1050,1.78231201893,0,0.4782726969,0,0,0.88386821164,0
R01,174592,3.95900226757,328,134.451219512,0.76959573287,0,11.8211160118,1.68494911883,0.53025412757,0,0
R01,174592,3.95900226757,524,84.1603053435,1.18328890593,0,0.913739447957,2.06934628757,3.79813087542,0,0
R01,174592,3.95900226757,541,81.5157116451,1.18280254882,0,1.92495396369,1.59560728947,4.58531220892,0,0
R01,175104,3.9706122449,42,1050,1.78318831071,0,0.285403405613,0,0,0.648123733354,0
R01,175104,3.9706122449,372,118.548387097,0.574266191896,0,4.90390893278,0.908885977463,0.229660614146,0,0
R01,175104,3.9706122449,542,81.3653136531,0.93541193127,0,1.63462163563,2.81957295044,2.07889435894,0,0
R01,176640,4.00544217687,44,1002.27272727,2.06586176562,0,0.0922624456062,0,0,0.262863966569,0
R01,176640,4.00544217687,51,864.705882353,2.07437231681,0,0.209776906806,0.0567680933564,0,0.435932824523,0
R01,176640,4.00544217687,58,760.344827586,2.06597228237,0,0.118977130941,0.135160789287,0,0.0892613075859,0
R01,176640,4.00544217687,229,192.576419214,1.13561487993,0,1.44030416697,0.173758921185,0.0216242917234,1.81021541107,0
R01,176640,4.00544217687,253,174.308300395,1.1180298543,0,0.227054047735,0.266526050264,0.227720245528,0.937176686314,0
R01,176640,4.00544217687,271,162.730627306,1.11873732615,0,1.62843774783,0.427481437003,0.160673742055,0.415589796164,0
R01,176640,4.00544217687,412,107.038834951,1.05850746924,0,1.85010659114,1.7129008818,0.626352407007,0,0
R01,177152,4.0170521542,44,1002.27272727,2.22165077672,0,0.0861861490046,0,0,0.129862677669,0
R01,177152,4.0170521542,51,864.705882353,2.22751523093,0,0.126984981089,0.0433870611174,0,0.312442293228,0
R01,177152,4.0170521542,59,747.457627119,2.21903847687,0,0.0465618236345,0.0606446829181,0,0.00833313985478,0
R01,177152,4.0170521542,66,668.181818182,2.22494151076,0,0.250088474024,0.0894967535576,0,0.08015946726,0
R01,177152,4.0170521542,273,161.538461538,0.895379479867,0,1.29598932095,0.376862957155,0.0358337495552,0.224563781439,0
R01,177152,4.0170521542,279,158.064516129,0.89534072128,0,1.47625537294,0.592909297874,0.112946273412,0,0
R01,177152,4.0170521542,372,118.548387097,1.01311635765,0,1.11138754477,0.473582441125,0.339057536353,0,0
R01,177664,4.02866213152,265,166.41509434,0.429310113575,0,0.976547740377,0.29857060038,0.0868596893349,0.302741302551,0
R01,178176,4.04027210884,311,141.800643087,0.630556333965,0,4.30010644192,1.37606517512,0.291205000884,0,0
R02,22528,0.510839002268,179,246.368715084,0.908380425324,0,0.385340989968,0.116324351737,0.0522560754929,0.529254865282,0
R02,22528,0.510839002268,198,222.727272727,0.906790304563,0,0.301399416426,0.0733830345098,0.13714498524,0.050937957678,0
R02,22528,0.510839002268,358,123.184357542,0.94423940763,0,0.529254865282,0.385340989968,0.0694906977343,0,0
R02,22528,0.510839002268,435,101.379310345,1.01609543373,0,0.415391969922,0.485270382393,0.297149099199,0,0
R02,22528,0.510839002268,446,98.8789237668,1.0176969671,0,0.40209805657,0.591171615882,0.490490930572,0,0
R02,22528,0.510839002268,501,88.0239520958,1.04340638173,0,0.0595769118446,0.168096992915,0.120829688105,0,0
R02,23040,0.522448979592,415,106.265060241,0.489642746566,0,0.545550466651,0.220283883801,0.122808107359,0,0
R02,23552,0.534058956916,439,100.455580866,0.608526961272,0,3.7136169764,1.27678758937,0.267063092028,0,0
R02,24064,0.54566893424,434,101.612903226,0.589469064631,0,7.77405290247,1.65292964156,0.595790096035,0,0
R02,24576,0.557278911565,437,100.915331808,0.588101268325,0,11.3912294567,1.94806313156,0.68272208067,0,0
R02,53760,1.21904761905,100,441,1.57957735272,0,0.237346657746,0.0384787805999,0.0105298398358,0.202502986713,0
R02,53760,1.21904761905,168,262.5,1.1916742207,0,0.224092981138,0.0692217234171,0.0349868195459,0.696040969763,0
R02,53760,1.21904761905,320,137.8125,1.32411764362,0,0.22446275749,0.197692450882,0.168605335551,0,0
R02,54272,1.23065759637,223,197.757847534,1.04628684725,0,0.230860868274,0.103247874588,0.198866438172,0.432246470117,0
R02,54272,1.23065759637,258,170.930232558,1.02524051482,0,0.218748078012,0.19430361912,0.328969105309,0.266384584013,0
R02,54272,1.23065759637,331,133.232628399,1.18633163724,0,0.64078806543,0.216084417583,0.0693916661178,0,0
R02,54272,1.23065759637,376,117.287234043,1.1076810507,0,0.125066034598,0.514334333627,0.127769492328,0,0
R02,54272,1.23065759637,406,108.620689655,1.11018306012,0,0.513932944934,0.423382927987,0.0554797522952,0,0
R02,54272,1.23065759637,493,89.4523326572,1.123321197,0,0.322593696574,0.214203791921,0.155619979531,0,0
R02,54784,1.2422675737,174,253.448275862,0.807379914125,0,1.232784806,0.971396349436,0.59699532188,3.21459179745,0
R02,54784,1.2422675737,248,177.822580645,0.488534584019,0,3.21414914559,1.75654652392,0.470090324934,1.05071076969,0
R02,54784,1.2422675737,416,106.009615385,0.632657913621,0,1.50399041333,2.7175947929,2.23082793586,0,0
R02,54784,1.2422675737,473,93.2346723044,0.638236844439,0,1.52158282223,3.56674855252,1.17433129102,0,0
R02,55296,1.25387755102,127,347.244094488,0.638251821321,0,15.9864141369,2.86407357817,1.31190196951,18.5552019245,0
R02,55296,1.25387755102,249,177.108433735,0.43580197045,0,18.922012487,15.1006900849,3.61613294221,5.16704406645,0
R02,55296,1.25387755102,377,116.976127321,0.506280212246,0,7.34801984846,12.5817589663,15.6050862953,0,0
R02,55296,1.25387755102,505,87.3267326733,0.472183320748,0,5.0197258853,18.6687157271,7.25577225999,0,0
R02,55808,1.26548752834,128,344.53125,0.420212461857,0,58.0490971289,7.66685885686,2.10471672068,41.7514825477,0
R02,55808,1.26548752834,252,175,0.327607180619,0,42.9910835003,56.7231368953,7.18668521584,10.5439926043,0
R02,55808,1.26548752834,382,115.445026178,0.342315752902,0,13.2214291953,38.3092984717,57.9961334599,0,0
R02,55808,1.26548752834,512,86.1328125,0.331049073705,0,10.2280673396,41.7514825477,25.4707784949,0,0
R02,56320,1.27709750567,128,344.53125,0.383274336723,0,128.134040647,14.0437690273,3.02989982953,59.9808033872,0
R02,56320,1.27709750567,252,175,0.277118185954,0,63.6389629146,123.788647171,8.6365873476,14.4554372296,0
R02,56320,1.27709750567,381,115.748031496,0.308785716406,0,15.777503882,65.7681090992,127.493693467,0,0
R02,56320,1.27709750567,510,86.4705882353,0.304796117358,0,14.0829506886,60.9412122576,43.9677384933,0,0
R02,56832,1.28870748299,127,347.244094488,0.327593802474,0,205.204155165,23.8445859442,7.95010712834,67.1224661628,0
R02,56832,1.28870748299,252,175,0.238644789457,0,71.1599922021,197.254872565,6.90806750017,13.3486996259,0
R02,56832,1.28870748299,380,116.052631579,0.269013914539,0,10.4441543274,80.354612421,203.363323035,0,0
R02,56832,1.28870748299,509,86.6404715128,0.264330060522,0,13.0384286646,66.0624650363,51.1137472987,0,0
R02,57344,1.30031746032,127,347.244094488,0.308116761864,0,267.002230784,27.6138449203,9.58694803188,58.9135566783,0
R02,57344,1.30031746032,252,175,0.21977290917,0,64.9128817059,254.674964006,2.78320346331,8.5783666114,0
R02,57344,1.30031746032,380,116.052631579,0.243029938584,0,0.513049678745,70.9642460767,264.425913375,0,0
R02,57344,1.30031746032,508,86.811023622,0.2499018509,0,8.3134410492,58.9135566783,42.3653839694,0,0
R02,57856,1.31192743764,127,347.244094488,0.285550166436,0,295.509290031,27.6448324637,10.1272717699,45.9423744299,0
R02,57856,1.31192743764,252,175,0.203841246453,0,51.4803910826,281.796452582,2.55061524675,3.14208660265,0
R02,57856,1.31192743764,380,116.052631579,0.225584319821,0,9.33814130585,46.0001588812,293.183898192,0,0
R02,57856,1.31192743764,508,86.811023622,0.233893179244,0,2.85441971971,45.9423744299,24.9793866264,0,0
R02,58368,1.32353741497,127,347.244094488,0.26210053539,0,290.244754064,25.506579381,9.68466097452,36.5904721818,0
R02,58368,1.32353741497,252,175,0.175323431135,0,39.5092443708,280.360296375,3.92778967451,1.85496634047,0
R02,58368,1.32353741497,380,116.052631579,0.15039318444,0,11.3505209775,32.1859760288,289.507108015,0,0
R02,58368,1.32353741497,508,86.811023622,0.164041760613,0,1.73896702695,36.5904721818,7.43193118164,0,0
R02,58880,1.33514739229,127,347.244094488,0.121465976679,1,267.401446802,23.055438064,8.73091607348,25.6981351726,126.753764543
R02,58880,1.33514739229,253,174.308300395,0.0932847598131,0,26.5939076941,268.478843758,2.18196462429,1.73311591022,126.753764543
R02,58880,1.33514739229,380,116.052631579,0.0888215215312,0,7.6449122903,32.2154074689,268.734210969,0,126.753764543
R02,58880,1.33514739229,508,86.811023622,0.117210187197,0,1.68886513065,25.6981351726,3.20273134428,0,126.753764543
R02,59392,1.34675736961,126,350,0.0819626397368,1,245.091018699,23.8249577251,9.8187221309,14.2852611257,126.445431092
R02,59392,1.34675736961,253,174.308300395,0.0533310538922,0,13.7703621249,246.838294666,0.567539566123,1.06389324537,126.445431092
R02,59392,1.34675736961,379,116.35883905,0.0761727976468,0,4.00613605137,26.2224052729,246.842468073,0,126.445431092
R02,59392,1.34675736961,505,87.3267326733,0.0807183155091,0,1.06508934203,14.0252937271,3.47653097922,0,126.445431092
R02,59904,1.35836734694,126,350,0.0739062946235,1,230.732795808,22.0288784421,9.32481087151,5.80245723855,126.043166093
R02,59904,1.35836734694,252,175,0.0375039645451,0,5.80245723855,230.732795808,1.99615749123,0.485547858018,126.043166093
R02,59904,1.35836734694,379,116.35883905,0.0379942131475,0,4.54727797897,16.951590973,231.242390383,0,126.043166093
R02,59904,1.35836734694,505,87.3267326733,0.0591709686431,0,0.495735445028,5.82815792586,4.99008673618,0,126.043166093
R02,60416,1.36997732426,126,350,0.0469885995308,1,222.377400351,20.8485207816,8.78286633048,2.0898953812,126.030004001
R02,60416,1.36997732426,252,175,0.0302908033515,0,2.0898953812,222.377400351,2.01683661667,0.62364128849,126.030004001
R02,60416,1.36997732426,379,116.35883905,0.024686017078,0,5.82035844904,10.1458349022,222.254550343,0,126.030004001
R02,60416,1.36997732426,505,87.3267326733,0.0498159515999,0,0.64851921703,2.33753184526,2.65609035634,0,126.030004001
R02,60928,1.38158730159,126,350,0.0305222539,1,219.90473449,20.1376229444,8.25836616511,4.26531158055,126.083820569
R02,60928,1.38158730159,252,175,0.0194828707612,0,4.26531158055,219.90473449,0.966087197645,0.787956325105,126.083820569
R02,60928,1.38158730159,378,116.666666667,0.0166707449673,0,5.50284743029,6.2305124518,219.90473449,0,126.083820569
R02,60928,1.38158730159,504,87.5,0.0317988477241,0,0.787956325105,4.26531158055,1.75272321434,0,126.083820569
R02,61440,1.39319727891,126,350,0.0210072870184,1,219.017947174,19.4504733254,7.84178957724,4.77508165167,125.888528081
R02,61440,1.39319727891,252,175,0.0123390740701,0,4.77508165167,219.017947174,0.153250279145,1.16297938386,125.888528081
R02,61440,1.39319727891,378,116.666666667,0.0154278711411,0,4.71118943037,4.54582723911,219.017947174,0,125.888528081
R02,61440,1.39319727891,504,87.5,0.0231660483936,0,1.16297938386,4.77508165167,3.03480441518,0,125.888528081
R02,61952,1.40480725624,126,350,0.0190929365419,1,216.450223942,18.9269380528,7.57185805306,5.49068787651,125.967089133
R02,61952,1.40480725624,252,175,0.0109180405242,0,5.49068787651,216.450223942,0.709354867176,1.58927516763,125.967089133
R02,61952,1.40480725624,378,116.666666667,0.0139889444633,0,4.40211911568,4.31158561182,216.450223942,0,125.967089133
R02,61952,1.40480725624,504,87.5,0.0192670093682,0,1.58927516763,5.49068787651,2.93815006165,0,125.967089133
R02,62464,1.41641723356,126,350,0.0152570647694,1,212.376550392,18.5380932173,7.41679224602,8.60065965683,125.875361991
R02,62464,1.41641723356,252,175,0.00836021948638,0,8.60065965683,212.376550392,0.744541262189,1.81920429037,125.875361991
R02,62464,1.41641723356,378,116.666666667,0.012286000685,0,3.27988414091,4.3228283102,212.376550392,0,125.875361991
R02,62464,1.41641723356,504,87.5,0.016111506228,0,1.81920429037,8.60065965683,2.00248580019,0,125.875361991
R02,62976,1.42802721088,126,350,0.0152548744777,1,209.252497412,17.9251727637,7.32352664682,10.4431546051,126.010541649
R02,62976,1.42802721088,252,175,0.00801682531625,0,10.4431546051,209.252497412,0.630988432823,2.04988430075,126.010541649
R02,62976,1.42802721088,378,116.666666667,0.0115903282279,0,2.52208526059,4.29871472734,209.252497412,0,126.010541649
R02,62976,1.42802721088,504,87.5,0.014346989629,0,2.04988430075,10.4431546051,1.68495068615,0,126.010541649
R02,63488,1.43963718821,126,350,0.0118742548546,1,208.597104487,16.9971092686,7.27970895957,8.60593714234,125.950585092
R02,63488,1.43963718821,252,175,0.00655602113955,0,8.60593714234,208.597104487,0.5429077634,1.73208070371,125.950585092
R02,63488,1.43963718821,378,116.666666667,0.00980721782814,0,3.67914296109,4.32194108453,208.597104487,0,125.950585092
R02,63488,1.43963718821,504,87.5,0.012979663515,0,1.73208070371,8.60593714234,1.22223243889,0,125.950585092
R02,64000,1.45124716553,126,350,0.01105582597,1,209.116311992,15.9582087713,7.21814582815,4.19166551033,126.016943933
R02,64000,1.45124716553,252,175,0.00585397138785,0,4.19166551033,209.116311992,0.494354956392,1.34474571633,126.016943933
R02,64000,1.45124716553,378,116.666666667,0.00924822893525,0,4.25700145775,3.81366074349,209.116311992,0,126.016943933
R02,64000,1.45124716553,504,87.5,0.0114260100445,0,1.34474571633,4.19166551033,0.986123716898,0,126.016943933
R02,64512,1.46285714286,126,350,0.0109092515763,1,208.563754826,15.008479334,7.09603596359,0.164454543218,126.029569914
R02,64512,1.46285714286,252,175,0.00599900770013,0,0.164454543218,208.563754826,0.420925283009,0.937375840583,126.029569914
R02,64512,1.46285714286,378,116.666666667,0.00851065054255,0,3.88760543271,2.75032382084,208.563754826,0,126.029569914
R02,64512,1.46285714286,505,87.3267326733,0.0115014065419,0,0.930778368188,0.155653565922,1.3666974276,0,126.029569914
R02,65024,1.47446712018,126,350,0.00992071003185,1,205.920555251,14.1594976117,6.92354666419,2.68067437136,126.082258096
R02,65024,1.47446712018,252,175,0.00600263013972,0,2.68067437136,205.920555251,0.228355037762,0.529400031803,126.082258096
R02,65024,1.47446712018,378,116.666666667,0.00666162918367,0,3.7173206305,1.76326863305,205.920555251,0,126.082258096
R02,65024,1.47446712018,505,87.3267326733,0.0114713113472,0,0.53429796616,2.62190667852,1.08835628492,0,126.082258096
R02,65536,1.48607709751,126,350,0.00723397556537,1,202.268897217,13.2974509169,6.71300260578,3.42227038765,126.123518431
R02,65536,1.48607709751,252,175,0.00538101978268,0,3.42227038765,202.268897217,0.0721773791384,0.187193732896,126.123518431
R02,65536,1.48607709751,378,116.666666667,0.00546784510354,0,3.6054536718,1.29511084873,202.268897217,0,126.123518431
R02,65536,1.48607709751,505,87.3267326733,0.010395605896,0,0.184933076916,3.36357217992,0.336571977737,0,126.123518431
R02,66048,1.49768707483,126,350,0.00648561418049,1,198.959942285,12.4585247562,6.4559605514,3.00891772261,126.099022252
R02,66048,1.49768707483,252,175,0.0049490316755,0,3.00891772261,198.959942285,0.113317047834,0.237823762946,126.099022252
R02,66048,1.49768707483,378,116.666666667,0.00497811538062,0,3.19026914514,1.21439930086,198.959942285,0,126.099022252
R02,66048,1.49768707483,505,87.3267326733,0.00969160449263,0,0.237235079548,2.98843341915,0.292004001721,0,126.099022252
R02,66560,1.50929705215,126,350,0.00569916840406,1,196.679127676,11.7923445349,6.16061304551,1.99714100578,126.052778361
R02,66560,1.50929705215,252,175,0.00417859407319,0,1.99714100578,196.679127676,0.104396912547,0.55843406976,126.052778361
R02,66560,1.50929705215,378,116.666666667,0.00401180067385,0,2.76420197059,1.1188166232,196.679127676,0,126.052778361
R02,66560,1.50929705215,505,87.3267326733,0.00799544915442,0,0.559811381907,2.0377515574,0.644847630025,0,126.052778361
R02,67072,1.52090702948,126,350,0.00440397125095,1,194.608237964,11.3505915379,5.86061902824,1.04462500816,126.120128108
R02,67072,1.52090702948,252,175,0.00369508372641,0,1.04462500816,194.608237964,0.063329866797,0.560830240973,126.120128108
R02,67072,1.52090702948,378,116.666666667,0.00397366485254,0,2.37780625865,0.801676632714,194.608237964,0,126.120128108
R02,67072,1.52090702948,505,87.3267326733,0.00727585839676,0,0.549191796308,1.10728306338,0.8373160428,0,126.120128108
R02,67584,1.5325170068,126,350,0.00375755520154,1,191.466610416,11.1033946368,5.59209922892,0.90141370681,126.118196474
R02,67584,1.5325170068,252,175,0.00337901671524,0,0.90141370681,191.466610416,0.0256055415833,0.533672886866,126.118196474
R02,67584,1.5325170068,379,116.35883905,0.00390774307842,0,1.56962923285,0.444123958913,191.902921418,0,126.118196474
R02,67584,1.5325170068,505,87.3267326733,0.00680465749528,0,0.521187861207,0.926213820903,0.667373637526,0,126.118196474
R02,68096,1.54412698413,126,350,0.00379022541851,1,186.590502032,10.8975519933,5.38088497848,0.866065910044,126.138985061
R02,68096,1.54412698413,252,175,0.00315807655534,0,0.866065910044,186.590502032,0.08604904863,0.571933904361,126.138985061
R02,68096,1.54412698413,378,116.666666667,0.00365590003408,0,0.906618941898,0.492192092141,186.590502032,0,126.138985061
R02,68096,1.54412698413,505,87.3267326733,0.00613033651995,0,0.560814928016,0.825134030479,0.448687106497,0,126.138985061
R02,68608,1.55573696145,126,350,0.00307645499782,1,180.744009291,10.5788248075,5.22932185311,0.905070970593,126.127159238
R02,68608,1.55573696145,252,175,0.00285157440366,0,0.905070970593,180.744009291,0.0842339117079,0.6791337967,126.127159238
R02,68608,1.55573696145,379,116.35883905,0.00309308479386,0,0.314601984331,0.487975613428,181.272896676,0,126.127159238
R02,68608,1.55573696145,505,87.3267326733,0.00538847321024,0,0.659203702386,0.865098590415,0.384789712563,0,126.127159238
R02,69120,1.56734693878,126,350,0.00270843347632,1,175.417640143,10.1608193093,5.10058707592,1.3831193612,126.173226665
R02,69120,1.56734693878,252,175,0.00277893110148,0,1.3831193612,175.417640143,0.0614221318285,0.926075401974,126.173226665
R02,69120,1.56734693878,379,116.35883905,0.00296602724111,0,1.29312930768,0.325606789859,175.920468223,0,126.173226665
R02,69120,1.56734693878,505,87.3267326733,0.00494402478683,0,0.912924696519,1.35224258987,0.431556928351,0,126.173226665
R02,69632,1.5789569161,126,350,0.00283785647889,1,171.689873494,9.7305782439,4.95267703278,1.43577240177,126.145329897
R02,69632,1.5789569161,252,175,0.0025102965472,0,1.43577240177,171.689873494,0.117205835759,1.03153394631,126.145329897
R02,69632,1.5789569161,379,116.35883905,0.00287816223281,0,2.28339425332,0.231249084994,172.089055413,0,126.145329897
R02,69632,1.5789569161,505,87.3267326733,0.00465111281647,0,1.01812618771,1.39676369909,0.791151650733,0,126.145329897
R02,70144,1.59056689342,126,350,0.00260215140692,1,170.001836601,9.38616882334,4.76060209484,1.2238633883,126.191041306
R02,70144,1.59056689342,252,175,0.00254196491932,0,1.2238633883,170.001836601,0.229958948863,1.05197978999,126.191041306
R02,70144,1.59056689342,379,116.35883905,0.0027448542242,0,2.4173423361,0.306760196303,170.288725436,0,126.191041306
R02,70144,1.59056689342,505,87.3267326733,0.00452959045199,0,1.03843434482,1.15951164399,1.07163471483,0,126.191041306
R02,70656,1.60217687075,126,350,0.00234001874751,1,169.13563463,9.14782687614,4.52840994117,1.53916597122,126.177287945
R02,70656,1.60217687075,252,175,0.00217209208807,0,1.53916597122,169.13563463,0.307200595681,0.843505651586,126.177287945
R02,70656,1.60217687075,379,116.35883905,0.0023907849907,0,1.84917597689,0.235819400941,169.408170416,0,126.177287945
R02,70656,1.60217687075,505,87.3267326733,0.0037897192805,0,0.834517448526,1.49670746332,1.16752997773,0,126.177287945
R02,71168,1.61378684807,126,350,0.00216556449812,1,167.386144078,8.97503362987,4.29619666987,1.75473705721,126.198054403
R02,71168,1.61378684807,252,175,0.00211311716755,0,1.75473705721,167.386144078,0.289006055097,0.584441954987,126.198054403
R02,71168,1.61378684807,379,116.35883905,0.00208947353532,0,1.21204197477,0.107138954772,167.749654319,0,126.198054403
R02,71168,1.61378684807,505,87.3267326733,0.00352662462446,0,0.585253529796,1.73594562691,1.04867534811,0,126.198054403
R02,71680,1.6253968254,126,350,0.00196721958074,1,164.606793611,8.81079125072,4.10958136955,1.68730266427,126.181990868
R02,71680,1.6253968254,252,175,0.00191128730394,0,1.68730266427,164.606793611,0.194472941428,0.219450207603,126.181990868
R02,71680,1.6253968254,379,116.35883905,0.00216523074884,0,0.399813300708,0.102404510217,165.142777808,0,126.181990868
R02,71680,1.6253968254,505,87.3267326733,0.00330848670496,0,0.225528073968,1.67255459855,0.68200414894,0,126.181990868
R02,72192,1.63700680272,126,350,0.00169270161986,1,162.013765103,8.60329140839,3.9728664478,1.46132977258,126.159974982
R02,72192,1.63700680272,252,175,0.00174511648754,0,1.46132977258,162.013765103,0.0906310244616,0.188263693814,126.159974982
R02,72192,1.63700680272,379,116.35883905,0.00236269133499,0,0.472755804375,0.179125101647,162.697097915,0,126.159974982
R02,72192,1.63700680272,505,87.3267326733,0.00318836133467,0,0.192340517543,1.44021358725,0.350116832298,0,126.159974982
R02,72704,1.64861678005,126,350,0.00142198344851,1,160.42851996,8.33856723192,3.87151098045,1.2781555434,126.207427192
R02,72704,1.64861678005,252,175,0.00163118897031,0,1.2781555434,160.42851996,0.0445132437927,0.20740517696,126.207427192
R02,72704,1.64861678005,379,116.35883905,0.00223308432273,0,0.807718839923,0.18541499006,161.087543583,0,126.207427192
R02,72704,1.64861678005,505,87.3267326733,0.0029482837055,0,0.202963965094,1.25194725208,0.402754029748,0,126.207427192
R02,73216,1.66022675737,126,350,0.001071671811,1,159.374752959,8.04002901869,3.7818482218,1.2272141499,126.189279208
R02,73216,1.66022675737,252,175,0.00145266939355,0,1.2272141499,159.374752959,0.0315427728931,0.265200396065,126.189279208
R02,73216,1.66022675737,379,116.35883905,0.00213053044111,0,0.534852291897,0.177209576428,159.859372581,0,126.189279208
R02,73216,1.66022675737,505,87.3267326733,0.00288232162567,0,0.260420743718,1.22302743899,0.351039145491,0,126.189279208
R02,73728,1.67183673469,126,350,0.000974130821957,1,157.719910324,7.74223287045,3.68661556365,1.08739727026,126.224416075
R02,73728,1.67183673469,252,175,0.00155785528511,0,1.08739727026,157.719910324,0.0194031415494,0.239732467162,126.224416075
R02,73728,1.67183673469,379,116.35883905,0.00199822402402,0,0.112601038899,0.246208030934,158.025163798,0,126.224416075
R02,73728,1.67183673469,505,87.3267326733,0.0026809314071,0,0.239372465792,1.09537328087,0.285100537142,0,126.224416075
R02,74240,1.68344671202,126,350,0.000987932182064,1,154.763216192,7.47307504666,3.57885574487,0.793158249101,126.222153012
R02,74240,1.68344671202,252,175,0.00161033615096,0,0.793158249101,154.763216192,0.0266089440683,0.185576383909,126.222153012
R02,74240,1.68344671202,379,116.35883905,0.00200105217137,0,0.21052655682,0.226661638928,155.037785175,0,126.222153012
R02,74240,1.68344671202,505,87.3267326733,0.00260721291786,0,0.192985307062,0.807261416677,0.28008140387,0,126.222153012
R02,74752,1.69505668934,126,350,0.000990097807665,1,151.140119174,7.26522676708,3.46803535376,0.4752985198,126.240818164
R02,74752,1.69505668934,252,175,0.00160524004494,0,0.4752985198,151.140119174,0.0268281445041,0.35862992581,126.240818164
R02,74752,1.69505668934,379,116.35883905,0.00195522685399,0,0.620371534155,0.211400622147,151.565805635,0,126.240818164
R02,74752,1.69505668934,505,87.3267326733,0.00251474820236,0,0.361809426919,0.481545378362,0.380290298457,0,126.240818164
R02,75264,1.70666666667,126,350,0.000949882356116,1,148.103465051,7.12286039392,3.34760799371,0.257148664705,126.169911735
R02,75264,1.70666666667,252,175,0.00154309338192,0,0.257148664705,148.103465051,0.0247242179143,0.51249695805,126.169911735
R02,75264,1.70666666667,379,116.35883905,0.00183228782577,0,0.792202867241,0.306984399982,148.705195527,0,126.169911735
R02,75264,1.70666666667,505,87.3267326733,0.00240811523965,0,0.510069188043,0.258046080929,0.43044928846,0,126.169911735
R02,75776,1.71827664399,126,350,0.000910315392247,1,146.348274255,7.00784382859,3.21364758945,0.130716982023,126.216112036
R02,75776,1.71827664399,252,175,0.00152725538493,0,0.130716982023,146.348274255,0.0280028852066,0.46116014287,126.216112036
R02,75776,1.71827664399,379,116.35883905,0.00161177731118,0,0.35987607779,0.641034388075,146.97494108,0,126.216112036
R02,75776,1.71827664399,505,87.3267326733,0.00211644693357,0,0.459759757462,0.141347707068,0.278423718568,0,126.216112036
R02,76288,1.72988662132,126,350,0.000880093681087,1,145.33510819,6.90281667784,3.08565247792,0.12977832689,126.202481952
R02,76288,1.72988662132,252,175,0.00152528680062,0,0.12977832689,145.33510819,0.0507832698245,0.134488810441,126.202481952
R02,76288,1.72988662132,379,116.35883905,0.00164493619662,0,0.368571375215,0.908054195547,145.861189191,0,126.202481952
R02,76288,1.72988662132,505,87.3267326733,0.00207384297814,0,0.14445023918,0.132137555729,0.206052070091,0,126.202481952
R02,76800,1.74149659864,126,350,0.000911978666322,1,144.363848041,6.8059330607,2.97085609909,0.175802873246,126.244964388
R02,76800,1.74149659864,253,174.308300395,0.00173394660603,0,0.175919652779,144.36113719,0.0730946940489,0.453070841676,126.244964388
R02,76800,1.74149659864,379,116.35883905,0.00170883836101,0,0.853434575415,0.989296062195,144.702812529,0,126.244964388
R02,76800,1.74149659864,505,87.3267326733,0.00216400350952,0,0.450799198731,0.175824612118,0.320940408147,0,126.244964388
R02,77312,1.75310657596,126,350,0.000865420888826,1,142.772052425,6.72414177027,2.88972529249,0.213361977408,126.227865247
R02,77312,1.75310657596,252,175,0.0017386799977,0,0.213361977408,142.772052425,0.0876381999986,1.07476471504,126.227865247
R02,77312,1.75310657596,379,116.35883905,0.00179979625822,0,0.979677426254,0.709018611376,143.015696657,0,126.227865247
R02,77312,1.75310657596,505,87.3267326733,0.00231361374424,0,1.07259551909,0.213617454183,0.198058711305,0,126.227865247
R02,77824,1.76471655329,126,350,0.000812127411825,1,140.208220396,6.67366358736,2.8466740645,0.188866643784,126.210281747
R02,77824,1.76471655329,252,175,0.00157978859715,0,0.188866643784,140.208220396,0.0772100036032,1.35529328543,126.210281747
R02,77824,1.76471655329,379,116.35883905,0.0018190342344,0,0.874248857862,0.401917322301,140.530542216,0,126.210281747
R02,77824,1.76471655329,505,87.3267326733,0.00224871150292,0,1.35048353977,0.189894043608,0.215477219571,0,126.210281747
R02,78336,1.77632653061,126,350,0.000818243277761,1,136.936136734,6.65240103294,2.81569160007,0.120780411556,126.210633744
R02,78336,1.77632653061,252,175,0.00161963570343,0,0.120780411556,136.936136734,0.0748681798667,1.20521831294,126.210633744
R02,78336,1.77632653061,379,116.35883905,0.00179628273571,0,0.661037667901,0.316768419094,137.378381106,0,126.210633744
R02,78336,1.77632653061,505,87.3267326733,0.00222932691944,0,1.1973281445,0.118540492419,0.56515763039,0,126.210633744
R02,78848,1.78793650794,126,350,0.000842355775192,1,133.420237105,6.65612732167,2.76201262339,0.0431937860085,126.257944814
R02,78848,1.78793650794,253,174.308300395,0.00174354294796,0,0.0486842774099,133.711746476,0.150362115925,0.700104236582,126.257944814
R02,78848,1.78793650794,379,116.35883905,0.0019475226496,0,0.624579976265,0.140983099285,133.933106315,0,126.257944814
R02,78848,1.78793650794,505,87.3267326733,0.00243491393426,0,0.707787620005,0.045750614772,0.718424767421,0,126.257944814
R02,79360,1.79954648526,126,350,0.000746853767176,1,130.186250022,6.71452768945,2.68852430537,0.127002214611,126.223885007
R02,79360,1.79954648526,252,175,0.00178166380692,0,0.127002214611,130.186250022,0.210210458154,0.16058624246,126.223885007
R02,79360,1.79954648526,379,116.35883905,0.00218020682907,0,0.699841219606,0.350984984654,130.746274939,0,126.223885007
R02,79360,1.79954648526,505,87.3267326733,0.00255793536312,0,0.155617295838,0.131096340463,0.807157050966,0,126.223885007
R02,79872,1.81115646259,126,350,0.00079674181106,1,127.716471643,6.84165059069,2.60196508994,0.357262303554,126.231819077
R02,79872,1.81115646259,253,174.308300395,0.00186059409676,0,0.350030624206,128.059127296,0.230689208986,0.34681333346,126.231819077
R02,79872,1.81115646259,379,116.35883905,0.00213913771454,0,0.561522931299,0.621120718975,128.249540831,0,126.231819077
R02,79872,1.81115646259,505,87.3267326733,0.00249435974264,0,0.353359768012,0.353524225133,0.874240228385,0,126.231819077
R02,80384,1.82276643991,126,350,0.000832007075695,1,126.144200024,7.00022597275,2.51548339654,0.567037701131,126.255513561
R02,80384,1.82276643991,253,174.308300395,0.00177663508208,0,0.560136281796,126.38421662,0.195460271214,0.633257888044,126.255513561
R02,80384,1.82276643991,379,116.35883905,0.00202859706355,0,0.404533191827,0.53477703426,126.605262339,0,126.255513561
R02,80384,1.82276643991,505,87.3267326733,0.00230060052366,0,0.64205198222,0.563632085572,0.745578683563,0,126.255513561
R02,80896,1.83437641723,126,350,0.00079777520489,1,125.134981762,7.16563713402,2.45539234038,0.672753534239,126.218765396
R02,80896,1.83437641723,252,175,0.00154108567594,0,0.672753534239,125.134981762,0.138644835375,0.67924939058,126.218765396
R02,80896,1.83437641723,379,116.35883905,0.00188402463215,0,0.367459178761,0.21176355685,125.470376234,0,126.218765396
R02,80896,1.83437641723,505,87.3267326733,0.00202366187813,0,0.672986032569,0.676710478681,0.419980668829,0,126.218765396
R02,81408,1.84598639456,126,350,0.000844306114804,1,124.161426207,7.32647642064,2.43638472669,0.648363954206,126.215030977
R02,81408,1.84598639456,252,175,0.00164722452632,0,0.648363954206,124.161426207,0.041746142607,0.486932372538,126.215030977
R02,81408,1.84598639456,379,116.35883905,0.00197335484563,0,0.422825025928,0.33279039426,124.3641058,0,126.215030977
R02,81408,1.84598639456,505,87.3267326733,0.00220081608506,0,0.482501714766,0.663984578471,0.232153378487,0,126.215030977
R02,81920,1.85759637188,126,350,0.000884760128877,1,122.621722309,7.44312459009,2.45391290606,0.611995148662,126.252989459
R02,81920,1.85759637188,253,174.308300395,0.00175356482193,0,0.648880041012,122.479799675,0.13250579265,0.105311560164,126.252989459
R02,81920,1.85759637188,379,116.35883905,0.00204223367737,0,0.439119448925,0.524033896198,122.811568857,0,126.252989459
R02,81920,1.85759637188,505,87.3267326733,0.00231819226304,0,0.110196918411,0.63082650736,0.31463880557,0,126.252989459
R02,82432,1.86920634921,126,350,0.000864353326893,1,120.141375203,7.51955284311,2.49262626283,0.61156118454,126.197263177
R02,82432,1.86920634921,252,175,0.00160193648282,0,0.61156118454,120.141375203,0.19099478378,0.293886948898,126.197263177
R02,82432,1.86920634921,379,116.35883905,0.00204532161437,0,0.392008594417,0.387160416091,120.42971839,0,126.197263177
R02,82432,1.86920634921,505,87.3267326733,0.00204042478331,0,0.290029672566,0.629121709369,0.342008236102,0,126.197263177
R02,82944,1.88081632653,126,350,0.000873406331217,1,117.075285109,7.58962494841,2.52755679834,0.614409174672,126.225969148
R02,82944,1.88081632653,252,175,0.001746676378,0,0.614409174672,117.075285109,0.197583696984,0.667173467526,126.225969148
R02,82944,1.88081632653,379,116.35883905,0.00204962198686,0,0.53245534893,0.17778326053,117.433540376,0,126.225969148
R02,82944,1.88081632653,505,87.3267326733,0.00232503653,0,0.661590248847,0.633500728227,0.384436336809,0,126.225969148
R02,83456,1.89242630385,126,350,0.000921647710568,1,113.904703115,7.6513927022,2.52890745056,0.624778790543,126.210842863
R02,83456,1.89242630385,252,175,0.00178265238016,0,0.624778790543,113.904703115,0.147229289466,0.85419586826,126.210842863
R02,83456,1.89242630385,379,116.35883905,0.00211727238105,0,0.493954761846,0.126617235029,114.309217073,0,126.210842863
R02,83456,1.89242630385,505,87.3267326733,0.0024155146628,0,0.846772265455,0.643872074286,0.414980605119,0,126.210842863
R02,83968,1.90403628118,126,350,0.0010412195966,1,110.80177511,7.71600579509,2.49148207095,0.569829256165,126.284600065
R02,83968,1.90403628118,253,174.308300395,0.00192536185715,0,0.598088369042,111.018035749,0.0831335373295,0.693865806524,126.284600065
R02,83968,1.90403628118,379,116.35883905,0.00232200501151,0,0.219283779057,0.27688469149,111.207170984,0,126.284600065
R02,83968,1.90403628118,505,87.3267326733,0.00269289352337,0,0.708099290211,0.584136745698,0.398429256251,0,126.284600065
R02,84480,1.9156462585,126,350,0.00114678283797,1,107.797898881,7.80307654847,2.42771697409,0.476130696214,126.2326305
R02,84480,1.9156462585,252,175,0.00222832473645,0,0.476130696214,107.797898881,0.127141834918,0.699670737197,126.2326305
R02,84480,1.9156462585,379,116.35883905,0.00283488184398,0,0.0346151370241,0.4719519685,108.194222166,0,126.2326305
R02,84480,1.9156462585,505,87.3267326733,0.00311457565832,0,0.680884853689,0.482728191633,0.397498830877,0,126.2326305
R02,84992,1.92725623583,126,350,0.00112291050995,1,105.147478286,7.89750142648,2.34923819344,0.410200756053,126.25407668
R02,84992,1.92725623583,253,174.308300395,0.0022833669122,0,0.399730716995,105.311407666,0.162788325979,0.772692375888,126.25407668
R02,84992,1.92725623583,379,116.35883905,0.00279664742276,0,0.154665093116,0.512813053927,105.508373112,0,126.25407668
R02,84992,1.92725623583,505,87.3267326733,0.00316103394998,0,0.784106509407,0.4054408768,0.414033242263,0,126.25407668
R02,85504,1.93886621315,126,350,0.00111921430869,1,102.942692826,7.97676731685,2.2593685544,0.440097688686,126.245818752
R02,85504,1.93886621315,252,175,0.00233332319978,0,0.440097688686,102.942692826,0.208295976313,0.71429893156,126.245818752
R02,85504,1.93886621315,379,116.35883905,0.00294520503462,0,0.433344811555,0.328902847628,103.242367225,0,126.245818752
R02,85504,1.93886621315,505,87.3267326733,0.0032130711273,0,0.705364063271,0.429217492738,0.443015040262,0,126.245818752
R02,86016,1.95047619048,126,350,0.00107914456755,1,101.099180543,8.0384234917,2.1757120123,0.549189180013,126.26951504
R02,86016,1.95047619048,253,174.308300395,0.00214030850802,0,0.535357143493,101.115355658,0.258973129567,0.435933007903,126.26951504
R02,86016,1.95047619048,379,116.35883905,0.00274973710366,0,0.582333570844,0.0897419020354,101.348640795,0,126.26951504
R02,86016,1.95047619048,505,87.3267326733,0.00322118601448,0,0.450336284457,0.542201410673,0.495572154487,0,126.26951504
R02,86528,1.9620861678,126,350,0.0012647284239,1,99.3136366969,8.09044661866,2.11790827326,0.621256714447,126.218340967
R02,86528,1.9620861678,252,175,0.00220214108406,0,0.621256714447,99.3136366969,0.255733490424,0.355771557707,126.218340967
R02,86528,1.9620861678,379,116.35883905,0.00249308357146,0,0.544203161716,0.165455650034,99.5730751937,0,126.218340967
R02,86528,1.9620861678,505,87.3267326733,0.00284613467321,0,0.344343279803,0.615899354042,0.502534623288,0,126.218340967
R02,87040,1.97369614512,126,350,0.00132625092141,1,97.1869409998,8.15847551723,2.0907618449,0.528587353919,126.248671834
R02,87040,1.97369614512,253,174.308300395,0.0023192601425,0,0.529881353573,97.2811682497,0.213253078702,0.360234868181,126.248671834
R02,87040,1.97369614512,379,116.35883905,0.00260259022797,0,0.588617887253,0.205031191864,97.4780899305,0,126.248671834
R02,87040,1.97369614512,505,87.3267326733,0.00298176427056,0,0.373296335249,0.529360593367,0.541641500818,0,126.248671834
R02,87552,1.98530612245,126,350,0.00127365931154,1,94.7386377122,8.27912649808,2.0864514973,0.242452372777,126.257674535
R02,87552,1.98530612245,253,174.308300395,0.00214688942746,0,0.261557021231,94.9132779885,0.134907000104,0.470752999103,126.257674535
R02,87552,1.98530612245,379,116.35883905,0.00256025246204,0,0.87684924832,0.149137034511,95.0811606951,0,126.257674535
R02,87552,1.98530612245,505,87.3267326733,0.00290927443147,0,0.482924982239,0.251895962877,0.611746980939,0,126.257674535
R02,88064,1.99691609977,126,350,0.00129076204685,1,92.3059649246,8.45501962336,2.0895717818,0.0907356476819,126.23897567
R02,88064,1.99691609977,253,174.308300395,0.00215181140962,0,0.107512163017,92.5201347371,0.0509643615011,0.572080435113,126.23897567
R02,88064,1.99691609977,379,116.35883905,0.00214564788459,0,1.23433268957,0.071672582464,92.6683035339,0,126.23897567
R02,88064,1.99691609977,505,87.3267326733,0.00267170329143,0,0.579009466355,0.0985293057854,0.593043805033,0,126.23897567
R02,88576,2.0085260771,126,350,0.00136738933914,1,90.0892372997,8.69034066979,2.07217885984,0.264036141137,126.239021932
R02,88576,2.0085260771,252,175,0.00229512698234,0,0.264036141137,90.0892372997,0.0614303845663,0.494788316808,126.239021932
R02,88576,2.0085260771,379,116.35883905,0.00257981962578,0,1.34323589865,0.167807971572,90.4610318778,0,126.239021932
R02,88576,2.0085260771,505,87.3267326733,0.00310482801014,0,0.482741599899,0.270493666682,0.601513583125,0,126.239021932
R02,89088,2.02013605442,126,350,0.00159415196665,1,88.1880196363,8.92284670143,2.01853931644,0.447823905083,126.245330304
R02,89088,2.02013605442,253,174.308300395,0.00274198842399,0,0.466924483762,88.3642188106,0.0825899908386,0.501263471107,126.245330304
R02,89088,2.02013605442,379,116.35883905,0.00309150731842,0,1.0835976219,0.187601894838,88.5149810768,0,126.245330304
R02,89088,2.02013605442,505,87.3267326733,0.00376515675397,0,0.511736815117,0.457568744115,0.697582189947,0,126.245330304
R02,89600,2.03174603175,126,350,0.00170074454993,1,86.5295786274,9.05432669004,1.95063606565,0.557688927116,126.248564867
R02,89600,2.03174603175,253,174.308300395,0.0030197399099,0,0.568264668243,86.5743061347,0.0896839881303,0.485058976805,126.248564867
R02,89600,2.03174603175,379,116.35883905,0.00347271035455,0,0.66941832328,0.0813002644274,86.7657561816,0,126.248564867
R02,89600,2.03174603175,505,87.3267326733,0.00427173485857,0,0.488122149261,0.563141375215,0.831282739256,0,126.248564867
R02,90112,2.04335600907,126,350,0.00169569085722,1,85.0600356914,9.03929441623,1.91484001432,0.529343103215,126.257205117
R02,90112,2.04335600907,253,174.308300395,0.0030606284564,0,0.53294785965,85.0262705933,0.0754407838728,0.288809111934,126.257205117
R02,90112,2.04335600907,379,116.35883905,0.00383290010775,0,0.295508539238,0.179517424008,85.2396486045,0,126.257205117
R02,90112,2.04335600907,505,87.3267326733,0.00461719415422,0,0.288639817675,0.53130673468,0.914595968155,0,126.257205117
R02,90624,2.05496598639,126,350,0.0015528695509,1,83.8095599925,8.91131098483,1.94884634138,0.36509736695,126.243547297
R02,90624,2.05496598639,252,175,0.00325554681615,0,0.36509736695,83.8095599925,0.0569944926269,0.0420383390095,126.243547297
R02,90624,2.05496598639,379,116.35883905,0.00428809910636,0,0.0909127029595,0.467581222744,84.032811731,0,126.243547297
R02,90624,2.05496598639,505,87.3267326733,0.00495447953706,0,0.0340670486085,0.366629824109,0.912771598759,0,126.243547297
R02,91136,2.06657596372,126,350,0.0016393415657,1,82.6454571593,8.72214051038,2.06214095306,0.205115843402,126.226269501
R02,91136,2.06657596372,252,175,0.0033411266244,0,0.205115843402,82.6454571593,0.104213039281,0.23718330016,126.226269501
R02,91136,2.06657596372,379,116.35883905,0.00445753782524,0,0.401499367783,0.545999603532,82.9439176116,0,126.226269501
R02,91136,2.06657596372,505,87.3267326733,0.00521161885846,0,0.236580071539,0.208531357604,0.867549694553,0,126.226269501
R02,91648,2.07818594104,126,350,0.00162110632087,1,81.2127226629,8.52493774756,2.21881307442,0.0539411109959,126.227305295
R02,91648,2.07818594104,252,175,0.00326458779063,0,0.0539411109959,81.2127226629,0.165649675241,0.270631824629,126.227305295
R02,91648,2.07818594104,379,116.35883905,0.00451174443626,0,0.448995444462,0.442579721087,81.524321301,0,126.227305295
R02,91648,2.07818594104,505,87.3267326733,0.00526685294398,0,0.269308194355,0.0603395892452,0.749213936539,0,126.227305295
R02,92160,2.08979591837,126,350,0.00159740253431,1,79.5615331217,8.3597600916,2.35071796686,0.0908506077335,126.27722209
R02,92160,2.08979591837,253,174.308300395,0.00290945711364,0,0.0948864537398,79.6505391364,0.209370635362,0.161189880895,126.27722209
R02,92160,2.08979591837,379,116.35883905,0.00402976449461,0,0.31436837045,0.237530303481,79.8078451666,0,126.27722209
R02,92160,2.08979591837,505,87.3267326733,0.00478925855285,0,0.162388821021,0.0929165421394,0.611208303833,0,126.27722209
R02,92672,2.10140589569,126,350,0.00160753764696,1,78.0030354576,8.22366550821,2.40337284282,0.0210813624957,126.258429964
R02,92672,2.10140589569,253,174.308300395,0.00281959499708,0,0.0324874991122,78.0545735659,0.192255665173,0.06772937827,126.258429964
R02,92672,2.10140589569,379,116.35883905,0.003785240394,0,0.369899075029,0.263188505647,78.2242714994,0,126.258429964
R02,92672,2.10140589569,505,87.3267326733,0.00415191096122,0,0.0679468093782,0.0268024454136,0.462003187003,0,126.258429964
R02,93184,2.11301587302,126,350,0.00154010533852,1,76.778620511,8.1350659462,2.3650730143,0.229787689597,126.253948266
R02,93184,2.11301587302,253,174.308300395,0.00252031314296,0,0.232749266713,76.8416946393,0.135653894496,0.102312994616,126.253948266
R02,93184,2.11301587302,379,116.35883905,0.00341205576369,0,0.47869611766,0.346714376931,77.0061288494,0,126.253948266
R02,93184,2.11301587302,505,87.3267326733,0.00374640913878,0,0.10364173271,0.230978831913,0.316826532298,0,126.253948266
R02,93696,2.12462585034,126,350,0.00145821314736,1,76.0170657927,8.09367716248,2.27425184729,0.447835162309,126.251914773
R02,93696,2.12462585034,253,174.308300395,0.00229933537006,0,0.462334238545,76.1119632684,0.063565358308,0.331071605633,126.251914773
R02,93696,2.12462585034,379,116.35883905,0.00306762906447,0,0.428731535875,0.194580679052,76.2609993747,0,126.251914773
R02,93696,2.12462585034,505,87.3267326733,0.00335138538827,0,0.331751585827,0.454888786788,0.32704971123,0,126.251914773
R02,94208,2.13623582766,126,350,0.00148243120599,1,75.4683312285,8.04912696794,2.20069158846,0.569992849785,126.268869356
R02,94208,2.13623582766,253,174.308300395,0.00208377049076,0,0.596165241038,75.5855701643,0.0345697891501,0.452341825015,126.268869356
R02,94208,2.13623582766,379,116.35883905,0.00270617464676,0,0.359800181028,0.187274079722,75.7226853552,0,126.268869356
R02,94208,2.13623582766,505,87.3267326733,0.00286104984754,0,0.451973637268,0.582966675116,0.466994729879,0,126.268869356
R02,94720,2.14784580499,126,350,0.00142935239362,1,74.7139653343,7.96752108435,2.19098636262,0.532211442429,126.275672232
R02,94720,2.14784580499,253,174.308300395,0.0019640908358,0,0.555165456212,74.8784449853,0.0505799580934,0.36023536825,126.275672232
R02,94720,2.14784580499,379,116.35883905,0.00238973287098,0,0.385137180055,0.273446367528,74.9990000455,0,126.275672232
R02,94720,2.14784580499,505,87.3267326733,0.00231782867921,0,0.360851568843,0.543621297865,0.545420314737,0,126.275672232
R02,95232,2.15945578231,126,350,0.00140975106038,1,73.637754005,7.84652852057,2.21561763549,0.28424521831,126.294327495
R02,95232,2.15945578231,253,174.308300395,0.0019118933464,0,0.296289264436,73.8707820781,0.0484050414505,0.0696249114409,126.294327495
R02,95232,2.15945578231,379,116.35883905,0.00241280533447,0,0.318621977488,0.167128529299,73.9683026613,0,126.294327495
R02,95232,2.15945578231,505,87.3267326733,0.00234161413924,0,0.0835792409279,0.289673712026,0.456422715391,0,126.294327495
R02,95744,2.17106575964,126,350,0.00158653078994,1,72.471899965,7.6939070371,2.23067110608,0.093878715343,126.249678172
R02,95744,2.17106575964,253,174.308300395,0.00214378306359,0,0.130300715014,72.7351494794,0.0440985505212,0.369576954824,126.249678172
R02,95744,2.17106575964,379,116.35883905,0.00262870829175,0,0.174978101311,0.077168242743,72.8199300409,0,126.249678172
R02,95744,2.17106575964,505,87.3267326733,0.00249096980738,0,0.372260899786,0.111464682277,0.332021378308,0,126.249678172
R02,96256,2.18267573696,126,350,0.0014806216656,1,71.3764662055,7.54513391085,2.2122474443,0.347567659854,126.285966787
R02,96256,2.18267573696,253,174.308300395,0.00219967415618,0,0.35832680283,71.5876635766,0.0381140838025,0.522561177204,126.285966787
R02,96256,2.18267573696,379,116.35883905,0.00238702482357,0,0.162389248607,0.109777154601,71.6860629961,0,126.285966787
R02,96256,2.18267573696,505,87.3267326733,0.00271961745605,0,0.52941001912,0.35284040695,0.241648510703,0,126.285966787
R02,96768,2.19428571429,126,350,0.00141131954526,1,70.3115577824,7.43430846604,2.14978294712,0.450446382347,126.243761818
R02,96768,2.19428571429,253,174.308300395,0.00222946015991,0,0.458268644231,70.4647566076,0.0311577137372,0.431657696169,126.243761818
R02,96768,2.19428571429,379,116.35883905,0.00271576469434,0,0.286790490257,0.10827061626,70.5797134938,0,126.243761818
R02,96768,2.19428571429,505,87.3267326733,0.00299850069063,0,0.444217178504,0.454558271888,0.148171180878,0,126.243761818
R02,97280,2.20589569161,126,350,0.00163762349046,1,69.3136294494,7.35861705422,2.06127392591,0.426148961521,126.255662293
R02,97280,2.20589569161,253,174.308300395,0.00261270506276,0,0.449496857612,69.4012433453,0.0425295034016,0.348581993258,126.255662293
R02,97280,2.20589569161,379,116.35883905,0.00294790396119,0,0.481434680316,0.149981380892,69.5370634984,0,126.255662293
R02,97280,2.20589569161,505,87.3267326733,0.0034593492987,0,0.358833998494,0.438130231089,0.0877041607423,0,126.255662293
R02,97792,2.21750566893,126,350,0.00185459584175,1,68.4593859967,7.27565733984,1.98445717841,0.367463577175,126.246832788
R02,97792,2.21750566893,252,175,0.002849389247,0,0.367463577175,68.4593859967,0.051962842689,0.418491327137,126.246832788
R02,97792,2.21750566893,379,116.35883905,0.00327234710282,0,0.368421407951,0.187816655074,68.6488313004,0,126.246832788
R02,97792,2.21750566893,505,87.3267326733,0.00367997564554,0,0.4060293306,0.374485000993,0.109745077381,0,126.246832788
R02,98304,2.22911564626,126,350,0.00208989113279,1,67.7792845578,7.19343738111,1.94001850237,0.34456432783,126.259140679
R02,98304,2.22911564626,253,174.308300395,0.00313930156271,0,0.332876549626,67.7917094609,0.052539971724,0.405426065369,126.259140679
R02,98304,2.22911564626,379,116.35883905,0.00345544634765,0,0.208394691717,0.234093192035,67.9479701967,0,126.259140679
R02,98304,2.22911564626,505,87.3267326733,0.00404216542747,0,0.417381349876,0.338962360739,0.0769792332313,0,126.259140679
R02,98816,2.24072562358,126,350,0.00265753488919,1,67.0949667007,7.14888381795,1.94116596572,0.42401345308,126.246817703
R02,98816,2.24072562358,253,174.308300395,0.00327626835311,0,0.400526978129,67.1596137586,0.0316397447389,0.44359214526,126.246817703
R02,98816,2.24072562358,379,116.35883905,0.00370076150065,0,0.319338755628,0.378958215925,67.2957069565,0,126.246817703
R02,98816,2.24072562358,505,87.3267326733,0.00415592365585,0,0.456531711221,0.412648494856,0.0809551859111,0,126.246817703
R02,99328,2.25233560091,126,350,0.00259230074505,1,66.4053455403,7.15478701228,1.97891577022,0.678540144765,126.271281704
R02,99328,2.25233560091,253,174.308300395,0.00274229290808,0,0.684454861011,66.5769548667,0.00447337865825,0.565730483668,126.271281704
R02,99328,2.25233560091,379,116.35883905,0.00308056306872,0,0.124709235937,0.540332816234,66.6774176603,0,126.271281704
R02,99328,2.25233560091,505,87.3267326733,0.00380176520128,0,0.57888128404,0.681816807416,0.102251702718,0,126.271281704
R02,99840,2.26394557823,126,350,0.00266909853432,1,65.874456684,7.18850985282,2.0149684045,0.93693221299,126.238140103
R02,99840,2.26394557823,252,175,0.00294272246761,0,0.93693221299,65.874456684,0.0130738852265,0.683997498973,126.238140103
R02,99840,2.26394557823,379,116.35883905,0.0033115018566,0,0.466050660882,0.695235628144,66.1859598108,0,126.238140103
R02,99840,2.26394557823,505,87.3267326733,0.00372691444361,0,0.678640061692,0.950721633184,0.0965889422582,0,126.238140103
R02,100352,2.27555555556,126,350,0.00260560099842,1,65.5180636794,7.19581700584,2.01735311703,1.15816167287,126.241607096
R02,100352,2.27555555556,253,174.308300395,0.00291815464975,0,1.18357004669,65.6839533029,0.0242737363663,0.497176107189,126.241607096
R02,100352,2.27555555556,379,116.35883905,0.00316071900919,0,0.821056113595,0.737144885439,65.7843860542,0,126.241607096
R02,100352,2.27555555556,505,87.3267326733,0.00347473710489,0,0.502420085105,1.17127500451,0.0355138030093,0,126.241607096
R02,100864,2.28716553288,126,350,0.00244679887975,1,65.1754142312,7.14494850288,1.98139283659,1.2158525808,126.21742436
R02,100864,2.28716553288,252,175,0.00262545979366,0,1.2158525808,65.1754142312,0.0260318353549,0.267704056461,126.21742436
R02,100864,2.28716553288,379,116.35883905,0.00304321869753,0,0.879226014502,0.689438081106,65.3506072401,0,126.21742436
R02,100864,2.28716553288,505,87.3267326733,0.00304420193738,0,0.252037350286,1.21922341131,0.0169422712958,0,126.21742436
R02,101376,2.2987755102,126,350,0.00261893908132,1,64.6589582618,7.05945258829,1.92196262053,1.04767973671,126.24305407
R02,101376,2.2987755102,253,174.308300395,0.00323760780824,0,1.04900945885,64.6028024865,0.0261520290755,0.466466178655,126.24305407
R02,101376,2.2987755102,379,116.35883905,0.003509950998,0,0.707237058208,0.502264173676,64.7728094528,0,126.24305407
R02,101376,2.2987755102,505,87.3267326733,0.00367082344234,0,0.469330358248,1.04890922264,0.0825894542263,0,126.24305407
R02,101888,2.31038548753,126,350,0.00281479503949,1,63.8721542966,6.98654957626,1.86965645591,0.806371883626,126.245975166
R02,101888,2.31038548753,253,174.308300395,0.00406522522465,0,0.818731307769,63.8681079464,0.0316253470646,0.41876252543,126.245975166
R02,101888,2.31038548753,379,116.35883905,0.00458403393689,0,0.366463462664,0.266949501008,64.0212937693,0,126.245975166
R02,101888,2.31038548753,505,87.3267326733,0.00456662987951,0,0.421355214475,0.813130333305,0.292246369499,0,126.245975166
R02,102400,2.32199546485,126,350,0.00275367428641,1,62.9204829976,6.92133215921,1.84424644639,0.601227094311,126.209969984
R02,102400,2.32199546485,252,175,0.00456343558599,0,0.601227094311,62.9204829976,0.0800303410059,0.243577089207,126.209969984
R02,102400,2.32199546485,379,116.35883905,0.00531386814606,0,0.255378248383,0.18798944395,63.1437447682,0,126.209969984
R02,102400,2.32199546485,505,87.3267326733,0.00544064659881,0,0.226653160192,0.609537005091,0.61372206089,0,126.209969984
R02,102912,2.33360544218,126,350,0.00242349013259,1,61.9421151355,6.83466632836,1.8534868577,0.471851224082,126.234447805
R02,102912,2.33360544218,252,175,0.00485304546901,0,0.471851224082,61.9421151355,0.135199007281,0.591380064527,126.234447805
R02,102912,2.33360544218,379,116.35883905,0.00602287606943,0,0.350609835781,0.192834796825,62.2085745214,0,126.234447805
R02,102912,2.33360544218,505,87.3267326733,0.00632530668335,0,0.58514301831,0.469789546363,0.903398342791,0,126.234447805
R02,103424,2.3452154195,126,350,0.00271778690708,1,60.9159081529,6.71841671429,1.88789707451,0.332416059883,126.288221797
R02,103424,2.3452154195,253,174.308300395,0.00544222574037,0,0.318176094673,61.090100756,0.165077812985,0.871560258646,126.288221797
R02,103424,2.3452154195,379,116.35883905,0.00676339285858,0,0.308944617574,0.293715428108,61.1752404644,0,126.288221797
R02,103424,2.3452154195,505,87.3267326733,0.00689660590983,0,0.875827247414,0.325377822094,0.98970110475,0,126.288221797
R02,103936,2.35682539683,126,350,0.00266118068554,1,59.8473347824,6.58989667251,1.90931294268,0.183618024472,126.255327194
R02,103936,2.35682539683,253,174.308300395,0.00539212362994,0,0.183399566707,60.0045883597,0.160904348028,0.777533036841,126.255327194
R02,103936,2.35682539683,379,116.35883905,0.00689259645524,0,0.291428164962,0.44325548011,60.0952195538,0,126.255327194
R02,103936,2.35682539683,505,87.3267326733,0.00753683111286,0,0.788871135575,0.183456595627,0.874588534974,0,126.255327194
R02,104448,2.36843537415,126,350,0.00280553663728,1,59.0747762271,6.50018857619,1.89256511299,0.0566939490869,126.271764763
R02,104448,2.36843537415,253,174.308300395,0.00563033640667,0,0.0697360696304,59.2455377525,0.146236594114,0.524034752516,126.271764763
R02,104448,2.36843537415,379,116.35883905,0.00696055288272,0,0.129162933992,0.49068448819,59.3318920739,0,126.271764763
R02,104448,2.36843537415,505,87.3267326733,0.00767010381601,0,0.537956216052,0.0630989459658,0.684583797175,0,126.271764763
R02,104960,2.38004535147,126,350,0.00277223165417,1,58.7801314205,6.45667963835,1.83683622901,0.0591769624501,126.201200365
R02,104960,2.38004535147,252,175,0.00551934834757,0,0.0591769624501,58.7801314205,0.13622302034,0.349814525721,126.201200365
R02,104960,2.38004535147,379,116.35883905,0.00655446241884,0,0.176077780104,0.528201894186,59.0308436719,0,126.201200365
R02,104960,2.38004535147,505,87.3267326733,0.00703870861058,0,0.338305015961,0.0603098496907,0.585148429532,0,126.201200365
R02,105472,2.3916553288,126,350,0.00272868577298,1,58.7307087825,6.45408204441,1.75852577854,0.0954401813682,126.254055113
R02,105472,2.3916553288,253,174.308300395,0.00453378820431,0,0.0947438032964,58.8086219136,0.11517427363,0.334549470023,126.254055113
R02,105472,2.3916553288,379,116.35883905,0.00533346440295,0,0.407542046708,0.490123610619,58.9198190365,0,126.254055113
R02,105472,2.3916553288,505,87.3267326733,0.00613605450983,0,0.349892561001,0.0950442317912,0.535570647859,0,126.254055113
R02,105984,2.40326530612,126,350,0.00269162324759,1,58.414098776,6.44775452065,1.68161327838,0.118542542727,126.237290482
R02,105984,2.40326530612,252,175,0.00441536182857,0,0.118542542727,58.414098776,0.154267620804,0.506554273398,126.237290482
R02,105984,2.40326530612,379,116.35883905,0.00443675625851,0,0.57358212474,0.441100228444,58.5401983601,0,126.237290482
R02,105984,2.40326530612,505,87.3267326733,0.00496874266504,0,0.499441867697,0.117986364377,0.454990455589,0,126.237290482
R02,106496,2.41487528345,126,350,0.00243123152216,1,57.5797537252,6.39698206169,1.63385454068,0.146760225337,126.237819768
R02,106496,2.41487528345,253,174.308300395,0.00394279978684,0,0.147003766337,57.537510375,0.153288947736,0.331137760893,126.237819768
R02,106496,2.41487528345,379,116.35883905,0.00398946546565,0,0.683214939797,0.497717895984,57.6863043151,0,126.237819768
R02,106496,2.41487528345,505,87.3267326733,0.00424804459998,0,0.343525727212,0.146909413463,0.449948409967,0,126.237819768
R02,107008,2.42648526077,126,350,0.00235414264898,1,56.349144622,6.28235548827,1.63044385625,0.215691144139,126.262045001
R02,107008,2.42648526077,253,174.308300395,0.00375930901705,0,0.225151336567,56.3592713936,0.198919578011,0.419987126708,126.262045001
R02,107008,2.42648526077,379,116.35883905,0.00376698286132,0,0.645664420397,0.502427404913,56.489984276,0,126.262045001
R02,107008,2.42648526077,505,87.3267326733,0.00405201593757,0,0.435212426882,0.220349291653,0.465794289149,0,126.262045001
R02,107520,2.4380952381,126,350,0.00283067245289,1,55.0348515939,6.10986555366,1.65256819849,0.311656288463,126.211050187
R02,107520,2.4380952381,253,174.308300395,0.00407080514902,0,0.324094501896,55.1341488207,0.215503540772,0.691624069004,126.211050187
R02,107520,2.4380952381,379,116.35883905,0.00347422850991,0,0.603394731185,0.382226849222,55.2321605138,0,126.211050187
R02,107520,2.4380952381,505,87.3267326733,0.00409004323843,0,0.696426310589,0.318057628965,0.39272837826,0,126.211050187
R02,108032,2.44970521542,126,350,0.00322014183631,1,53.9586429415,5.90318511197,1.66175801717,0.378128311027,126.227981855
R02,108032,2.44970521542,252,175,0.00467381193247,0,0.378128311027,53.9586429415,0.212605862853,0.625604415329,126.227981855
R02,108032,2.44970521542,379,116.35883905,0.00444792409764,0,0.490013180694,0.210604009879,54.2040378322,0,126.227981855
R02,108032,2.44970521542,505,87.3267326733,0.00548285891204,0,0.618091371702,0.383687910752,0.283610540799,0,126.227981855
R02,108544,2.46131519274,126,350,0.00340153573725,1,53.0594723409,5.71770193484,1.62288040428,0.446448826887,126.213546513
R02,108544,2.46131519274,253,174.308300395,0.00501923909508,0,0.445515155587,53.2496199969,0.164792573233,0.376964982696,126.213546513
R02,108544,2.46131519274,379,116.35883905,0.00532074176621,0,0.323119815167,0.260880234553,53.3121231915,0,126.213546513
R02,108544,2.46131519274,505,87.3267326733,0.00660569317283,0,0.393683204497,0.446332775979,0.190832063584,0,126.213546513
R02,109056,2.47292517007,126,350,0.00345827042844,1,52.2294466256,5.60769885438,1.52750818923,0.479121891243,126.302330299
R02,109056,2.47292517007,253,174.308300395,0.00519174382854,0,0.473963909717,52.377089804,0.13155651426,0.455804913986,126.302330299
R02,109056,2.47292517007,379,116.35883905,0.00599969687964,0,0.705679483449,0.389663499645,52.4516874405,0,126.302330299
R02,109056,2.47292517007,505,87.3267326733,0.00730469509469,0,0.462480803341,0.476788056321,0.206359412349,0,126.302330299
R02,109568,2.48453514739,126,350,0.00369479853271,1,51.4253460388,5.55222692161,1.41143516554,0.489121998918,126.273737617
R02,109568,2.48453514739,253,174.308300395,0.00575881350579,0,0.493131321757,51.5145195386,0.0821095220033,0.527469058596,126.273737617
R02,109568,2.48453514739,379,116.35883905,0.00676933660311,0,0.999495844436,0.411065934743,51.6065117048,0,126.273737617
R02,109568,2.48453514739,505,87.3267326733,0.0084227747729,0,0.530830011966,0.491393472691,0.279327206296,0,126.273737617
R02,110080,2.49614512472,126,350,0.00419887458232,1,50.6524586165,5.5143250134,1.33502642485,0.510353236538,126.237444891
R02,110080,2.49614512472,253,174.308300395,0.00652745537905,0,0.511022872368,50.727689838,0.0126806297045,0.31676528627,126.237444891
R02,110080,2.49614512472,379,116.35883905,0.00890177638234,0,1.00545528535,0.375181646509,50.8228985591,0,126.237444891
R02,110080,2.49614512472,505,87.3267326733,0.0104755189581,0,0.32599577057,0.511119266735,0.298123054513,0,126.237444891
R02,110592,2.50775510204,126,350,0.00443265295802,1,49.8923904524,5.45782627496,1.33752311151,0.609464949661,126.228696375
R02,110592,2.50775510204,253,174.308300395,0.00720660101947,0,0.603736997572,49.9744101349,0.0779522394915,0.252283020959,126.228696375
R02,110592,2.50775510204,379,116.35883905,0.00971017121481,0,0.907442288168,0.381197827955,50.0655195088,0,126.228696375
R02,110592,2.50775510204,505,87.3267326733,0.0113069703889,0,0.257647243912,0.607144569225,0.322882415204,0,126.228696375
R02,111104,2.51936507937,126,350,0.00481670243774,1,49.1738533291,5.38871309083,1.40724191135,0.723068141316,126.183493635
R02,111104,2.51936507937,252,175,0.00707843677197,0,0.723068141316,49.1738533291,0.113161126779,0.339596881053,126.183493635
R02,111104,2.51936507937,379,116.35883905,0.0102074358694,0,0.902403234115,0.458139499801,49.3219756167,0,126.183493635
R02,111104,2.51936507937,505,87.3267326733,0.0109677298526,0,0.33813396993,0.727220198034,0.397578695824,0,126.183493635
R02,111616,2.53097505669,126,350,0.00445086556753,1,48.5201129724,5.32980466909,1.49221062896,0.798809259302,126.256150179
R02,111616,2.53097505669,253,174.308300395,0.00692146471993,0,0.829957646119,48.5046892605,0.11319831604,0.454142875091,126.256150179
R02,111616,2.53097505669,379,116.35883905,0.0102598608025,0,0.823298398096,0.512908413593,48.62453983,0,126.256150179
R02,111616,2.53097505669,505,87.3267326733,0.0105111180888,0,0.457772113997,0.814764242084,0.514736455574,0,126.256150179
R02,112128,2.54258503401,126,350,0.00444468690515,1,47.880071702,5.2761663859,1.54096383866,0.813038414364,126.204453094
R02,112128,2.54258503401,252,175,0.00705403268884,0,0.813038414364,47.880071702,0.0741398571157,0.584081419955,126.204453094
R02,112128,2.54258503401,379,116.35883905,0.0100610465711,0,0.568109248328,0.365733906439,47.974495928,0,126.204453094
R02,112128,2.54258503401,505,87.3267326733,0.0102446938533,0,0.582658934557,0.837731969464,0.493081404658,0,126.204453094
R02,112640,2.55419501134,126,350,0.0045086009385,1,47.3172356158,5.22845409089,1.53269686623,0.741496454728,126.235397065
R02,112640,2.55419501134,253,174.308300395,0.00681752729112,0,0.783679728152,47.327187504,0.0451463313818,0.540795396706,126.235397065
R02,112640,2.55419501134,379,116.35883905,0.00930705045009,0,0.220758929575,0.078605837232,47.4364215082,0,126.235397065
R02,112640,2.55419501134,505,87.3267326733,0.00965864771745,0,0.54423141942,0.762561482172,0.364532878918,0,126.235397065
R02,113152,2.56580498866,126,350,0.00449387221093,1,46.9033087909,5.1947186482,1.47481277964,0.626224556001,126.172653488
R02,113152,2.56580498866,252,175,0.006581708641,0,0.626224556001,46.9033087909,0.0289534418758,0.364694452067,126.172653488
R02,113152,2.56580498866,379,116.35883905,0.00856725000862,0,0.448010074173,0.252806985861,47.0508986874,0,126.172653488
R02,113152,2.56580498866,505,87.3267326733,0.00872170839576,0,0.35075917056,0.637261010175,0.200506618527,0,126.172653488
R02,113664,2.57741496599,126,350,0.00460604071418,1,46.5341439755,5.17962412005,1.39513622319,0.390068817737,126.26777747
R02,113664,2.57741496599,253,174.308300395,0.00646140269035,0,0.388026676748,46.5938021218,0.0362617499325,0.450029880226,126.26777747
R02,113664,2.57741496599,379,116.35883905,0.00750589480045,0,0.61173353222,0.374294588521,46.6834625842,0,126.26777747
R02,113664,2.57741496599,505,87.3267326733,0.00711656508319,0,0.46272928386,0.389049385142,0.159083070044,0,126.26777747
R02,114176,2.58902494331,126,350,0.0039848216922,1,46.0218071027,5.1665560602,1.33518348897,0.199275004499,126.256389328
R02,114176,2.58902494331,253,174.308300395,0.00523620806975,0,0.166903201251,46.0848592866,0.0323293661684,0.683630486556,126.256389328
R02,114176,2.58902494331,379,116.35883905,0.00552534783216,0,0.39164243449,0.23891655145,46.1715755426,0,126.256389328
R02,114176,2.58902494331,505,87.3267326733,0.00600695247763,0,0.689968668967,0.18349980812,0.31866230638,0,126.256389328
R02,114688,2.60063492063,126,350,0.00382840973906,1,45.3282115025,5.13203986142,1.31050024612,0.355999673015,126.20734906
R02,114688,2.60063492063,253,174.308300395,0.00517077461954,0,0.357556153716,45.4104958135,0.0263832258204,0.529184585429,126.20734906
R02,114688,2.60063492063,379,116.35883905,0.00570759031209,0,0.288325160795,0.13742703566,45.4898272539,0,126.20734906
R02,114688,2.60063492063,505,87.3267326733,0.00606262943818,0,0.541494810083,0.356535607024,0.472757399581,0,126.20734906
R02,115200,2.61224489796,126,350,0.00361292464247,1,44.5671038034,5.05572435142,1.32117427861,0.583715295421,126.287594249
R02,115200,2.61224489796,253,174.308300395,0.0054714463061,0,0.592498636742,44.6756192478,0.0194685601408,0.329366400191,126.287594249
R02,115200,2.61224489796,379,116.35883905,0.00577297612287,0,0.524088561962,0.211310684552,44.7458447952,0,126.287594249
R02,115200,2.61224489796,505,87.3267326733,0.00572091952144,0,0.347981534297,0.588230990035,0.560733461452,0,126.287594249
R02,115712,2.62385487528,126,350,0.00418404498315,1,43.8514681464,4.94220390769,1.33946526809,0.695621887689,126.268150231
R02,115712,2.62385487528,253,174.308300395,0.00552380036584,0,0.720231862421,43.9918801629,0.00860546555287,0.576007061945,126.268150231
R02,115712,2.62385487528,379,116.35883905,0.00531778476407,0,0.441989302348,0.279335203296,44.0498657284,0,126.268150231
R02,115712,2.62385487528,505,87.3267326733,0.0055225098965,0,0.586452501842,0.708319746962,0.490207952713,0,126.268150231
R02,116224,2.63546485261,126,350,0.00443590107116,1,43.1610992037,4.81645496134,1.33259648978,0.646454509255,126.249943169
R02,116224,2.63546485261,253,174.308300395,0.00503092327819,0,0.691993105583,43.3154025336,0.0112219529781,0.629279624347,126.249943169
R02,116224,2.63546485261,379,116.35883905,0.00587435630958,0,0.145202922854,0.329637029899,43.3655915922,0,126.249943169
R02,116224,2.63546485261,505,87.3267326733,0.00641722680904,0,0.641637036419,0.669424362616,0.309703132348,0,126.249943169
R02,116736,2.64707482993,126,350,0.0053558067892,1,42.3863022976,4.69033847922,1.28916170643,0.600609690855,126.285448378
R02,116736,2.64707482993,253,174.308300395,0.00595310818687,0,0.647227024229,42.5275189825,0.0404328154451,0.489665508826,126.285448378
R02,116736,2.64707482993,379,116.35883905,0.00683227286946,0,0.33925200191,0.409509862605,42.5793445612,0,126.285448378
R02,116736,2.64707482993,505,87.3267326733,0.0076919997124,0,0.503858307452,0.623988752631,0.114241666654,0,126.285448378
R02,117248,2.65868480726,126,350,0.00548298218926,1,41.437775168,4.57051819459,1.20967678652,0.582740527209,126.207462144
R02,117248,2.65868480726,253,174.308300395,0.00585312822427,0,0.606530921933,41.5453349787,0.0688260000005,0.434390624107,126.207462144
R02,117248,2.65868480726,379,116.35883905,0.00697307139621,0,0.205145864626,0.523884964741,41.607328391,0,126.207462144
R02,117248,2.65868480726,505,87.3267326733,0.00797687248823,0,0.450189151063,0.594768695135,0.123089003962,0,126.207462144
R02,117760,2.67029478458,126,350,0.00549942183553,1,40.5199958235,4.47663220036,1.13441703455,0.51388634787,126.243378182
R02,117760,2.67029478458,253,174.308300395,0.00598684816974,0,0.51828107565,40.5820567867,0.0782135724225,0.574457622716,126.243378182
R02,117760,2.67029478458,379,116.35883905,0.00755335157028,0,0.109814701603,0.566372729822,40.6589214659,0,126.243378182
R02,117760,2.67029478458,505,87.3267326733,0.00867176703805,0,0.587982520176,0.516382990768,0.272694162882,0,126.243378182
R02,118272,2.6819047619,126,350,0.00659490732516,1,39.827351854,4.40742834903,1.10895135549,0.452713928015,126.160714625
R02,118272,2.6819047619,252,175,0.006500888071,0,0.452713928015,39.827351854,0.0758054617943,0.719410108898,126.160714625
R02,118272,2.6819047619,379,116.35883905,0.00820477068521,0,0.184244087645,0.449930878614,39.9392365263,0,126.160714625
R02,118272,2.6819047619,505,87.3267326733,0.00920598055003,0,0.709880179764,0.454111564618,0.339553308478,0,126.160714625
R02,118784,2.69351473923,126,350,0.00680473039902,1,39.4670507159,4.36095993008,1.13863501226,0.422247853996,126.269797567
R02,118784,2.69351473923,253,174.308300395,0.00682958896548,0,0.441551224669,39.4508966389,0.0694164007049,0.587975730772,126.269797567
R02,118784,2.69351473923,379,116.35883905,0.00803750796493,0,0.229698413217,0.29947571347,39.5501605277,0,126.269797567
R02,118784,2.69351473923,505,87.3267326733,0.00929094512897,0,0.594056785769,0.432353901719,0.402954076544,0,126.269797567
R02,119296,2.70512471655,126,350,0.00704483222974,1,39.3074375311,4.33507268327,1.19056493874,0.525513117617,126.237638942
R02,119296,2.70512471655,253,174.308300395,0.00690190386384,0,0.553415429685,39.2611296501,0.0703475455803,0.232387362544,126.237638942
R02,119296,2.70512471655,379,116.35883905,0.00786218413716,0,0.467940142495,0.299576823563,39.368932534,0,126.237638942
R02,119296,2.70512471655,505,87.3267326733,0.00910972220491,0,0.241915843804,0.539408442324,0.574539208613,0,126.237638942
R02,119808,2.71673469388,126,350,0.00794833435106,1,39.0641576042,4.31924214866,1.23187388275,0.775543175318,126.242140875
R02,119808,2.71673469388,253,174.308300395,0.00808945189023,0,0.79320005671,39.0398849884,0.0973750940214,0.192754689882,126.242140875
R02,119808,2.71673469388,379,116.35883905,0.00962135532818,0,0.51770796785,0.285306848202,39.1394413063,0,126.242140875
R02,119808,2.71673469388,505,87.3267326733,0.00927434388679,0,0.201097474657,0.784550436269,0.752100770924,0,126.242140875
R02,120320,2.7283446712,126,350,0.00855611216999,1,38.5528213887,4.3193268143,1.26190839562,0.969976402886,126.234941951
R02,120320,2.7283446712,253,174.308300395,0.0082177247356,0,0.953257250023,38.6275864512,0.0825400857386,0.43333214037,126.234941951
R02,120320,2.7283446712,379,116.35883905,0.0100733495926,0,0.463862194351,0.192615095029,38.6929413693,0,126.234941951
R02,120320,2.7283446712,505,87.3267326733,0.0106033341929,0,0.442153398212,0.962326149737,0.720319202781,0,126.234941951
R02,120832,2.73995464853,127,347.244094488,0.134216680653,1,37.2335001431,3.97842662471,1.14547730648,0.838396874653,126.767229864
R02,120832,2.73995464853,253,174.308300395,0.0594728278972,0,0.870030469938,37.8041082116,0.0817986937912,0.710144595278,126.767229864
R02,120832,2.73995464853,379,116.35883905,0.0740045734467,0,0.390436927225,0.277686106481,37.8235079175,0,126.767229864
R02,120832,2.73995464853,506,87.1541501976,0.0819299249642,0,0.710144595278,0.870030469938,0.611815270449,0,126.767229864
R02,121344,2.75156462585,129,341.860465116,0.302719210655,0,28.9543963125,0.990904667288,0.278045918505,0.851702524974,0
R02,121344,2.75156462585,256,172.265625,0.310296097041,0,0.988606464617,33.6431941805,0.100345110889,1.36298027693,0
R02,121344,2.75156462585,381,115.748031496,0.385671908996,0,1.25541232639,0.302903887671,36.0409782655,0,0
R02,121344,2.75156462585,506,87.1541501976,0.358470907735,0,1.41744692489,1.32504449568,0.280560899131,0,0
R02,121856,2.76317460317,130,339.230769231,0.346412192537,0,23.8698159103,0.444306122595,0.924824768956,4.13291211891,0
R02,121856,2.76317460317,259,170.27027027,0.356961612488,0,4.15188814043,26.0689838277,0.425669658301,2.15059214319,0
R02,121856,2.76317460317,384,114.84375,0.511603497872,0,2.88665017395,0.573476144192,31.0061271195,0,0
R02,121856,2.76317460317,508,86.811023622,0.584313324089,0,2.24981482896,4.40573555601,2.82943810986,0,0
R02,122368,2.7747845805,131,336.641221374,0.444647093644,0,16.8720489588,0.688539315753,1.8688593577,7.49139631536,0
R02,122368,2.7747845805,260,169.615384615,0.460470960864,0,7.57812852248,19.4038957362,0.73332537505,2.98397213451,0
R02,122368,2.7747845805,385,114.545454545,0.592297900069,0,3.82475418398,2.86692227882,24.3761813848,0,0
R02,122368,2.7747845805,509,86.6404715128,0.691035833753,0,3.17429664921,7.92074048494,6.35053363061,0,0
R02,122880,2.78639455782,132,334.090909091,0.566404554679,0,8.81168668168,0.833052320611,3.18532557703,8.05262378587,0
R02,122880,2.78639455782,262,168.320610687,0.532020760369,0,8.27478585141,8.07947281095,1.73169183393,2.94174284518,0
R02,122880,2.78639455782,386,114.248704663,0.665162664503,0,3.37327477127,5.95885585804,16.0890614804,0,0
R02,122880,2.78639455782,510,86.4705882353,0.766591338467,0,3.2432082846,9.45397276702,9.62910177517,0,0
R02,123392,2.79800453515,134,329.104477612,0.659768718012,0,10.4596936698,0.653359629867,3.41077937176,4.31005703991,0
R02,123392,2.79800453515,265,166.41509434,0.579214078117,0,4.49885532435,6.00366099043,2.8891162307,2.31470683258,0
R02,123392,2.79800453515,388,113.659793814,0.70478341794,0,3.66917602863,7.0622157436,8.86782350635,0,0
R02,123392,2.79800453515,515,85.6310679612,0.901965540788,0,2.49499547804,7.61257913141,12.7261057969,0,0
R02,123904,2.80961451247,136,324.264705882,0.748500078312,0,9.63835955056,0.406465785935,1.4582931284,2.74521381788,0
R02,123904,2.80961451247,269,163.940520446,0.607954678426,0,1.38738432279,7.12691794098,2.44545499573,1.10851206121,0
R02,123904,2.80961451247,390,113.076923077,0.782669692594,0,6.03116995316,5.23789736418,10.3153796953,0,0
R02,123904,2.80961451247,531,83.0508474576,0.978908298282,0,1.13427826896,0.704084057205,14.5907131983,0,0
R02,124416,2.8212244898,138,319.565217391,0.817691399728,0,10.2302506265,0.249535783632,0.46064307957,2.80405920621,0
R02,124416,2.8212244898,275,160.363636364,0.608130768253,0,2.80639539473,9.19976697074,0.821579251588,0.183209839129,0
R02,124416,2.8212244898,396,111.363636364,0.805775814483,0,5.81245556922,3.87631657375,6.23225103691,0,0
R02,124928,2.83283446712,140,315,0.833612957744,0,8.71728674366,0.371740397428,0.356722108759,0.832578677449,0
R02,124928,2.83283446712,275,160.363636364,0.704231849261,0,2.08338361245,5.23706485232,1.165459692,0.719427567025,0
R02,124928,2.83283446712,384,114.84375,0.698862368518,0,6.78157915495,3.35155536974,14.7643972765,0,0
R02,124928,2.83283446712,541,81.5157116451,0.919195994255,0,0.699179151984,3.23171996633,7.90173959551,0,0
R02,125440,2.84444444444,136,324.264705882,0.996588039338,0,1.58957910316,0.162373359041,0.285916462148,2.51625748896,0
R02,125440,2.84444444444,265,166.41509434,0.701792171545,0,2.9265550136,5.18650466437,0.771777887579,1.06956975909,0
R02,125440,2.84444444444,374,117.914438503,0.5398391098,0,5.18966730022,6.11682966823,9.75691854532,0,0
R02,125440,2.84444444444,513,85.9649122807,0.903032300529,0,0.907115929168,4.05015619646,4.09459312911,0,0
R02,125952,2.85605442177,139,317.26618705,1.25574112624,0,5.113430665,0.219055249655,0.0918692194495,2.23518816602,0
R02,125952,2.85605442177,282,156.382978723,0.697499837205,0,2.96332251337,6.19908147367,0.24851797365,0,0
R02,125952,2.85605442177,362,121.82320442,0.523180393957,0,4.14462376812,2.90013254542,0.580179294552,0,0
R02,125952,2.85605442177,524,84.1603053435,1.06265725681,0,1.25550207821,1.26920407599,4.38427497128,0,0
R02,126464,2.86766439909,139,317.26618705,1.13968245778,0,4.97188009843,0.261541097407,0.07644738442,2.68949736719,0
R02,126464,2.86766439909,278,158.633093525,0.625511393904,0,2.68949736719,4.97188009843,0.75241019457,0,0
R02,126464,2.86766439909,369,119.512195122,0.510299032351,0,4.04454481353,6.84438060053,5.45891364272,0,0
R02,126464,2.86766439909,534,82.5842696629,1.03192654443,0,1.5079741268,1.24821009632,6.3342622991,0,0
R02,126976,2.87927437642,138,319.565217391,1.36370026388,0,4.26965143694,0.245594451537,0.188941474065,3.2850641741,0
R02,126976,2.87927437642,359,122.841225627,0.44715025798,0,8.82701844402,8.23971408587,2.23768593664,0,0
R02,127488,2.89088435374,140,315,1.29916246754,0,3.00052982318,0.217570823117,0.0411715953132,3.24106265122,0
R02,127488,2.89088435374,360,122.5,0.428303841934,0,8.47345563251,7.8178788975,1.54780820585,0,0
R02,128000,2.90249433107,148,297.972972973,1.28693518423,0,0.14659877599,0.10995197718,0.0525651200881,3.17800738652,0
R02,128000,2.90249433107,358,123.184357542,0.41777130365,0,7.02758359239,5.83771251072,0.420325692674,0,0
R02,128000,2.90249433107,536,82.276119403,1.01616205602,0,1.04439885325,0.637967000074,5.73165520313,0,0
R02,129024,2.92571428571,257,171.595330739,0.873124138268,0,2.55791717041,3.2201154831,0.16870613563,1.29478409882,0
R02,129024,2.92571428571,363,121.487603306,0.449966718286,0,3.51384870113,3.22158305609,0.678676657317,0,0
R02,129024,2.92571428571,526,83.8403041825,1.04324550429,0,1.18712811379,1.88370409089,1.83947246975,0,0
R02,129536,2.93732426304,271,162.730627306,0.668301018071,0,1.84159452036,0.595523932379,0.367253386758,1.23157669204,0
R02,129536,2.93732426304,357,123.529411765,0.546929956438,0,3.07746270917,2.20048811212,0.162968771429,0,0
R02,130048,2.94893424036,270,163.333333333,0.635801759365,0,2.5331968803,0.662523239126,0.220963278377,1.09206983786,0
R02,130048,2.94893424036,355,124.225352113,0.651658327599,0,1.12335154433,1.47407601847,0.112914164744,0,0
R02,154624,3.50621315193,225,196,0.578439738705,0,0.1712306069,0.124373142047,0.0309464419907,0.488307131401,0
R02,154624,3.50621315193,436,101.146788991,0.839530601101,0,0.484302990793,0.176279866081,0.215091210187,0,0
R02,155136,3.51782312925,295,149.491525424,0.66457875982,0,0.287630881568,0.386604394878,0.115305164124,0,0
R02,155648,3.52943310658,296,148.986486486,0.667446344524,0,2.88495463243,0.914516305374,0.20029771396,0,0
R02,161280,3.65714285714,24,1837.5,2.19135005772,0,0.0178557188886,0,0,0.0410620947391,0
R02,161280,3.65714285714,277,159.205776173,1.53474297605,0,0.188034758172,0.382417387265,0.0417062984229,0,0
R02,161792,3.66875283447,23,1917.39130435,2.21321139255,0,0.0034789287531,0,0,0.0527215988788,0
R02,161792,3.66875283447,281,156.939501779,1.69123997936,0,0.270122349536,0.357054891138,0.0569036841848,0,0
R02,166400,3.77324263039,23,1917.39130435,2.29017401518,0,0.0167354357579,0,0,0.00875075774627,0
R02,166400,3.77324263039,261,168.965517241,1.08522851426,0,0.24000253169,0.187413066733,0.095072587029,0.405718473085,0
R02,166400,3.77324263039,414,106.52173913,1.27167956961,0,0.316189626782,0.270814129221,0.332538534711,0,0
R02,166912,3.78485260771,23,1917.39130435,2.25003339206,0,0.0130552312526,0,0,0.0145705305508,0
R02,166912,3.78485260771,263,167.680608365,1.35779531515,0,0.359208541885,0.20264207528,0.117581662789,0.265528384963,0
R02,166912,3.78485260771,430,102.558139535,1.48004712063,0,0.507681082742,0.727543287012,0.45166268882,0,0
R02,167424,3.79646258503,23,1917.39130435,2.13155022599,0,0.00338336849939,0,0,0.0103237865557,0
R02,167424,3.79646258503,258,170.930232558,1.3294905728,0,0.168083507359,0.166077009718,0.116116029618,0.0964484301235,0
R02,167424,3.79646258503,449,98.2182628062,1.53827435723,0,0.413834891841,0.689546445523,0.458267557477,0,0
R02,167936,3.80807256236,23,1917.39130435,2.14128383116,0,0.00602881810564,0,0,0.00464899657972,0
R02,167936,3.80807256236,276,159.782608696,1.31092356015,0,1.01011487561,0.328295711057,0.0905210194971,0,0
R02,167936,3.80807256236,292,151.02739726,1.3145899434,0,1.26866605338,0.222491003483,0.0928233861253,0,0
R02,173056,3.9241723356,24,1837.5,2.14988383012,0,0.00989011428158,0,0,0.0426304948409,0
R02,173056,3.9241723356,352,125.284090909,1.04350807229,0,0.628813092833,0.426321191646,0.018419660726,0,0
R02,173056,3.9241723356,385,114.545454545,1.03265201267,0,0.384874774629,0.522177882574,0.125695583541,0,0
R02,173056,3.9241723356,431,102.320185615,1.04308320926,0,0.422994082214,0.272928283168,0.182898682772,0,0
R02,173056,3.9241723356,454,97.1365638767,1.04831583142,0,0.532910448918,0.321633032031,0.359868604378,0,0
R02,173056,3.9241723356,545,80.9174311927,0.993742305608,0,0.264266479819,0.126054804076,0.461172573666,0,0
R02,173568,3.93578231293,42,1050,1.739055201,0,0.151581921235,0,0,0.0683653660115,0
R02,173568,3.93578231293,243,181.481481481,0.510018414873,0,0.608371552248,0.216533430195,0.043047858178,0.587767678456,0
R02,173568,3.93578231293,318,138.679245283,0.70299172065,0,0.531839671581,0.202988320808,0.165763509687,0,0
R02,173568,3.93578231293,500,88.2,0.68636145288,0,0.445657590036,0.334944344991,0.563844336503,0,0
R02,174080,3.94739229025,41,1075.6097561,1.82020687859,0,0.819194278549,0,0,0.314612340193,0
R02,174080,3.94739229025,285,154.736842105,0.725903943191,0,4.23716789109,1.52063539832,0.491780146198,0,0
R02,174592,3.95900226757,41,1075.6097561,1.82393360746,0,1.89931725764,0,0,0.548697995656,0
R02,174592,3.95900226757,284,155.281690141,0.744768905759,0,11.2247530609,3.62082565477,1.11392335974,0,0
R02,174592,3.95900226757,527,83.6812144213,0.918864849358,0,6.06150657785,10.9965409938,5.24225731573,0,0
R03,36352,0.824308390023,279,158.064516129,0.528198884339,0,0.341947773528,0.0624666261194,0.0996524374878,0,0
R03,36352,0.824308390023,472,93.4322033898,0.684350758661,0,0.779047145676,0.208089295011,0.0756052582282,0,0
R03,36864,0.835918367347,299,147.491638796,0.71248164892,0,1.51365747346,0.437920315308,0.0224829613933,0,0
R03,37376,0.847528344671,300,147,0.743156075172,0,4.15550730156,0.804400427045,0.0776058833539,0,0
R03,38400,0.87074829932,25,1764,2.45749867426,0,0.0217124349028,0,0,0.147014836869,0
R03,38400,0.87074829932,298,147.986577181,0.751753294126,0,6.27368828974,1.25955018195,0.174171897114,0,0
R03,38400,0.87074829932,455,96.9230769231,1.09238092637,0,4.74686518999,3.28790371008,1.08944558396,0,0
R03,38912,0.882358276644,23,1917.39130435,2.13305566379,0,0.0154371751985,0,0,0.140530922807,0
R03,38912,0.882358276644,59,747.457627119,2.38177904565,0,0.116590914238,0.0800347397799,0,0.469449432483,0
R03,38912,0.882358276644,307,143.648208469,0.790727533405,0,5.44647134452,0.816190321978,0.200448542499,0,0
R03,38912,0.882358276644,450,98,1.08966671,0,3.89635654734,1.95931736902,1.19087813205,0,0
R03,38912,0.882358276644,542,81.3653136531,1.01497409063,0,2.48037769736,4.6389660346,1.20667200758,0,0
R03,39424,0.893968253968,165,267.272727273,0.565479210364,0,1.49690206989,0.278547517215,0.300928738086,4.06979684074,0
R03,39424,0.893968253968,320,137.8125,0.543542117244,0,3.41330956532,0.789626492258,0.185280752039,0,0
R03,39424,0.893968253968,550,80.1818181818,0.706843824392,0,1.39308727926,2.51476151515,1.88304703282,0,0
R03,39936,0.905578231293,149,295.973154362,0.767695727706,0,10.289228223,0.187892095431,0.334955260927,5.8618518792,0
R03,39936,0.905578231293,251,175.697211155,0.841375379517,0,4.10422181632,5.63527489183,1.01765706104,3.88211525407,0
R03,39936,0.905578231293,373,118.230563003,0.718300335262,0,4.30816021703,11.1394516966,5.24788051674,0,0
R03,39936,0.905578231293,480,91.875,0.768330686621,0,5.02084655129,2.89800158925,9.53638615587,0,0
R03,40448,0.917188208617,138,319.565217391,0.903703935569,0,14.620320417,1.14158017818,0.677219552158,7.3772877952,0
R03,40448,0.917188208617,253,174.308300395,0.534273200677,0,12.9170892523,21.6030171046,3.16404873157,6.96913007018,0
R03,40448,0.917188208617,382,115.445026178,0.70700663189,0,16.1078471168,23.9815229219,22.3350767226,0,0
R03,40448,0.917188208617,505,87.3267326733,0.644467697701,0,7.04204493624,12.9800431338,23.0817113238,0,0
R03,40960,0.928798185941,138,319.565217391,1.022412736,0,10.5199520015,1.68823749441,0.690885337424,10.5828577636,0
R03,40960,0.928798185941,252,175,0.520651052321,0,30.7620834572,47.3195846683,6.20465397477,11.111693017,0
R03,40960,0.928798185941,384,114.84375,0.720766523151,0,27.1431553108,37.9314809116,49.8044934123,0,0
R03,40960,0.928798185941,501,88.0239520958,0.698022110754,0,11.3411429942,31.513665293,32.8944902315,0,0
R03,41472,0.940408163265,138,319.565217391,1.17657896433,0,5.55646137342,1.87817232752,0.53875011744,13.5386782662,0
R03,41472,0.940408163265,253,174.308300395,0.425860748953,0,52.3681818236,79.3522030207,10.7389629902,11.217780404,0
R03,41472,0.940408163265,371,118.867924528,0.841754663181,0,41.3650031992,37.330717329,63.5588049276,0,0
R03,41472,0.940408163265,503,87.6739562624,0.624601818039,0,11.5604820189,54.5240224126,32.7073359474,0,0
R03,41984,0.95201814059,137,321.897810219,1.14210470473,0,17.966298706,1.27064870946,0.26267122244,18.6190608871,0
R03,41984,0.95201814059,253,174.308300395,0.419165458022,0,80.617483954,105.049543301,14.6839193536,7.6223484602,0
R03,41984,0.95201814059,372,118.548387097,0.837101522263,0,41.6213575488,33.9819533416,88.7331694561,0,0
R03,41984,0.95201814059,503,87.6739562624,0.626213224389,0,8.11323407975,83.5389820226,23.3259043872,0,0
R03,42496,0.963628117914,137,321.897810219,1.23161712411,0,24.6042234611,0.885658884581,0.165807746194,38.6662371129,0
R03,42496,0.963628117914,165,267.272727273,1.35027125797,0,15.6948160048,9.93585889518,3.26366033098,98.9726813615,0
R03,42496,0.963628117914,253,174.308300395,0.381598050667,0,106.756300109,118.981847072,17.0484453456,5.07432095602,0
R03,42496,0.963628117914,370,119.189189189,0.859398506078,0,39.733538953,24.6932702259,88.1544627891,0,0
R03,42496,0.963628117914,503,87.6739562624,0.597661705684,0,5.93407384712,109.145851862,10.3598749436,0,0
R03,43008,0.975238095238,137,321.897810219,1.2013458563,0,22.5262913609,0.784345684469,0.198954258997,53.0582569448,0
R03,43008,0.975238095238,165,267.272727273,1.34204435805,0,8.06359338807,11.5135995008,2.5018801811,107.475934026,0
R03,43008,0.975238095238,253,174.308300395,0.352062705918,0,125.522838411,120.845934958,18.2422893811,9.95093562223,0
R03,43008,0.975238095238,371,118.867924528,0.847882991931,0,28.5429230867,22.1907468164,92.0939694003,0,0
R03,43008,0.975238095238,503,87.6739562624,0.530109227393,0,10.4247078836,125.95600915,5.23532396925,0,0
R03,43520,0.986848072562,126,350,1.27202879446,0,116.950238503,18.0003471323,1.13662669643,131.492699018,0
R03,43520,0.986848072562,136,324.264705882,1.26690685479,0,12.0689356895,0.788146263004,0.223857529135,65.9431560375,0
R03,43520,0.986848072562,166,265.662650602,1.41439794736,0,4.94494220165,16.6925794655,1.36903701816,102.6126835,0
R03,43520,0.986848072562,253,174.308300395,0.237205793123,0,132.098619556,117.677372511,20.7240506798,11.2882194085,0
R03,43520,0.986848072562,371,118.867924528,0.900943996616,0,28.2956094791,15.9409794563,82.8528720183,0,0
R03,43520,0.986848072562,504,87.5,0.451490723141,0,11.542370262,131.492699018,4.94502099452,0,0
R03,44032,0.998458049887,138,319.565217391,1.27053280959,0,12.3433137918,0.859939229508,0.374241973362,36.2777711099,0
R03,44032,0.998458049887,167,264.071856287,1.3794219571,0,4.66170569547,23.8310616962,0.415017240888,91.1424329693,0
R03,44032,0.998458049887,252,175,0.210330615876,0,131.421233652,112.784774929,25.8407870928,7.52220526106,0
R03,44032,0.998458049887,371,118.867924528,0.930257547658,0,35.5179033771,9.67353665966,75.1044254687,0,0
R03,44032,0.998458049887,386,114.248704663,0.941051278657,0,20.333651968,8.15163777342,96.7557581783,0,0
R03,44032,0.998458049887,503,87.6739562624,0.414019675191,0,7.69697226304,130.594443805,4.94055320434,0,0
R03,44544,1.01006802721,138,319.565217391,1.33567664794,0,12.7962442223,0.904147725387,0.288878997397,35.4054194319,0
R03,44544,1.01006802721,168,262.5,1.39965956367,0,4.66994299131,31.1763589388,0.43599013222,75.9556532394,0
R03,44544,1.01006802721,252,175,0.178123127733,0,130.396703313,110.994260602,31.1763589388,2.94674521179,0
R03,44544,1.01006802721,338,130.473372781,1.14681629946,0,75.4755956377,4.56334749679,2.86493308859,0,0
R03,44544,1.01006802721,369,119.512195122,1.01538030591,0,34.0562296496,5.67892954175,58.2810434793,0,0
R03,44544,1.01006802721,385,114.545454545,1.03883063818,0,18.4019118744,2.17186241568,101.093296816,0,0
R03,44544,1.01006802721,504,87.5,0.329333147719,0,2.94674521179,130.396703313,4.66994299131,0,0
R03,45056,1.02167800454,138,319.565217391,1.21399551621,0,9.70589945948,0.672861712981,0.204188955432,28.3759569984,252.035523716
R03,45056,1.02167800454,166,265.662650602,1.3101424137,0,3.95434910428,28.1614388922,0.276075596492,61.2716639839,252.035523716
R03,45056,1.02167800454,252,175,0.139083178397,1,131.506042025,110.033732886,35.6462388106,6.19140463256,252.035523716
R03,45056,1.02167800454,375,117.6,1.02117841395,0,15.4266463058,3.31268078582,100.054347021,0,252.035523716
R03,45056,1.02167800454,388,113.659793814,1.00239810819,0,3.44248036341,2.06253929321,82.7050342226,0,252.035523716
R03,45056,1.02167800454,503,87.6739562624,0.262323976785,0,6.31960703497,131.198545069,3.51886043896,0,252.035523716
R03,45568,1.03328798186,139,317.26618705,1.26216429552,0,10.2080849407,0.462433571711,0.0935536136452,20.1713480234,251.838606896
R03,45568,1.03328798186,167,264.071856287,1.34403826167,0,3.05974333956,35.5840023622,0.182337962512,48.5733863159,251.838606896
R03,45568,1.03328798186,252,175,0.124432202902,1,134.761900811,109.037667176,37.5510959835,8.38342994895,251.838606896
R03,45568,1.03328798186,372,118.548387097,1.08247079501,0,19.0900385161,3.8173223033,83.6043352149,0,251.838606896
R03,45568,1.03328798186,388,113.659793814,1.07790252323,0,8.89684108968,2.72754258365,79.7220076001,0,251.838606896
R03,45568,1.03328798186,414,106.52173913,1.23039626604,0,9.89640012138,3.92333709503,10.7194372122,0,251.838606896
R03,45568,1.03328798186,503,87.6739562624,0.201439908517,0,8.49843880739,134.697818485,2.8733309747,0,251.838606896
R03,46080,1.04489795918,139,317.26618705,1.22517298067,0,8.01322038852,0.316543944606,0.0730261582996,24.1920709007,251.671377393
R03,46080,1.04489795918,167,264.071856287,1.29691078771,0,2.35695393342,34.8303581789,0.0520339882957,38.7885929455,251.671377393
R03,46080,1.04489795918,252,175,0.0810882637658,1,135.417399354,107.18456261,36.6889441849,7.19643330967,251.671377393
R03,46080,1.04489795918,339,130.088495575,1.29478609629,0,38.8737161906,1.72673919524,1.09694944851,0,251.671377393
R03,46080,1.04489795918,374,117.914438503,1.09746735637,0,16.1221973632,4.08984818756,94.5503609002,0,251.671377393
R03,46080,1.04489795918,389,113.367609254,1.07741671734,0,9.24174439789,1.45566920603,68.5403232258,0,251.671377393
R03,46080,1.04489795918,503,87.6739562624,0.131185730335,0,7.20807511508,135.399467569,2.21838580293,0,251.671377393
R03,46592,1.05650793651,139,317.26618705,1.2025058593,0,4.61251215903,0.333954678702,0.096861204151,26.9555608209,251.534646084
R03,46592,1.05650793651,166,265.662650602,1.29759128336,0,1.67459717014,26.707690299,0.234915018341,30.2879702231,251.534646084
R03,46592,1.05650793651,252,175,0.0545110847808,1,133.758772259,104.226388129,34.3994945734,4.52504620748,251.534646084
R03,46592,1.05650793651,374,117.914438503,1.13996888509,0,10.7060715791,3.88593770048,92.7878844657,0,251.534646084
R03,46592,1.05650793651,389,113.367609254,1.12287536286,0,0.534455259918,1.29447113016,65.2427421984,0,251.534646084
R03,46592,1.05650793651,415,106.265060241,1.25704991969,0,8.12606780377,3.01292642781,3.86070152783,0,251.534646084
R03,46592,1.05650793651,503,87.6739562624,0.0976860035031,0,4.49632743171,133.637471946,1.46193796708,0,251.534646084
R03,47104,1.06811791383,139,317.26618705,1.20322971595,0,2.56108874173,0.364070557565,0.172279589855,24.1288130598,251.459720227
R03,47104,1.06811791383,167,264.071856287,1.28296743099,0,1.08083906876,29.2354125657,0.269680122893,24.7019884791,251.459720227
R03,47104,1.06811791383,251,175.697211155,0.0463394677091,1,126.837865223,98.9198709144,30.482226386,2.2608863559,251.459720227
R03,47104,1.06811791383,374,117.914438503,1.11719124041,0,14.1309117959,3.94878337263,90.4065447457,0,251.459720227
R03,47104,1.06811791383,389,113.367609254,1.10069040331,0,8.26172818554,1.04587163428,62.8822874352,0,251.459720227
R03,47104,1.06811791383,415,106.265060241,1.22874880552,0,6.12666426734,1.77501563179,3.27190911494,0,251.459720227
R03,47104,1.06811791383,503,87.6739562624,0.0747288703678,0,2.28464870444,127.309452259,0.989992246419,0,251.459720227
R03,47616,1.07972789116,139,317.26618705,1.1896926958,0,0.765640073303,0.337282981278,0.205891709747,23.7766682896,251.345250426
R03,47616,1.07972789116,166,265.662650602,1.28898997816,0,0.96436725083,21.87730664,0.205699205823,19.4597411334,251.345250426
R03,47616,1.07972789116,251,175.697211155,0.0320169825525,1,119.133430964,96.6525221304,28.279598307,1.26619870936,251.345250426
R03,47616,1.07972789116,374,117.914438503,1.14144532255,0,14.0832898641,4.09015495026,88.1745811814,0,251.345250426
R03,47616,1.07972789116,389,113.367609254,1.12875629543,0,10.5415370245,2.37277796518,60.6016656425,0,251.345250426
R03,47616,1.07972789116,415,106.265060241,1.27091170782,0,6.96383520208,3.72354720763,1.63459563802,0,251.345250426
R03,47616,1.07972789116,503,87.6739562624,0.0553340585455,0,1.21523972321,119.71354772,0.767041775046,0,251.345250426
R03,48128,1.09133786848,139,317.26618705,1.1752253673,0,0.965880158327,0.31056849694,0.18656369084,22.542243327,251.441452551
R03,48128,1.09133786848,166,265.662650602,1.28276495963,0,0.922470885148,20.7061500631,0.245366313953,17.0298572669,251.441452551
R03,48128,1.09133786848,251,175.697211155,0.0236364943611,1,112.282685856,95.1472844821,26.8222549822,2.0285753219,251.441452551
R03,48128,1.09133786848,375,117.6,1.10949669041,0,9.1441411168,4.21672598308,90.6741718484,0,251.441452551
R03,48128,1.09133786848,389,113.367609254,1.0973769268,0,7.85151804676,3.32101145996,60.4175630852,0,251.441452551
R03,48128,1.09133786848,415,106.265060241,1.24452068606,0,7.47522356908,2.60689509933,1.30191141979,0,251.441452551
R03,48128,1.09133786848,503,87.6739562624,0.0413933753962,0,1.98687227948,112.868084265,0.847790755958,0,251.441452551
R03,48640,1.1029478458,138,319.565217391,1.16511932185,0,0.71640270086,0.20799966476,0.0598779897764,24.2206748243,251.430641304
R03,48640,1.1029478458,166,265.662650602,1.29296971185,0,1.01651727577,19.9457237068,0.235747344795,13.1903911464,251.430641304
R03,48640,1.1029478458,251,175.697211155,0.0204276343346,1,108.989168186,94.6786895642,26.1129456254,2.989541619,251.430641304
R03,48640,1.1029478458,374,117.914438503,1.1125762765,0,3.53019787546,3.94370439501,86.2557875252,0,251.430641304
R03,48640,1.1029478458,388,113.659793814,1.10955795661,0,3.08006634287,2.96093829477,66.7120352662,0,251.430641304
R03,48640,1.1029478458,414,106.52173913,1.27586163131,0,4.76991072048,2.62997399882,0.71640270086,0,251.430641304
R03,48640,1.1029478458,503,87.6739562624,0.0358953609008,0,2.94716651269,109.473735021,0.904009707433,0,251.430641304
R03,49152,1.11455782313,128,344.53125,1.15940819008,0,86.4615915664,8.36015736683,0.380364746572,105.416255775,251.35329181
R03,49152,1.11455782313,137,321.897810219,1.15545380907,0,3.41185520482,0.12627693799,0.0607319617964,30.7046897794,251.35329181
R03,49152,1.11455782313,165,267.272727273,1.29242613157,0,0.834609172848,13.8464368569,0.101015212249,11.3421363993,251.35329181
R03,49152,1.11455782313,251,175.697211155,0.018616015721,1,108.126349066,94.5022819717,26.0546727068,2.96350762135,251.35329181
R03,49152,1.11455782313,375,117.6,1.09636896023,0,0.867993917984,3.07310051379,90.2713551341,0,251.35329181
R03,49152,1.11455782313,388,113.659793814,1.09079706515,0,1.02717930307,1.6275781468,66.6239768816,0,251.35329181
R03,49152,1.11455782313,503,87.6739562624,0.0323518993652,0,2.91611635431,108.510066207,0.541989117974,0,251.35329181
R03,49664,1.12616780045,127,347.244094488,1.16134456286,0,94.2132582224,12.9648843929,1.29137257401,108.09564935,251.428719321
R03,49664,1.12616780045,137,321.897810219,1.15889580271,0,1.8020228774,0.134351684022,0.072100418179,34.5571553507,251.428719321
R03,49664,1.12616780045,165,267.272727273,1.30185779059,0,0.594680134653,14.5073712127,0.0865122601888,9.98617139297,251.428719321
R03,49664,1.12616780045,251,175.697211155,0.0143590619568,1,108.175810747,93.5986348083,26.2355364508,2.22812763277,251.428719321
R03,49664,1.12616780045,374,117.914438503,1.09905646708,0,1.87618348151,2.37591608625,85.7602115385,0,251.428719321
R03,49664,1.12616780045,388,113.659793814,1.10034319661,0,3.06148755064,1.45939971644,65.8313600073,0,251.428719321
R03,49664,1.12616780045,503,87.6739562624,0.0276510118705,0,2.18332939319,108.518666704,0.387228087606,0,251.428719321
R03,50176,1.13777777778,127,347.244094488,1.15757251384,0,92.4331317945,12.7927791478,1.33972467272,108.497936286,251.392887432
R03,50176,1.13777777778,137,321.897810219,1.15692657684,0,1.78112985896,0.239429772552,0.0425333354851,35.2689856377,251.392887432
R03,50176,1.13777777778,165,267.272727273,1.30262671542,0,0.514179293837,14.2980935862,0.0998863597157,10.7674625834,251.392887432
R03,50176,1.13777777778,251,175.697211155,0.011110775595,1,108.139107585,91.9398137402,26.1739471816,1.74491949213,251.392887432
R03,50176,1.13777777778,375,117.6,1.11128854508,0,4.82299825415,2.11088994039,87.8351130318,0,251.392887432
R03,50176,1.13777777778,388,113.659793814,1.10827130082,0,4.16731465906,1.79721091841,64.0410137164,0,251.392887432
R03,50176,1.13777777778,503,87.6739562624,0.0226782514622,0,1.71675596174,108.557020687,0.352347744208,0,251.392887432
R03,50688,1.1493877551,128,344.53125,1.17525343581,0,81.4291452509,8.0067580021,0.484765352166,106.09286075,251.377116759
R03,50688,1.1493877551,137,321.897810219,1.17310073437,0,3.66627287673,0.280357288409,0.0158924141114,34.1427560105,251.377116759
R03,50688,1.1493877551,166,265.662650602,1.30274230957,0,0.452107578816,19.7760868966,0.0726954083528,10.7491106126,251.377116759
R03,50688,1.1493877551,251,175.697211155,0.0098514947996,1,107.903218842,89.9054067084,25.6777563426,1.58127320142,251.377116759
R03,50688,1.1493877551,375,117.6,1.13366626381,0,6.52697858226,1.68385714342,85.8864566842,0,251.377116759
R03,50688,1.1493877551,388,113.659793814,1.13329204221,0,4.68349484241,1.71490122326,61.9512054235,0,251.377116759
R03,50688,1.1493877551,503,87.6739562624,0.0203300403195,0,1.57193777386,108.375250385,0.444731730513,0,251.377116759
R03,51200,1.16099773243,138,319.565217391,1.18764490023,0,2.22065510001,0.274252923007,0.0324578112162,26.5969810728,251.367471386
R03,51200,1.16099773243,166,265.662650602,1.30213900424,0,0.608399228789,19.3443413751,0.117540573001,10.2305993917,251.367471386
R03,51200,1.16099773243,251,175.697211155,0.0102055661363,1,107.693848581,87.940760587,25.1118195962,1.48120409868,251.367471386
R03,51200,1.16099773243,375,117.6,1.15033338972,0,6.22454136968,1.1503558128,84.1167025277,0,251.367471386
R03,51200,1.16099773243,389,113.367609254,1.14510648933,0,4.18735063555,1.2318739279,55.0060638101,0,251.367471386
R03,51200,1.16099773243,415,106.265060241,1.29540739218,0,1.55568876498,1.87008992595,2.01179889046,0,251.367471386
R03,51200,1.16099773243,503,87.6739562624,0.0195859277751,0,1.46602158092,108.163384178,0.731363057399,0,251.367471386
R03,51712,1.17260770975,138,319.565217391,1.19902008078,0,0.745005098474,0.114821458888,0.0693320698422,27.2051753011,251.402685241
R03,51712,1.17260770975,166,265.662650602,1.30197578295,0,1.00848574304,19.1540777723,0.161836435936,7.77116607574,251.402685241
R03,51712,1.17260770975,251,175.697211155,0.0106199095462,1,107.953433253,86.1688402424,24.8049204041,1.90305825043,251.402685241
R03,51712,1.17260770975,338,130.473372781,1.38396664543,0,8.13250402474,1.22649909615,0.837157668628,0,251.402685241
R03,51712,1.17260770975,376,117.287234043,1.15963813014,0,3.97503777495,0.950241567755,85.1208788039,0,251.402685241
R03,51712,1.17260770975,389,113.367609254,1.15778419273,0,2.94793103142,0.632575557683,54.1738547966,0,251.402685241
R03,51712,1.17260770975,503,87.6739562624,0.0199625854143,0,1.9005680612,108.381613385,1.14519004669,0,251.402685241
R03,52224,1.18421768707,138,319.565217391,1.20706168364,0,2.35378991436,0.111434363447,0.0993595850935,26.7218243917,251.407224474
R03,52224,1.18421768707,167,264.071856287,1.30066374169,0,1.46499499255,23.7092018331,0.192193537665,5.55998798478,251.407224474
R03,52224,1.18421768707,251,175.697211155,0.00987282294728,1,108.171556232,84.60347654,24.7556375967,2.5973788164,251.407224474
R03,52224,1.18421768707,375,117.6,1.16468002223,0,2.06877994497,0.441610677771,80.8015339088,0,251.407224474
R03,52224,1.18421768707,389,113.367609254,1.16283651307,0,1.69448537674,0.693206124844,53.1900563239,0,251.407224474
R03,52224,1.18421768707,415,106.265060241,1.30058731488,0,1.50430764654,0.109380443528,2.03943507223,0,251.407224474
R03,52224,1.18421768707,503,87.6739562624,0.0179490143261,0,2.61061530089,108.588934711,1.52390597188,0,251.407224474
R03,52736,1.1958276644,138,319.565217391,1.20949796884,0,1.70443665132,0.219443935866,0.117598575987,27.3218689432,251.377174973
R03,52736,1.1958276644,167,264.071856287,1.29798692356,0,1.59330884832,23.7897185917,0.216580240791,3.75958251932,251.377174973
R03,52736,1.1958276644,251,175.697211155,0.00855323431175,1,107.858165093,83.2164627857,24.8116109244,2.94628870527,251.377174973
R03,52736,1.1958276644,338,130.473372781,1.38840240432,0,4.0248991469,1.84693891562,0.982467464568,0,251.377174973
R03,52736,1.1958276644,375,117.6,1.17510807688,0,0.552468680715,0.308559800521,79.3516784008,0,251.377174973
R03,52736,1.1958276644,389,113.367609254,1.17653514847,0,0.654922267377,0.468877058996,52.8224859064,0,251.377174973
R03,52736,1.1958276644,503,87.6739562624,0.0155865871774,0,2.97723343597,108.288600537,1.68180242866,0,251.377174973
R03,53248,1.20743764172,129,341.860465116,1.21745258954,0,62.9044851309,3.62383136799,0.183811573267,100.392049744,251.396085113
R03,53248,1.20743764172,138,319.565217391,1.21423655758,0,0.541271208719,0.203395700682,0.137585433133,27.0865686646,251.396085113
R03,53248,1.20743764172,167,264.071856287,1.29455614455,0,1.28990138194,23.8482634901,0.204569849361,3.16992450643,251.396085113
R03,53248,1.20743764172,251,175.697211155,0.00760454007525,1,106.949172105,82.4619445091,24.8687118872,2.81759176063,251.396085113
R03,53248,1.20743764172,376,117.287234043,1.1775719081,0,1.53761020049,0.863888232074,81.3697024477,0,251.396085113
R03,53248,1.20743764172,389,113.367609254,1.17697036217,0,1.14436011425,0.322248406525,53.0009618177,0,251.396085113
R03,53248,1.20743764172,503,87.6739562624,0.013237381395,0,2.84104347894,107.372307237,1.40240068186,0,251.396085113
R03,53760,1.21904761905,129,341.860465116,1.2264264555,0,62.6048699095,3.5351690308,0.190645153304,99.065673488,251.431133732
R03,53760,1.21904761905,139,317.26618705,1.22094954152,0,0.880806420841,0.101688488143,0.211407697294,18.883810991,251.431133732
R03,53760,1.21904761905,167,264.071856287,1.29557231824,0,0.821621773966,23.7928973498,0.154400666916,3.02287215628,251.431133732
R03,53760,1.21904761905,251,175.697211155,0.00754990764685,1,106.128107553,82.3326666316,24.837011972,2.46634517857,251.431133732
R03,53760,1.21904761905,339,130.088495575,1.38779085966,0,3.04506533989,1.36347605692,1.32804402212,0,251.431133732
R03,53760,1.21904761905,375,117.6,1.18279624853,0,0.848555912282,0.988349052744,78.5450747598,0,251.431133732
R03,53760,1.21904761905,503,87.6739562624,0.0140295089555,0,2.48333935315,106.508742357,0.97000484946,0,251.431133732
R03,54272,1.23065759637,139,317.26618705,1.22105989054,0,1.22613685281,0.0163292202774,0.193323513391,17.674539265,251.45038435
R03,54272,1.23065759637,167,264.071856287,1.29409046494,0,0.690656905244,23.5626091747,0.098652950271,3.50472299156,251.45038435
R03,54272,1.23065759637,251,175.697211155,0.00805138570115,1,105.333226391,82.1791307047,24.6192980276,1.93290556585,251.45038435
R03,54272,1.23065759637,338,130.473372781,1.38445782432,0,3.10907432594,0.986117313622,1.26323487566,0,251.45038435
R03,54272,1.23065759637,375,117.6,1.18608687734,0,0.610236272629,0.815872113207,78.4737523293,0,251.45038435
R03,54272,1.23065759637,389,113.367609254,1.18802793855,0,1.32577250603,0.627635190407,52.3074452513,0,251.45038435
R03,54272,1.23065759637,503,87.6739562624,0.0147702091846,0,1.92961633531,105.702397291,0.79475440186,0,251.45038435
R03,54784,1.2422675737,129,341.860465116,1.22089573485,0,62.1072554569,3.40358396412,0.0599731290921,98.1515752706,251.413040529
R03,54784,1.2422675737,139,317.26618705,1.21699975258,0,1.19645262916,0.0278898327262,0.148437780845,18.7494357399,251.413040529
R03,54784,1.2422675737,167,264.071856287,1.28978890587,0,0.824205883693,23.1969058412,0.0663986023742,3.75854353492,251.413040529
R03,54784,1.2422675737,251,175.697211155,0.00668271769197,1,104.198201991,81.5555162263,24.2565144185,1.23100429354,251.413040529
R03,54784,1.2422675737,375,117.6,1.18430823658,0,1.28766739742,0.705229833589,77.9251370639,0,251.413040529
R03,54784,1.2422675737,389,113.367609254,1.18738896051,0,1.44495705425,0.174504436105,52.4086519027,0,251.413040529
R03,54784,1.2422675737,503,87.6739562624,0.0141124313089,0,1.21400478974,104.63852092,0.853936776758,0,251.413040529
R03,55296,1.25387755102,128,344.53125,1.21563336028,0,73.2359266735,8.37769039739,0.273367797421,101.776353378,251.412358074
R03,55296,1.25387755102,139,317.26618705,1.21392722717,0,1.1163198272,0.080331163453,0.0833516892203,23.0118940943,251.412358074
R03,55296,1.25387755102,167,264.071856287,1.28801822809,0,0.860627175258,22.6944584208,0.0610805373399,3.85601060334,251.412358074
R03,55296,1.25387755102,251,175.697211155,0.00563730634385,1,102.41703059,80.2659877627,23.7319261275,0.759388523895,251.412358074
R03,55296,1.25387755102,376,117.287234043,1.17820071527,0,0.996667250844,0.92766749521,79.2617284514,0,251.412358074
R03,55296,1.25387755102,389,113.367609254,1.18349351417,0,1.41562083482,0.583446061018,51.762231551,0,251.412358074
R03,55296,1.25387755102,503,87.6739562624,0.0132242393918,0,0.737871754908,102.954787496,0.869441411382,0,251.412358074
R03,55808,1.26548752834,128,344.53125,1.21792171889,0,71.0497411063,8.53128395213,0.252382998849,99.9678264529,251.43234389
R03,55808,1.26548752834,139,317.26618705,1.21500492756,0,1.16021336224,0.136390892328,0.0535341875095,24.4064723116,251.43234389
R03,55808,1.26548752834,167,264.071856287,1.2861990907,0,0.911141865822,22.0913377022,0.0526768065731,3.77611426625,251.43234389
R03,55808,1.26548752834,251,175.697211155,0.00570496275431,1,100.066780471,78.388399791,23.0702079621,0.441875341625,251.43234389
R03,55808,1.26548752834,338,130.473372781,1.39569284098,0,3.34963957547,0.916995195651,1.43371857924,0,251.43234389
R03,55808,1.26548752834,375,117.6,1.17917388708,0,0.541971142573,1.32639065328,74.9555496342,0,251.43234389
R03,55808,1.26548752834,503,87.6739562624,0.0134766530829,0,0.41785065856,100.647526727,0.92382195572,0,251.43234389
R03,56320,1.27709750567,128,344.53125,1.22086567773,0,68.368069699,8.74800330919,0.181869683917,97.1906429125,251.461099857
R03,56320,1.27709750567,139,317.26618705,1.21804019321,0,1.0490618059,0.152103326987,0.0624760947046,20.2466360376,251.461099857
R03,56320,1.27709750567,167,264.071856287,1.28649059333,0,0.928755589017,21.4334335271,0.0409519286357,2.81582121354,251.461099857
R03,56320,1.27709750567,251,175.697211155,0.00572588985638,1,97.3564746071,76.0910484284,22.3650761053,0.405997249527,251.461099857
R03,56320,1.27709750567,337,130.860534125,1.39520904795,0,2.85149952611,0.938382840778,1.40762227082,0,251.461099857
R03,56320,1.27709750567,376,117.287234043,1.17857737505,0,1.32741968915,1.12325394077,75.1880636198,0,251.461099857
R03,56320,1.27709750567,503,87.6739562624,0.0140349041424,0,0.395387993436,97.9261127116,0.933903765053,0,251.461099857
R03,56832,1.28870748299,128,344.53125,1.2129763966,0,66.0847138463,8.82287370735,0.0952168691149,94.4584094565,251.461577057
R03,56832,1.28870748299,139,317.26618705,1.21105243659,0,0.882835253051,0.157674611394,0.0586888206222,17.3694461834,251.461577057
R03,56832,1.28870748299,167,264.071856287,1.28366497094,0,0.777545348815,20.7881281294,0.018810973155,2.35462424804,251.461577057
R03,56832,1.28870748299,251,175.697211155,0.00558944578096,1,94.7007252543,73.7213710837,21.7138150456,0.399768343878,251.461577057
R03,56832,1.28870748299,337,130.860534125,1.4048973511,0,2.13678506553,0.712698606479,0.591956858364,0,251.461577057
R03,56832,1.28870748299,376,117.287234043,1.18278911567,0,1.62306721701,0.764293536196,72.847631915,0,251.461577057
R03,56832,1.28870748299,503,87.6739562624,0.0138734477269,0,0.391771585086,95.2572623676,0.745725658189,0,251.461577057
R03,57344,1.30031746032,129,341.860465116,1.22069100616,0,53.2991348752,3.66055165036,0.0746075247068,89.1382614529,251.490939104
R03,57344,1.30031746032,139,317.26618705,1.21676822624,0,0.985276956841,0.149665430026,0.0776753481815,19.9234813233,251.490939104
R03,57344,1.30031746032,168,262.5,1.28730180345,0,0.329056229128,22.2757949388,0.0449961735982,1.65975670736,251.490939104
R03,57344,1.30031746032,251,175.697211155,0.00513999966745,1,92.4904623722,71.8079412835,21.1526774765,0.257345382338,251.490939104
R03,57344,1.30031746032,337,130.860534125,1.39620774071,0,1.67859197097,0.31434306517,0.386603680089,0,251.490939104
R03,57344,1.30031746032,376,117.287234043,1.17877237857,0,1.52448143226,0.604787156873,70.9107366069,0,251.490939104
R03,57344,1.30031746032,503,87.6739562624,0.0127123693867,0,0.242586036478,93.0486824119,0.345400911963,0,251.490939104
R03,57856,1.31192743764,139,317.26618705,1.21000778144,0,1.07757031966,0.126250490984,0.136571749755,20.4396898697,251.440855308
R03,57856,1.31192743764,168,262.5,1.27881637168,0,0.132963650129,21.9935159883,0.0503134671464,1.92498889624,251.440855308
R03,57856,1.31192743764,251,175.697211155,0.00477314661034,1,91.2608778847,70.7841811706,20.8303000654,0.546017890296,251.440855308
R03,57856,1.31192743764,337,130.860534125,1.40924084223,0,1.8329593279,0.0773441257335,0.853327546137,0,251.440855308
R03,57856,1.31192743764,378,116.666666667,1.18280005219,0,1.38998359618,0.348769731182,72.4759285989,0,251.440855308
R03,57856,1.31192743764,389,113.367609254,1.18012175516,0,1.2811755029,0.452192869788,44.1643579338,0,251.440855308
R03,57856,1.31192743764,503,87.6739562624,0.0113231436074,0,0.533917119372,91.8242535638,0.173265931063,0,251.440855308
R03,58368,1.32353741497,140,315,1.21799780101,0,0.870438212329,0.128761559293,0.19632376688,13.3691573385,251.499594208
R03,58368,1.32353741497,168,262.5,1.27363252471,0,0.310174760932,21.9106464808,0.056507714605,2.56016763734,251.499594208
R03,58368,1.32353741497,251,175.697211155,0.00436922822558,1,90.9084939296,70.3466731734,20.7553019171,0.696494620563,251.499594208
R03,58368,1.32353741497,336,131.25,1.41289148065,0,2.56016763734,0.310174760932,0.751882283246,0,251.499594208
R03,58368,1.32353741497,378,116.666666667,1.19676095719,0,1.12406830483,0.515452160834,72.0040847887,0,251.499594208
R03,58368,1.32353741497,390,113.076923077,1.19191674735,0,0.695688929041,0.451681258713,40.3929327464,0,251.499594208
R03,58368,1.32353741497,503,87.6739562624,0.0114227214504,0,0.690793027316,91.4183448875,0.349603959299,0,251.499594208
R03,58880,1.33514739229,140,315,1.22040857262,0,0.531502037676,0.113575052377,0.208464873753,12.0395227576,251.508389251
R03,58880,1.33514739229,168,262.5,1.26523469374,0,0.422992364285,21.8352937923,0.0784258056691,2.89841711392,251.508389251
R03,58880,1.33514739229,252,175,0.00420240612474,1,91.7296540421,71.3772870045,21.8352937923,0.678180031842,251.508389251
R03,58880,1.33514739229,336,131.25,1.42309174489,0,2.89841711392,0.422992364285,0.841169693227,0,251.508389251
R03,58880,1.33514739229,390,113.076923077,1.20104717807,0,0.647050818854,0.998949283476,40.8159441023,0,251.508389251
R03,58880,1.33514739229,417,105.755395683,1.28980083083,0,0.0983245015631,0.55139901912,0.196069949915,0,251.508389251
R03,58880,1.33514739229,503,87.6739562624,0.0112132062651,0,0.679223280739,91.4140405854,0.447977392556,0,251.508389251
R03,59392,1.34675736961,141,312.765957447,1.2297142543,0,0.623176306788,0.0559946138793,0.119997927983,8.50880705228,251.515268208
R03,59392,1.34675736961,169,260.946745562,1.26259492705,0,0.327161463325,21.1899896348,0.148201744741,2.77805763208,251.515268208
R03,59392,1.34675736961,252,175,0.00426774757584,1,91.6281715163,70.352338265,21.6481263473,0.622034120905,251.515268208
R03,59392,1.34675736961,337,130.860534125,1.42551568277,0,2.74567446989,0.355262143677,0.395209636485,0,251.515268208
R03,59392,1.34675736961,378,116.666666667,1.21876542994,0,0.766171879359,0.479404560727,70.352338265,0,251.515268208
R03,59392,1.34675736961,391,112.787723785,1.21190140757,0,0.40109760276,0.740818888411,35.6831765707,0,251.515268208
R03,59392,1.34675736961,503,87.6739562624,0.0108882543676,0,0.627724761753,91.3674879339,0.397608414583,0,251.515268208
R03,59904,1.35836734694,141,312.765957447,1.22935738352,0,0.556150422571,0.0665285924766,0.0562603353056,8.74395845146,251.49204641
R03,59904,1.35836734694,169,260.946745562,1.25404666854,0,0.198380247484,20.8385556912,0.15598834415,2.22127544737,251.49204641
R03,59904,1.35836734694,251,175.697211155,0.00407411965702,1,90.4934720867,67.291187472,20.4366451027,0.621559902123,251.49204641
R03,59904,1.35836734694,337,130.860534125,1.43243462034,0,2.27767834746,0.218937695917,0.291069513449,0,251.49204641
R03,59904,1.35836734694,379,116.35883905,1.21643609807,0,0.696707270956,0.101106341618,69.3250146919,0,251.49204641
R03,59904,1.35836734694,390,113.076923077,1.20937756184,0,0.56916696357,0.891870259174,38.6592301376,0,251.49204641
R03,59904,1.35836734694,503,87.6739562624,0.0103498236826,0,0.607167793522,90.849668636,0.252980507176,0,251.49204641
R03,60416,1.36997732426,141,312.765957447,1.23073274742,0,0.547700457606,0.0864375780483,0.0772254974829,8.23361590564,251.508531826
R03,60416,1.36997732426,169,260.946745562,1.24724994503,0,0.189449057956,20.5708432722,0.122627235572,2.17665101475,251.508531826
R03,60416,1.36997732426,252,175,0.00411676699189,1,89.9396879412,67.6073896048,21.046837777,0.746528206035,251.508531826
R03,60416,1.36997732426,337,130.860534125,1.43319619481,0,2.14800680198,0.197054654202,0.374767192227,0,251.508531826
R03,60416,1.36997732426,378,116.666666667,1.22426315642,0,0.190947848547,0.293604654889,67.6073896048,0,251.508531826
R03,60416,1.36997732426,391,112.787723785,1.21745463404,0,0.530183402073,0.45771469201,33.8805556911,0,251.508531826
R03,60416,1.36997732426,503,87.6739562624,0.010474621394,0,0.754122084269,89.7075689072,0.21217148592,0,251.508531826
R03,60928,1.38158730159,141,312.765957447,1.22957094604,0,0.789568348003,0.137707530481,0.101733497952,7.40556981249,251.492263318
R03,60928,1.38158730159,169,260.946745562,1.24518083901,0,0.204534208466,20.4428338735,0.0720048153261,1.81710242511,251.492263318
R03,60928,1.38158730159,251,175.697211155,0.00382507031334,1,87.7416825512,64.9364067694,19.7823553978,0.944058464866,251.492263318
R03,60928,1.38158730159,337,130.860534125,1.43445843168,0,1.84282027061,0.226767130671,0.332461123828,0,251.492263318
R03,60928,1.38158730159,391,112.787723785,1.21389911491,0,0.70126463117,0.841189271756,33.4420317539,0,251.492263318
R03,60928,1.38158730159,418,105.502392344,1.26526897011,0,0.638967929012,1.2222947536,0.568758829028,0,251.492263318
R03,60928,1.38158730159,503,87.6739562624,0.00975569750736,0,0.942710783844,88.1129680716,0.266059506994,0,251.492263318
R03,61440,1.39319727891,142,310.563380282,1.23712671566,0,0.847895110189,0.164556724701,0.0868162976553,4.75928595916,251.552691939
R03,61440,1.39319727891,170,259.411764706,1.25105868108,0,0.168873107176,18.0666598384,0.049770976788,2.02694747071,251.552691939
R03,61440,1.39319727891,252,175,0.00396651703347,1,86.9335270838,65.8910019015,20.542656721,0.942039124004,251.552691939
R03,61440,1.39319727891,336,131.25,1.436899262,0,1.78615093383,0.318732040008,0.289290148422,0,251.552691939
R03,61440,1.39319727891,391,112.787723785,1.21880642438,0,0.936153753871,0.524688623249,32.3869145217,0,251.552691939
R03,61440,1.39319727891,417,105.755395683,1.27557129664,0,0.477095104199,1.05269906511,0.7363665096,0,251.552691939
R03,61440,1.39319727891,503,87.6739562624,0.0103323665824,0,0.943944747728,86.6842939068,0.345406089698,0,251.552691939
R03,61952,1.40480725624,141,312.765957447,1.2371030674,0,0.43468824898,0.120699181032,0.028391935693,7.07084397729,251.580431648
R03,61952,1.40480725624,170,259.411764706,1.25815637655,0,0.179735737128,17.8586379925,0.0408688082671,1.2068289754,251.580431648
R03,61952,1.40480725624,252,175,0.00392088522303,1,86.2224303187,65.4667410098,20.1989738387,0.711545532411,251.580431648
R03,61952,1.40480725624,336,131.25,1.44083291548,0,1.44229643866,0.395294303386,0.837664263692,0,251.580431648
R03,61952,1.40480725624,391,112.787723785,1.21832224658,0,1.40898193065,0.908986261243,32.092748444,0,251.580431648
R03,61952,1.40480725624,417,105.755395683,1.2815531013,0,0.630511162715,0.734221792772,1.3136531795,0,251.580431648
R03,61952,1.40480725624,503,87.6739562624,0.0101307328316,0,0.719986266765,85.9914450902,0.431243863119,0,251.580431648
R03,62464,1.41641723356,141,312.765957447,1.23961048485,0,1.32164047462,0.0938632373173,0.0227655637476,5.65887301709,251.607204355
R03,62464,1.41641723356,252,175,0.00389435298663,1,86.3850552695,65.0201039368,19.7328282234,0.585672905537,251.607204355
R03,62464,1.41641723356,336,131.25,1.43586961814,0,1.05505795502,0.51488223162,0.869950382827,0,251.607204355
R03,62464,1.41641723356,390,113.076923077,1.21726613711,0,1.48042611201,0.375467182879,37.127420887,0,251.607204355
R03,62464,1.41641723356,417,105.755395683,1.29063411926,0,0.995400010516,1.3539201568,1.32718058001,0,251.607204355
R03,62464,1.41641723356,503,87.6739562624,0.0101056945675,0,0.595178380399,86.1723240561,0.545039297087,0,251.607204355
R03,62976,1.42802721088,141,312.765957447,1.2446969111,0,1.27982508183,0.160602351759,0.0335157249671,7.82088397619,251.630784624
R03,62976,1.42802721088,252,175,0.00408440966929,1,86.9931014125,64.4641144388,19.2475450805,0.50876149685,251.630784624
R03,62976,1.42802721088,336,131.25,1.44089955075,0,1.57537522932,0.568394065715,1.19300740503,0,251.630784624
R03,62976,1.42802721088,390,113.076923077,1.22931620991,0,1.23709680985,0.556546109951,37.7634262214,0,251.630784624
R03,62976,1.42802721088,417,105.755395683,1.30564117249,0,0.845826523602,0.164078224819,0.90196939528,0,251.630784624
R03,62976,1.42802721088,503,87.6739562624,0.0106179052297,0,0.509620533858,86.7663875566,0.574845272356,0,251.630784624
R03,63488,1.43963718821,140,315,1.25389852226,0,0.437313636777,0.241497807642,0.106625416834,13.5589249385,251.650010555
R03,63488,1.43963718821,252,175,0.00393964916528,1,87.2064668903,63.6697007249,18.9154347074,0.554425560205,251.650010555
R03,63488,1.43963718821,336,131.25,1.43967827698,0,2.72916149351,0.536597601673,0.780908396997,0,251.650010555
R03,63488,1.43963718821,389,113.367609254,1.2315471192,0,1.04543923726,0.254160684585,40.5784759893,0,251.650010555
R03,63488,1.43963718821,416,106.009615385,1.31050225087,0,0.374976974299,1.18950686901,0.76213884558,0,251.650010555
R03,63488,1.43963718821,503,87.6739562624,0.0101298921356,0,0.546496684316,86.9423719736,0.520925431866,0,251.650010555
R03,64000,1.45124716553,140,315,1.25660530574,0,0.765162032685,0.21764105306,0.12047779613,13.5899129369,251.654983408
R03,64000,1.45124716553,252,175,0.00380268207355,1,86.6948870995,62.6786431797,18.7814367718,0.701384821998,251.654983408
R03,64000,1.45124716553,336,131.25,1.44297506027,0,3.43923749453,0.562357211631,0.861543029227,0,251.654983408
R03,64000,1.45124716553,389,113.367609254,1.23432829018,0,0.851183180212,0.439827181273,38.8018442269,0,251.654983408
R03,64000,1.45124716553,417,105.755395683,1.31462525808,0,0.471262723229,0.599369921023,0.267590856161,0,251.654983408
R03,64000,1.45124716553,504,87.5,0.00961665885505,0,0.701384821998,86.6948870995,0.562357211631,0,251.654983408
R03,64512,1.46285714286,139,317.26618705,1.26080580266,0,0.75210075242,0.173689513606,0.115361195125,16.7579082426,251.767657979
R03,64512,1.46285714286,252,175,0.00381196758407,1,85.5756703111,61.7674162337,18.7405226664,1.00727384156,251.767657979
R03,64512,1.46285714286,336,131.25,1.43565834547,0,3.32341634783,0.59065110013,0.587832582796,0,251.767657979
R03,64512,1.46285714286,388,113.659793814,1.23583883637,0,1.39199182755,0.179680846548,41.519725518,0,251.767657979
R03,64512,1.46285714286,416,106.009615385,1.31749018309,0,0.740231022354,0.957318218325,0.975998830354,0,251.767657979
R03,64512,1.46285714286,504,87.5,0.00974564234023,0,1.00727384156,85.5756703111,0.59065110013,0,251.767657979
R03,65024,1.47446712018,140,315,1.2714508834,0,0.896431439739,0.0565665786226,0.0758763702781,10.7659870129,251.746338506
R03,65024,1.47446712018,252,175,0.00358570856099,1,84.1921189785,61.0861040847,18.6702257144,1.05441167988,251.746338506
R03,65024,1.47446712018,379,116.35883905,1.2426435847,0,1.52120503582,0.220909802419,61.2881554556,0,251.746338506
R03,65024,1.47446712018,387,113.953488372,1.24296249439,0,1.2997433827,0.255336473469,44.8880917083,0,251.746338506
R03,65024,1.47446712018,417,105.755395683,1.32298744133,0,0.85197965263,0.385939803297,0.54411595729,0,251.746338506
R03,65024,1.47446712018,504,87.5,0.00900788117947,0,1.05441167988,84.1921189785,0.474865443365,0,251.746338506
R03,65536,1.48607709751,139,317.26618705,1.26692237244,0,0.355451244627,0.107310724106,0.144857900726,16.0340623188,251.737711372
R03,65536,1.48607709751,252,175,0.0036591964721,1,83.1309417593,60.5893912642,18.4635057274,0.817330768962,251.737711372
R03,65536,1.48607709751,381,115.748031496,1.23743688213,0,0.847019208979,0.329849153272,59.6533694437,0,251.737711372
R03,65536,1.48607709751,387,113.953488372,1.2371465004,0,0.657814002295,0.243205558468,44.9198579946,0,251.737711372
R03,65536,1.48607709751,417,105.755395683,1.32069587169,0,0.632771820475,1.77295543096,0.355451244627,0,251.737711372
R03,65536,1.48607709751,504,87.5,0.00877440803917,0,0.817330768962,83.1309417593,0.375406250004,0,251.737711372
R03,66048,1.49768707483,139,317.26618705,1.26907980944,0,0.433057632787,0.0987995398043,0.138368107163,16.8054969865,251.744641001
R03,66048,1.49768707483,252,175,0.00379985413128,1,82.4380083728,60.1695864437,18.0724589871,0.617081984225,251.744641001
R03,66048,1.49768707483,379,116.35883905,1.23604492423,0,0.877882485464,0.252920638634,60.4472288815,0,251.744641001
R03,66048,1.49768707483,416,106.009615385,1.3262877677,0,0.52543384184,0.671056355363,0.665020144994,0,251.744641001
R03,66048,1.49768707483,504,87.5,0.00884525208227,0,0.617081984225,82.4380083728,0.364478685964,0,251.744641001
R03,66560,1.50929705215,138,319.565217391,1.27107450858,0,0.748420955707,0.0766448297473,0.135263194652,21.0212099834,251.751512001
R03,66560,1.50929705215,252,175,0.00375324899711,1,81.7955048534,59.6532008616,17.6155990855,0.760833312092,251.751512001
R03,66560,1.50929705215,379,116.35883905,1.23877755381,0,0.473124348677,0.491349314212,59.8888597021,0,251.751512001
R03,66560,1.50929705215,416,106.009615385,1.33107815033,0,1.16231301073,1.03021433219,0.585115843248,0,251.751512001
R03,66560,1.50929705215,504,87.5,0.00838241534874,0,0.760833312092,81.7955048534,0.324287647692,0,251.751512001
R03,67072,1.52090702948,139,317.26618705,1.28769827505,0,0.536154697231,0.0119556895111,0.0577148551806,14.436377483,251.867921023
R03,67072,1.52090702948,252,175,0.00390015451302,1,81.0381234106,58.8715445458,17.2710201285,0.589310931893,251.867921023
R03,67072,1.52090702948,335,131.641791045,1.407623603,0,0.123762378564,0.368628572395,0.533618238464,0,251.867921023
R03,67072,1.52090702948,380,116.052631579,1.24989402273,0,0.364362999422,0.238003284278,58.6931873725,0,251.867921023
R03,67072,1.52090702948,417,105.755395683,1.33429118329,0,1.47365615233,0.707826579389,0.536154697231,0,251.867921023
R03,67072,1.52090702948,504,87.5,0.00918950986736,0,0.589310931893,81.0381234106,0.39230643143,0,251.867921023
R03,67584,1.5325170068,139,317.26618705,1.29624831525,0,0.642620324448,0.0276857182313,0.0154767238169,13.6230040052,251.859337004
R03,67584,1.5325170068,252,175,0.00388956436937,1,80.689647955,57.8067394764,17.0699148852,0.197149774317,251.859337004
R03,67584,1.5325170068,333,132.432432432,1.41114592028,0,0.570421847531,0.42047318736,0.0672128950366,0,251.859337004
R03,67584,1.5325170068,379,116.35883905,1.26223250742,0,0.585726995667,0.258007556568,57.9849719765,0,251.859337004
R03,67584,1.5325170068,504,87.5,0.00885054350257,0,0.197149774317,80.689647955,0.441423458873,0,251.859337004
R03,68096,1.54412698413,140,315,1.30935684112,0,0.414192097808,0.0668397678308,0.0586002448756,11.366406756,251.867413648
R03,68096,1.54412698413,252,175,0.00409061944,1,81.0632303075,56.5950290227,16.9353822025,0.605829953557,251.867413648
R03,68096,1.54412698413,379,116.35883905,1.27521994779,0,1.28721886343,0.661095737144,56.8062462703,0,251.867413648
R03,68096,1.54412698413,504,87.5,0.00865756884338,0,0.605829953557,81.0632303075,0.408825069123,0,251.867413648
R03,68608,1.55573696145,140,315,1.31830982908,0,0.881644095865,0.125570923491,0.0908936520898,13.2459236076,251.910177143
R03,68608,1.55573696145,252,175,0.00401005301601,1,82.013351585,55.5502809125,16.851330487,0.929411240021,251.910177143
R03,68608,1.55573696145,380,116.052631579,1.28500074548,0,1.62060361523,0.670838559637,55.5178893718,0,251.910177143
R03,68608,1.55573696145,504,87.5,0.00877632363123,0,0.929411240021,82.013351585,0.364821634785,0,251.910177143
R03,69120,1.56734693878,141,312.765957447,1.33162586916,0,0.343436852167,0.131756210531,0.0873297244101,8.90660596573,251.960267036
R03,69120,1.56734693878,252,175,0.00398657402373,1,82.961224194,54.8130691887,16.8093241043,0.958224772152,251.960267036
R03,69120,1.56734693878,382,115.445026178,1.30580684634,0,1.4307651791,0.845740885184,52.7568818552,0,251.960267036
R03,69120,1.56734693878,504,87.5,0.00876795670128,0,0.958224772152,82.961224194,0.303243725736,0,251.960267036
R03,69632,1.5789569161,142,310.563380282,1.34041146356,0,0.604933607669,0.0709799323869,0.112478627032,4.66456282815,251.973272731
R03,69632,1.5789569161,252,175,0.00398012076624,1,83.2917318771,54.1893470552,16.8789297866,0.859896530356,251.973272731
R03,69632,1.5789569161,386,114.248704663,1.32178884911,0,1.51355583551,1.57066216697,43.0301754534,0,251.973272731
R03,69632,1.5789569161,504,87.5,0.00834497584277,0,0.859896530356,83.2917318771,0.210283664609,0,251.973272731
R03,70144,1.59056689342,143,308.391608392,1.34556047164,0,0.417362079244,0.0216739229869,0.0705781788868,2.47905182316,252.009241777
R03,70144,1.59056689342,252,175,0.00348578995252,1,82.9035394142,53.5768825681,17.0367692112,0.763805671512,252.009241777
R03,70144,1.59056689342,387,113.953488372,1.32909556819,0,1.18182768138,1.75120448451,39.4383549268,0,252.009241777
R03,70144,1.59056689342,504,87.5,0.00760150254008,0,0.763805671512,82.9035394142,0.213349726534,0,252.009241777
R03,70656,1.60217687075,143,308.391608392,1.34657769111,0,0.321945877605,0.0850131926226,0.107940431224,2.83872007679,251.982370768
R03,70656,1.60217687075,252,175,0.00301439860398,1,82.1775132224,53.0280356636,17.1392032597,0.802387530338,251.982370768
R03,70656,1.60217687075,388,113.659793814,1.32698312257,0,0.700660917125,1.6359904862,35.9677546815,0,251.982370768
R03,70656,1.60217687075,504,87.5,0.00637669741395,0,0.802387530338,82.1775132224,0.206873407487,0,251.982370768
R03,71168,1.61378684807,143,308.391608392,1.34280829811,0,1.01653953253,0.166813458945,0.131943164164,2.65492487656,252.020639211
R03,71168,1.61378684807,252,175,0.00307838601125,1,81.4116444587,52.6348435282,17.003417654,0.843690292769,252.020639211
R03,71168,1.61378684807,387,113.953488372,1.32728003024,0,0.719229969498,1.61763565373,39.0798868907,0,252.020639211
R03,71168,1.61378684807,504,87.5,0.00628703318019,0,0.843690292769,81.4116444587,0.176018561277,0,252.020639211
R03,71680,1.6253968254,143,308.391608392,1.34219830268,0,0.977734931904,0.182675622753,0.124512081767,1.63345468267,251.987477686
R03,71680,1.6253968254,252,175,0.00296525963137,1,80.5933073295,52.4136806452,16.6191453694,0.571549105697,251.987477686
R03,71680,1.6253968254,387,113.953488372,1.32751231989,0,0.861508209234,1.38837897806,39.1809306198,0,251.987477686
R03,71680,1.6253968254,504,87.5,0.00581127292688,0,0.571549105697,80.5933073295,0.156124464874,0,251.987477686
R03,72192,1.63700680272,143,308.391608392,1.3416403041,0,1.55547372629,0.149105584598,0.0781816043507,1.07589185597,252.046696117
R03,72192,1.63700680272,252,175,0.00296138973201,1,79.7448307156,52.3522528127,16.1580096837,0.121828120662,252.046696117
R03,72192,1.63700680272,388,113.659793814,1.32431884172,0,1.19207061768,0.833456842231,35.8964848136,0,252.046696117
R03,72192,1.63700680272,504,87.5,0.00541623635406,0,0.121828120662,79.7448307156,0.269115369916,0,252.046696117
R03,72704,1.64861678005,143,308.391608392,1.33346389915,0,1.06109982347,0.0989835973093,0.046771137595,1.79726282146,252.0226321
R03,72704,1.64861678005,252,175,0.00493071390396,1,78.843290192,52.2918527903,15.7860345805,0.51132044816,252.0226321
R03,72704,1.64861678005,388,113.659793814,1.31537473792,0,1.7629209337,0.612216898662,35.2862181578,0,252.0226321
R03,72704,1.64861678005,504,87.5,0.00585071805487,0,0.51132044816,78.843290192,0.187554388146,0,252.0226321
R03,73216,1.66022675737,144,306.25,1.33503811045,0,1.00644049473,0.0277828944438,0.047927874805,1.11034761544,252.152836175
R03,73216,1.66022675737,252,175,0.00623087702118,1,78.114030747,52.1952615891,15.4790318692,0.853782219091,252.152836175
R03,73216,1.66022675737,388,113.659793814,1.31739205425,0,2.11623983933,0.609168141275,34.913688289,0,252.152836175
R03,73216,1.66022675737,504,87.5,0.00714636493605,0,0.853782219091,78.114030747,0.808986366922,0,252.152836175
R03,73728,1.67183673469,144,306.25,1.32813903673,0,1.06334286872,0.16241573947,0.086107978753,1.25684612523,252.12710788
R03,73728,1.67183673469,252,175,0.00667314986893,1,77.6966155644,51.9379460098,15.2420927967,0.751458716407,252.12710788
R03,73728,1.67183673469,389,113.367609254,1.31948157604,0,1.93643524688,0.59852494948,32.0607174702,0,252.12710788
R03,73728,1.67183673469,504,87.5,0.0076842769752,0,0.751458716407,77.6966155644,2.08378627931,0,252.12710788
R03,74240,1.68344671202,144,306.25,1.3320234099,0,1.39185766068,0.276052638809,0.0933135207129,0.874909386381,252.066778096
R03,74240,1.68344671202,252,175,0.00727420751169,1,77.2130563559,51.3474232253,15.0929741306,0.492511624441,252.066778096
R03,74240,1.68344671202,389,113.367609254,1.32758823438,0,2.19505314901,1.08240109181,32.4476365194,0,252.066778096
R03,74240,1.68344671202,504,87.5,0.00889149865839,0,0.492511624441,77.2130563559,3.16801575884,0,252.066778096
R03,74752,1.69505668934,252,175,0.00838432520593,1,75.9839936582,49.9601325482,14.9554639621,0.406333776953,252.083805493
R03,74752,1.69505668934,390,113.076923077,1.32821898623,0,2.38747485111,1.16254437522,29.3568935226,0,252.083805493
R03,74752,1.69505668934,504,87.5,0.0110513944295,0,0.406333776953,75.9839936582,3.23637502306,0,252.083805493
R03,75264,1.70666666667,252,175,0.011291830519,1,73.0573631942,47.2829211241,14.7509672134,0.499645195764,252.198145419
R03,75264,1.70666666667,392,112.5,1.31583737668,0,2.06603161933,0.980638766706,22.9517470267,0,252.198145419
R03,75264,1.70666666667,504,87.5,0.0154843339431,0,0.499645195764,73.0573631942,2.2987333178,0,252.198145419
R03,75776,1.71827664399,253,174.308300395,0.0983292854592,1,67.6574134222,43.5147970302,14.8128637193,0.675815307258,252.741508799
R03,75776,1.71827664399,389,113.367609254,1.31214642457,0,1.38817590911,1.2219935211,29.6240017259,0,252.741508799
R03,75776,1.71827664399,504,87.5,0.0573716481974,0,0.668617729573,68.149266432,2.10869897905,0,252.741508799
R03,76288,1.72988662132,254,173.622047244,0.273809076995,0,60.9424677354,38.7215401881,14.3742682624,2.15063042311,0
R03,76288,1.72988662132,502,87.8486055777,0.159947991044,0,2.11800514464,62.5006380676,7.10356922465,0,0
R03,76800,1.74149659864,255,172.941176471,0.326412244489,0,53.3634927221,32.8461454057,13.0587047523,4.01150443816,0
R03,76800,1.74149659864,502,87.8486055777,0.238450221197,0,3.93810394378,55.2317337157,15.2791858947,0,0
R03,77312,1.75310657596,256,172.265625,0.403400287812,0,45.2500464109,25.9976943988,10.8919543502,5.57855703351,0
R03,77312,1.75310657596,501,88.0239520958,0.321598433677,0,5.44370214886,46.4896915567,22.4083682642,0,0
R03,77824,1.76471655329,171,257.894736842,1.0601545912,0,20.9538516378,9.45368956051,0.5556914886,20.8862633811,0
R03,77824,1.76471655329,258,170.930232558,0.485901002052,0,34.6264783701,16.9445309911,6.55765248801,5.63273986352,0
R03,77824,1.76471655329,500,88.2,0.409709126494,0,5.50299221723,37.2093757594,24.2256768031,0,0
R03,78336,1.77632653061,167,264.071856287,1.01150588283,0,18.922612681,11.5311133789,0.458548097683,22.2984104831,0
R03,78336,1.77632653061,265,166.41509434,0.575908403309,0,16.7173563821,0.413219364119,1.88961249934,4.03082684302,0
R03,78336,1.77632653061,499,88.376753507,0.51166642986,0,4.11337736957,29.2539985083,19.1335840773,0,0
R03,78848,1.78793650794,166,265.662650602,0.975058449746,0,10.128265233,8.59668390948,0.20602571918,21.4777440144,0
R03,78848,1.78793650794,275,160.363636364,0.634955602307,0,1.02259510363,6.22498735423,1.3063385512,2.0321221121,0
R03,78848,1.78793650794,496,88.9112903226,0.591302590969,0,1.86633046911,23.0555464492,10.062281041,0,0
R03,79360,1.79954648526,160,275.625,0.918580279209,0,4.29435201774,0.616934435304,0.275457787084,16.873360306,0
R03,79360,1.79954648526,302,146.026490066,0.587903695451,0,9.51584321355,3.13249236615,0.766856563649,0,0
R03,79360,1.79954648526,484,91.1157024793,0.633378596565,0,1.14010814313,15.944549163,2.55231226079,0,0
R03,79872,1.81115646259,169,260.946745562,0.69149373748,0,1.26979781111,8.36532063498,0.523731035059,16.336821795,0
R03,79872,1.81115646259,263,167.680608365,0.397113039606,0,13.5742903031,5.75142044034,1.11647459349,0.631422189595,0
R03,79872,1.81115646259,462,95.4545454545,0.698878943204,0,3.47130561131,4.09387379966,5.65795618706,0,0
R03,80384,1.82276643991,147,300,0.735996728216,0,12.9701466784,1.45269709827,0.246277860313,10.7289583653,0
R03,80384,1.82276643991,252,175,0.533773024108,0,31.381774548,20.6790802038,8.05898288605,2.22951389658,0
R03,80384,1.82276643991,326,135.27607362,1.23240440298,0,19.8716526381,8.40508209643,2.32274547926,0,0
R03,80384,1.82276643991,381,115.748031496,0.72881113505,0,6.15610844663,11.8432773176,19.4760840384,0,0
R03,80384,1.82276643991,395,111.64556962,0.728686073239,0,7.52201350157,13.4920810884,15.6057238854,0,0
R03,80384,1.82276643991,522,84.4827586207,0.547362521268,0,1.82116636382,23.2249798122,7.3142312897,0,0
R03,80896,1.83437641723,127,347.244094488,0.616484238875,0,50.2930572672,7.57272419515,5.01449883718,52.4054743856,0
R03,80896,1.83437641723,251,175.697211155,0.42078744016,0,53.4737962923,46.0118004408,10.2602606404,7.19251199174,0
R03,80896,1.83437641723,378,116.666666667,0.520367101533,0,9.46013920188,32.7097450531,48.0206408152,0,0
R03,80896,1.83437641723,506,87.1541501976,0.445151446323,0,6.92049534496,52.9599123391,26.8794211931,0,0
R03,81408,1.84598639456,127,347.244094488,0.535109655473,0,102.222211694,12.6786580508,9.1470261489,73.292374696,0
R03,81408,1.84598639456,251,175.697211155,0.344490616693,0,75.8469959871,90.465240856,14.5753354924,11.917451356,0
R03,81408,1.84598639456,378,116.666666667,0.455098180591,0,12.7691236243,61.066132477,95.1924042182,0,0
R03,81408,1.84598639456,505,87.3267326733,0.390714353339,0,11.6953512427,74.7207459613,46.4550268115,0,0
R03,81920,1.85759637188,126,350,0.45565016566,0,152.966839802,20.5632076242,16.528557104,85.7576930744,0
R03,81920,1.85759637188,251,175.697211155,0.299629714651,0,87.3919772179,145.042157244,14.2188019425,12.4770862503,0
R03,81920,1.85759637188,378,116.666666667,0.388889534108,0,8.67930862035,79.833525242,152.966839802,0,0
R03,81920,1.85759637188,505,87.3267326733,0.337666187512,0,12.3045855685,84.8754487213,55.7377252585,0,0
R03,82432,1.86920634921,126,350,0.425025197075,0,205.913424489,25.2404365759,20.8122921527,81.5389630165,0
R03,82432,1.86920634921,251,175.697211155,0.277477215865,0,83.7803846897,195.241591981,9.28806551357,8.77070372465,0
R03,82432,1.86920634921,378,116.666666667,0.350815752032,0,6.85929583371,76.6162506939,205.913424489,0,0
R03,82432,1.86920634921,505,87.3267326733,0.319481345605,0,8.76776871806,80.3206205364,49.3812522839,0,0
R03,82944,1.88081632653,126,350,0.397861313659,0,239.450589892,27.457628218,22.8466344045,65.8614457737,0
R03,82944,1.88081632653,251,175.697211155,0.260225596156,0,67.9383711302,227.796807776,3.79712873412,3.02481923574,0
R03,82944,1.88081632653,378,116.666666667,0.325719003032,0,16.3432339395,55.3060074256,239.450589892,0,0
R03,82944,1.88081632653,504,87.5,0.303162662795,0,3.17264235389,65.8614457737,32.743311435,0,0
R03,83456,1.89242630385,126,350,0.361738229687,0,247.372905992,27.4606128755,22.7814159745,47.3907628353,0
R03,83456,1.89242630385,251,175.697211155,0.234389153993,0,48.3507001569,237.035290889,2.92327947768,1.64046996464,0
R03,83456,1.89242630385,378,116.666666667,0.232277958705,0,18.2951595581,37.7299253962,247.372905992,0,0
R03,83456,1.89242630385,504,87.5,0.200614057786,0,1.66234277866,47.3907628353,14.9222632071,0,0
R03,83968,1.90403628118,126,350,0.184045500799,0,235.494377457,26.7856037554,21.7539626539,30.754533354,251.300176383
R03,83968,1.90403628118,251,175.697211155,0.139133039037,1,30.9981313118,227.302460487,1.09677306006,2.68371205224,251.300176383
R03,83968,1.90403628118,377,116.976127321,0.129983338812,0,11.0576636394,34.8070509306,230.542117156,0,251.300176383
R03,83968,1.90403628118,503,87.6739562624,0.139437157425,0,2.73896411526,30.8821604342,7.3169350255,0,251.300176383
R03,84480,1.9156462585,126,350,0.128267510203,1,217.149617198,25.6491101502,20.2320517328,15.6003650836,125.894326815
R03,84480,1.9156462585,252,175,0.0748224121108,0,15.6003650836,217.149617198,2.23217533371,3.44653034421,125.894326815
R03,84480,1.9156462585,378,116.666666667,0.102251154357,0,1.86218593243,28.7706416287,217.149617198,0,125.894326815
R03,84480,1.9156462585,504,87.5,0.116339902818,0,3.44653034421,15.6003650836,5.08726093373,0,125.894326815
R03,84992,1.92725623583,126,350,0.102896032953,1,201.746413785,24.6061643375,18.354116174,7.43193341203,125.529494934
R03,84992,1.92725623583,251,175.697211155,0.0604444049728,0,6.63166630534,197.156927073,3.40838341434,4.50525440527,125.529494934
R03,84992,1.92725623583,377,116.976127321,0.058690652186,0,5.44217604298,19.3349427438,199.201920404,0,125.529494934
R03,84992,1.92725623583,503,87.6739562624,0.0908371152824,0,4.51011071257,7.04604820346,3.97608551013,0,125.529494934
R03,85504,1.93886621315,126,350,0.068617610629,1,193.512152595,23.8208709855,16.5506721157,8.20485381504,125.672709067
R03,85504,1.93886621315,251,175.697211155,0.0450006560168,0,8.18353116195,189.614864922,3.88609802665,4.97705780681,125.672709067
R03,85504,1.93886621315,377,116.976127321,0.0397556568539,0,5.07892165163,11.6966896213,191.409544174,0,125.672709067
R03,85504,1.93886621315,503,87.6739562624,0.080904383041,0,4.99203495116,8.19327592011,3.36081710242,0,125.672709067
R03,86016,1.95047619048,126,350,0.0489889951722,1,192.42180206,23.2290176275,15.1800762526,9.90981001199,125.549228302
R03,86016,1.95047619048,251,175.697211155,0.0318506957478,0,10.3401631498,188.55964895,3.2580537351,3.39110141778,125.549228302
R03,86016,1.95047619048,377,116.976127321,0.0299596486576,0,1.33450941589,7.26745362365,190.30438285,0,125.549228302
R03,86016,1.95047619048,503,87.6739562624,0.0564286191789,0,3.41109224043,10.1264563793,1.49933974539,0,125.549228302
R03,86528,1.9620861678,126,350,0.0359119505315,1,193.688964547,22.3637297716,14.3621935186,8.30745351154,125.641544165
R03,86528,1.9620861678,251,175.697211155,0.0227662597825,0,8.72126772496,189.703320022,1.96837637057,1.78133874792,125.641544165
R03,86528,1.9620861678,377,116.976127321,0.0291212236706,0,4.31485605295,5.25351453992,191.468778931,0,125.641544165
R03,86528,1.9620861678,503,87.6739562624,0.0416225572201,0,1.81212012302,8.51199901875,2.15280263638,0,125.641544165
R03,87040,1.97369614512,126,350,0.0324053289656,1,193.188961168,21.3039903353,13.8586072677,4.84426815059,125.588664492
R03,87040,1.97369614512,251,175.697211155,0.0185561604723,0,5.6207418593,189.18941566,0.916119700828,1.87384981939,125.588664492
R03,87040,1.97369614512,377,116.976127321,0.0269819269962,0,6.58384951561,4.54496746563,190.965936446,0,125.588664492
R03,87040,1.97369614512,503,87.6739562624,0.0336386831764,0,1.87078758137,5.23037557394,2.22873225516,0,125.588664492
R03,87552,1.98530612245,126,350,0.0256621597097,1,190.63856316,20.2497969444,13.4803216098,6.29512451577,125.680468865
R03,87552,1.98530612245,251,175.697211155,0.0139922521481,0,6.89935440019,186.798459565,0.387620839433,2.60134348372,125.680468865
R03,87552,1.98530612245,377,116.976127321,0.0218326008135,0,6.97797317448,4.19460243765,188.536300116,0,125.680468865
R03,87552,1.98530612245,503,87.6739562624,0.0292463563893,0,2.58488291531,6.5964933019,1.87414822137,0,125.680468865
R03,88064,1.99691609977,126,350,0.0216569772674,1,187.997543621,19.1693437776,13.0635315414,9.20556357783,125.683186109
R03,88064,1.99691609977,251,175.697211155,0.0118119908376,0,9.40147461223,184.353448579,0.323373427958,2.95802505147,125.683186109
R03,88064,1.99691609977,377,116.976127321,0.0186117401225,0,5.89165193868,3.7107367452,186.025607228,0,125.683186109
R03,88064,1.99691609977,503,87.6739562624,0.0229346791771,0,2.93934532266,9.30225008011,1.43890866159,0,125.683186109
R03,88576,2.0085260771,126,350,0.0167499387624,1,187.11055574,18.145150768,12.6599176127,8.66237553189,125.753863943
R03,88576,2.0085260771,252,175,0.0104067319917,0,8.66237553189,187.11055574,0.256764008887,2.4291119257,125.753863943
R03,88576,2.0085260771,377,116.976127321,0.0148591841716,0,5.94321184185,3.9001767321,185.177205133,0,125.753863943
R03,88576,2.0085260771,503,87.6739562624,0.0213396793035,0,2.450934629,8.70112340469,0.831339870846,0,125.753863943
R03,89088,2.02013605442,126,350,0.0153133357065,1,187.418907381,17.2422802428,12.3494537072,4.89131344084,125.719048222
R03,89088,2.02013605442,252,175,0.00926864025184,0,4.89131344084,187.418907381,0.233942514961,1.37929652155,125.719048222
R03,89088,2.02013605442,377,116.976127321,0.0140584133276,0,6.21256956256,3.88843208574,185.389808646,0,125.719048222
R03,89088,2.02013605442,503,87.6739562624,0.0188114338459,0,1.40819650715,4.89587590157,0.280624797932,0,125.719048222
R03,89600,2.03174603175,126,350,0.0145531762847,1,187.115708053,16.4376100458,12.1268647824,0.533772757011,125.797949875
R03,89600,2.03174603175,252,175,0.00874353684363,0,0.533772757011,187.115708053,0.316412645804,0.842208941615,125.797949875
R03,89600,2.03174603175,378,116.666666667,0.0133705670508,0,4.19376070986,3.09884908777,187.115708053,0,125.797949875
R03,89600,2.03174603175,504,87.5,0.018326951763,0,0.842208941615,0.533772757011,0.15646342276,0,125.797949875
R03,90112,2.04335600907,126,350,0.0130028266141,1,185.441490372,15.6490245659,11.9683247163,2.40558945101,125.802022586
R03,90112,2.04335600907,252,175,0.00808459292033,0,2.40558945101,185.441490372,0.322296474166,1.1547144382,125.802022586
R03,90112,2.04335600907,378,116.666666667,0.0115084203747,0,2.37293674445,2.32742542812,185.441490372,0,125.802022586
R03,90112,2.04335600907,504,87.5,0.0174759284012,0,1.1547144382,2.40558945101,0.121518500274,0,125.802022586
R03,90624,2.05496598639,126,350,0.00854436049623,1,182.873094751,14.7539079898,11.8599220602,3.15286807877,125.843403021
R03,90624,2.05496598639,252,175,0.00734121409898,0,3.15286807877,182.873094751,0.267742202787,1.0569917121,125.843403021
R03,90624,2.05496598639,378,116.666666667,0.00738161351352,0,3.17796336767,1.91829857139,182.873094751,0,125.843403021
R03,90624,2.05496598639,504,87.5,0.0156966538872,0,1.0569917121,3.15286807877,0.312884262273,0,125.843403021
R03,91136,2.06657596372,126,350,0.00682003767383,1,179.621485731,13.8376652586,11.7422779381,2.84665640376,125.838820531
R03,91136,2.06657596372,252,175,0.00586145439187,0,2.84665640376,179.621485731,0.27295093426,0.945124728486,125.838820531
R03,91136,2.06657596372,378,116.666666667,0.00685284098653,0,3.4633113457,1.74110647837,179.621485731,0,125.838820531
R03,91136,2.06657596372,504,87.5,0.0135164944574,0,0.945124728486,2.84665640376,0.669433690809,0,125.838820531
R03,91648,2.07818594104,126,350,0.00598714832817,1,175.919991673,13.0774089345,11.482124634,2.16652396116,125.905098149
R03,91648,2.07818594104,252,175,0.00481450950584,0,2.16652396116,175.919991673,0.321234689635,0.910526605746,125.905098149
R03,91648,2.07818594104,378,116.666666667,0.0060597351817,0,2.94186805438,1.40596357225,175.919991673,0,125.905098149
R03,91648,2.07818594104,504,87.5,0.0116831590149,0,0.910526605746,2.16652396116,0.573434812607,0,125.905098149
R03,92160,2.08979591837,126,350,0.00443613791323,1,172.385115106,12.4964166996,11.0755597356,1.68014910814,125.918152333
R03,92160,2.08979591837,252,175,0.00414966782704,0,1.68014910814,172.385115106,0.319523463278,0.894364605628,125.918152333
R03,92160,2.08979591837,378,116.666666667,0.00560441951732,0,2.36936608854,1.07096398273,172.385115106,0,125.918152333
R03,92160,2.08979591837,504,87.5,0.0102554852535,0,0.894364605628,1.68014910814,0.335413006468,0,125.918152333
R03,92672,2.10140589569,126,350,0.00386184861323,1,169.068931031,12.0677547238,10.6145587082,1.78582212414,125.958192327
R03,92672,2.10140589569,252,175,0.00369151102608,0,1.78582212414,169.068931031,0.234251000456,0.836766592972,125.958192327
R03,92672,2.10140589569,378,116.666666667,0.00511799324991,0,2.00977699419,0.574661424323,169.068931031,0,125.958192327
R03,92672,2.10140589569,504,87.5,0.00893633562111,0,0.836766592972,1.78582212414,0.185601424032,0,125.958192327
R03,93184,2.11301587302,126,350,0.00303524750967,1,166.046109153,11.7268633402,10.154971139,2.19021897328,125.949316325
R03,93184,2.11301587302,252,175,0.00327573437283,0,2.19021897328,166.046109153,0.114767838143,0.75603876733,125.949316325
R03,93184,2.11301587302,378,116.666666667,0.00486652866982,0,1.4110067511,0.208597247694,166.046109153,0,125.949316325
R03,93184,2.11301587302,504,87.5,0.00793198993509,0,0.75603876733,2.19021897328,0.0899192225444,0,125.949316325
R03,93696,2.12462585034,126,350,0.00260719309363,1,163.604646511,11.3899140186,9.74027970554,2.04302751541,126.00446958
R03,93696,2.12462585034,252,175,0.00311328266286,0,2.04302751541,163.604646511,0.0508555644055,0.64703764915,126.00446958
R03,93696,2.12462585034,378,116.666666667,0.00466603879877,0,0.929158751467,0.502969880821,163.604646511,0,126.00446958
R03,93696,2.12462585034,504,87.5,0.00759619454765,0,0.64703764915,2.04302751541,0.316087529011,0,126.00446958
R03,94208,2.13623582766,126,350,0.00229350165057,1,161.64910811,11.060841043,9.40264170765,1.38870058438,125.982206254
R03,94208,2.13623582766,252,175,0.00278262983934,0,1.38870058438,161.64910811,0.0702060096657,0.67740892175,125.982206254
R03,94208,2.13623582766,378,116.666666667,0.00435445896563,0,1.44027230496,0.653989354552,161.64910811,0,125.982206254
R03,94208,2.13623582766,504,87.5,0.00701106374184,0,0.67740892175,1.38870058438,0.519892607344,0,125.982206254
R03,94720,2.14784580499,126,350,0.00253557694194,1,159.980074541,10.754836382,9.12221275713,0.629161929843,125.971407386
R03,94720,2.14784580499,252,175,0.00267246068426,0,0.629161929843,159.980074541,0.0793591224667,0.701102707358,125.971407386
R03,94720,2.14784580499,378,116.666666667,0.00436387091713,0,1.72713697778,0.612409312629,159.980074541,0,125.971407386
R03,94720,2.14784580499,504,87.5,0.00679833484695,0,0.701102707358,0.629161929843,0.660243524435,0,125.971407386
R03,95232,2.15945578231,126,350,0.00203411538717,1,158.38374801,10.4077973713,8.88123397541,0.173680883703,126.03626938
R03,95232,2.15945578231,252,175,0.00266232209378,0,0.173680883703,158.38374801,0.0744946684193,0.648888131312,126.03626938
R03,95232,2.15945578231,378,116.666666667,0.00428495904878,0,1.61560489537,0.510803512495,158.38374801,0,126.03626938
R03,95232,2.15945578231,504,87.5,0.0069592114358,0,0.648888131312,0.173680883703,0.916897779015,0,126.03626938
R03,95744,2.17106575964,126,350,0.00280507684944,1,156.430658036,9.98610163348,8.66214681544,1.04025042054,126.002571243
R03,95744,2.17106575964,252,175,0.00320015254873,0,1.04025042054,156.430658036,0.045579886793,0.321334251042,126.002571243
R03,95744,2.17106575964,378,116.666666667,0.00418478337177,0,1.5727997258,0.368181109886,156.430658036,0,126.002571243
R03,95744,2.17106575964,504,87.5,0.00662770260682,0,0.321334251042,1.04025042054,1.0206512153,0,126.002571243
R03,96256,2.18267573696,126,350,0.00316178645983,1,153.649453815,9.51415089032,8.39958419685,1.59184927963,126.005726213
R03,96256,2.18267573696,252,175,0.00427178534733,0,1.59184927963,153.649453815,0.030049212926,0.736375811121,126.005726213
R03,96256,2.18267573696,378,116.666666667,0.00481391388432,0,0.972761082968,0.368468811447,153.649453815,0,126.005726213
R03,96256,2.18267573696,504,87.5,0.00668007527701,0,0.736375811121,1.59184927963,0.90826424171,0,126.005726213
R03,96768,2.19428571429,126,350,0.00345693367616,1,150.505925193,9.02594587482,8.07640361312,1.59628429437,126.015365074
R03,96768,2.19428571429,252,175,0.00451573727718,0,1.59628429437,150.505925193,0.0541935387847,2.45655419489,126.015365074
R03,96768,2.19428571429,378,116.666666667,0.00522184674295,0,1.57618260634,0.402603362905,150.505925193,0,126.015365074
R03,96768,2.19428571429,504,87.5,0.0064507990734,0,2.45655419489,1.59628429437,0.760115362766,0,126.015365074
R03,97280,2.20589569161,126,350,0.00337325150744,1,147.846214425,8.58960757422,7.75648377664,1.09209610035,125.998073313
R03,97280,2.20589569161,252,175,0.00459003552982,0,1.09209610035,147.846214425,0.0433624772722,4.0368347115,125.998073313
R03,97280,2.20589569161,378,116.666666667,0.00512675530745,0,2.30827367091,0.447811506676,147.846214425,0,125.998073313
R03,97280,2.20589569161,504,87.5,0.00651761586861,0,4.0368347115,1.09209610035,0.675083584391,0,125.998073313
R03,97792,2.21750566893,126,350,0.00326878345466,1,146.132497726,8.25392453764,7.49724963783,0.578296317923,126.047787323
R03,97792,2.21750566893,252,175,0.00461195207945,0,0.578296317923,146.132497726,0.0406098647014,4.51826462507,126.047787323
R03,97792,2.21750566893,378,116.666666667,0.0052404904308,0,1.72823271608,0.433686270009,146.132497726,0,126.047787323
R03,97792,2.21750566893,504,87.5,0.00642293012385,0,4.51826462507,0.578296317923,0.573354195337,0,126.047787323
R03,98304,2.22911564626,126,350,0.00309282245863,1,145.049268847,7.99532586149,7.30686868564,0.78996637114,126.064768088
R03,98304,2.22911564626,252,175,0.00448433171452,0,0.78996637114,145.049268847,0.0824950408055,3.52959563236,126.064768088
R03,98304,2.22911564626,378,116.666666667,0.00508005089392,0,0.86914804109,0.396744463038,145.049268847,0,126.064768088
R03,98304,2.22911564626,505,87.3267326733,0.00614913684775,0,3.51708884756,0.784955213977,0.281113390269,0,126.064768088
R03,98816,2.24072562358,126,350,0.00292608527586,1,143.761945893,7.74869040809,7.16004903432,1.13202520045,126.058622995
R03,98816,2.24072562358,252,175,0.00449333980279,0,1.13202520045,143.761945893,0.136904471326,1.82146035969,126.058622995
R03,98816,2.24072562358,378,116.666666667,0.00482079799011,0,1.51386603508,0.544580861215,143.761945893,0,126.058622995
R03,98816,2.24072562358,504,87.5,0.00562448550829,0,1.82146035969,1.13202520045,0.0917704398752,0,126.058622995
R03,99328,2.25233560091,126,350,0.00290354118921,1,141.882126691,7.51181316189,6.99894805973,1.09283405965,126.079799588
R03,99328,2.25233560091,252,175,0.0045705140386,0,1.09283405965,141.882126691,0.178507661805,0.402380204062,126.079799588
R03,99328,2.25233560091,378,116.666666667,0.00460427611791,0,1.45377427611,0.596122369275,141.882126691,0,126.079799588
R03,99328,2.25233560091,505,87.3267326733,0.0052368476851,0,0.398229676916,1.11382365348,0.369896577485,0,126.079799588
R03,99840,2.26394557823,126,350,0.00178055754992,1,139.395357996,7.28511572073,6.7856133043,0.807989794083,126.082518938
R03,99840,2.26394557823,252,175,0.00294246048495,0,0.807989794083,139.395357996,0.176830726786,0.114950514574,126.082518938
R03,99840,2.26394557823,378,116.666666667,0.00418392994765,0,0.526301360831,0.431186672826,139.395357996,0,126.082518938
R03,99840,2.26394557823,505,87.3267326733,0.00510396299315,0,0.103348493784,0.817639582016,0.398022091478,0,126.082518938
R03,100352,2.27555555556,126,350,0.00132565074754,1,136.4638246,7.09291174633,6.52967375577,0.506274726037,126.097516869
R03,100352,2.27555555556,252,175,0.00224771437893,0,0.506274726037,136.4638246,0.129850750718,0.225444530524,126.097516869
R03,100352,2.27555555556,378,116.666666667,0.00340213452507,0,0.578781934294,0.265163552796,136.4638246,0,126.097516869
R03,100352,2.27555555556,505,87.3267326733,0.00451878895356,0,0.222617608831,0.506614240429,0.215840818475,0,126.097516869
R03,100864,2.28716553288,126,350,0.00094608392009,1,133.501354706,6.94001075152,6.2728320155,0.226254068875,126.107629553
R03,100864,2.28716553288,252,175,0.00191760361692,0,0.226254068875,133.501354706,0.0824660239842,0.223119606818,126.107629553
R03,100864,2.28716553288,378,116.666666667,0.00302293921759,0,0.636436101019,0.435816039347,133.501354706,0,126.107629553
R03,100864,2.28716553288,505,87.3267326733,0.00400561715394,0,0.238908522583,0.220257170476,0.245750242514,0,126.107629553
R03,101376,2.2987755102,126,350,0.000806948731353,1,130.879538414,6.81402492267,6.04057538204,0.216335406094,126.089627044
R03,101376,2.2987755102,252,175,0.00188432620116,0,0.216335406094,130.879538414,0.0721716523832,0.518183279468,126.089627044
R03,101376,2.2987755102,378,116.666666667,0.00306006791059,0,0.239345139368,0.585896267567,130.879538414,0,126.089627044
R03,101376,2.2987755102,505,87.3267326733,0.00398688642315,0,0.523665893961,0.207603924599,0.422150604175,0,126.089627044
R03,101888,2.31038548753,126,350,0.000908584605741,1,129.068202472,6.72238292643,5.8387352543,0.52328262379,126.10505799
R03,101888,2.31038548753,252,175,0.00201435112565,0,0.52328262379,129.068202472,0.10019766863,0.682532138941,126.10505799
R03,101888,2.31038548753,378,116.666666667,0.00331285880755,0,0.359671914443,0.525841896955,129.068202472,0,126.10505799
R03,101888,2.31038548753,505,87.3267326733,0.0042105022493,0,0.683404943345,0.522238606877,0.576740375631,0,126.10505799
R03,102400,2.32199546485,126,350,0.000996412288942,1,127.776127615,6.62839109447,5.66160351629,0.701023865649,126.141594642
R03,102400,2.32199546485,252,175,0.00216459893873,0,0.701023865649,127.776127615,0.108591063761,0.421638183569,126.141594642
R03,102400,2.32199546485,379,116.35883905,0.0035282569232,0,0.53141217906,0.44149512,128.035997434,0,126.141594642
R03,102400,2.32199546485,505,87.3267326733,0.00442605789187,0,0.419000204616,0.698030221647,0.658935980539,0,126.141594642
R03,102912,2.33360544218,126,350,0.000952846594003,1,126.603320319,6.49495596623,5.49953714543,0.641562854751,126.119148668
R03,102912,2.33360544218,252,175,0.00215781128151,0,0.641562854751,126.603320319,0.0976221873007,0.101538838958,126.119148668
R03,102912,2.33360544218,378,116.666666667,0.00361136249367,0,0.292217784391,0.246685918804,126.603320319,0,126.119148668
R03,102912,2.33360544218,505,87.3267326733,0.00439058657464,0,0.0906120550388,0.637387461871,0.622927144318,0,126.119148668
R03,103424,2.3452154195,126,350,0.000885005102359,1,125.01420192,6.31441599108,5.3411448519,0.460864039104,126.112030391
R03,103424,2.3452154195,252,175,0.00196401557341,0,0.460864039104,125.01420192,0.0892340470772,0.143451595044,126.112030391
R03,103424,2.3452154195,378,116.666666667,0.00322729163783,0,0.166473423226,0.221147582085,125.01420192,0,126.112030391
R03,103424,2.3452154195,505,87.3267326733,0.00398326960365,0,0.143088445438,0.454089234854,0.516615221631,0,126.112030391
R03,103936,2.35682539683,126,350,0.000876604162622,1,122.681059588,6.13164275037,5.17771425559,0.306250251488,126.111086965
R03,103936,2.35682539683,252,175,0.00187931242382,0,0.306250251488,122.681059588,0.0984672290439,0.081057940019,126.111086965
R03,103936,2.35682539683,378,116.666666667,0.0031835129782,0,0.360760224779,0.108777425617,122.681059588,0,126.111086965
R03,103936,2.35682539683,505,87.3267326733,0.00396007262898,0,0.0756561661989,0.295068050892,0.506260585925,0,126.111086965
R03,104448,2.36843537415,126,350,0.000965695795068,1,120.172280919,6.01580059716,4.99967942721,0.347957171605,126.168091704
R03,104448,2.36843537415,252,175,0.00206753090429,0,0.347957171605,120.172280919,0.116199197775,0.439842106189,126.168091704
R03,104448,2.36843537415,379,116.35883905,0.00318895376329,0,0.47821737446,0.231581670692,120.533530081,0,126.168091704
R03,104448,2.36843537415,505,87.3267326733,0.00399316940188,0,0.439556154653,0.344193194439,0.574305543291,0,126.168091704
R03,104960,2.38004535147,126,350,0.000950898223032,1,118.076670252,6.01916394493,4.81669382923,0.398626499279,126.133249203
R03,104960,2.38004535147,252,175,0.00207422633964,0,0.398626499279,118.076670252,0.127452518722,0.624479098728,126.133249203
R03,104960,2.38004535147,379,116.35883905,0.00327869929904,0,0.62234916131,0.324938366831,118.36010958,0,126.133249203
R03,104960,2.38004535147,505,87.3267326733,0.00399322143468,0,0.6202774352,0.398794804896,0.562874385858,0,126.133249203
R03,105472,2.3916553288,126,350,0.0009914287004,1,116.477017309,6.10985150608,4.65282077322,0.373723306746,126.212569188
R03,105472,2.3916553288,252,175,0.00221214227613,0,0.373723306746,116.477017309,0.123039051858,0.594616828655,126.212569188
R03,105472,2.3916553288,379,116.35883905,0.00305333412919,0,0.721341925399,0.302630617756,116.76971615,0,126.212569188
R03,105472,2.3916553288,505,87.3267326733,0.0038277746797,0,0.588951055462,0.371901806441,0.553029663183,0,126.212569188
R03,105984,2.40326530612,126,350,0.00101459447104,1,114.852838476,6.20020081089,4.53207721391,0.293792616343,126.143103118
R03,105984,2.40326530612,252,175,0.00212662304348,0,0.293792616343,114.852838476,0.0914807770423,0.401760912758,126.143103118
R03,105984,2.40326530612,378,116.666666667,0.00313424436761,0,0.76972082507,0.219205678892,114.852838476,0,126.143103118
R03,105984,2.40326530612,505,87.3267326733,0.00359620606516,0,0.396065446751,0.291469814434,0.590071940484,0,126.143103118
R03,106496,2.41487528345,126,350,0.00111334757582,1,112.972477899,6.26555448951,4.46789579645,0.182536171585,126.153021173
R03,106496,2.41487528345,252,175,0.00211842026213,0,0.182536171585,112.972477899,0.0537834538938,0.27659185076,126.153021173
R03,106496,2.41487528345,379,116.35883905,0.00297407002708,0,0.922438350203,0.268723197331,113.393635312,0,126.153021173
R03,106496,2.41487528345,505,87.3267326733,0.00366951308926,0,0.268407493347,0.189630769127,0.754425186924,0,126.153021173
R03,107008,2.42648526077,126,350,0.0012005825276,1,110.482156169,6.34486977776,4.456766251,0.0768630374117,126.193294347
R03,107008,2.42648526077,252,175,0.00219439721438,0,0.0768630374117,110.482156169,0.0494245690609,0.284153694463,126.193294347
R03,107008,2.42648526077,379,116.35883905,0.00295567898809,0,0.986443984631,0.375105504806,110.860556343,0,126.193294347
R03,107008,2.42648526077,505,87.3267326733,0.00370186559412,0,0.28044058799,0.0804606972321,0.820163321416,0,126.193294347
R03,107520,2.4380952381,126,350,0.00123104143567,1,107.643049151,6.48481006294,4.48187390477,0.0193624715015,126.202245189
R03,107520,2.4380952381,252,175,0.00223306157436,0,0.0193624715015,107.643049151,0.0790382038609,0.186371887584,126.202245189
R03,107520,2.4380952381,379,116.35883905,0.00290221733391,0,0.922563936015,0.501683177941,107.995584667,0,126.202245189
R03,107520,2.4380952381,505,87.3267326733,0.00364713593197,0,0.187598149017,0.0210995798958,0.863779915004,0,126.202245189
R03,108032,2.44970521542,126,350,0.00124724583936,1,105.123713915,6.68643686453,4.5068386697,0.141125174272,126.184004402
R03,108032,2.44970521542,252,175,0.00209627054244,0,0.141125174272,105.123713915,0.0841847977755,0.0615641619336,126.184004402
R03,108032,2.44970521542,379,116.35883905,0.00277178718765,0,0.729769043108,0.492842290854,105.483517823,0,126.184004402
R03,108032,2.44970521542,505,87.3267326733,0.00335453831781,0,0.061675256491,0.141901451302,0.900016859339,0,126.184004402
R03,108544,2.46131519274,126,350,0.00123704128605,1,103.334152595,6.87636452692,4.5020669134,0.252175298788,126.202539137
R03,108544,2.46131519274,252,175,0.00202421112912,0,0.252175298788,103.334152595,0.0586454358919,0.331985287369,126.202539137
R03,108544,2.46131519274,379,116.35883905,0.00242005531176,0,0.592292619661,0.37675137027,103.677404021,0,126.202539137
R03,108544,2.46131519274,505,87.3267326733,0.00308047528249,0,0.333802884839,0.249806600909,0.880073472763,0,126.202539137
R03,109056,2.47292517007,126,350,0.00137034467059,1,102.034504609,6.969064112,4.45843180909,0.236819965982,126.185601464
R03,109056,2.47292517007,252,175,0.00203798633161,0,0.236819965982,102.034504609,0.0507054286949,0.5215118316,126.185601464
R03,109056,2.47292517007,379,116.35883905,0.00254234522437,0,0.525918074753,0.18182139743,102.363249957,0,126.185601464
R03,109056,2.47292517007,505,87.3267326733,0.00311456934282,0,0.521419770556,0.227955065469,0.776215386334,0,126.185601464
R03,109568,2.48453514739,126,350,0.00139702252727,1,100.674139688,6.96305188495,4.38059775114,0.133270838713,126.186157033
R03,109568,2.48453514739,252,175,0.00196553775483,0,0.133270838713,100.674139688,0.0835903781788,0.372263376198,126.186157033
R03,109568,2.48453514739,379,116.35883905,0.00234530702072,0,0.397386939567,0.0225345495646,100.972572581,0,126.186157033
R03,109568,2.48453514739,505,87.3267326733,0.00309749343672,0,0.362142557096,0.127903281569,0.52395597538,0,126.186157033
R03,110080,2.49614512472,126,350,0.00134183754417,1,98.8055627706,6.91213395953,4.28563303538,0.0414099946556,126.205223117
R03,110080,2.49614512472,252,175,0.0020427846824,0,0.0414099946556,98.8055627706,0.0967133291473,0.336562975585,126.205223117
R03,110080,2.49614512472,379,116.35883905,0.00243059351574,0,0.433370765469,0.112738195063,99.0857010178,0,126.205223117
R03,110080,2.49614512472,505,87.3267326733,0.00297359515074,0,0.325623495683,0.0390467029552,0.236076608112,0,126.205223117
R03,110592,2.50775510204,126,350,0.00128053874332,1,96.3399285436,6.88221975121,4.19118281482,0.0806258264316,126.192482483
R03,110592,2.50775510204,252,175,0.00215195126956,0,0.0806258264316,96.3399285436,0.0810059749609,0.590362314246,126.192482483
R03,110592,2.50775510204,379,116.35883905,0.00257961647285,0,0.577996283038,0.258785204934,96.6052140298,0,126.192482483
R03,110592,2.50775510204,505,87.3267326733,0.00314271131733,0,0.584579499715,0.0796097772148,0.0665867715099,0,126.192482483
R03,111104,2.51936507937,126,350,0.00127416236325,1,93.7330877356,6.89795474026,4.11983419066,0.215583153117,126.20504365
R03,111104,2.51936507937,252,175,0.00240004325588,0,0.215583153117,93.7330877356,0.0643160083089,0.586576883995,126.20504365
R03,111104,2.51936507937,379,116.35883905,0.00321975417966,0,0.619219787308,0.350430618728,93.9926981481,0,126.20504365
R03,111104,2.51936507937,505,87.3267326733,0.00384508736347,0,0.577672408872,0.222090121838,0.203077421876,0,126.20504365
R03,111616,2.53097505669,126,350,0.00138846531393,1,91.2174223313,6.92254752637,4.06918418079,0.397087214503,126.227942582
R03,111616,2.53097505669,252,175,0.0027813242069,0,0.397087214503,91.2174223313,0.083889695506,0.552415242474,126.227942582
R03,111616,2.53097505669,379,116.35883905,0.0036961539587,0,0.465331644707,0.279961091314,91.4883422835,0,126.227942582
R03,111616,2.53097505669,505,87.3267326733,0.00453179259125,0,0.541546085453,0.399100648353,0.294299121906,0,126.227942582
R03,112128,2.54258503401,126,350,0.00150003815147,1,89.0468457411,6.93356004069,4.01503010371,0.542154886336,126.214695258
R03,112128,2.54258503401,252,175,0.00292142947866,0,0.542154886336,89.0468457411,0.101168569991,0.456039140829,126.214695258
R03,112128,2.54258503401,379,116.35883905,0.00394946080502,0,0.455347295542,0.203710537421,89.3866766577,0,126.214695258
R03,112128,2.54258503401,505,87.3267326733,0.00470359978581,0,0.451611886765,0.540640174719,0.407147796321,0,126.214695258
R03,112640,2.55419501134,126,350,0.00167348367532,1,87.4853476424,6.9487790894,3.94989535023,0.637465921799,126.234264452
R03,112640,2.55419501134,253,174.308300395,0.00298804653347,0,0.630405935295,87.7711495685,0.101552873445,0.226241197304,126.234264452
R03,112640,2.55419501134,379,116.35883905,0.00375783739653,0,0.510398441064,0.250487856784,87.8863159311,0,126.234264452
R03,112640,2.55419501134,505,87.3267326733,0.00439764432547,0,0.224813699157,0.634451838915,0.568236031342,0,126.234264452
R03,113152,2.56580498866,126,350,0.00156758332839,1,86.4734757201,6.99844949584,3.87296323157,0.684120809207,126.251106348
R03,113152,2.56580498866,253,174.308300395,0.00297374536186,0,0.694462346885,86.778612385,0.0741759158497,0.155397510103,126.251106348
R03,113152,2.56580498866,379,116.35883905,0.00391201252721,0,0.435384522083,0.343748303303,86.8840368006,0,126.251106348
R03,113152,2.56580498866,505,87.3267326733,0.00442958586592,0,0.148896494356,0.68998096833,0.652874607003,0,126.251106348
R03,113664,2.57741496599,126,350,0.00176843433488,1,85.5598540007,7.07315073016,3.79332456472,0.76084400964,126.235426118
R03,113664,2.57741496599,253,174.308300395,0.00294506743567,0,0.78073659376,85.840232229,0.0423250979084,0.433454419997,126.235426118
R03,113664,2.57741496599,379,116.35883905,0.00371860156575,0,0.668069360021,0.318117373716,85.947377299,0,126.235426118
R03,113664,2.57741496599,505,87.3267326733,0.00426681160468,0,0.438737867457,0.771160107669,0.58027425894,0,126.235426118
R03,114176,2.58902494331,126,350,0.00196680820413,1,84.2926537357,7.16237269393,3.74475854344,0.875611111714,126.204913522
R03,114176,2.58902494331,252,175,0.00311237629338,0,0.875611111714,84.2926537357,0.0331845952516,0.719250618361,126.204913522
R03,114176,2.58902494331,379,116.35883905,0.00387591700862,0,0.879826006592,0.214141884041,84.6163682045,0,126.204913522
R03,114176,2.58902494331,505,87.3267326733,0.00409469576178,0,0.711128175568,0.879574076799,0.394857126285,0,126.204913522
R03,114688,2.60063492063,126,350,0.00197756049845,1,82.7214586575,7.23445957783,3.782563571,0.958660571587,126.259356713
R03,114688,2.60063492063,253,174.308300395,0.00288458006511,0,0.964016402508,82.782879966,0.0287833354572,0.687321215694,126.259356713
R03,114688,2.60063492063,379,116.35883905,0.00354952524493,0,0.91248986289,0.14373052491,82.9581440643,0,126.259356713
R03,114688,2.60063492063,505,87.3267326733,0.00351012619687,0,0.688997425313,0.961962929691,0.141792020662,0,126.259356713
R03,115200,2.61224489796,126,350,0.00197602898039,1,81.1903507716,7.26344589983,3.93044728731,1.00517921842,126.220317372
R03,115200,2.61224489796,252,175,0.00270333546112,0,1.00517921842,81.1903507716,0.0204873240299,0.432196844127,126.220317372
R03,115200,2.61224489796,379,116.35883905,0.00315774471476,0,0.777262255866,0.294951019575,81.3756097288,0,126.220317372
R03,115200,2.61224489796,505,87.3267326733,0.00319912560492,0,0.439712169773,1.01406486672,0.378883370789,0,126.220317372
R03,115712,2.62385487528,126,350,0.0020847320213,1,80.1495963127,7.2795155852,4.15024229802,1.01236971817,126.235375705
R03,115712,2.62385487528,253,174.308300395,0.0029266835266,0,1.04001405238,80.1302883191,0.0146550373329,0.149002394071,126.235375705
R03,115712,2.62385487528,379,116.35883905,0.00359973453988,0,0.343069282994,0.493627664481,80.3292370036,0,126.235375705
R03,115712,2.62385487528,505,87.3267326733,0.00392836228073,0,0.134725386609,1.02673678932,0.579859862749,0,126.235375705
R03,116224,2.63546485261,126,350,0.00215187287341,1,79.5797462018,7.30619973634,4.38142929216,0.990145030828,126.216908696
R03,116224,2.63546485261,253,174.308300395,0.00342887216354,0,1.0195743595,79.7166495776,0.0156323446917,0.378672121031,126.216908696
R03,116224,2.63546485261,379,116.35883905,0.00416777976407,0,0.220007423744,0.554647527634,79.8582271637,0,126.216908696
R03,116224,2.63546485261,505,87.3267326733,0.00453834710121,0,0.377273442403,1.00501488847,0.646671699041,0,126.216908696
R03,116736,2.64707482993,126,350,0.00241885202593,1,79.3140555391,7.36017861574,4.56381089593,0.832209771556,126.215910832
R03,116736,2.64707482993,252,175,0.00359802120755,0,0.832209771556,79.3140555391,0.0281548165693,0.439158586586,126.215910832
R03,116736,2.64707482993,379,116.35883905,0.00432697513747,0,0.735455013313,0.416418908771,79.7273080644,0,126.215910832
R03,116736,2.64707482993,505,87.3267326733,0.00494798300262,0,0.435096793431,0.840339867091,0.703763750156,0,126.215910832
R03,117248,2.65868480726,126,350,0.00269875363038,1,79.2670902471,7.40399828582,4.6756289255,0.575722272791,126.270911568
R03,117248,2.65868480726,253,174.308300395,0.0037342851061,0,0.565217372968,79.664825889,0.0646534439408,0.272206799706,126.270911568
R03,117248,2.65868480726,379,116.35883905,0.00497003112125,0,1.10019603472,0.132099097714,79.7228458048,0,126.270911568
R03,117248,2.65868480726,505,87.3267326733,0.00563658213993,0,0.276637080635,0.570851690033,0.697499693053,0,126.270911568
R03,117760,2.67029478458,126,350,0.00263255268125,1,79.2337711222,7.4210259283,4.75643734187,0.404314065653,126.266337055
R03,117760,2.67029478458,253,174.308300395,0.00374241518569,0,0.399397193056,79.5855213809,0.0857670108034,0.214092183698,126.266337055
R03,117760,2.67029478458,379,116.35883905,0.00497116337659,0,1.2394027203,0.185196236322,79.656342906,0,126.266337055
R03,117760,2.67029478458,505,87.3267326733,0.00615586001976,0,0.212333080698,0.402550763944,0.643947799843,0,126.266337055
R03,118272,2.6819047619,126,350,0.00262832108478,1,78.9523261571,7.39745185325,4.81914467532,0.444235292536,126.255159572
R03,118272,2.6819047619,253,174.308300395,0.00384626318278,0,0.449958095456,79.2368084236,0.0878029214545,0.202731735144,126.255159572
R03,118272,2.6819047619,379,116.35883905,0.00493406457963,0,1.10613677446,0.290713152269,79.3254418528,0,126.255159572
R03,118272,2.6819047619,505,87.3267326733,0.00630214850028,0,0.202153001544,0.4473535809,0.586609408405,0,126.255159572
R03,118784,2.69351473923,126,350,0.00254875068945,1,78.3648944403,7.34603959688,4.83666428771,0.586378567565,126.261781431
R03,118784,2.69351473923,253,174.308300395,0.00400948879027,0,0.605299637555,78.6008864151,0.0631489588993,0.191745205488,126.261781431
R03,118784,2.69351473923,379,116.35883905,0.00509581869317,0,0.772240641665,0.225929431945,78.7059648459,0,126.261781431
R03,118784,2.69351473923,505,87.3267326733,0.00650279067161,0,0.195671236305,0.595922623608,0.414685331286,0,126.261781431
R03,119296,2.70512471655,126,350,0.00264614890519,1,77.3888091347,7.29871545812,4.78735539901,0.707468343843,126.244081712
R03,119296,2.70512471655,253,174.308300395,0.00411276598526,0,0.721251587285,77.6064273579,0.046411852289,0.281152624312,126.244081712
R03,119296,2.70512471655,379,116.35883905,0.00514341504861,0,0.754226905786,0.112438911886,77.7185406782,0,126.244081712
R03,119296,2.70512471655,505,87.3267326733,0.00640135981234,0,0.28243229444,0.714620384232,0.248995460712,0,126.244081712
R03,119808,2.71673469388,126,350,0.00271705558901,1,76.0726475778,7.26343880432,4.70733793516,0.70066344882,126.227406605
R03,119808,2.71673469388,253,174.308300395,0.00372545417395,0,0.712106330785,76.2365120351,0.0823326565331,0.385836250079,126.227406605
R03,119808,2.71673469388,379,116.35883905,0.00472205725768,0,0.913600026556,0.199157251463,76.3619710277,0,126.227406605
R03,119808,2.71673469388,505,87.3267326733,0.00591872648594,0,0.385439857962,0.706797547808,0.294414001173,0,126.227406605
R03,120320,2.7283446712,126,350,0.00260816635727,1,74.7799921344,7.25371760835,4.62667332195,0.473499161393,126.21697164
R03,120320,2.7283446712,253,174.308300395,0.00339014690226,0,0.480994797389,74.8822057949,0.0937168278752,0.254514640088,126.21697164
R03,120320,2.7283446712,379,116.35883905,0.00426275807087,0,0.96077804207,0.234046587943,75.0239986654,0,126.21697164
R03,120320,2.7283446712,505,87.3267326733,0.00542329137919,0,0.262410509079,0.477286002783,0.396473783243,0,126.21697164
R03,120832,2.73995464853,126,350,0.00235733534767,1,73.7431130183,7.24343931723,4.55016356523,0.242165578675,126.252342777
R03,120832,2.73995464853,252,175,0.00345241157218,0,0.242165578675,73.7431130183,0.0898743573331,0.304354564286,126.252342777
R03,120832,2.73995464853,379,116.35883905,0.00409629067235,0,0.877587722086,0.167535634069,73.9804372899,0,126.252342777
R03,120832,2.73995464853,505,87.3267326733,0.00488361175377,0,0.295547897016,0.245021845353,0.383669495007,0,126.252342777
R03,121344,2.75156462585,126,350,0.00200251308129,1,72.9134432052,7.18838789573,4.47015266031,0.15423757231,126.200386616
R03,121344,2.75156462585,252,175,0.00312883458803,0,0.15423757231,72.9134432052,0.0709973084555,0.451109811403,126.200386616
R03,121344,2.75156462585,379,116.35883905,0.0036834189868,0,0.633190978721,0.22766807135,73.1335436219,0,126.200386616
R03,121344,2.75156462585,505,87.3267326733,0.00435560640576,0,0.450071063667,0.158709002624,0.26811136965,0,126.200386616
R03,121856,2.76317460317,126,350,0.00204981280333,1,72.1503424799,7.08461795682,4.38308872004,0.174816591657,126.233801698
R03,121856,2.76317460317,253,174.308300395,0.00300968771204,0,0.175689601654,72.2065398888,0.0579149550538,0.380970554138,126.233801698
R03,121856,2.76317460317,379,116.35883905,0.00365485409876,0,0.413078337856,0.29930535913,72.3574023593,0,126.233801698
R03,121856,2.76317460317,505,87.3267326733,0.00450872741209,0,0.378507898576,0.175467659882,0.180307417178,0,126.233801698
R03,122368,2.7747845805,126,350,0.00223705039562,1,71.3421989075,6.95013090746,4.32266831584,0.246112459263,126.227682484
R03,122368,2.7747845805,252,175,0.00341508712807,0,0.246112459263,71.3421989075,0.0985032131578,0.103925176979,126.227682484
R03,122368,2.7747845805,379,116.35883905,0.00425866697711,0,0.336686940369,0.159611868644,71.5835730669,0,126.227682484
R03,122368,2.7747845805,505,87.3267326733,0.00458976545722,0,0.114011180342,0.249620280624,0.0533124193506,0,126.227682484
R03,122880,2.78639455782,126,350,0.00222526175337,1,70.484033361,6.80523867943,4.29418482172,0.229476224059,126.217762401
R03,122880,2.78639455782,253,174.308300395,0.00344118379662,0,0.247871434926,70.6804333458,0.0951973789817,0.309229147988,126.217762401
R03,122880,2.78639455782,379,116.35883905,0.00396244472989,0,0.33133313972,0.0665386335607,70.7833056096,0,126.217762401
R03,122880,2.78639455782,505,87.3267326733,0.00423984749931,0,0.30935763959,0.238516095306,0.0623706023615,0,126.217762401
R03,123392,2.79800453515,126,350,0.0020431399749,1,69.6647631918,6.67334458396,4.26937901387,0.148657878617,126.250550621
R03,123392,2.79800453515,253,174.308300395,0.00329002277954,0,0.177176864221,69.9245576773,0.0926253402766,0.550124004864,126.250550621
R03,123392,2.79800453515,379,116.35883905,0.00400738340935,0,0.505048301799,0.179315436879,70.006257247,0,126.250550621
R03,123392,2.79800453515,505,87.3267326733,0.00432742108051,0,0.561419778787,0.162512176297,0.152419028399,0,126.250550621
R03,123904,2.80961451247,126,350,0.00220007755121,1,69.0213398452,6.58814628001,4.24193806628,0.159454934721,126.246968752
R03,123904,2.80961451247,253,174.308300395,0.0034510276678,0,0.190842372281,69.3001373384,0.0534954138328,0.887253210566,126.246968752
R03,123904,2.80961451247,379,116.35883905,0.00439793961415,0,0.562015533636,0.122430853482,69.370620006,0,126.246968752
R03,123904,2.80961451247,505,87.3267326733,0.00469083352748,0,0.89528377455,0.17495661735,0.276587601746,0,126.246968752
R03,124416,2.8212244898,126,350,0.00213411727244,1,68.3489815486,6.56386510092,4.2280563015,0.231606194727,126.268202507
R03,124416,2.8212244898,253,174.308300395,0.00355473870998,0,0.23621045783,68.6116783012,0.0341526111171,1.01221087006,126.268202507
R03,124416,2.8212244898,379,116.35883905,0.00454127895794,0,0.588530315865,0.228245215873,68.6828364328,0,126.268202507
R03,124416,2.8212244898,505,87.3267326733,0.00488986548158,0,1.01626057651,0.233910782783,0.357286942625,0,126.268202507
R03,124928,2.83283446712,126,350,0.00219042446554,1,67.2805119309,6.58116433434,4.20887408371,0.203150711084,126.229320007
R03,124928,2.83283446712,253,174.308300395,0.00374107013033,0,0.170155849238,67.5355699303,0.109266696358,0.864451687911,126.229320007
R03,124928,2.83283446712,379,116.35883905,0.00462434329513,0,0.616608730305,0.382978449949,67.6079619843,0,126.229320007
R03,124928,2.83283446712,505,87.3267326733,0.00501160491484,0,0.868085529139,0.187004027363,0.368182292071,0,126.229320007
R03,125440,2.84444444444,126,350,0.00222624742013,1,65.8699563095,6.60562986094,4.16131543033,0.284919322836,126.211022081
R03,125440,2.84444444444,252,175,0.00364876086306,0,0.284919322836,65.8699563095,0.162402687154,0.511359714905,126.211022081
R03,125440,2.84444444444,379,116.35883905,0.00450826340702,0,0.546603275331,0.384860153941,66.1759398834,0,126.211022081
R03,125440,2.84444444444,505,87.3267326733,0.00488397690083,0,0.511115985244,0.278005623661,0.389446023224,0,126.211022081
R03,125952,2.85605442177,126,350,0.00207889280118,1,64.4111887962,6.57674831768,4.0713593995,0.414440178005,126.293703452
R03,125952,2.85605442177,253,174.308300395,0.00357387279789,0,0.408060718696,64.5456066857,0.151184595333,0.205478730979,126.293703452
R03,125952,2.85605442177,379,116.35883905,0.00441004169478,0,0.452057607958,0.241443021909,64.6546302198,0,126.293703452
R03,125952,2.85605442177,505,87.3267326733,0.00478468367365,0,0.199198563055,0.411123024573,0.482029687157,0,126.293703452
R03,126464,2.86766439909,126,350,0.00189113371953,1,63.1011623799,6.47894212985,3.96099201919,0.397252866138,126.269434011
R03,126464,2.86766439909,253,174.308300395,0.00333607571473,0,0.389900810458,63.1876204167,0.0848433597768,0.245989481268,126.269434011
R03,126464,2.86766439909,379,116.35883905,0.0042338961477,0,0.555551790032,0.151621086364,63.3080394052,0,126.269434011
R03,126464,2.86766439909,505,87.3267326733,0.00475857805535,0,0.244053780262,0.393856063261,0.558224448323,0,126.269434011
R03,126976,2.87927437642,126,350,0.00206526990475,1,62.0299480289,6.33666815765,3.8786597519,0.322030763017,126.278506196
R03,126976,2.87927437642,253,174.308300395,0.00338098610777,0,0.332800177459,62.1523552494,0.0364230196687,0.309839217613,126.278506196
R03,126976,2.87927437642,379,116.35883905,0.00449983750025,0,0.627252515185,0.208671344581,62.2591722651,0,126.278506196
R03,126976,2.87927437642,505,87.3267326733,0.00466312917304,0,0.308069065135,0.327927942186,0.593256292817,0,126.278506196
R03,127488,2.89088435374,126,350,0.00222390740769,1,61.2019755183,6.20468170362,3.84024988532,0.296597167522,126.229063304
R03,127488,2.89088435374,253,174.308300395,0.00348396075671,0,0.318792558185,61.3760684572,0.116508387628,0.295549553362,126.229063304
R03,127488,2.89088435374,379,116.35883905,0.00420521647954,0,0.558265825532,0.262265702848,61.4648005856,0,126.229063304
R03,127488,2.89088435374,505,87.3267326733,0.0043960806385,0,0.296468335129,0.307754893681,0.6884275642,0,126.229063304
R03,128000,2.90249433107,126,350,0.00191868888907,1,60.6245493204,6.11044161087,3.81939140045,0.397309997347,126.22081072
R03,128000,2.90249433107,252,175,0.0032666072052,0,0.397309997347,60.6245493204,0.149388361676,0.116019687164,126.22081072
R03,128000,2.90249433107,379,116.35883905,0.00374766419927,0,0.493121795318,0.353403556107,60.8938104186,0,126.22081072
R03,128000,2.90249433107,505,87.3267326733,0.00400094770565,0,0.111172167484,0.40739300977,0.831067790694,0,126.22081072
R03,128512,2.91410430839,126,350,0.00193169032776,1,60.3356945164,6.04642625193,3.79464327402,0.410068221812,126.221252162
R03,128512,2.91410430839,252,175,0.0030267680959,0,0.410068221812,60.3356945164,0.110966374435,0.123448069077,126.221252162
R03,128512,2.91410430839,379,116.35883905,0.00348303997127,0,0.552303860841,0.327623102447,60.5827084745,0,126.221252162
R03,128512,2.91410430839,505,87.3267326733,0.00374231764343,0,0.1217961629,0.417846258293,0.87449187532,0,126.221252162
R03,129024,2.92571428571,126,350,0.00188923644072,1,60.3230414703,5.99226039169,3.74841925524,0.306244363501,126.267329522
R03,129024,2.92571428571,253,174.308300395,0.00309810950264,0,0.315085533339,60.4134577226,0.0899704867211,0.174994945905,126.267329522
R03,129024,2.92571428571,379,116.35883905,0.00369946246097,0,0.73943897426,0.165121606328,60.5265837851,0,126.267329522
R03,129024,2.92571428571,505,87.3267326733,0.0039053819506,0,0.176658670136,0.310622557261,0.81951087827,0,126.267329522
R03,129536,2.93732426304,126,350,0.00263343509195,1,60.2231224507,5.89844727695,3.69290859724,0.168963413163,126.263590863
R03,129536,2.93732426304,253,174.308300395,0.00383908462295,0,0.1766800672,60.3040767897,0.0903914558629,0.114475463043,126.263590863
R03,129536,2.93732426304,379,116.35883905,0.00399209129539,0,0.86988206259,0.0630818736921,60.419385886,0,126.263590863
R03,129536,2.93732426304,505,87.3267326733,0.00398811302509,0,0.117804003374,0.1730829321,0.809066053204,0,126.263590863
R03,130048,2.94893424036,126,350,0.00308064509062,1,59.6837135421,5.77275528111,3.60983941353,0.198720039347,126.256419659
R03,130048,2.94893424036,253,174.308300395,0.00466849173011,0,0.204122768546,59.8000819096,0.100597468246,0.155306709829,126.256419659
R03,130048,2.94893424036,379,116.35883905,0.00498106156157,0,0.991801190273,0.0944491523327,59.8993042934,0,126.256419659
R03,130048,2.94893424036,505,87.3267326733,0.00595028209605,0,0.160544087759,0.201715448257,0.840415398444,0,126.256419659
R03,130560,2.96054421769,126,350,0.00390230284799,1,58.2284837184,5.64864854214,3.45478045207,0.316357332192,126.2967402
R03,130560,2.96054421769,253,174.308300395,0.00554121587079,0,0.317209223526,58.4347501176,0.129269626663,0.294890969677,126.2967402
R03,130560,2.96054421769,379,116.35883905,0.00630692231549,0,1.11433562232,0.308837203891,58.4978582672,0,126.2967402
R03,130560,2.96054421769,505,87.3267326733,0.00803854710162,0,0.299975923342,0.3166825462,0.707062246814,0,126.2967402
R03,131072,2.97215419501,127,347.244094488,0.0465377480985,1,55.0524813452,5.16159351458,2.90584266913,0.456888646137,126.640163969
R03,131072,2.97215419501,253,174.308300395,0.0370896610653,0,0.47811452122,55.8418277517,0.145874466401,0.561865393943,126.640163969
R03,131072,2.97215419501,379,116.35883905,0.0358300047295,0,1.2108895478,0.410497199969,55.8567532249,0,126.640163969
R03,131072,2.97215419501,506,87.1541501976,0.0309276242865,0,0.561865393943,0.47811452122,0.860481854604,0,126.640163969
R03,131584,2.98376417234,127,347.244094488,0.132609219082,1,51.7700394025,5.03301416142,2.48681573372,1.78990897419,127.41483489
R03,131584,2.98376417234,254,173.622047244,0.187374235847,0,1.78990897419,51.7700394025,0.375945103857,1.18553353008,127.41483489
R03,131584,2.98376417234,379,116.35883905,0.242516729963,0,1.73117191176,0.26771670084,52.0460787406,0,127.41483489
R03,131584,2.98376417234,505,87.3267326733,0.161311251449,0,1.22772119863,1.85304762385,1.98563404783,0,127.41483489
R03,132096,2.99537414966,128,344.53125,0.176788374789,0,43.8960750745,3.09899238691,0.345724878673,4.43682397444,0
R03,132096,2.99537414966,255,172.941176471,0.227521831913,0,4.45487229839,45.6757489087,0.579165208112,2.14770869328,0
R03,132096,2.99537414966,380,116.052631579,0.301561622276,0,2.63363940552,0.854528731425,46.8513639207,0,0
R03,132096,2.99537414966,505,87.3267326733,0.283735474932,0,2.21955467943,4.4858598922,4.11249008377,0,0
R03,132608,3.00698412698,128,344.53125,0.234166157291,0,37.835749515,3.37554839106,0.886483762005,7.1127614195,0
R03,132608,3.00698412698,255,172.941176471,0.299256302381,0,7.13736547729,39.5960663799,0.556678576882,3.3403723428,0
R03,132608,3.00698412698,380,116.052631579,0.377154909783,0,3.04602324268,2.75984027585,40.9889812889,0,0
R03,132608,3.00698412698,505,87.3267326733,0.360797288479,0,3.43398775077,7.18306823763,7.45976414485,0,0
R03,133120,3.01859410431,129,341.860465116,0.323348676362,0,25.7268869164,2.28466017413,1.55773167512,7.34691435365,0
R03,133120,3.01859410431,256,172.265625,0.363428394485,0,7.69399127327,31.0306959439,1.04921946593,3.5758795634,0
R03,133120,3.01859410431,381,115.748031496,0.4558468263,0,2.71073610984,4.39677428205,34.4002726437,0,0
R03,133120,3.01859410431,506,87.1541501976,0.454775275258,0,3.71771553477,8.22685109252,9.4849300785,0,0
R03,133632,3.03020408163,129,341.860465116,0.414519793505,0,19.9049698544,2.19181568752,1.30599250193,5.65265538052,0
R03,133632,3.03020408163,257,171.595330739,0.435352857322,0,6.11206143241,22.6900849053,2.10475709306,2.94730051117,0
R03,133632,3.03020408163,381,115.748031496,0.538509358817,0,4.36927583082,4.92089047476,28.8407012076,0,0
R03,133632,3.03020408163,505,87.3267326733,0.578194080033,0,3.14041026508,8.00554100675,8.76934621822,0,0
R03,134144,3.04181405896,130,339.230769231,0.496653091393,0,13.0149593354,1.29186189619,0.758177542224,3.05067279752,0
R03,134144,3.04181405896,259,170.27027027,0.494169108055,0,3.53564955536,15.2798589833,2.77054122983,1.84833825473,0
R03,134144,3.04181405896,381,115.748031496,0.639686888009,0,6.96791372085,3.83541169212,24.7784261164,0,0
R03,134144,3.04181405896,506,87.1541501976,0.682861163835,0,2.07856597469,6.49045926886,6.74399513008,0,0
R03,134656,3.05342403628,131,336.641221374,0.574754158743,0,8.66786902565,0.749530732302,0.909934846044,3.82561129161,0
R03,134656,3.05342403628,263,167.680608365,0.535727929523,0,3.57366099861,6.90833513666,1.90308296689,0.603153175314,0
R03,134656,3.05342403628,383,115.143603133,0.687235402975,0,7.56707091077,1.90378025825,20.5075848808,0,0
R03,134656,3.05342403628,504,87.5,0.763337526181,0,1.03621525757,6.73906212411,4.47700844103,0,0
R03,135168,3.06503401361,132,334.090909091,0.676851717156,0,3.41905143775,0.235954304823,0.606140950651,3.73319023853,0
R03,135168,3.06503401361,257,171.595330739,0.648784699017,0,5.40312683855,15.5020335242,1.56023528554,0.526504706833,0
R03,135168,3.06503401361,378,116.666666667,0.565747979521,0,6.8904139081,4.63370156807,19.9298701547,0,0
R03,135168,3.06503401361,509,86.6404715128,0.747529660685,0,0.633548391638,5.84444560027,4.07010128145,0,0
R03,135680,3.07664399093,127,347.244094488,0.772009219943,0,16.8349239672,1.32072674687,1.25208683666,4.31288118033,0
R03,135680,3.07664399093,257,171.595330739,0.533554934688,0,4.20654332976,13.9055634396,0.676436512107,1.08220281119,0
R03,135680,3.07664399093,374,117.914438503,0.401708207566,0,4.55438202895,5.22848866478,15.7295025772,0,0
R03,135680,3.07664399093,507,86.9822485207,0.722011408487,0,1.09987447651,4.32363973148,1.7276334695,0,0
R03,136192,3.08825396825,127,347.244094488,1.01180272844,0,15.0452809625,1.09826521939,0.949079411513,2.23040448454,0
R03,136192,3.08825396825,259,170.27027027,0.572483335032,0,2.48164089729,10.1230573096,0.550143999672,1.21036059449,0
R03,136192,3.08825396825,373,118.230563003,0.439264884079,0,4.38333266316,5.82524606748,13.0701184988,0,0
R03,136192,3.08825396825,508,86.811023622,0.875352748873,0,1.12874115646,2.23040448454,3.73095129645,0,0
R03,136704,3.09986394558,126,350,0.925886613208,0,13.0966418464,1.05699742305,0.751729046378,1.02305593269,0
R03,136704,3.09986394558,261,168.965517241,0.535977013356,0,1.08758481644,7.10227267778,0.47368460079,1.43048039496,0
R03,136704,3.09986394558,375,117.6,0.373982700784,0,6.17264154077,5.99902071923,12.1981508497,0,0
R03,136704,3.09986394558,511,86.301369863,0.885485341498,0,1.27119542034,1.0672087941,5.57338366851,0,0
R03,137216,3.1114739229,127,347.244094488,1.07081320956,0,10.945435103,0.864340892633,0.434806453021,0.730820892189,0
R03,137216,3.1114739229,259,170.27027027,0.608574947551,0,0.429221275071,7.66293306929,0.30145548289,1.30845433774,0
R03,137216,3.1114739229,371,118.867924528,0.426646132323,0,7.68769420909,5.82293849179,7.93984433096,0,0
R03,137216,3.1114739229,511,86.301369863,0.912887724296,0,1.18436171316,0.610537881402,5.4723817179,0,0
R03,137728,3.12308390023,129,341.860465116,1.03439041731,0,6.56140688023,0.55807374466,0.102295931394,1.70064541072,0
R03,137728,3.12308390023,260,169.615384615,0.682144486518,0,1.80358714799,4.98604066226,0.527753263099,1.41704124715,0
R03,137728,3.12308390023,372,118.548387097,0.39054384014,0,6.69256665863,4.5079659533,7.28307931199,0,0
R03,137728,3.12308390023,512,86.1328125,0.978685918021,0,1.38072950956,1.62054836232,4.09139485374,0,0
R03,138240,3.13469387755,131,336.641221374,1.0818598598,0,2.4902089607,0.225539189851,0.159002755711,2.06717560384,0
R03,138240,3.13469387755,263,167.680608365,0.731490125899,0,2.02436674938,1.98292662313,0.366829008966,1.34364184504,0
R03,138240,3.13469387755,371,118.867924528,0.396523558731,0,5.41159511668,4.29082014774,5.8467467267,0,0
R03,138240,3.13469387755,513,85.9649122807,1.00867854628,0,1.41962350991,2.33195106643,2.01749359198,0,0
R03,138752,3.14630385488,132,334.090909091,1.25721231298,0,0.571296539553,0.118489421383,0.0841063296825,1.38747245157,0
R03,138752,3.14630385488,263,167.680608365,0.755673802434,0,1.53242808208,1.04366763851,0.136626005133,0.923153094347,0
R03,138752,3.14630385488,366,120.491803279,0.370183516647,0,4.82435095874,3.63295347497,2.99291444788,0,0
R03,138752,3.14630385488,513,85.9649122807,1.01683698752,0,1.04714785816,2.4253108686,0.296286668172,0,0
R03,139264,3.1579138322,125,352.8,1.32590164755,0,5.45362590365,0.462552038865,0.293038955605,2.89063005997,0
R03,139264,3.1579138322,262,168.320610687,0.646702302191,0,1.4656498908,1.88157270857,0.127818972304,0.561342262821,0
R03,139264,3.1579138322,370,119.189189189,0.402654027061,0,3.0349434274,2.58880116099,4.27908282898,0,0
R03,139264,3.1579138322,508,86.811023622,1.02057531322,0,0.819163719568,2.56228593589,0.452550980861,0,0
R03,139776,3.16952380952,126,350,1.3870221525,0,4.94059615065,0.441050994028,0.300676940176,2.44114311481,0
R03,139776,3.16952380952,259,170.27027027,0.621094986357,0,2.34255856298,2.94310219682,0.0875854133639,0.524345769167,0
R03,139776,3.16952380952,372,118.548387097,0.347034598905,0,2.19144908096,1.41110787547,4.22704356296,0,0
R03,139776,3.16952380952,503,87.6739562624,0.983618374815,0,0.796134598948,2.43318581879,0.592889870815,0,0
R03,140288,3.18113378685,127,347.244094488,1.24380796549,0,4.06047394016,0.30685398135,0.16601304899,2.08388972333,0
R03,140288,3.18113378685,257,171.595330739,0.640389787805,0,2.20916132262,3.21526184997,0.0412756627098,0.714416941404,0
R03,140288,3.18113378685,374,117.914438503,0.34959415008,0,2.90052079817,0.459182050914,3.99877259815,0,0
R03,140288,3.18113378685,505,87.3267326733,1.00293157759,0,0.82956549713,1.98940366848,0.572587312134,0,0
R03,155136,3.51782312925,42,1050,2.11865058825,0,0.112730224552,0,0,0.114365427472,0
R03,155136,3.51782312925,291,151.546391753,0.608898076695,0,0.78131685012,0.399661670027,0.0967507258269,0,0
R03,155136,3.51782312925,456,96.7105263158,0.621805770464,0,0.543656310646,0.704970019937,0.17990764594,0,0
R03,155136,3.51782312925,486,90.7407407407,0.622703104346,0,0.196281766265,0.509037045243,0.479401838594,0,0
R03,155136,3.51782312925,491,89.816700611,0.622677662988,0,0.149554615029,0.392732175358,0.350020487785,0,0
R03,155648,3.52943310658,42,1050,2.12888391734,0,0.45031909805,0,0,0.217327808214,0
R03,155648,3.52943310658,293,150.511945392,0.709824508161,0,3.74396839262,1.38062691816,0.375555732974,0,0
R03,156160,3.5410430839,42,1050,2.13078474533,0,0.843283567168,0,0,0.289543489624,0
R03,156160,3.5410430839,293,150.511945392,0.727109365008,0,8.43683334714,2.70102186877,0.743458664681,0,0
R04,40448,0.917188208617,47,938.29787234,1.55390639961,0,0.016109730733,0.0106008698543,0,0.0811592706529,0
R04,40448,0.917188208617,89,495.505617978,1.6543375187,0,0.162286454476,0.0183231613809,0.0112514692251,0.814780889073,0
R04,40448,0.917188208617,166,265.662650602,1.32462248265,0,0.169548666936,0.0350369039484,0.0768910205933,1.54675588435,0
R04,40448,0.917188208617,276,159.782608696,0.916251087802,0,0.831221504927,0.388700061661,0.0650285267194,0,0
R04,40448,0.917188208617,328,134.451219512,0.929755873195,0,1.69021875157,0.310295177397,0.254879526614,0,0
R04,40448,0.917188208617,368,119.836956522,1.06887717198,0,0.199793245241,0.686678311824,0.187311940504,0,0
R04,40448,0.917188208617,546,80.7692307692,0.996917265411,0,0.42641243078,0.954009042713,0.765208928438,0,0
R04,40960,0.928798185941,149,295.973154362,0.724471528362,0,0.580096362537,0.142346286064,0.13442707522,2.02434400094,0
R04,40960,0.928798185941,261,168.965517241,0.400601337578,0,0.460881637789,0.824501738055,0.394386794232,0.704575006903,0
R04,40960,0.928798185941,430,102.558139535,0.745364392982,0,0.269862877368,0.790670535419,0.800021592409,0,0
R04,40960,0.928798185941,529,83.3648393195,0.817400456739,0,0.646124181721,0.361970623692,1.31178688452,0,0
R04,41472,0.940408163265,134,329.104477612,0.620661559251,0,10.1020612274,1.35156302424,0.69723992328,10.3475548014,0
R04,41472,0.940408163265,252,175,0.498176291573,0,11.4780166672,8.3657399224,2.40968567187,2.62081219365,0
R04,41472,0.940408163265,377,116.976127321,0.659356690376,0,3.25426561217,6.12744241105,8.24157042531,0,0
R04,41472,0.940408163265,511,86.301369863,0.39887450834,0,2.48385238107,11.0725614335,5.52917242045,0,0
R04,41984,0.95201814059,128,344.53125,0.425644492533,0,39.3879702702,5.89685913345,2.45825451543,32.1467651574,0
R04,41984,0.95201814059,253,174.308300395,0.320082402534,0,32.6730087715,37.7102498347,6.47738367,5.39638259668,0
R04,41984,0.95201814059,381,115.748031496,0.363760347492,0,6.43483959009,24.2619935782,38.3869709201,0,0
R04,41984,0.95201814059,511,86.301369863,0.317811107969,0,5.21541696942,32.2430566919,21.7241835727,0,0
R04,42496,0.963628117914,127,347.244094488,0.380925903958,0,97.6743412438,13.84644908,5.13635527825,55.0804454493,0
R04,42496,0.963628117914,253,174.308300395,0.25613960934,0,55.5771398808,95.8358647655,9.31768667458,8.4629499101,0
R04,42496,0.963628117914,381,115.748031496,0.331098819001,0,9.25676342823,48.0477299318,97.6743412438,0,0
R04,42496,0.963628117914,511,86.301369863,0.280545260706,0,8.13141386115,54.2808478115,41.1374279985,0,0
R04,43008,0.975238095238,127,347.244094488,0.319308719838,0,173.187010653,20.7554697226,7.37658461166,67.0121337154,0
R04,43008,0.975238095238,253,174.308300395,0.223421924638,0,68.4345822002,169.613631514,8.79426266623,10.222284356,0
R04,43008,0.975238095238,381,115.748031496,0.283691333068,0,8.39931141419,64.7051734949,173.187010653,0,0
R04,43008,0.975238095238,510,86.4705882353,0.246907588829,0,9.68211146175,65.5228929122,50.8162846642,0,0
R04,43520,0.986848072562,127,347.244094488,0.294468680295,0,241.591280664,25.0305495831,8.91726152166,64.4474841339,0
R04,43520,0.986848072562,253,174.308300395,0.204310290303,0,66.7462294012,236.431828702,5.00037137196,10.5523635231,0
R04,43520,0.986848072562,380,116.052631579,0.253981521405,0,7.71193543297,65.0412211008,238.45287622,0,0
R04,43520,0.986848072562,509,86.6404715128,0.227457227261,0,10.0147038305,63.2471424018,43.8277669298,0,0
R04,44032,0.998458049887,127,347.244094488,0.273939023502,0,281.156871953,25.7173238217,9.4582560895,50.0918495342,0
R04,44032,0.998458049887,253,174.308300395,0.191999709027,0,52.5321845294,275.784831275,0.986097493066,9.35800180535,0
R04,44032,0.998458049887,380,116.052631579,0.23498673532,0,11.0973149289,48.3417427673,278.053445228,0,0
R04,44032,0.998458049887,509,86.6404715128,0.217648162043,0,8.89863211792,48.8268261269,25.862497865,0,0
R04,44544,1.01006802721,127,347.244094488,0.255305695183,0,284.577748095,23.8583919012,9.13953285429,35.0555727413,0
R04,44544,1.01006802721,253,174.308300395,0.174293322785,0,36.5528151658,281.037224873,3.17806395494,7.00354702331,0
R04,44544,1.01006802721,380,116.052631579,0.20307073792,0,12.8424944136,33.3191239667,282.81407173,0,0
R04,44544,1.01006802721,509,86.6404715128,0.156600583278,0,6.6488121196,34.2855103214,6.28352967882,0,0
R04,45056,1.02167800454,126,350,0.151109702466,0,257.696694691,24.4827124692,9.0939933103,23.4986704098,252.658706446
R04,45056,1.02167800454,253,174.308300395,0.123157433858,1,22.9001829565,263.818978099,2.17373865899,4.26764972235,252.658706446
R04,45056,1.02167800454,380,116.052631579,0.129201095907,0,11.752354899,30.942159194,264.631131726,0,252.658706446
R04,45056,1.02167800454,507,86.9822485207,0.134704181287,0,4.15172377502,22.6018544877,4.61611112996,0,252.658706446
R04,45568,1.03328798186,127,347.244094488,0.0978467831563,1,239.461246317,19.83976843,6.97309262282,9.83277986642,126.521192202
R04,45568,1.03328798186,253,174.308300395,0.0659246847232,0,9.83309861326,241.986015319,0.943183270813,2.77112685277,126.521192202
R04,45568,1.03328798186,380,116.052631579,0.0772271196551,0,7.81210528113,26.343157769,241.715480724,0,126.521192202
R04,45568,1.03328798186,506,87.1541501976,0.0891836377541,0,2.77112685277,9.83309861326,4.65945710953,0,126.521192202
R04,46080,1.04489795918,126,350,0.0731158665272,1,225.961475227,20.6299580988,7.92532089189,0.902292681505,125.899381491
R04,46080,1.04489795918,252,175,0.0442827068807,0,0.902292681505,225.961475227,2.43993881054,1.50390089061,125.899381491
R04,46080,1.04489795918,378,116.666666667,0.0385757531235,0,4.4217945654,17.0684556463,225.961475227,0,125.899381491
R04,46080,1.04489795918,505,87.3267326733,0.0566822273678,0,1.46672419992,1.20452940476,2.29639209579,0,125.899381491
R04,46592,1.05650793651,126,350,0.0401312466549,1,218.593401166,19.6210181955,7.42852663689,3.7154649861,126.018674624
R04,46592,1.05650793651,252,175,0.0291319085806,0,3.7154649861,218.593401166,2.55242609882,1.37274953014,126.018674624
R04,46592,1.05650793651,378,116.666666667,0.0250343890847,0,2.93016781675,10.1847831595,218.593401166,0,126.018674624
R04,46592,1.05650793651,505,87.3267326733,0.0490267208055,0,1.32939680164,3.60062552473,1.75288163976,0,126.018674624
R04,47104,1.06811791383,126,350,0.0371767995916,1,215.896801788,19.0395567186,7.08034516222,5.85098456603,125.807005006
R04,47104,1.06811791383,252,175,0.019454361958,0,5.85098456603,215.896801788,1.5357727861,3.18838000815,125.807005006
R04,47104,1.06811791383,378,116.666666667,0.0233405783033,0,3.02619277816,6.68927331743,215.896801788,0,125.807005006
R04,47104,1.06811791383,504,87.5,0.036400329991,0,3.18838000815,5.85098456603,0.61734873624,0,125.807005006
R04,47616,1.07972789116,126,350,0.0236821756853,1,214.19426298,18.2924957809,6.8422500476,5.6323326841,125.897567077
R04,47616,1.07972789116,252,175,0.0139285130952,0,5.6323326841,214.19426298,0.316910257821,4.01111888716,125.897567077
R04,47616,1.07972789116,378,116.666666667,0.0197167204392,0,3.2853209679,4.72330310966,214.19426298,0,125.897567077
R04,47616,1.07972789116,504,87.5,0.0249650831027,0,4.01111888716,5.6323326841,2.03459843588,0,125.897567077
R04,48128,1.09133786848,126,350,0.0216551345226,1,211.340934866,17.4072732019,6.69834917384,5.91918643351,125.8597505
R04,48128,1.09133786848,252,175,0.0116527460489,0,5.91918643351,211.340934866,0.623617067135,4.29252582276,125.8597505
R04,48128,1.09133786848,378,116.666666667,0.0189911875188,0,3.68059218678,4.15418810174,211.340934866,0,125.8597505
R04,48128,1.09133786848,504,87.5,0.020950743662,0,4.29252582276,5.91918643351,1.79028694666,0,125.8597505
R04,48640,1.1029478458,126,350,0.0181284347497,1,207.739573182,16.5431229798,6.61481040021,8.27935068272,125.946583553
R04,48640,1.1029478458,252,175,0.00935617668586,0,8.27935068272,207.739573182,0.779825420802,4.09010365245,125.946583553
R04,48640,1.1029478458,378,116.666666667,0.0158382620931,0,2.93393833343,3.743149671,207.739573182,0,125.946583553
R04,48640,1.1029478458,504,87.5,0.0170549564723,0,4.09010365245,8.27935068272,0.709640209796,0,125.946583553
R04,49152,1.11455782313,126,350,0.0161810890161,1,204.560409767,15.630624945,6.56467097952,10.5060157654,126.009490167
R04,49152,1.11455782313,252,175,0.00857096013857,0,10.5060157654,204.560409767,0.673996296205,3.5306739749,126.009490167
R04,49152,1.11455782313,378,116.666666667,0.0141872158905,0,2.3058223135,2.92614821428,204.560409767,0,126.009490167
R04,49152,1.11455782313,505,87.3267326733,0.0155972510179,0,3.54432264754,10.3583036084,1.37961134507,0,126.009490167
R04,49664,1.12616780045,126,350,0.0134287128149,1,203.039366558,14.7808970443,6.5320497841,9.66019784753,125.914284037
R04,49664,1.12616780045,252,175,0.00694915328819,0,9.66019784753,203.039366558,0.561656002113,2.78335303574,125.914284037
R04,49664,1.12616780045,378,116.666666667,0.0111940870124,0,3.86745214156,2.80199805795,203.039366558,0,125.914284037
R04,49664,1.12616780045,504,87.5,0.0130298138004,0,2.78335303574,9.66019784753,1.35338451991,0,125.914284037
R04,50176,1.13777777778,126,350,0.0109511812476,1,202.687442428,14.2144343571,6.46016357018,5.51274482679,126.011956273
R04,50176,1.13777777778,252,175,0.00568347012439,0,5.51274482679,202.687442428,0.476552709815,1.97940612403,126.011956273
R04,50176,1.13777777778,378,116.666666667,0.010672826692,0,5.02057641898,2.69345049715,202.687442428,0,126.011956273
R04,50176,1.13777777778,504,87.5,0.0108932642286,0,1.97940612403,5.51274482679,0.70383224273,0,126.011956273
R04,50688,1.1493877551,126,350,0.00979180957274,1,201.648192649,13.8614207908,6.33105444553,0.944682781457,125.973857381
R04,50688,1.1493877551,252,175,0.00531487163179,0,0.944682781457,201.648192649,0.422872685907,1.32237100501,125.973857381
R04,50688,1.1493877551,378,116.666666667,0.00882059740923,0,4.62617000709,2.20706626454,201.648192649,0,125.973857381
R04,50688,1.1493877551,504,87.5,0.010835688554,0,1.32237100501,0.944682781457,0.499472532373,0,125.973857381
R04,51200,1.16099773243,126,350,0.00944327276996,1,198.877147812,13.560488439,6.1693615053,2.1672292327,126.029083456
R04,51200,1.16099773243,252,175,0.00515977561133,0,2.1672292327,198.877147812,0.355897421809,0.852779499694,126.029083456
R04,51200,1.16099773243,378,116.666666667,0.00788220813615,0,3.08999685521,1.55667126675,198.877147812,0,126.029083456
R04,51200,1.16099773243,505,87.3267326733,0.0105658785275,0,0.841759332894,2.13119814551,0.781281090799,0,126.029083456
R04,51712,1.17260770975,126,350,0.00653706576916,1,194.798610478,13.1306505603,6.01359480015,3.369240212,126.025247338
R04,51712,1.17260770975,252,175,0.0048164547611,0,3.369240212,194.798610478,0.233822995307,0.517362326785,126.025247338
R04,51712,1.17260770975,378,116.666666667,0.0051437651263,0,2.2106787597,1.28729435313,194.798610478,0,126.025247338
R04,51712,1.17260770975,504,87.5,0.00982090726017,0,0.517362326785,3.369240212,0.811886361203,0,126.025247338
R04,52224,1.18421768707,126,350,0.00569885057575,1,190.407150677,12.5550753376,5.83680473814,3.32451875476,126.058936044
R04,52224,1.18421768707,252,175,0.00440022794942,0,3.32451875476,190.407150677,0.129088396341,0.296163880537,126.058936044
R04,52224,1.18421768707,378,116.666666667,0.00484731675998,0,2.63209748477,1.45021474141,190.407150677,0,126.058936044
R04,52224,1.18421768707,505,87.3267326733,0.00909397932376,0,0.276600149678,3.27494666575,0.333020629352,0,126.058936044
R04,52736,1.1958276644,126,350,0.00551806135226,1,186.422373354,12.0147556757,5.60363391494,2.58735671281,126.104510757
R04,52736,1.1958276644,252,175,0.00393310475115,0,2.58735671281,186.422373354,0.134299250082,0.519840483633,126.104510757
R04,52736,1.1958276644,378,116.666666667,0.00472182351479,0,2.55072611145,1.37636409557,186.422373354,0,126.104510757
R04,52736,1.1958276644,505,87.3267326733,0.00787284211611,0,0.50389897393,2.59042158345,0.0961985295315,0,126.104510757
R04,53248,1.20743764172,126,350,0.00398317908976,1,183.508670514,11.543018217,5.33290315867,1.46505270695,126.106908414
R04,53248,1.20743764172,252,175,0.00364425600642,0,1.46505270695,183.508670514,0.162714408456,1.04757866455,126.106908414
R04,53248,1.20743764172,378,116.666666667,0.0042149176721,0,1.9566004237,1.13985976821,183.508670514,0,126.106908414
R04,53248,1.20743764172,505,87.3267326733,0.00750634784191,0,1.0340815586,1.48567277451,0.100992038716,0,126.106908414
R04,53760,1.21904761905,126,350,0.00380683323644,1,181.432428209,11.1111771029,5.09011284642,0.528618122242,126.120439163
R04,53760,1.21904761905,252,175,0.00331442037502,0,0.528618122242,181.432428209,0.159444068512,1.44333075356,126.120439163
R04,53760,1.21904761905,378,116.666666667,0.00384299813614,0,1.27165568416,0.669919642558,181.432428209,0,126.120439163
R04,53760,1.21904761905,504,87.5,0.00682595937703,0,1.44333075356,0.528618122242,0.315158307505,0,126.120439163
R04,54272,1.23065759637,126,350,0.0036743517586,1,179.581281714,10.7029927111,4.89430305462,0.498739799986,126.060573476
R04,54272,1.23065759637,252,175,0.00329427426459,0,0.498739799986,179.581281714,0.152610283195,1.44650937233,126.060573476
R04,54272,1.23065759637,378,116.666666667,0.00369021157295,0,0.946044361078,0.615908833852,179.581281714,0,126.060573476
R04,54272,1.23065759637,505,87.3267326733,0.00636591918478,0,1.43460666361,0.486298939954,0.588193793789,0,126.060573476
R04,54784,1.2422675737,126,350,0.00327176681229,1,177.433353639,10.3338373993,4.7166290026,0.6151467859,126.121691685
R04,54784,1.2422675737,252,175,0.00312059804066,0,0.6151467859,177.433353639,0.167395173038,1.14114392853,126.121691685
R04,54784,1.2422675737,378,116.666666667,0.00363587304802,0,1.09828919294,0.598156263286,177.433353639,0,126.121691685
R04,54784,1.2422675737,505,87.3267326733,0.00633943287314,0,1.11472791503,0.577778582512,0.883405799891,0,126.121691685
R04,55296,1.25387755102,126,350,0.00295678260796,1,174.944749103,10.0025208329,4.51794168048,0.976385671439,126.145081711
R04,55296,1.25387755102,252,175,0.00314873493827,0,0.976385671439,174.944749103,0.170571174951,1.13385417984,126.145081711
R04,55296,1.25387755102,379,116.35883905,0.00386987675003,0,0.833556036406,0.277681218239,175.437476888,0,126.145081711
R04,55296,1.25387755102,505,87.3267326733,0.00615431731043,0,1.11453613435,0.955871750286,0.939149269747,0,126.145081711
R04,55808,1.26548752834,126,350,0.00578397383239,1,171.911145361,9.68917727434,4.28496693123,1.12189348424,126.072458135
R04,55808,1.26548752834,252,175,0.00465253297889,0,1.12189348424,171.911145361,0.135666598694,1.19469144393,126.072458135
R04,55808,1.26548752834,378,116.666666667,0.00506577235315,0,1.18268898377,0.225290849197,171.911145361,0,126.072458135
R04,55808,1.26548752834,505,87.3267326733,0.00718305904846,0,1.18322716398,1.09985234616,0.908691704179,0,126.072458135
R04,56320,1.27709750567,126,350,0.00765021563571,1,168.14118935,9.39476191822,4.05004877102,0.998181837515,126.096338128
R04,56320,1.27709750567,252,175,0.00935795205209,0,0.998181837515,168.14118935,0.0762285154225,1.47881595865,126.096338128
R04,56320,1.27709750567,379,116.35883905,0.00696500068165,0,3.23097774862,0.0977454786844,168.362634884,0,126.096338128
R04,56320,1.27709750567,505,87.3267326733,0.00847283872297,0,1.42847931814,1.0222487902,0.961691815649,0,126.096338128
R04,56832,1.28870748299,126,350,0.00755187898907,1,163.844412662,9.07251000245,3.85586124194,0.970047239242,126.121321573
R04,56832,1.28870748299,252,175,0.00942959186565,0,0.970047239242,163.844412662,0.140418444925,4.21431796822,126.121321573
R04,56832,1.28870748299,379,116.35883905,0.00740906005371,0,5.8787914325,0.675633353456,164.178372154,0,126.121321573
R04,56832,1.28870748299,505,87.3267326733,0.00886198478912,0,4.18395822929,1.01586000039,0.866673044148,0,126.121321573
R04,57344,1.30031746032,126,350,0.00740087271683,1,159.239600663,8.66697085927,3.71930831756,1.6716536209,126.105554676
R04,57344,1.30031746032,252,175,0.00987149079498,0,1.6716536209,159.239600663,0.186458017169,7.06331549089,126.105554676
R04,57344,1.30031746032,379,116.35883905,0.00759788650634,0,7.26842370066,1.26183271725,159.752691123,0,126.105554676
R04,57344,1.30031746032,505,87.3267326733,0.00890829870342,0,7.04033673063,1.70146550839,0.626606735107,0,126.105554676
R04,57856,1.31192743764,126,350,0.00761773988419,1,155.167679313,8.19740601993,3.6186661468,2.06005478019,126.101631704
R04,57856,1.31192743764,252,175,0.010042985093,0,2.06005478019,155.167679313,0.132739970312,7.91875659852,126.101631704
R04,57856,1.31192743764,378,116.666666667,0.00769542967715,0,6.91428949122,1.47699356777,155.167679313,0,126.101631704
R04,57856,1.31192743764,505,87.3267326733,0.00881104645524,0,7.89042301965,2.08387600154,0.539625636325,0,126.101631704
R04,58368,1.32353741497,126,350,0.00760686553633,1,152.261264981,7.72639699726,3.51635614244,1.91991843538,126.149151329
R04,58368,1.32353741497,252,175,0.0102879313649,0,1.91991843538,152.261264981,0.0465426483937,6.36552865551,126.149151329
R04,58368,1.32353741497,379,116.35883905,0.00746251156123,0,5.3448720308,1.16549706444,152.794914374,0,126.149151329
R04,58368,1.32353741497,505,87.3267326733,0.00831205953061,0,6.32176521597,1.95371967401,0.904807932216,0,126.149151329
R04,58880,1.33514739229,126,350,0.0075720340209,1,150.168973647,7.29913138401,3.38524682908,1.43603615946,126.199343179
R04,58880,1.33514739229,252,175,0.0103959511547,0,1.43603615946,150.168973647,0.121644103938,3.42822703099,126.199343179
R04,58880,1.33514739229,379,116.35883905,0.00747907586789,0,2.82930808088,0.603330756376,150.689198989,0,126.199343179
R04,58880,1.33514739229,505,87.3267326733,0.00798266300288,0,3.37687023271,1.46963747895,1.26371570776,0,126.199343179
R04,59392,1.34675736961,126,350,0.00752004161266,1,148.581446314,6.94492587338,3.23577294917,1.01948065719,126.125363727
R04,59392,1.34675736961,252,175,0.00999974577072,0,1.01948065719,148.581446314,0.171340505784,1.38252335926,126.125363727
R04,59392,1.34675736961,379,116.35883905,0.00664235735214,0,0.634959609798,0.224201994054,149.150852233,0,126.125363727
R04,59392,1.34675736961,505,87.3267326733,0.00624498318936,0,1.33977583246,1.03166907672,1.36795582079,0,126.125363727
R04,59904,1.35836734694,126,350,0.00284868371916,1,147.332627308,6.65697219877,3.08929580763,0.7697853206,126.152494411
R04,59904,1.35836734694,252,175,0.00335788866256,0,0.7697853206,147.332627308,0.154543628083,1.34210320649,126.152494411
R04,59904,1.35836734694,379,116.35883905,0.00383607461053,0,0.169118372526,0.265828391575,147.920296305,0,126.152494411
R04,59904,1.35836734694,505,87.3267326733,0.00419500469919,0,1.32715368456,0.781096162704,1.12630037174,0,126.152494411
R04,60416,1.36997732426,126,350,0.0011741522135,1,146.39746293,6.34617153739,2.97864512864,0.792508979707,126.212698548
R04,60416,1.36997732426,252,175,0.00205007905765,0,0.792508979707,146.39746293,0.134370860776,1.0767302629,126.212698548
R04,60416,1.36997732426,379,116.35883905,0.00248900211913,0,0.334200102935,0.246878890319,146.928786452,0,126.212698548
R04,60416,1.36997732426,505,87.3267326733,0.00294720645535,0,1.07000885241,0.806224920349,0.756283627428,0,126.212698548
R04,60928,1.38158730159,126,350,0.000935990130009,1,145.563400389,6.01431665301,2.90640059302,0.785734654347,126.156084067
R04,60928,1.38158730159,252,175,0.00164464138207,0,0.785734654347,145.563400389,0.134174216789,0.823746112916,126.156084067
R04,60928,1.38158730159,379,116.35883905,0.0024551623349,0,0.882441739244,0.246110525967,145.988709989,0,126.156084067
R04,60928,1.38158730159,505,87.3267326733,0.00292143488399,0,0.822397982475,0.791039091294,0.259577590567,0,126.156084067
R04,61440,1.39319727891,126,350,0.000996841101449,1,144.201106077,5.72242506568,2.85488967404,0.738478487119,126.204205969
R04,61440,1.39319727891,252,175,0.00168397859182,0,0.738478487119,144.201106077,0.123522592022,0.512757365446,126.204205969
R04,61440,1.39319727891,379,116.35883905,0.00221363830501,0,1.19590809202,0.193399464303,144.540606992,0,126.204205969
R04,61440,1.39319727891,505,87.3267326733,0.00277747562061,0,0.505564259486,0.739555569876,0.133665583932,0,126.204205969
R04,61952,1.40480725624,126,350,0.000833787896232,1,141.787089432,5.50417137281,2.81933180637,0.613750833296,126.199922296
R04,61952,1.40480725624,252,175,0.00153893639249,0,0.613750833296,141.787089432,0.102852730495,0.226610279187,126.199922296
R04,61952,1.40480725624,379,116.35883905,0.00208422390239,0,1.01356839198,0.140142584187,142.131901757,0,126.199922296
R04,61952,1.40480725624,505,87.3267326733,0.00250808365064,0,0.215384226228,0.621238013424,0.312744580891,0,126.199922296
R04,62464,1.41641723356,126,350,0.000811756953728,1,138.804879752,5.36187198203,2.80020435952,0.247917670827,126.16002398
R04,62464,1.41641723356,252,175,0.0014387585777,0,0.247917670827,138.804879752,0.0699699118831,0.193599831727,126.16002398
R04,62464,1.41641723356,379,116.35883905,0.00207884496562,0,0.379693348425,0.241912005606,139.18423893,0,126.16002398
R04,62464,1.41641723356,505,87.3267326733,0.002471050745,0,0.186813579136,0.260901063743,0.417784804759,0,126.16002398
R04,62976,1.42802721088,126,350,0.000834134759187,1,136.244038568,5.27556723788,2.78344101159,0.230117081345,126.196541202
R04,62976,1.42802721088,252,175,0.00146925496693,0,0.230117081345,136.244038568,0.0224563113731,0.223851562684,126.196541202
R04,62976,1.42802721088,379,116.35883905,0.00201136185365,0,0.350939429179,0.218279151453,136.648870305,0,126.196541202
R04,62976,1.42802721088,505,87.3267326733,0.00243643940692,0,0.212617992851,0.237421835663,0.521894013619,0,126.196541202
R04,63488,1.43963718821,126,350,0.000836653799147,1,134.702812688,5.18026498049,2.74292965263,0.484474941276,126.185229557
R04,63488,1.43963718821,252,175,0.00149510142854,0,0.484474941276,134.702812688,0.0299723378275,0.354815016887,126.185229557
R04,63488,1.43963718821,379,116.35883905,0.00193265186908,0,0.651916253178,0.195059819368,135.122848034,0,126.185229557
R04,63488,1.43963718821,505,87.3267326733,0.00229606378573,0,0.345772781307,0.493981741632,0.545823538439,0,126.185229557
R04,64000,1.45124716553,126,350,0.00202331404511,1,133.903137605,5.0506291568,2.67623617707,0.506264621734,126.178645862
R04,64000,1.45124716553,252,175,0.00320567137624,0,0.506264621734,133.903137605,0.038290925976,0.498439547436,126.178645862
R04,64000,1.45124716553,379,116.35883905,0.0024724717668,0,0.808594468491,0.196556000922,134.345328099,0,126.178645862
R04,64000,1.45124716553,505,87.3267326733,0.00280994236608,0,0.480125036868,0.506906584613,0.427773133755,0,126.178645862
R04,64512,1.46285714286,126,350,0.00226509166437,1,132.855731706,4.92414370157,2.58034828487,0.465991145045,126.164077679
R04,64512,1.46285714286,252,175,0.00406203980752,0,0.465991145045,132.855731706,0.0442268094235,1.47823053674,126.164077679
R04,64512,1.46285714286,379,116.35883905,0.00330928282972,0,1.35216227327,0.262936800372,133.270852229,0,126.164077679
R04,64512,1.46285714286,505,87.3267326733,0.00304766272561,0,1.45814600759,0.461252146543,0.168666247609,0,126.164077679
R04,65024,1.47446712018,126,350,0.00237357220517,1,130.52780823,4.81129914709,2.49149191073,0.420307393208,126.194742133
R04,65024,1.47446712018,252,175,0.00424571858943,0,0.420307393208,130.52780823,0.0763094788651,3.25240084703,126.194742133
R04,65024,1.47446712018,379,116.35883905,0.00338016870834,0,2.02699745905,0.353000580569,130.878070127,0,126.194742133
R04,65024,1.47446712018,505,87.3267326733,0.00322414595466,0,3.23523308578,0.414267926055,0.107903529581,0,126.194742133
R04,65536,1.48607709751,126,350,0.00244007146636,1,126.921658524,4.72616408562,2.44152809295,0.421611547236,126.214864114
R04,65536,1.48607709751,252,175,0.00448496778868,0,0.421611547236,126.921658524,0.101299910309,4.50683704346,126.214864114
R04,65536,1.48607709751,379,116.35883905,0.00346440766472,0,2.43477249783,0.343143115119,127.227743151,0,126.214864114
R04,65536,1.48607709751,505,87.3267326733,0.00339167280889,0,4.4891181489,0.415312977137,0.281430956857,0,126.214864114
R04,66048,1.49768707483,126,350,0.00254792248541,1,122.794420471,4.67989108509,2.42143214544,0.5104763977,126.187837043
R04,66048,1.49768707483,252,175,0.00464854941632,0,0.5104763977,122.794420471,0.108424576673,4.57131443936,126.187837043
R04,66048,1.49768707483,379,116.35883905,0.003740364731,0,2.05054534771,0.282156308073,123.135720156,0,126.187837043
R04,66048,1.49768707483,505,87.3267326733,0.0036715675301,0,4.55318074001,0.498036822195,0.390007345635,0,126.187837043
R04,66560,1.50929705215,126,350,0.00270051003015,1,118.731720579,4.65096892755,2.41339518482,0.615186891568,126.188876472
R04,66560,1.50929705215,252,175,0.00489812272495,0,0.615186891568,118.731720579,0.11084684435,3.43922233772,126.188876472
R04,66560,1.50929705215,379,116.35883905,0.00398328769833,0,0.99020488096,0.266419127637,119.154557887,0,126.188876472
R04,66560,1.50929705215,505,87.3267326733,0.00384616379735,0,3.42465673388,0.605060309001,0.410815177877,0,126.188876472
R04,67072,1.52090702948,126,350,0.00290011503437,1,115.310828301,4.61210180955,2.39327230311,0.603991815402,126.214710889
R04,67072,1.52090702948,252,175,0.00525908666358,0,0.603991815402,115.310828301,0.108161895489,1.67026329337,126.214710889
R04,67072,1.52090702948,379,116.35883905,0.00425555617744,0,0.625866631805,0.236204188156,115.756503694,0,126.214710889
R04,67072,1.52090702948,505,87.3267326733,0.00413231922768,0,1.65748970752,0.605295344829,0.38557613658,0,126.214710889
R04,67584,1.5325170068,126,350,0.00262014814054,1,112.627534312,4.57232902114,2.34522636,0.41710945919,126.21593643
R04,67584,1.5325170068,252,175,0.00467940566479,0,0.41710945919,112.627534312,0.0848378631413,0.307356069323,126.21593643
R04,67584,1.5325170068,379,116.35883905,0.00375781941206,0,1.10518831392,0.241334861056,113.004712714,0,126.21593643
R04,67584,1.5325170068,505,87.3267326733,0.00351366124534,0,0.288352917208,0.420690861481,0.314559413896,0,126.21593643
R04,68096,1.54412698413,126,350,0.00123002264722,1,110.28993487,4.57543465972,2.27928029172,0.0594632424302,126.195601131
R04,68096,1.54412698413,252,175,0.00238636836153,0,0.0594632424302,110.28993487,0.066564881001,0.431857364797,126.195601131
R04,68096,1.54412698413,379,116.35883905,0.00282789290493,0,1.02273617562,0.372350836093,110.602299338,0,126.195601131
R04,68096,1.54412698413,505,87.3267326733,0.00329009224681,0,0.420842826379,0.0793065270099,0.317482298336,0,126.195601131
R04,68608,1.55573696145,126,350,0.00117709982958,1,108.007072594,4.66093397814,2.22344535632,0.337374051145,126.233569533
R04,68608,1.55573696145,253,174.308300395,0.00220825459169,0,0.352396528462,108.034263627,0.072130291636,0.542671572428,126.233569533
R04,68608,1.55573696145,379,116.35883905,0.00273798736956,0,0.861260654255,0.482914655547,108.280537672,0,126.233569533
R04,68608,1.55573696145,505,87.3267326733,0.00328332848492,0,0.554711544491,0.344302455389,0.35531264442,0,126.233569533
R04,69120,1.56734693878,126,350,0.00107943102618,1,105.800342627,4.81391645389,2.19527241636,0.590732380087,126.180322791
R04,69120,1.56734693878,252,175,0.00197046530804,0,0.590732380087,105.800342627,0.0950932413302,0.583918914911,126.180322791
R04,69120,1.56734693878,379,116.35883905,0.00272144177691,0,0.666799871386,0.555067201372,106.063277397,0,126.180322791
R04,69120,1.56734693878,505,87.3267326733,0.00312693386612,0,0.569070595254,0.600380621646,0.395660128561,0,126.180322791
R04,69632,1.5789569161,126,350,0.00111539662596,1,103.95041804,5.0138495446,2.18999829752,0.710669967019,126.220931049
R04,69632,1.5789569161,252,175,0.00210088408788,0,0.710669967019,103.95041804,0.0661375454068,0.627775983293,126.220931049
R04,69632,1.5789569161,379,116.35883905,0.00256033428583,0,0.639050539627,0.492072673544,104.178687306,0,126.220931049
R04,69632,1.5789569161,505,87.3267326733,0.00296031517439,0,0.614605476944,0.726621093828,0.43005008575,0,126.220931049
R04,70144,1.59056689342,126,350,0.0013197614738,1,102.479379298,5.24376264346,2.18958119362,0.794287124066,126.199694324
R04,70144,1.59056689342,252,175,0.00233915969348,0,0.794287124066,102.479379298,0.0172649419489,0.683971891281,126.199694324
R04,70144,1.59056689342,379,116.35883905,0.00284331945666,0,0.585077022059,0.275909881556,102.692709244,0,126.199694324
R04,70144,1.59056689342,505,87.3267326733,0.00350012958714,0,0.666239327326,0.807195785745,0.540453385026,0,126.199694324
R04,70656,1.60217687075,126,350,0.00131822645307,1,101.140504705,5.46923762154,2.16825173041,0.741850755651,126.225999927
R04,70656,1.60217687075,252,175,0.0024046018089,0,0.741850755651,101.140504705,0.0209001563849,0.638846019119,126.225999927
R04,70656,1.60217687075,379,116.35883905,0.00289282471537,0,0.725500884232,0.0661183762651,101.400083805,0,126.225999927
R04,70656,1.60217687075,505,87.3267326733,0.00337801532042,0,0.627645627988,0.745455326646,0.534941131306,0,126.225999927
R04,71168,1.61378684807,126,350,0.00126371707364,1,99.5728538969,5.66410133706,2.11752611928,0.474311422897,126.211824848
R04,71168,1.61378684807,252,175,0.00220928099986,0,0.474311422897,99.5728538969,0.0309110986737,0.350114339773,126.211824848
R04,71168,1.61378684807,379,116.35883905,0.0027172344254,0,1.15256818181,0.186517169969,99.8588964453,0,126.211824848
R04,71168,1.61378684807,505,87.3267326733,0.0031575949943,0,0.341567957951,0.472134807061,0.422558885675,0,126.211824848
R04,71680,1.6253968254,126,350,0.00134608010011,1,97.593043961,5.81237601799,2.04588438029,0.0830993280923,126.234674769
R04,71680,1.6253968254,253,174.308300395,0.00215724508282,0,0.045182676386,97.6316187921,0.0284323564785,0.241491276337,126.234674769
R04,71680,1.6253968254,379,116.35883905,0.00236982036813,0,1.30674120437,0.313377037623,97.8476470784,0,126.234674769
R04,71680,1.6253968254,505,87.3267326733,0.00297166284177,0,0.25611409638,0.062251811073,0.302290137487,0,126.234674769
R04,72192,1.63700680272,126,350,0.00115643213577,1,95.2383110656,5.92837911164,1.9667041298,0.250853293198,126.224521109
R04,72192,1.63700680272,252,175,0.0021243030227,0,0.250853293198,95.2383110656,0.0402777389549,0.689204058672,126.224521109
R04,72192,1.63700680272,379,116.35883905,0.00237135328024,0,0.995964440911,0.42142029885,95.4918365138,0,126.224521109
R04,72192,1.63700680272,505,87.3267326733,0.00292114313273,0,0.684542255326,0.248470011505,0.164748291299,0,126.224521109
R04,72704,1.64861678005,126,350,0.00116779036353,1,92.788027776,6.03110991315,1.89042618667,0.31154322361,126.252498098
R04,72704,1.64861678005,253,174.308300395,0.00206174772106,0,0.316743750154,92.8508228976,0.0656056312504,0.768400761791,126.252498098
R04,72704,1.64861678005,379,116.35883905,0.00227253551698,0,0.537760768173,0.571464163894,93.0502940115,0,126.252498098
R04,72704,1.64861678005,505,87.3267326733,0.00303422614262,0,0.773520440518,0.314072578437,0.256836028821,0,126.252498098
R04,73216,1.66022675737,126,350,0.00110854962988,1,90.4546220936,6.15002675945,1.82313842727,0.22505574627,126.238727044
R04,73216,1.66022675737,252,175,0.00213690488887,0,0.22505574627,90.4546220936,0.0902950483516,0.544238175218,126.238727044
R04,73216,1.66022675737,379,116.35883905,0.00234511304506,0,0.390948733739,0.652835652673,90.7447016005,0,126.238727044
R04,73216,1.66022675737,505,87.3267326733,0.0029982128127,0,0.533549881368,0.231827340499,0.412743529802,0,126.238727044
R04,73728,1.67183673469,126,350,0.00115296851263,1,88.4450444099,6.27862491349,1.76390067348,0.0989560865359,126.23398104
R04,73728,1.67183673469,252,175,0.00195757856012,0,0.0989560865359,88.4450444099,0.104138348048,0.400335114932,126.23398104
R04,73728,1.67183673469,379,116.35883905,0.00201795999202,0,0.434430666727,0.588297993614,88.751760351,0,126.23398104
R04,73728,1.67183673469,505,87.3267326733,0.00241279072708,0,0.390522549173,0.106970023155,0.457447737399,0,126.23398104
R04,74240,1.68344671202,126,350,0.000982263238714,1,86.7949222276,6.38981861162,1.71414720864,0.223449491783,126.253006983
R04,74240,1.68344671202,253,174.308300395,0.00179809851482,0,0.236376531746,86.9320698666,0.0903689015986,0.469728625191,126.253006983
R04,74240,1.68344671202,379,116.35883905,0.00233358517349,0,0.392434344164,0.431982856633,87.0957972553,0,126.253006983
R04,74240,1.68344671202,505,87.3267326733,0.00299237353488,0,0.472220320554,0.229918847407,0.336846351631,0,126.253006983
R04,74752,1.69505668934,126,350,0.00123093935726,1,85.3838212119,6.48359056784,1.67298440826,0.457194297628,126.232287401
R04,74752,1.69505668934,253,174.308300395,0.00229004118549,0,0.469426982175,85.5200610399,0.0918273168831,0.464181416927,126.232287401
R04,74752,1.69505668934,379,116.35883905,0.00291372667203,0,0.405336345538,0.353163403908,85.6770413497,0,126.232287401
R04,74752,1.69505668934,505,87.3267326733,0.00349675942291,0,0.467287672598,0.463388448108,0.122986477528,0,126.232287401
R04,75264,1.70666666667,126,350,0.00136231355887,1,83.9542936635,6.59911431313,1.64480273306,0.565344870433,126.221463468
R04,75264,1.70666666667,252,175,0.00243233487859,0,0.565344870433,83.9542936635,0.121405092083,0.345102130068,126.221463468
R04,75264,1.70666666667,379,116.35883905,0.00339530062198,0,0.393187076102,0.380660155994,84.203800314,0,126.221463468
R04,75264,1.70666666667,505,87.3267326733,0.00391303589204,0,0.344622904307,0.568413427549,0.0769072811837,0,126.221463468
R04,75776,1.71827664399,126,350,0.00136591136067,1,82.4027600484,6.74833156798,1.64108637464,0.595239103884,126.259293139
R04,75776,1.71827664399,253,174.308300395,0.00250466522424,0,0.588909018933,82.3781415624,0.1413880986,0.1805876926,126.259293139
R04,75776,1.71827664399,379,116.35883905,0.00354545773575,0,0.388262630488,0.396394828386,82.5797029931,0,126.259293139
R04,75776,1.71827664399,505,87.3267326733,0.00405599481216,0,0.178905780465,0.592246038639,0.0881191142547,0,126.259293139
R04,76288,1.72988662132,126,350,0.0014905095724,1,80.8030519783,6.888223124,1.67664905185,0.589831059092,126.225103073
R04,76288,1.72988662132,252,175,0.00257396896337,0,0.589831059092,80.8030519783,0.170469506832,0.0234926947636,126.225103073
R04,76288,1.72988662132,379,116.35883905,0.00369618701225,0,0.53599178007,0.518870699804,80.9792913573,0,126.225103073
R04,76288,1.72988662132,505,87.3267326733,0.00417661681339,0,0.0238521143826,0.583454778878,0.121729176683,0,126.225103073
R04,76800,1.74149659864,126,350,0.00191272364933,1,79.4735273768,6.96804794216,1.75825586028,0.538485382082,126.230720077
R04,76800,1.74149659864,252,175,0.00318979315272,0,0.538485382082,79.4735273768,0.164662494982,0.0367080732433,126.230720077
R04,76800,1.74149659864,379,116.35883905,0.0043575681378,0,0.760409230751,0.639813302376,79.6886441403,0,126.230720077
R04,76800,1.74149659864,505,87.3267326733,0.00478125010096,0,0.037668371616,0.53966101499,0.292348588378,0,126.230720077
R04,77312,1.75310657596,126,350,0.00216281189744,1,78.5837005536,6.9606300578,1.85450081464,0.512532633713,126.237160829
R04,77312,1.75310657596,252,175,0.00350806142865,0,0.512532633713,78.5837005536,0.134217727628,0.108562560787,126.237160829
R04,77312,1.75310657596,379,116.35883905,0.00477153450736,0,0.840960950953,0.565977537997,78.8493632659,0,126.237160829
R04,77312,1.75310657596,505,87.3267326733,0.00522024570595,0,0.106471804406,0.512803953565,0.394072269738,0,126.237160829
R04,77824,1.76471655329,126,350,0.00222325669813,1,77.8203364405,6.89312982495,1.94242807387,0.563970907256,126.246171752
R04,77824,1.76471655329,253,174.308300395,0.00351271276426,0,0.559121471572,77.9743491671,0.124105837668,0.322916326899,126.246171752
R04,77824,1.76471655329,379,116.35883905,0.00447239275621,0,0.656181963381,0.279084189349,78.1049097127,0,126.246171752
R04,77824,1.76471655329,505,87.3267326733,0.00487280596778,0,0.326301349527,0.561931782377,0.335820145013,0,126.246171752
R04,78336,1.77632653061,126,350,0.00224644161939,1,76.8729009272,6.80752474789,2.00636972391,0.514164425442,126.272530383
R04,78336,1.77632653061,253,174.308300395,0.00321770784387,0,0.52143105922,77.0254272945,0.121207738467,0.631879895846,126.272530383
R04,78336,1.77632653061,379,116.35883905,0.00401178304183,0,0.35881171483,0.1215616287,77.1572418554,0,126.272530383
R04,78336,1.77632653061,505,87.3267326733,0.00460559725821,0,0.631918662988,0.518333525606,0.378699844211,0,126.272530383
R04,78848,1.78793650794,126,350,0.00219590338043,1,75.8134372458,6.72468429347,2.04834702258,0.464895577048,126.293428827
R04,78848,1.78793650794,253,174.308300395,0.00287425436541,0,0.490793202197,76.0176184761,0.11789568981,0.862358941955,126.293428827
R04,78848,1.78793650794,379,116.35883905,0.0034560925109,0,0.265974047725,0.293842745114,76.1311659262,0,126.293428827
R04,78848,1.78793650794,505,87.3267326733,0.00403863068791,0,0.865572575638,0.478265836276,0.493010536658,0,126.293428827
R04,79360,1.79954648526,126,350,0.00207918452172,1,74.8576887377,6.65650901427,2.07115758515,0.52137195975,126.241246479
R04,79360,1.79954648526,253,174.308300395,0.00289291057756,0,0.542476959184,75.1592092239,0.104182423625,0.718524490317,126.241246479
R04,79360,1.79954648526,379,116.35883905,0.00335209708991,0,0.42936106592,0.490220473972,75.236514263,0,126.241246479
R04,79360,1.79954648526,505,87.3267326733,0.00388555006474,0,0.725872962167,0.531968058718,0.405482858239,0,126.241246479
R04,79872,1.81115646259,126,350,0.00220287955216,1,74.0828310101,6.61826794949,2.06372463679,0.533713986591,126.247948569
R04,79872,1.81115646259,253,174.308300395,0.00286193622187,0,0.540292526648,74.3759090777,0.0936050249582,0.362303453069,126.247948569
R04,79872,1.81115646259,379,116.35883905,0.00313947129777,0,0.622262136883,0.714139347945,74.4529039868,0,126.247948569
R04,79872,1.81115646259,505,87.3267326733,0.00360744195353,0,0.378442921859,0.536967716614,0.203546172356,0,126.247948569
R04,80384,1.82276643991,126,350,0.00223706425354,1,73.3706384273,6.62248473579,2.02939293657,0.347059584751,126.208580615
R04,80384,1.82276643991,252,175,0.00274678647021,0,0.347059584751,73.3706384273,0.0522930721501,0.472971047909,126.208580615
R04,80384,1.82276643991,379,116.35883905,0.00264910475808,0,0.655351237202,0.794564873102,73.6451830208,0,126.208580615
R04,80384,1.82276643991,505,87.3267326733,0.00316585331073,0,0.462100993601,0.344701512443,0.106630520782,0,126.208580615
R04,80896,1.83437641723,126,350,0.00219281418408,1,72.651202004,6.62263647638,1.97868086809,0.141030862549,126.285482022
R04,80896,1.83437641723,253,174.308300395,0.00251739742657,0,0.159321574629,72.5804658554,0.0808575762529,0.473633413199,126.285482022
R04,80896,1.83437641723,379,116.35883905,0.00236860269915,0,0.678323422655,0.6445412114,72.7765670966,0,126.285482022
R04,80896,1.83437641723,505,87.3267326733,0.0029276526875,0,0.480129342377,0.1507534487,0.145044313219,0,126.285482022
R04,81408,1.84598639456,126,350,0.00229434507255,1,72.0151413112,6.58339742612,1.92380382121,0.196675157701,126.263090057
R04,81408,1.84598639456,253,174.308300395,0.00283054298422,0,0.197217577019,71.8566373585,0.0924627657716,0.293099451609,126.263090057
R04,81408,1.84598639456,379,116.35883905,0.00229937850238,0,0.901189876942,0.540679680215,72.0808814894,0,126.263090057
R04,81408,1.84598639456,505,87.3267326733,0.00301791235897,0,0.3050636465,0.196585646254,0.307367999816,0,126.263090057
R04,81920,1.85759637188,126,350,0.00211561284679,1,71.6315867897,6.50914829616,1.88691191304,0.313286861097,126.218805438
R04,81920,1.85759637188,252,175,0.00269747985646,0,0.313286861097,71.6315867897,0.0676880646992,0.320710925149,126.218805438
R04,81920,1.85759637188,379,116.35883905,0.00237468564555,0,0.785203898477,0.528693434865,71.7780954941,0,126.218805438
R04,81920,1.85759637188,505,87.3267326733,0.003064611987,0,0.309927136056,0.312412601148,0.490250819975,0,126.218805438
R04,82432,1.86920634921,126,350,0.00214482679812,1,71.4600063401,6.39014686649,1.88764871321,0.324847404195,126.23102631
R04,82432,1.86920634921,252,175,0.0028621515371,0,0.324847404195,71.4600063401,0.0396819927205,0.647151746584,126.23102631
R04,82432,1.86920634921,379,116.35883905,0.00286130408332,0,0.56413171003,0.495773472204,71.728237804,0,126.23102631
R04,82432,1.86920634921,505,87.3267326733,0.00342880485828,0,0.638498517548,0.335888083173,0.533916159044,0,126.23102631
R04,82944,1.88081632653,126,350,0.00223267018313,1,71.2054794993,6.24171428,1.90736536577,0.261564988554,126.22378724
R04,82944,1.88081632653,252,175,0.00323522998776,0,0.261564988554,71.2054794993,0.0282271999785,0.834911712288,126.22378724
R04,82944,1.88081632653,379,116.35883905,0.00311921959504,0,0.651263917718,0.383579963513,71.5093868266,0,126.22378724
R04,82944,1.88081632653,505,87.3267326733,0.00386871409934,0,0.8246918444,0.277513278683,0.440018549197,0,126.22378724
R04,83456,1.89242630385,126,350,0.00221834758071,1,70.4553714561,6.10562518173,1.92822135582,0.302141872588,126.219663051
R04,83456,1.89242630385,253,174.308300395,0.00330693671197,0,0.323782796691,70.6071269294,0.0164005883873,0.693034349506,126.219663051
R04,83456,1.89242630385,379,116.35883905,0.00342233317829,0,0.56575425489,0.291944314456,70.7195235861,0,126.219663051
R04,83456,1.89242630385,505,87.3267326733,0.00406175325547,0,0.703738788416,0.312861017545,0.245527671375,0,126.219663051
R04,83968,1.90403628118,126,350,0.00388221418851,1,69.162288725,6.00402868016,1.93607603673,0.383889344657,126.317482868
R04,83968,1.90403628118,253,174.308300395,0.00394272500878,0,0.405990663959,69.2632626488,0.0431871486414,0.57966096038,126.317482868
R04,83968,1.90403628118,379,116.35883905,0.00439130148498,0,0.324830250214,0.416759669912,69.3921125756,0,126.317482868
R04,83968,1.90403628118,505,87.3267326733,0.00494402172437,0,0.594280074223,0.395208163442,0.0954119504212,0,126.317482868
R04,84480,1.9156462585,126,350,0.00682636976151,1,67.5384802917,5.92175431455,1.89755185832,0.41554481471,126.316352342
R04,84480,1.9156462585,253,174.308300395,0.00753740019833,0,0.444615282385,67.6892769997,0.276823598316,0.604598918836,126.316352342
R04,84480,1.9156462585,379,116.35883905,0.0067916233282,0,0.249054568263,0.679855703176,67.8008559434,0,126.316352342
R04,84480,1.9156462585,505,87.3267326733,0.00652384834586,0,0.612759786106,0.430418880807,0.289639359729,0,126.316352342
R04,84992,1.92725623583,126,350,0.010919553775,1,66.0369270339,5.87910765806,1.844038353,0.798542690186,126.23537718
R04,84992,1.92725623583,253,174.308300395,0.0106079414594,0,0.82398610562,66.2700910857,0.445520455432,0.421883854348,126.23537718
R04,84992,1.92725623583,379,116.35883905,0.0104853212113,0,0.208663417685,1.18049330749,66.3510089922,0,126.23537718
R04,84992,1.92725623583,505,87.3267326733,0.0113188237028,0,0.415142634426,0.811691043942,1.01742620374,0,126.23537718
R04,85504,1.93886621315,133,331.578947368,0.43112898257,0,7.39359863655,0.101828212022,0.424802176611,0.785157957362,0
R04,85504,1.93886621315,257,171.595330739,0.446218978274,0,1.13916881379,53.5929052673,0.62381063969,0.442680322561,0
R04,85504,1.93886621315,380,116.052631579,0.288513532037,0,0.856866855057,2.07447959286,65.7164621662,0,0
R04,85504,1.93886621315,507,86.9822485207,0.310543325407,0,0.537364014258,1.23481521285,3.46570592334,0,0
R04,86016,1.95047619048,131,336.641221374,0.508864198685,0,24.6261920775,0.311220022336,0.348941219576,5.37177314574,0
R04,86016,1.95047619048,253,174.308300395,0.469447279237,0,5.23317520734,69.2927592427,0.701317393764,3.20414736774,0
R04,86016,1.95047619048,381,115.748031496,0.439549195114,0,6.49898854627,10.6525259655,68.9750549134,0,0
R04,86016,1.95047619048,507,86.9822485207,0.519978628993,0,3.18759287387,5.28673606498,13.1136287205,0,0
R04,86528,1.9620861678,133,331.578947368,0.70815513353,0,24.4477855892,0.267032760584,0.73659796617,13.95033603,0
R04,86528,1.9620861678,254,173.622047244,0.406461955949,0,15.8545547144,78.0084882232,1.47798624019,6.80106522659,0
R04,86528,1.9620861678,384,114.84375,0.514430162605,0,16.0189251228,24.6659619467,76.6672383687,0,0
R04,86528,1.9620861678,508,86.811023622,0.468053502906,0,6.80106522659,15.8545547144,23.1785637165,0,0
R04,87040,1.97369614512,133,331.578947368,0.746380018782,0,46.3695531578,0.492348194514,0.808143091222,25.8037079504,0
R04,87040,1.97369614512,253,174.308300395,0.444611929857,0,33.9923949137,86.2973937005,3.56761339457,10.5929800976,0
R04,87040,1.97369614512,383,115.143603133,0.568266346863,0,24.3218594846,40.1537331762,92.9306053857,0,0
R04,87040,1.97369614512,505,87.3267326733,0.515511082833,0,10.6231524941,34.147576233,27.8167879126,0,0
R04,87552,1.98530612245,132,334.090909091,0.920041982304,0,66.7013371172,1.3862199471,0.634901757458,37.3034157107,0
R04,87552,1.98530612245,253,174.308300395,0.395767728989,0,54.1224445288,99.7051805654,7.2712712648,11.0634900595,0
R04,87552,1.98530612245,382,115.445026178,0.681089267716,0,27.3581358586,50.5145935182,105.847676049,0,0
R04,87552,1.98530612245,505,87.3267326733,0.511226988129,0,11.1482694601,54.6439401137,26.0717917625,0,0
R04,88064,1.99691609977,134,329.104477612,0.92276417576,0,29.3687466558,0.87178782391,1.19404914841,30.6813110679,0
R04,88064,1.99691609977,252,175,0.381584734315,0,76.3817288878,106.64385769,10.3602717972,9.31204717084,0
R04,88064,1.99691609977,384,114.84375,0.719591606686,0,23.1952203854,52.6056981461,112.839821375,0,0
R04,88064,1.99691609977,505,87.3267326733,0.511558507721,0,9.18205614878,75.5564702667,17.3497429232,0,0
R04,88576,2.0085260771,136,324.264705882,1.01631167895,0,9.58625090029,0.334466619786,1.76097625203,26.7620262261,0
R04,88576,2.0085260771,253,174.308300395,0.349433686139,0,91.7109343557,114.974136312,13.094811702,6.1191068534,0
R04,88576,2.0085260771,385,114.545454545,0.799298704779,0,19.4413173341,46.1054382876,105.004754803,0,0
R04,88576,2.0085260771,505,87.3267326733,0.481749107991,0,6.27214719868,92.6784411909,7.58331226954,0,0
R04,89088,2.02013605442,136,324.264705882,1.01653625109,0,10.7542302708,0.525553321685,2.06662855742,38.6598961238,0
R04,89088,2.02013605442,252,175,0.315377089148,0,105.421266321,109.486613923,14.8838632732,5.00094267902,0
R04,89088,2.02013605442,386,114.248704663,0.801673228984,0,13.7248002661,34.1088326096,90.6178911043,0,0
R04,89088,2.02013605442,504,87.5,0.39835253054,0,5.00094267902,105.421266321,5.76728371285,0,0
R04,89600,2.03174603175,136,324.264705882,1.11858852714,0,5.76468745431,0.620617167057,1.90090234339,44.3583727783,0
R04,89600,2.03174603175,252,175,0.198081487358,0,111.472980233,102.857342706,17.9194086897,4.46636884415,0
R04,89600,2.03174603175,375,117.6,0.906412734595,0,18.17598996,23.8672402398,94.0509749693,0,0
R04,89600,2.03174603175,386,114.248704663,0.901460894451,0,6.92389633964,23.0094672027,84.7887636781,0,0
R04,89600,2.03174603175,504,87.5,0.322027025818,0,4.46636884415,111.472980233,5.70075924261,0,0
R04,90112,2.04335600907,138,319.565217391,1.16988741489,0,10.6243871965,0.98600409142,0.690341011945,26.7246345413,0
R04,90112,2.04335600907,165,267.272727273,1.3044428135,0,5.64326557535,14.9152851271,1.48301547413,51.893681315,0
R04,90112,2.04335600907,252,175,0.157500578839,0,113.408405585,97.2012624621,22.1294379848,3.80811781997,0
R04,90112,2.04335600907,375,117.6,0.967573713137,0,16.9828901873,13.6818518524,87.6669216097,0,0
R04,90112,2.04335600907,387,113.953488372,0.955228332827,0,9.28477536704,10.7783360367,77.3803311755,0,0
R04,90112,2.04335600907,503,87.6739562624,0.280121012149,0,3.87539465805,113.128287375,6.59974056685,0,0
R04,90624,2.05496598639,138,319.565217391,1.20652412479,0,14.279360624,0.666118915471,0.494775087596,29.9734108939,251.981095567
R04,90624,2.05496598639,166,265.662650602,1.3261245135,0,6.19950737281,22.0877170645,0.787625536803,39.9612398213,251.981095567
R04,90624,2.05496598639,252,175,0.129717602015,1,113.567490011,93.5514696017,26.3267759068,2.61915872864,251.981095567
R04,90624,2.05496598639,373,118.230563003,1.05575899651,0,13.7815508114,8.08061786462,74.0625973166,0,251.981095567
R04,90624,2.05496598639,388,113.659793814,1.04742599701,0,8.02205324048,1.65331286629,71.6805600446,0,251.981095567
R04,90624,2.05496598639,504,87.5,0.224633242948,0,2.61915872864,113.567490011,6.84999108323,0,251.981095567
R04,91136,2.06657596372,139,317.26618705,1.18143207196,0,11.8635699254,0.209238746905,0.452755961996,21.6125879818,251.638229366
R04,91136,2.06657596372,167,264.071856287,1.27248074588,0,4.95623899729,27.4239416711,0.4395404456,31.6868450338,251.638229366
R04,91136,2.06657596372,252,175,0.0979005301822,1,112.52737907,91.1602867739,28.9104834976,1.32920255722,251.638229366
R04,91136,2.06657596372,339,130.088495575,1.29578598162,0,31.4105577224,4.37899574067,3.0052378537,0,251.638229366
R04,91136,2.06657596372,374,117.914438503,1.07526621218,0,6.69605580537,5.37831493403,77.8048177042,0,251.638229366
R04,91136,2.06657596372,389,113.367609254,1.05852910434,0,2.74317292163,4.57931258881,65.4825244247,0,251.638229366
R04,91136,2.06657596372,503,87.6739562624,0.161101407696,0,1.3363480886,112.09380628,4.84374843449,0,251.638229366
R04,91648,2.07818594104,139,317.26618705,1.21511706131,0,9.63078697169,0.170048820335,0.331181644257,24.3304528238,251.551779348
R04,91648,2.07818594104,167,264.071856287,1.29491193968,0,1.79313516893,27.6880576343,0.331073705562,26.2858850902,251.551779348
R04,91648,2.07818594104,252,175,0.0731563525335,1,111.850990153,88.6969438156,29.247768344,0.496289401826,251.551779348
R04,91648,2.07818594104,338,130.473372781,1.32821355912,0,26.9699634239,2.38699368182,2.57035210764,0,251.551779348
R04,91648,2.07818594104,373,118.230563003,1.1354647392,0,9.42917102408,3.31603723346,71.3800394569,0,251.551779348
R04,91648,2.07818594104,390,113.076923077,1.12098374541,0,3.50548332263,6.05082674601,57.4244309885,0,251.551779348
R04,91648,2.07818594104,503,87.6739562624,0.115400334459,0,0.47182725703,111.398364102,1.9216340406,0,251.551779348
R04,92160,2.08979591837,140,315,1.21690953752,0,6.90106889958,0.422620394649,0.0325932417446,18.783374871,251.449403041
R04,92160,2.08979591837,167,264.071856287,1.28196791946,0,1.85969373149,26.6668830259,0.261801676969,23.9671387811,251.449403041
R04,92160,2.08979591837,251,175.697211155,0.0510461416715,1,109.173288932,83.2754183846,27.5709129248,1.58166287208,251.449403041
R04,92160,2.08979591837,337,130.860534125,1.33123859275,0,24.5079812415,2.27765090264,2.41590847465,0,251.449403041
R04,92160,2.08979591837,374,117.914438503,1.14370630763,0,12.4850729351,0.308543558883,74.7032331538,0,251.449403041
R04,92160,2.08979591837,390,113.076923077,1.12452353566,0,5.63575882797,4.97854946772,51.7985409321,0,251.449403041
R04,92160,2.08979591837,503,87.6739562624,0.0858890296414,0,1.58382886458,109.735780219,1.93775869162,0,251.449403041
R04,92672,2.10140589569,140,315,1.20246610436,0,5.63879142037,0.505282549167,0.164829593001,14.5349648541,251.478454897
R04,92672,2.10140589569,167,264.071856287,1.28759168924,0,4.77283408125,25.2552972755,0.109141787164,21.57633497,251.478454897
R04,92672,2.10140589569,251,175.697211155,0.0446060219479,1,107.618067583,81.341906562,26.2097903148,2.43436874198,251.478454897
R04,92672,2.10140589569,337,130.860534125,1.35025521496,0,22.6206153431,4.99827658829,2.46668370942,0,251.478454897
R04,92672,2.10140589569,374,117.914438503,1.15941255301,0,13.6670691586,2.65613260622,73.8039308152,0,251.478454897
R04,92672,2.10140589569,390,113.076923077,1.14220552981,0,6.33942745244,4.44583300226,47.4639872891,0,251.478454897
R04,92672,2.10140589569,503,87.6739562624,0.0767071787613,0,2.45997305752,108.143098523,4.8501937831,0,251.478454897
R04,93184,2.11301587302,140,315,1.20669303224,0,3.55170047632,0.498336340984,0.213174629152,13.0084011664,251.299307547
R04,93184,2.11301587302,167,264.071856287,1.27815038545,0,5.63180335737,23.786777696,0.0175161549446,19.0873910156,251.299307547
R04,93184,2.11301587302,251,175.697211155,0.0377577346978,1,104.495888994,79.7158117884,24.7283082251,3.66850149566,251.299307547
R04,93184,2.11301587302,337,130.860534125,1.32398924101,0,19.9677488639,6.17744304335,2.02355510172,0,251.299307547
R04,93184,2.11301587302,374,117.914438503,1.14351034786,0,14.3624207987,4.10310465077,72.6701057907,0,251.299307547
R04,93184,2.11301587302,390,113.076923077,1.13773269297,0,7.9623174527,3.05899407616,45.5182478426,0,251.299307547
R04,93184,2.11301587302,503,87.6739562624,0.0631412468914,0,3.69899986591,104.994467423,5.87991645588,0,251.299307547
R04,93696,2.12462585034,127,347.244094488,1.21977231099,0,79.6419955988,11.908317432,1.24961160636,101.510226406,251.255595041
R04,93696,2.12462585034,140,315,1.20137313809,0,2.72530841767,0.320551177044,0.200394866341,19.0067908452,251.255595041
R04,93696,2.12462585034,167,264.071856287,1.28584598998,0,4.55637516555,22.3956466904,0.0357723213443,16.4396009716,251.255595041
R04,93696,2.12462585034,251,175.697211155,0.0347828742499,1,100.443671048,78.6792498797,23.2313221429,4.42280925313,251.255595041
R04,93696,2.12462585034,336,131.25,1.33504987347,0,17.114440891,4.87354753318,1.68833949635,0,251.255595041
R04,93696,2.12462585034,374,117.914438503,1.15170564548,0,12.2250270578,3.54675851988,71.6141689414,0,251.255595041
R04,93696,2.12462585034,503,87.6739562624,0.0568917574282,0,4.41501931043,100.950089825,4.76786258227,0,251.255595041
R04,93696,2.12462585034,390,113.076923077,1.14482255608,0,8.17607728577,1.77147927171,45.1990985619,0,251.255595041
R04,94208,2.13623582766,127,347.244094488,1.20746733044,0,79.2650529117,11.8362775653,1.10173150355,96.946662603,251.292122868
R04,94208,2.13623582766,140,315,1.19526457064,0,1.06504203886,0.184283473854,0.203350940987,18.054414523,251.292122868
R04,94208,2.13623582766,167,264.071856287,1.28777924041,0,2.76847831917,20.857700208,0.050819785778,14.1134931848,251.292122868
R04,94208,2.13623582766,251,175.697211155,0.0312353871599,1,95.8938651827,77.9037935599,21.6676897061,4.39178998368,251.292122868
R04,94208,2.13623582766,337,130.860534125,1.33248507999,0,14.0781130552,3.07422488831,1.03460674854,0,251.292122868
R04,94208,2.13623582766,374,117.914438503,1.12328168618,0,8.49272417539,2.62048369083,70.7086483593,0,251.292122868
R04,94208,2.13623582766,503,87.6739562624,0.0493537342627,0,4.35717496965,96.3937430622,2.91000343381,0,251.292122868
R04,94208,2.13623582766,390,113.076923077,1.11873613535,0,6.21901060569,0.686904205338,46.5080846909,0,251.292122868
R04,94720,2.14784580499,127,347.244094488,1.20186344659,0,78.7845494327,11.7319588792,1.03992065215,92.8533443012,251.187720959
R04,94720,2.14784580499,140,315,1.1929828152,0,0.299228115378,0.260279197406,0.206213936159,9.93408538381,251.187720959
R04,94720,2.14784580499,167,264.071856287,1.28962196757,0,1.2679985337,19.4205627908,0.0763556166515,10.7388466383,251.187720959
R04,94720,2.14784580499,251,175.697211155,0.0263540931053,1,92.3942309076,77.261103481,20.3278578094,3.69268109416,251.187720959
R04,94720,2.14784580499,336,131.25,1.34255941138,0,10.5959888231,1.36211041455,0.929773134862,0,251.187720959
R04,94720,2.14784580499,374,117.914438503,1.13737324061,0,4.48027175906,2.47379278641,70.1826214225,0,251.187720959
R04,94720,2.14784580499,503,87.6739562624,0.0378624406824,0,3.64307818348,92.7991663305,1.33737654632,0,251.187720959
R04,95232,2.15945578231,127,347.244094488,1.19261286305,0,77.4786287215,11.5854644185,1.07357022901,90.6791296079,251.265917876
R04,95232,2.15945578231,139,317.26618705,1.18807218144,0,0.613024038827,0.281726647403,0.156229527833,11.1701550312,251.265917876
R04,95232,2.15945578231,166,265.662650602,1.29836263638,0,0.48641671595,14.5752800078,0.167000543287,8.23415317715,251.265917876
R04,95232,2.15945578231,251,175.697211155,0.0225948823197,1,90.8114444031,76.4012314113,19.464468604,2.93349515531,251.265917876
R04,95232,2.15945578231,337,130.860534125,1.35314007406,0,6.75353330412,0.560258374303,1.15258125595,0,251.265917876
R04,95232,2.15945578231,375,117.6,1.12438756846,0,2.02735865165,2.18743174001,72.8464849002,0,251.265917876
R04,95232,2.15945578231,503,87.6739562624,0.0345978544521,0,2.89844769349,91.1102144671,0.537535155352,0,251.265917876
R04,95232,2.15945578231,390,113.076923077,1.12058553847,0,1.49175699045,0.317063955365,45.4223975285,0,251.265917876
R04,95744,2.17106575964,126,350,1.17783542377,0,76.8408466399,12.748257999,1.50588044114,91.0176673676,251.262023437
R04,95744,2.17106575964,139,317.26618705,1.17890154355,0,0.378606429029,0.274082742836,0.130220560145,16.7374753148,251.262023437
R04,95744,2.17106575964,166,265.662650602,1.30142157323,0,0.375881488953,14.5428709698,0.210252265152,6.60129703208,251.262023437
R04,95744,2.17106575964,251,175.697211155,0.022123751046,1,90.5941979097,74.9599637435,19.259951603,0.963338859794,251.262023437
R04,95744,2.17106575964,337,130.860534125,1.34319704499,0,5.19021052403,0.50501995241,0.983039911355,0,251.262023437
R04,95744,2.17106575964,374,117.914438503,1.10383356506,0,1.52421161975,2.65040993866,68.389600702,0,251.262023437
R04,95744,2.17106575964,503,87.6739562624,0.0362177372063,0,0.894117088119,90.8669808178,0.44118494378,0,251.262023437
R04,96256,2.18267573696,126,350,1.15804233669,0,75.3951652223,12.7193725128,1.46617546634,90.7394698342,251.157051268
R04,96256,2.18267573696,138,319.565217391,1.16348373475,0,1.34998383617,0.232006632818,0.0860375437774,25.6675648617,251.157051268
R04,96256,2.18267573696,166,265.662650602,1.30059739261,0,1.23858204804,14.906481655,0.21654760782,8.17537672931,251.157051268
R04,96256,2.18267573696,251,175.697211155,0.0190611595318,1,90.3194319704,73.5614269115,19.4534410251,2.11481595539,251.157051268
R04,96256,2.18267573696,338,130.473372781,1.37202203669,0,6.94049316958,1.29487400713,1.00250539221,0,251.157051268
R04,96256,2.18267573696,375,117.6,1.09972580304,0,2.93265712355,2.97008420933,70.13674573,0,251.157051268
R04,96256,2.18267573696,503,87.6739562624,0.0303121663227,0,2.08474144844,90.587885554,1.2315799277,0,251.157051268
R04,96768,2.19428571429,126,350,1.17411292418,0,74.4449207331,12.7787594947,1.45501812202,89.5651317501,251.173429412
R04,96768,2.19428571429,139,317.26618705,1.17547168342,0,0.450235126452,0.211617056283,0.140279651766,17.7942729883,251.173429412
R04,96768,2.19428571429,166,265.662650602,1.2986396166,0,1.80069888729,15.3915335278,0.20051444411,9.76126685449,251.173429412
R04,96768,2.19428571429,251,175.697211155,0.0179266216266,1,89.299896903,72.6431161741,19.7237903131,3.45847693281,251.173429412
R04,96768,2.19428571429,337,130.860534125,1.37545711159,0,9.33091802883,1.89665018468,1.08507150546,0,251.173429412
R04,96768,2.19428571429,375,117.6,1.12221931649,0,6.50550553353,2.61706181985,69.281851873,0,251.173429412
R04,96768,2.19428571429,503,87.6739562624,0.0285394325835,0,3.43077069007,89.4923594269,1.84664711007,0,251.173429412
R04,96768,2.19428571429,390,113.076923077,1.12175277071,0,6.56928953463,2.11491173294,41.2232419079,0,251.173429412
R04,97280,2.20589569161,127,347.244094488,1.18783954365,0,72.8853416619,11.9411479112,0.974578279019,86.9158722987,251.167076703
R04,97280,2.20589569161,139,317.26618705,1.18670022388,0,0.678741675467,0.230761127552,0.143665144377,8.70669729099,251.167076703
R04,97280,2.20589569161,166,265.662650602,1.29846399596,0,1.9121721532,15.7221035656,0.169703910192,8.83521795034,251.167076703
R04,97280,2.20589569161,251,175.697211155,0.0167875079585,1,88.0052533543,72.2569247737,19.9065652892,3.06950204646,251.167076703
R04,97280,2.20589569161,337,130.860534125,1.3768972388,0,9.33279923747,1.95321753412,1.17155783698,0,251.167076703
R04,97280,2.20589569161,375,117.6,1.12959706939,0,9.32061915711,1.51508533733,68.9655197206,0,251.167076703
R04,97280,2.20589569161,503,87.6739562624,0.0270202288625,0,3.04524000831,88.1278081932,1.93964127018,0,251.167076703
R04,97280,2.20589569161,390,113.076923077,1.12685285264,0,9.07397064529,1.73807017015,41.8199481814,0,251.167076703
R04,97792,2.21750566893,127,347.244094488,1.20133096067,0,72.7728343473,11.9844596573,1.04181627626,86.5126175912,251.198957092
R04,97792,2.21750566893,139,317.26618705,1.19849146443,0,0.739310363763,0.232002790017,0.136544563282,10.9651187979,251.198957092
R04,97792,2.21750566893,167,264.071856287,1.29823202029,0,1.35247502818,19.044523576,0.103141941938,6.4345295808,251.198957092
R04,97792,2.21750566893,251,175.697211155,0.0168053905556,1,87.7194721367,72.2084732726,19.8482089208,1.4877962417,251.198957092
R04,97792,2.21750566893,336,131.25,1.38060726127,0,6.82451070628,1.39288328442,0.978662449715,0,251.198957092
R04,97792,2.21750566893,375,117.6,1.14344423808,0,9.54216195969,0.615657332052,68.9457935101,0,251.198957092
R04,97792,2.21750566893,503,87.6739562624,0.026929616578,0,1.47796433223,87.8251798328,1.38013067721,0,251.198957092
R04,97792,2.21750566893,390,113.076923077,1.14165996377,0,9.05876618593,0.933373188006,41.8775362677,0,251.198957092
R04,98304,2.22911564626,127,347.244094488,1.21489264874,0,72.5178552626,11.873046347,1.09793833107,88.291122003,251.261178875
R04,98304,2.22911564626,139,317.26618705,1.20937346981,0,0.710290303455,0.241933122982,0.122373855633,15.1564384121,251.261178875
R04,98304,2.22911564626,167,264.071856287,1.29575746829,0,0.56317879675,18.6286350376,0.053814716684,4.46893823497,251.261178875
R04,98304,2.22911564626,251,175.697211155,0.0164128369454,1,89.040823685,72.1119912576,19.5086747922,0.172551803684,251.261178875
R04,98304,2.22911564626,337,130.860534125,1.37796378223,0,5.00334432203,0.850181823243,0.42052776266,0,251.261178875
R04,98304,2.22911564626,375,117.6,1.15223044919,0,6.78148876427,0.904787920079,68.881165589,0,251.261178875
R04,98304,2.22911564626,503,87.6739562624,0.0253733528228,0,0.14356440576,89.2162584263,0.705008086685,0,251.261178875
R04,98304,2.22911564626,390,113.076923077,1.15021321085,0,6.57408352017,1.12400251925,41.1309818997,0,251.261178875
R04,98816,2.24072562358,127,347.244094488,1.20453711861,0,72.1572969024,11.6881229148,1.06238292058,91.4703682019,251.199996386
R04,98816,2.24072562358,139,317.26618705,1.20099897646,0,0.114322355397,0.224038360116,0.117097322367,15.8609773572,251.199996386
R04,98816,2.24072562358,167,264.071856287,1.29093639443,0,0.919948244321,18.2502193406,0.0340325491006,4.11926046886,251.199996386
R04,98816,2.24072562358,251,175.697211155,0.0151650448903,1,91.6278369576,71.6783027606,19.1651217023,1.04934219229,251.199996386
R04,98816,2.24072562358,337,130.860534125,1.38674851537,0,4.28283271561,1.03975230526,0.443779337592,0,251.199996386
R04,98816,2.24072562358,375,117.6,1.15274353115,0,2.46841395296,1.31250404321,68.4596673895,0,251.199996386
R04,98816,2.24072562358,503,87.6739562624,0.020965222357,0,1.02933214266,91.9043046941,0.970992807227,0,251.199996386
R04,98816,2.24072562358,390,113.076923077,1.15030620577,0,2.87666861114,0.819745397059,40.8012384486,0,251.199996386
R04,99328,2.25233560091,127,347.244094488,1.21950688336,0,72.0082779098,11.5849983973,0.931711793284,93.8588576425,251.362040405
R04,99328,2.25233560091,139,317.26618705,1.2161032705,0,0.497464463854,0.205748233889,0.0873382028043,18.9235031718,251.362040405
R04,99328,2.25233560091,167,264.071856287,1.29254265796,0,1.49970333225,18.316407992,0.0847905762771,3.26603454337,251.362040405
R04,99328,2.25233560091,251,175.697211155,0.00856671757182,1,93.7762489711,71.1589334792,19.2215824509,0.898554619428,251.362040405
R04,99328,2.25233560091,337,130.860534125,1.38714063598,0,2.98060525326,1.56991228196,0.786552325691,0,251.362040405
R04,99328,2.25233560091,375,117.6,1.17352663561,0,0.265683474783,1.0298576627,67.8295980824,0,251.362040405
R04,99328,2.25233560091,503,87.6739562624,0.0152508346706,0,0.903862566326,94.0972832701,1.53402197091,0,251.362040405
R04,99840,2.26394557823,140,315,1.22472924443,0,1.05158838535,0.219256537231,0.168797237436,14.6826190771,251.35030804
R04,99840,2.26394557823,168,262.5,1.28810516223,0,1.78576872859,20.8095923045,0.0554219820036,2.10017205432,251.35030804
R04,99840,2.26394557823,251,175.697211155,0.00636102093187,1,94.797633402,70.7903205165,19.7732231729,0.630637692781,251.35030804
R04,99840,2.26394557823,337,130.860534125,1.39706745922,0,2.12039963522,1.79949418043,1.36318961276,0,251.35030804
R04,99840,2.26394557823,375,117.6,1.19392846424,0,0.456800618388,0.672011312839,67.3136219264,0,251.35030804
R04,99840,2.26394557823,390,113.076923077,1.19105857622,0,0.318145606935,0.655713102904,42.0644789419,0,251.35030804
R04,99840,2.26394557823,503,87.6739562624,0.0138451694732,0,0.649945461714,95.148461483,1.77273504026,0,251.35030804
R04,100352,2.27555555556,140,315,1.235434311,0,0.98659913914,0.0834521507193,0.180711444995,11.5799040876,251.374543048
R04,100352,2.27555555556,168,262.5,1.28346760533,0,1.58668631378,21.4614780891,0.0377177267513,1.47422254537,251.374543048
R04,100352,2.27555555556,251,175.697211155,0.00530923327679,1,94.9414791433,70.6421469747,20.4900748526,1.08909879661,251.374543048
R04,100352,2.27555555556,337,130.860534125,1.4042014573,0,1.46574603221,1.59437025549,1.52026571787,0,251.374543048
R04,100352,2.27555555556,375,117.6,1.20884035179,0,0.718228009886,0.534338089727,67.1873166784,0,251.374543048
R04,100352,2.27555555556,390,113.076923077,1.20518086053,0,0.0880924093221,0.442480731303,42.0594743904,0,251.374543048
R04,100352,2.27555555556,503,87.6739562624,0.0126693414087,0,1.08991862754,95.3153756542,1.57693670619,0,251.374543048
R04,100864,2.28716553288,140,315,1.24345961186,0,1.07611766449,0.0597809983642,0.185627685759,11.4739216167,251.408162593
R04,100864,2.28716553288,168,262.5,1.28329496304,0,1.07329117715,21.8306279592,0.0707096139359,0.854767787055,251.408162593
R04,100864,2.28716553288,251,175.697211155,0.00512900381136,1,94.6717823868,70.4335509005,20.8710687811,1.35658528352,251.408162593
R04,100864,2.28716553288,337,130.860534125,1.40975645596,0,0.941075912677,1.09118975563,1.40045944539,0,251.408162593
R04,100864,2.28716553288,375,117.6,1.22238863093,0,0.853161381208,0.0537153639805,67.1510053533,0,251.408162593
R04,100864,2.28716553288,390,113.076923077,1.21963830596,0,0.707433954052,0.808444313746,41.7265931287,0,251.408162593
R04,100864,2.28716553288,503,87.6739562624,0.01217467983,0,1.3503866496,95.0809562802,1.05779410158,0,251.408162593
R04,101376,2.2987755102,140,315,1.24035660933,0,1.49630485111,0.121492125236,0.169108267506,14.2744604529,251.474506745
R04,101376,2.2987755102,168,262.5,1.28037854317,0,0.538781122356,21.6295113303,0.0663670266264,0.687737383651,251.474506745
R04,101376,2.2987755102,251,175.697211155,0.00485414975202,1,94.2699341241,69.8328744533,20.6344066438,1.37441209628,251.474506745
R04,101376,2.2987755102,337,130.860534125,1.4174843394,0,0.666325311979,0.570781535859,0.799418328433,0,251.474506745
R04,101376,2.2987755102,376,117.287234043,1.21929244915,0,1.42469727957,0.327205890715,68.9361659596,0,251.474506745
R04,101376,2.2987755102,390,113.076923077,1.21315225618,0,1.22104271838,0.51096291833,40.8080240712,0,251.474506745
R04,101376,2.2987755102,503,87.6739562624,0.0115399406944,0,1.36608509166,94.7221915227,0.516362514581,0,251.474506745
R04,101888,2.31038548753,140,315,1.23816709189,0,0.510678128161,0.133468968039,0.134578116599,15.1910108299,251.468113876
R04,101888,2.31038548753,168,262.5,1.27874558981,0,0.259026374767,20.9789710132,0.0326443465401,0.549781188658,251.468113876
R04,101888,2.31038548753,251,175.697211155,0.00459256936465,1,93.9372790675,68.9273176756,19.9052622418,1.19283006534,251.468113876
R04,101888,2.31038548753,337,130.860534125,1.42095786285,0,0.615085902515,0.303647402361,0.307866434103,0,251.468113876
R04,101888,2.31038548753,377,116.976127321,1.21486322061,0,1.30320246258,0.13261774357,69.6570378837,0,251.468113876
R04,101888,2.31038548753,390,113.076923077,1.20990930339,0,1.11399329846,0.755670184278,39.2181105042,0,251.468113876
R04,101888,2.31038548753,503,87.6739562624,0.0107572055053,0,1.18041457257,94.4032211377,0.22675514983,0,251.468113876
R04,102400,2.32199546485,140,315,1.23517449077,0,0.203302134146,0.114983464654,0.0986053663122,13.6256646482,251.474690761
R04,102400,2.32199546485,168,262.5,1.27988684476,0,0.510232078208,20.3714813085,0.0399558018105,0.31929862775,251.474690761
R04,102400,2.32199546485,251,175.697211155,0.0042436969732,1,93.3699537987,68.1501451492,19.2080122103,0.996283413056,251.474690761
R04,102400,2.32199546485,336,131.25,1.42286799654,0,0.31929862775,0.510232078208,0.220360674358,0,251.474690761
R04,102400,2.32199546485,376,117.287234043,1.21525344824,0,1.17528797167,0.225347631261,67.2640980369,0,251.474690761
R04,102400,2.32199546485,390,113.076923077,1.21142595382,0,1.17597434398,0.293105590855,38.382072466,0,251.474690761
R04,102400,2.32199546485,503,87.6739562624,0.0105710997116,0,0.979327506617,93.8161729483,0.51249139008,0,251.474690761
R04,102912,2.33360544218,140,315,1.24017149821,0,1.31504995188,0.0875828857175,0.0805091223981,12.2934878456,251.522119594
R04,102912,2.33360544218,168,262.5,1.28037069668,0,0.812782860904,20.1099726211,0.0711510983015,0.235599085621,251.522119594
R04,102912,2.33360544218,252,175,0.0051132295257,1,93.149494795,69.4045995646,20.1099726211,0.767818797656,251.522119594
R04,102912,2.33360544218,336,131.25,1.43012790699,0,0.235599085621,0.812782860904,0.292933413439,0,251.522119594
R04,102912,2.33360544218,379,116.35883905,1.2181860717,0,1.45625800783,0.350983888777,69.6969817395,0,251.522119594
R04,102912,2.33360544218,390,113.076923077,1.21097879859,0,1.41010623108,0.662711651385,39.0083218419,0,251.522119594
R04,102912,2.33360544218,503,87.6739562624,0.0104963501411,0,0.783372106172,92.853573609,0.826109926565,0,251.522119594
R04,103424,2.3452154195,140,315,1.24566368481,0,1.41889060446,0.0421647733669,0.0715398900087,11.9740398801,251.521070193
R04,103424,2.3452154195,169,260.946745562,1.27785039226,0,0.987277734718,20.0121757895,0.0827649175768,1.02951665734,251.521070193
R04,103424,2.3452154195,252,175,0.00535876157336,1,92.2446367129,69.2322963045,20.1234868879,0.634511891117,251.521070193
R04,103424,2.3452154195,336,131.25,1.4295319163,0,1.07620216481,1.04208674831,0.374665875844,0,251.521070193
R04,103424,2.3452154195,390,113.076923077,1.22324348383,0,0.945387882822,0.639985307232,39.7219206465,0,251.521070193
R04,103424,2.3452154195,417,105.755395683,1.30740253064,0,0.696429541816,1.6165024551,1.17602435441,0,251.521070193
R04,103424,2.3452154195,503,87.6739562624,0.0106633233088,0,0.665276445634,91.96067655,1.05572674859,0,251.521070193
R04,103936,2.35682539683,141,312.765957447,1.25112566923,0,0.889826799601,0.0152604712607,0.0355571023306,7.7520780154,251.525963429
R04,103936,2.35682539683,170,259.411764706,1.27358623049,0,0.988919628252,17.8476985778,0.13148103892,1.81287874129,251.525963429
R04,103936,2.35682539683,252,175,0.00545628084617,1,91.7079750477,68.856508435,20.1857073594,1.55533865899,251.525963429
R04,103936,2.35682539683,335,131.641791045,1.43320795021,0,1.56711566521,1.12383937333,0.924851221753,0,251.525963429
R04,103936,2.35682539683,390,113.076923077,1.22756100122,0,1.18346746814,1.09746185105,39.3905034661,0,251.525963429
R04,103936,2.35682539683,417,105.755395683,1.30223904904,0,0.839591537308,0.343232600828,1.20850762746,0,251.525963429
R04,103936,2.35682539683,503,87.6739562624,0.0105332501318,0,1.57557489131,91.4145534835,1.11814500725,0,251.525963429
R04,104448,2.36843537415,141,312.765957447,1.25349631072,0,1.66763258017,0.0256320405529,0.0778340877655,8.80935831358,251.522322446
R04,104448,2.36843537415,170,259.411764706,1.26382076513,0,0.800848938665,17.5021394164,0.150524520506,1.47557120637,251.522322446
R04,104448,2.36843537415,252,175,0.00547694199493,1,91.5131292079,67.8409450233,20.1078968695,2.3905498805,251.522322446
R04,104448,2.36843537415,335,131.641791045,1.43666548088,0,1.59638769182,0.948153992804,0.575833669365,0,251.522322446
R04,104448,2.36843537415,391,112.787723785,1.23850982941,0,1.8248498178,0.794041806592,34.1950132947,0,251.522322446
R04,104448,2.36843537415,418,105.502392344,1.29976817268,0,1.83619802668,2.08922700098,1.02967324062,0,251.522322446
R04,104448,2.36843537415,503,87.6739562624,0.0108208078343,0,2.39733393651,91.2005718434,0.940869830405,0,251.522322446
R04,104960,2.38004535147,142,310.563380282,1.25912120526,0,0.598721624602,0.0291124125833,0.0896995205713,6.27241707237,251.552534398
R04,104960,2.38004535147,252,175,0.00573797041991,1,91.4137527806,66.2737127759,19.9147047157,2.33286686456,251.552534398
R04,104960,2.38004535147,335,131.641791045,1.43865344336,0,1.1288528843,0.515404915621,0.89044607504,0,251.552534398
R04,104960,2.38004535147,391,112.787723785,1.24873606813,0,1.71400932606,1.3236554439,32.8900893428,0,251.552534398
R04,104960,2.38004535147,419,105.250596659,1.29429272846,0,2.42792037101,0.460904381263,0.624959592355,0,251.552534398
R04,104960,2.38004535147,503,87.6739562624,0.0111386392265,0,2.33408172388,91.0898335673,0.50726415064,0,251.552534398
R04,105472,2.3916553288,142,310.563380282,1.2670013565,0,1.4808640804,0.043323848102,0.0942706247907,5.65085407133,251.539356493
R04,105472,2.3916553288,252,175,0.00583666596496,1,90.973015062,64.6351046391,19.7029632547,1.51109457217,251.539356493
R04,105472,2.3916553288,335,131.641791045,1.43861742102,0,0.84213701728,0.202925040163,0.320810082142,0,251.539356493
R04,105472,2.3916553288,392,112.5,1.25919078082,0,1.30985533635,1.28943399683,27.7506808049,0,251.539356493
R04,105472,2.3916553288,419,105.250596659,1.28946979633,0,2.26909685784,0.751293500586,0.980739852103,0,251.539356493
R04,105472,2.3916553288,503,87.6739562624,0.0113802627095,0,1.51774514018,90.6557462323,0.186609245063,0,251.539356493
R04,105984,2.40326530612,143,308.391608392,1.2724054327,0,0.652547413149,0.0188779216732,0.0906337711094,2.66130665849,251.55822444
R04,105984,2.40326530612,252,175,0.00626945625401,1,89.976553632,63.2060855748,19.5216165504,0.441308924364,251.55822444
R04,105984,2.40326530612,334,132.035928144,1.43918771876,0,0.550849857543,0.491704188952,0.513771683049,0,251.55822444
R04,105984,2.40326530612,392,112.5,1.26775128958,0,1.02480381564,2.07150366182,27.3334035682,0,251.55822444
R04,105984,2.40326530612,419,105.250596659,1.28878086325,0,1.49632434565,1.35408370543,0.409034929942,0,251.55822444
R04,105984,2.40326530612,503,87.6739562624,0.0119533779689,0,0.444229012102,89.6657285354,0.486401403195,0,251.55822444
R04,106496,2.41487528345,143,308.391608392,1.27083783005,0,0.942401471675,0.0669262931357,0.123956334554,2.65502936753,251.566910253
R04,106496,2.41487528345,252,175,0.00612360609184,1,88.3753631561,62.1905908708,19.445804496,0.375318509214,251.566910253
R04,106496,2.41487528345,334,132.035928144,1.43345297624,0,1.09923338429,0.653456261751,0.131259994519,0,251.566910253
R04,106496,2.41487528345,392,112.5,1.26407360875,0,0.570075697853,1.99618142486,27.4462898854,0,251.566910253
R04,106496,2.41487528345,419,105.250596659,1.28455701463,0,0.829669813821,1.59284590022,0.764276080308,0,251.566910253
R04,106496,2.41487528345,503,87.6739562624,0.0114359592815,0,0.38623373306,88.0492337961,0.634669017583,0,251.566910253
R04,107008,2.42648526077,143,308.391608392,1.26487475325,0,0.290032019997,0.129480845009,0.119975517795,3.36745059338,251.60299674
R04,107008,2.42648526077,252,175,0.00475324180009,1,86.3765107323,61.611534565,19.4462075495,0.673156006249,251.60299674
R04,107008,2.42648526077,334,132.035928144,1.43753991977,0,1.14641779198,0.662983664611,0.489812426836,0,251.60299674
R04,107008,2.42648526077,392,112.5,1.25823180218,0,0.619957225202,1.86400396156,27.3954914385,0,251.60299674
R04,107008,2.42648526077,419,105.250596659,1.28478227967,0,0.920037848042,0.933555442556,0.321911988294,0,251.60299674
R04,107008,2.42648526077,503,87.6739562624,0.0107913321135,0,0.69040735515,86.0290348455,0.595748542254,0,251.60299674
R04,107520,2.4380952381,142,310.563380282,1.25200485012,0,0.727026099758,0.172173580207,0.0206539133965,5.99619690394,251.622395643
R04,107520,2.4380952381,252,175,0.00473784549976,1,84.1444736455,61.349527408,19.3761176301,0.721389876637,251.622395643
R04,107520,2.4380952381,335,131.641791045,1.43706937321,0,1.45296685639,0.603249003138,0.316812372322,0,251.622395643
R04,107520,2.4380952381,391,112.787723785,1.24113910534,0,1.4105098679,1.56174855993,30.6489289519,0,251.622395643
R04,107520,2.4380952381,418,105.502392344,1.29060816664,0,1.37478795454,0.963118219237,0.107551067501,0,251.622395643
R04,107520,2.4380952381,503,87.6739562624,0.0108997052706,0,0.732308753452,83.8037672203,0.580931061416,0,251.622395643
R04,108032,2.44970521542,141,312.765957447,1.24253266568,0,0.420249801882,0.131077813364,0.052146663555,8.10170560543,251.592368824
R04,108032,2.44970521542,170,259.411764706,1.26332406123,0,0.392901317215,16.8295126227,0.0361566661156,1.22304319918,251.592368824
R04,108032,2.44970521542,252,175,0.00462573512932,1,82.0243805175,61.3452117369,19.106961141,0.500321978723,251.592368824
R04,108032,2.44970521542,336,131.25,1.43780715879,0,1.1680080531,0.553546557605,0.675735569349,0,251.592368824
R04,108032,2.44970521542,391,112.787723785,1.21903643473,0,1.58458731434,0.486678288563,30.4383293072,0,251.592368824
R04,108032,2.44970521542,417,105.755395683,1.28825143526,0,1.70062246164,1.14182268293,0.267255129137,0,251.592368824
R04,108032,2.44970521542,503,87.6739562624,0.0104949097676,0,0.517469174507,81.7259511556,0.585355447072,0,251.592368824
R04,108544,2.46131519274,140,315,1.23484724356,0,0.213565446688,0.0756106873233,0.0100147446272,10.4107170633,251.66526485
R04,108544,2.46131519274,170,259.411764706,1.27534869354,0,0.397427758292,16.2340356909,0.0559442985621,0.486096060707,251.66526485
R04,108544,2.46131519274,252,175,0.00454412415537,1,80.4384351181,61.4297003628,18.6700989208,0.243635546151,251.66526485
R04,108544,2.46131519274,336,131.25,1.43153409973,0,0.825304617249,0.466548610671,0.654765790592,0,251.66526485
R04,108544,2.46131519274,389,113.367609254,1.21319417958,0,1.09044318125,0.419882075222,38.3669205474,0,251.66526485
R04,108544,2.46131519274,416,106.009615385,1.30093457066,0,1.68175417009,1.10119691629,0.544019763064,0,251.66526485
R04,108544,2.46131519274,503,87.6739562624,0.00992641985811,0,0.259874750711,80.199449731,0.478647168937,0,251.66526485
R04,109056,2.47292517007,139,317.26618705,1.23380753186,0,0.358961447956,0.0715354585716,0.0643526321436,12.9543024404,251.649295659
R04,109056,2.47292517007,169,260.946745562,1.28215415032,0,0.300102964453,17.7131030269,0.0498940152486,0.723574547592,251.649295659
R04,109056,2.47292517007,252,175,0.00423974949628,1,79.5103125028,61.3858657772,18.1459353193,0.431965894752,251.649295659
R04,109056,2.47292517007,337,130.860534125,1.43543903732,0,0.694160400106,0.269898982067,0.967333906387,0,251.649295659
R04,109056,2.47292517007,388,113.659793814,1.20873365811,0,0.726335942749,0.347293864922,42.3090721675,0,251.649295659
R04,109056,2.47292517007,415,106.265060241,1.30507349764,0,1.13876299796,0.441764314165,0.32403387005,0,251.649295659
R04,109056,2.47292517007,504,87.5,0.00975306053123,0,0.431965894752,79.5103125028,0.230899937538,0,251.649295659
R04,109568,2.48453514739,138,319.565217391,1.22866703417,0,0.780746499977,0.176163253394,0.113924608762,18.7267179692,251.660581909
R04,109568,2.48453514739,168,262.5,1.28696265795,0,0.448881182627,17.7079915504,0.0442271660252,0.557587734601,251.660581909
R04,109568,2.48453514739,252,175,0.00382981107878,1,79.1444717179,61.0303002161,17.7079915504,0.693631537909,251.660581909
R04,109568,2.48453514739,388,113.659793814,1.19562635593,0,0.461764095131,0.286682733751,42.0109669059,0,251.660581909
R04,109568,2.48453514739,415,106.265060241,1.30011348837,0,0.72238112968,1.56463473587,0.610183210109,0,251.660581909
R04,109568,2.48453514739,504,87.5,0.00924445571923,0,0.693631537909,79.1444717179,0.448881182627,0,251.660581909
R04,110080,2.49614512472,137,321.897810219,1.23214849753,0,1.9808186768,0.203162271135,0.169549131216,26.53046463,251.684573988
R04,110080,2.49614512472,168,262.5,1.29735022817,0,0.683203656382,17.4160087946,0.0497688186124,1.00096828109,251.684573988
R04,110080,2.49614512472,252,175,0.00388688325317,1,79.0796679643,60.4565299687,17.4160087946,1.0805592053,251.684573988
R04,110080,2.49614512472,379,116.35883905,1.19935342799,0,0.60905342163,0.232476811365,60.7553960069,0,251.684573988
R04,110080,2.49614512472,504,87.5,0.00959330393233,0,1.0805592053,79.0796679643,0.683203656382,0,251.684573988
R04,110592,2.50775510204,136,324.264705882,1.24207836765,0,2.02630470286,0.24386885832,0.139207981485,33.0096184226,251.7368332
R04,110592,2.50775510204,169,260.946745562,1.30310920097,0,0.667553138108,16.8348732638,0.0504642646884,1.4428265717,251.7368332
R04,110592,2.50775510204,252,175,0.00401006218706,1,78.9904802491,59.7920783244,17.1675507636,1.19101383971,251.7368332
R04,110592,2.50775510204,378,116.666666667,1.20541448046,0,1.0702196644,0.576571831132,59.7920783244,0,251.7368332
R04,110592,2.50775510204,414,106.52173913,1.32232514739,0,0.638231277407,0.450082775226,1.42518590844,0,251.7368332
R04,110592,2.50775510204,504,87.5,0.00961149738879,0,1.19101383971,78.9904802491,0.65700390298,0,251.7368332
R04,111104,2.51936507937,138,319.565217391,1.26492257669,0,0.5136498052,0.226132608489,0.180299407833,20.7208454331,251.7408963
R04,111104,2.51936507937,252,175,0.00371710092105,1,78.9139297156,59.0599909407,16.909182043,0.997827294313,251.7408963
R04,111104,2.51936507937,378,116.666666667,1.22843117908,0,0.635094448189,0.527884536976,59.0599909407,0,251.7408963
R04,111104,2.51936507937,416,106.009615385,1.32978310646,0,0.479064148855,1.17253301848,0.863597400101,0,251.7408963
R04,111104,2.51936507937,504,87.5,0.00957237288402,0,0.997827294313,78.9139297156,0.403142574626,0,251.7408963
R04,111616,2.53097505669,139,317.26618705,1.28176493711,0,1.04872069866,0.204994992538,0.0940264381115,16.2419612252,251.773095174
R04,111616,2.53097505669,252,175,0.003839973746,1,79.4547914848,58.2095252949,16.7111463189,0.793511289902,251.773095174
R04,111616,2.53097505669,336,131.25,1.41614227123,0,1.74015078485,0.394935366548,0.669670947413,0,251.773095174
R04,111616,2.53097505669,379,116.35883905,1.25028670985,0,0.151466746394,0.202463800951,58.4066549154,0,251.773095174
R04,111616,2.53097505669,386,114.248704663,1.25026253005,0,0.152643928329,0.235490617887,46.1437954438,0,251.773095174
R04,111616,2.53097505669,417,105.755395683,1.33487812319,0,0.446480719324,1.21632681568,1.04872069866,0,251.773095174
R04,111616,2.53097505669,504,87.5,0.0097601108223,0,0.793511289902,79.4547914848,0.394935366548,0,251.773095174
R04,112128,2.54258503401,140,315,1.29756123056,0,0.618862486435,0.19101809234,0.0660250486361,12.6190030639,251.825315607
R04,112128,2.54258503401,252,175,0.0041753707925,1,80.7921979711,57.1943058573,16.6306990093,0.626550882328,251.825315607
R04,112128,2.54258503401,335,131.641791045,1.4154935933,0,1.41850711406,0.539625597123,0.637835311678,0,251.825315607
R04,112128,2.54258503401,379,116.35883905,1.26733839739,0,0.210253890766,0.398964523068,57.3462558591,0,251.825315607
R04,112128,2.54258503401,418,105.502392344,1.34178212948,0,0.533478901996,0.237344944557,0.721581027938,0,251.825315607
R04,112128,2.54258503401,504,87.5,0.00992478691404,0,0.626550882328,80.7921979711,0.568070752766,0,251.825315607
R04,112640,2.55419501134,140,315,1.30584800571,0,0.644074751355,0.15415670807,0.0326965297506,13.164759345,251.83407652
R04,112640,2.55419501134,252,175,0.00388582519627,1,82.4043719044,56.2026360676,16.6619160969,0.441929065222,251.83407652
R04,112640,2.55419501134,333,132.432432432,1.41298256476,0,1.65755708049,0.560693698085,0.382052414975,0,251.83407652
R04,112640,2.55419501134,379,116.35883905,1.28125889246,0,0.202449526388,0.422797665898,56.350592835,0,251.83407652
R04,112640,2.55419501134,387,113.953488372,1.28067030781,0,0.329232748694,0.365259558171,40.9196344663,0,251.83407652
R04,112640,2.55419501134,420,105,1.34151195843,0,0.697851386679,1.24418043597,0.644074751355,0,251.83407652
R04,112640,2.55419501134,504,87.5,0.00965122136612,0,0.441929065222,82.4043719044,0.686809556742,0,251.83407652
R04,113152,2.56580498866,141,312.765957447,1.32102495841,0,0.798775716711,0.0870917634834,0.0346323569296,8.81284557405,251.866164728
R04,113152,2.56580498866,252,175,0.00378083358535,1,83.5620660484,55.5335841949,16.7333792434,0.402678183055,251.866164728
R04,113152,2.56580498866,380,116.052631579,1.29738264332,0,0.70514768968,0.180209047955,55.369606554,0,251.866164728
R04,113152,2.56580498866,504,87.5,0.00902925745914,0,0.402678183055,83.5620660484,0.77345114693,0,251.866164728
R04,113664,2.57741496599,142,310.563380282,1.33533116539,0,0.0474759912551,0.146348230213,0.0692690847657,4.2765537468,251.894526626
R04,113664,2.57741496599,252,175,0.00360240281064,1,83.9278695834,55.1550702367,16.7931726055,0.334828277843,251.894526626
R04,113664,2.57741496599,388,113.659793814,1.31656210563,0,0.914563219404,0.637651634049,37.413328744,0,251.894526626
R04,113664,2.57741496599,504,87.5,0.00832168043726,0,0.334828277843,83.9278695834,0.821868860939,0,251.894526626
R04,114176,2.58902494331,143,308.391608392,1.34738783883,0,0.501937195263,0.230147371665,0.0871404504178,2.23242731801,251.920562319
R04,114176,2.58902494331,252,175,0.00342898368479,1,83.7211842941,54.6839161924,16.8438079344,0.233822151887,251.920562319
R04,114176,2.58902494331,389,113.367609254,1.33103611013,0,0.577725815068,0.861084856402,34.1861964079,0,251.920562319
R04,114176,2.58902494331,504,87.5,0.00790333279188,0,0.233822151887,83.7211842941,0.790713944544,0,251.920562319
R04,114688,2.60063492063,144,306.25,1.35412038626,0,0.687997820479,0.173792379351,0.157718010644,0.397100578937,251.917332605
R04,114688,2.60063492063,252,175,0.00305226649815,1,83.5365658343,53.9665077943,16.8901210862,0.503753084633,251.917332605
R04,114688,2.60063492063,389,113.367609254,1.334963191,0,0.396724767416,0.663172545041,34.140632973,0,251.917332605
R04,114688,2.60063492063,504,87.5,0.00697121635609,0,0.503753084633,83.5365658343,0.711821480553,0,251.917332605
R04,115200,2.61224489796,144,306.25,1.35530352175,0,0.729387290287,0.0992870205713,0.202826732958,0.175131994075,251.919662185
R04,115200,2.61224489796,252,175,0.00292851071553,1,83.7730550358,53.1577523599,16.8876794317,0.706586968091,251.919662185
R04,115200,2.61224489796,389,113.367609254,1.34153718903,0,0.378454306392,0.699013987467,33.6928459317,0,251.919662185
R04,115200,2.61224489796,504,87.5,0.00662853929914,0,0.706586968091,83.7730550358,0.65435314723,0,251.919662185
R04,115712,2.62385487528,144,306.25,1.35578010572,0,0.493802929999,0.0452208469756,0.202512518113,0.59056630585,251.995647171
R04,115712,2.62385487528,252,175,0.00275262475602,1,83.9103449767,52.5414297609,16.7951401795,0.581780889356,251.995647171
R04,115712,2.62385487528,389,113.367609254,1.34251270467,0,0.321547195061,0.688431670815,32.9162009486,0,251.995647171
R04,115712,2.62385487528,504,87.5,0.0064468056363,0,0.581780889356,83.9103449767,0.647826640116,0,251.995647171
R04,116224,2.63546485261,145,304.137931034,1.35799655232,0,0.33639120759,0.0121037787633,0.148155756141,0.360609034243,251.979597339
R04,116224,2.63546485261,252,175,0.00241706152261,1,83.6080049836,52.1987194308,16.6469927921,0.179310720776,251.979597339
R04,116224,2.63546485261,389,113.367609254,1.34482058995,0,0.321701200361,1.09643734694,32.3659537078,0,251.979597339
R04,116224,2.63546485261,504,87.5,0.0058925452334,0,0.179310720776,83.6080049836,0.576239948769,0,251.979597339
R04,116736,2.64707482993,146,302.054794521,1.36131757983,0,0.605908868386,0.0554225487138,0.108809283177,1.63255380082,252.053362705
R04,116736,2.64707482993,252,175,0.00260232074038,1,82.882433597,51.9610689442,16.4912984295,0.124027658922,252.053362705
R04,116736,2.64707482993,390,113.076923077,1.35430133809,0,0.323560017903,1.07214747157,29.2050621943,0,252.053362705
R04,116736,2.64707482993,504,87.5,0.00583835061272,0,0.124027658922,82.882433597,0.417867980754,0,252.053362705
R04,117248,2.65868480726,147,300,1.35504581161,0,0.13786703933,0.0757379453728,0.184109062352,2.15400943375,252.028175202
R04,117248,2.65868480726,252,175,0.00257093544147,1,81.8555278803,51.5847254943,16.3245013731,0.115744410267,252.028175202
R04,117248,2.65868480726,389,113.367609254,1.34711159073,0,0.698275305363,1.02697592985,32.3763524289,0,252.028175202
R04,117248,2.65868480726,504,87.5,0.00573778200916,0,0.115744410267,81.8555278803,0.274811753052,0,252.028175202
R04,117760,2.67029478458,252,175,0.00260170334844,1,80.8380006023,51.2629406527,16.1629951231,0.257933262597,252.041255191
R04,117760,2.67029478458,389,113.367609254,1.34815607815,0,1.67740472741,0.86272626713,31.8465604357,0,252.041255191
R04,117760,2.67029478458,504,87.5,0.00593088061452,0,0.257933262597,80.8380006023,0.195257012447,0,252.041255191
R04,118272,2.6819047619,252,175,0.00279539419744,1,80.3002465602,51.0879960863,16.0185905298,0.552226333657,252.037596691
R04,118272,2.6819047619,390,113.076923077,1.35044063414,0,1.6867913882,0.628052333814,28.2671734954,0,252.037596691
R04,118272,2.6819047619,504,87.5,0.00609400661819,0,0.552226333657,80.3002465602,0.221772507299,0,252.037596691
R04,118784,2.69351473923,252,175,0.0029125019306,1,80.2465210575,50.9059138781,15.9204957427,0.771238358973,252.128722653
R04,118784,2.69351473923,391,112.787723785,1.35983205265,0,0.952689330911,0.70622727854,25.4128295225,0,252.128722653
R04,118784,2.69351473923,504,87.5,0.00602825022155,0,0.771238358973,80.2465210575,0.257830861066,0,252.128722653
R04,119296,2.70512471655,252,175,0.00277075094303,1,80.3649282676,50.434871498,15.9066475341,0.849283829685,252.1249479
R04,119296,2.70512471655,393,112.213740458,1.36246063526,0,0.564742341636,0.41881541517,19.6408918321,0,252.1249479
R04,119296,2.70512471655,504,87.5,0.00558618843581,0,0.849283829685,80.3649282676,0.239865700941,0,252.1249479
R04,119808,2.71673469388,252,175,0.00273068067428,1,80.6212396816,49.6989298415,15.9886520058,0.919995358515,252.146275362
R04,119808,2.71673469388,393,112.213740458,1.36409388125,0,1.11422207224,0.800570517834,19.0565818361,0,252.146275362
R04,119808,2.71673469388,504,87.5,0.00532668643185,0,0.919995358515,80.6212396816,0.262901742046,0,252.146275362
R04,120320,2.7283446712,252,175,0.00264157196481,1,80.8735005368,48.9392724867,16.1058423074,0.933455638565,252.222765137
R04,120320,2.7283446712,394,111.92893401,1.37032886532,0,1.15664614507,0.098771236491,16.1909840202,0,252.222765137
R04,120320,2.7283446712,505,87.3267326733,0.00527198748346,0,0.915142433971,80.9990116342,0.325373702408,0,252.222765137
R04,120832,2.73995464853,252,175,0.00260516592335,1,81.0804838353,48.4134658136,16.2001628124,0.815537652774,252.209166652
R04,120832,2.73995464853,505,87.3267326733,0.00513510517848,0,0.804067798379,81.2237512594,0.366042938732,0,252.209166652
R04,121344,2.75156462585,252,175,0.0027062790576,1,81.4080477886,48.1600788157,16.238796194,0.559411881802,252.195880467
R04,121344,2.75156462585,505,87.3267326733,0.00450306974936,0,0.536748322565,81.5717514389,0.404800225666,0,252.195880467
R04,121856,2.76317460317,252,175,0.00243561715381,1,81.9195254713,47.9280355368,16.1663306325,0.827635344743,252.289488844
R04,121856,2.76317460317,505,87.3267326733,0.0044729585818,0,0.808809669579,82.0842587131,0.416851338,0,252.289488844
R04,122368,2.7747845805,252,175,0.0022901950266,1,81.9717174614,47.5570390305,15.9863928929,1.35691574993,252.255080486
R04,122368,2.7747845805,505,87.3267326733,0.00422119490706,0,1.35216554126,82.1210670691,0.470827120243,0,252.255080486
R04,122880,2.78639455782,252,175,0.00227521053272,1,81.2492720018,47.1202882846,15.7246513917,1.43777080664,252.279114896
R04,122880,2.78639455782,505,87.3267326733,0.00411998991822,0,1.43632618703,81.3677791171,0.574940341086,0,252.279114896
R04,123392,2.79800453515,252,175,0.00235432393793,1,79.965335752,46.7483116661,15.4723474692,0.992714355137,252.264608941
R04,123392,2.79800453515,505,87.3267326733,0.00401624082623,0,0.990915772196,80.0593066172,0.651841055818,0,252.264608941
R04,123904,2.80961451247,252,175,0.00255561606422,1,78.5933975447,46.3415699744,15.2565372155,0.166045838661,252.305559576
R04,123904,2.80961451247,505,87.3267326733,0.00403486547751,0,0.176972092791,78.6864541885,0.711128798928,0,252.305559576
R04,124416,2.8212244898,252,175,0.00254069962235,1,77.417108365,45.6865053098,15.0464206664,0.691988510712,252.262323171
R04,124416,2.8212244898,505,87.3267326733,0.00389093961414,0,0.690106398608,77.5200121416,0.70608134195,0,252.262323171
R04,124928,2.83283446712,252,175,0.00257714006988,1,76.3354242571,44.838234477,14.8222784422,1.1545511602,252.368214175
R04,124928,2.83283446712,505,87.3267326733,0.0039680728207,0,1.14964085653,76.4387968935,0.71232547535,0,252.368214175
R04,125440,2.84444444444,252,175,0.00256368761737,1,75.1615359482,44.1174002769,14.6464952106,1.09967642593,252.356867706
R04,125440,2.84444444444,505,87.3267326733,0.00370015311901,0,1.09737885473,75.2745355745,0.902189710943,0,252.356867706
R04,125952,2.85605442177,252,175,0.0026919493089,1,73.9327359215,43.7095353043,14.5652815379,0.679368247933,252.390647423
R04,125952,2.85605442177,505,87.3267326733,0.00375999328375,0,0.689051573669,74.0588666866,1.25742656907,0,252.390647423
R04,126464,2.86766439909,252,175,0.00302765080113,1,72.9693880962,43.5193980114,14.5152143084,0.388177120276,252.395805966
R04,126464,2.86766439909,505,87.3267326733,0.0040136066381,0,0.407467284935,73.1006077122,1.47540501668,0,252.395805966
R04,126976,2.87927437642,252,175,0.00317591329731,1,72.3785734567,43.2922780004,14.4494460644,0.717216478079,252.284207907
R04,126976,2.87927437642,505,87.3267326733,0.00424998869166,0,0.715516015938,72.4877173437,1.39241873341,0,252.284207907
R04,127488,2.89088435374,252,175,0.0128181574218,1,72.1096917879,42.8257373817,14.3003931401,1.40409784871,252.471383284
R04,127488,2.89088435374,505,87.3267326733,0.00761142237014,0,1.396452061,72.1441707768,0.980835650076,0,252.471383284
R04,128000,2.90249433107,252,175,0.0138541952538,1,72.0060787929,42.0523500831,14.0401357501,2.82905544672,252.291751211
R04,128000,2.90249433107,505,87.3267326733,0.0149223707149,0,2.82720696088,71.974434461,0.392105001845,0,252.291751211
R04,128512,2.91410430839,252,175,0.0141665584525,1,71.547267249,41.1301675808,13.736535868,3.99313267934,252.346731634
R04,128512,2.91410430839,505,87.3267326733,0.0153113241112,0,3.99592924753,71.5365555244,0.453141728338,0,252.346731634
R04,129024,2.92571428571,252,175,0.0144947655457,1,70.697635368,40.3112443031,13.5725702374,3.99798830854,252.396420298
R04,129024,2.92571428571,505,87.3267326733,0.0155957261271,0,3.9976351978,70.7792017275,0.721112850036,0,252.396420298
R04,129536,2.93732426304,252,175,0.0147114249888,1,69.6383419934,39.7188387684,13.5899613473,2.78084757401,252.392752016
R04,129536,2.93732426304,505,87.3267326733,0.015788176191,0,2.78312436123,69.8114864973,0.612405617163,0,252.392752016
R04,130048,2.94893424036,252,175,0.0150356267663,1,68.7045331558,39.3867389145,13.7194654716,0.925336371661,252.448986205
R04,130048,2.94893424036,505,87.3267326733,0.0160619150712,0,0.949853214427,68.9103511546,0.239326132056,0,252.448986205
R04,130560,2.96054421769,253,174.308300395,0.015380304916,1,68.4099952104,39.2882607586,13.9494148962,0.867160913173,252.603122223
R04,130560,2.96054421769,505,87.3267326733,0.0160834020748,0,0.866532927469,68.3214048022,0.129028190929,0,252.603122223
R04,131072,2.97215419501,253,174.308300395,0.0123040766635,1,68.3988526289,38.9348632536,14.1048684566,1.32550072097,252.987866277
R04,131072,2.97215419501,505,87.3267326733,0.0124527670397,0,1.35090305021,68.3270091465,0.322185192022,0,252.987866277
R04,131584,2.98376417234,252,175,0.00454423283504,1,68.473839242,38.4168366415,14.0499958665,1.19229188414,252.471364305
R04,131584,2.98376417234,505,87.3267326733,0.00432672688828,0,1.17150030285,68.6463023274,0.575056624589,0,252.471364305
R04,132096,2.99537414966,253,174.308300395,0.00328106367615,1,68.8650921249,38.0330078959,14.1132668656,0.989012174396,252.550103933
R04,132096,2.99537414966,505,87.3267326733,0.00398362353412,0,0.999495814353,68.7886857491,0.646855319884,0,252.550103933
R04,132608,3.00698412698,253,174.308300395,0.00350402709754,1,68.9386256632,37.6659950656,13.9649043879,0.643380565009,252.517344661
R04,132608,3.00698412698,505,87.3267326733,0.0041435631489,0,0.640738048867,68.8811287564,0.413682252376,0,252.517344661
R04,133120,3.01859410431,253,174.308300395,0.0034560708707,1,68.8340588524,37.3766811403,13.7817779653,0.429998529263,252.645884785
R04,133120,3.01859410431,505,87.3267326733,0.00454713307343,0,0.413332038877,68.7993880177,0.171723903352,0,252.645884785
R04,133632,3.03020408163,253,174.308300395,0.00334719983981,1,68.3787693194,37.0188698392,13.6128713463,0.762301819018,252.522035783
R04,133632,3.03020408163,505,87.3267326733,0.00420508202022,0,0.756875937589,68.3546001962,0.153804658632,0,252.522035783
R04,134144,3.04181405896,253,174.308300395,0.00283296942239,1,67.5021863115,36.5080185388,13.4347920208,1.16371490915,252.655650434
R04,134144,3.04181405896,505,87.3267326733,0.00402414485163,0,1.1555291213,67.483026828,0.124968772515,0,252.655650434
R04,134656,3.05342403628,253,174.308300395,0.0031108810444,1,66.5436939669,35.9183498793,13.261992725,1.25451480379,252.572648476
R04,134656,3.05342403628,505,87.3267326733,0.00415990060441,0,1.24532623934,66.5151461401,0.183292624888,0,252.572648476
R04,135168,3.06503401361,253,174.308300395,0.00330574063596,1,65.7005227528,35.3720203141,13.1156375529,1.2754280158,252.531775443
R04,135168,3.06503401361,505,87.3267326733,0.00439119042957,0,1.27901279835,65.6621255233,0.262993466814,0,252.531775443
R04,135680,3.07664399093,253,174.308300395,0.00312964715975,1,65.1024904505,34.9679125373,12.9672963003,1.19444368837,252.666052759
R04,135680,3.07664399093,505,87.3267326733,0.00437477997881,0,1.20909064413,65.0669060897,0.27251576126,0,252.666052759
R04,136192,3.08825396825,253,174.308300395,0.00360547485614,1,64.6004045277,34.7243393537,12.8053637436,0.951863724448,252.54615162
R04,136192,3.08825396825,505,87.3267326733,0.00443521018381,0,0.964692190077,64.5808872096,0.366139809572,0,252.54615162
R04,136704,3.09986394558,253,174.308300395,0.0032894108698,1,63.7945105721,34.4519757478,12.6022668621,0.65201713732,252.699095736
R04,136704,3.09986394558,505,87.3267326733,0.0042812133696,0,0.656256627054,63.8016075039,0.659907485793,0,252.699095736
R04,137216,3.1114739229,253,174.308300395,0.00399501301047,1,62.6664058627,34.0788821785,12.3413004485,0.171203789816,252.756948494
R04,137216,3.1114739229,505,87.3267326733,0.00463585085937,0,0.167556237705,62.6821473653,1.00529423966,0,252.756948494
R04,137728,3.12308390023,253,174.308300395,0.00469047696786,1,61.3706576433,33.6930668806,12.0184540086,0.410981292686,252.614612358
R04,137728,3.12308390023,505,87.3267326733,0.00522657869487,0,0.411187191065,61.3660572441,1.10859976828,0,252.614612358
R04,138240,3.13469387755,253,174.308300395,0.00538380650106,1,60.161524272,33.3054047775,11.7639690323,0.91992752691,252.632976387
R04,138240,3.13469387755,505,87.3267326733,0.00652841571453,0,0.930454366191,60.1408213907,1.08137316356,0,252.632976387
R04,138752,3.14630385488,253,174.308300395,0.00602595776499,1,58.7865320788,32.7636166662,11.5974091669,1.17855035283,252.584915945
R04,138752,3.14630385488,505,87.3267326733,0.00809194490504,0,1.18331544832,58.7787941761,0.966793700138,0,252.584915945
R04,139264,3.1579138322,253,174.308300395,0.0266556681393,1,56.5614121271,31.7181759517,11.4312837055,1.06312922374,253.151318111
R04,139264,3.1579138322,506,87.1541501976,0.027101819651,0,1.06312922374,56.5614121271,0.824106988887,0,253.151318111
R04,139776,3.16952380952,256,172.265625,0.285309146017,0,51.5751882735,27.6446933639,9.25225716572,0.772676051911,0
R04,139776,3.16952380952,502,87.8486055777,0.188325239747,0,1.14989749146,52.9535192525,1.52907109248,0,0
R04,140288,3.18113378685,154,286.363636364,1.02617856029,0,8.79562448574,0.191771219572,1.19830127159,4.06961231042,0
R04,140288,3.18113378685,266,165.789473684,0.419256144718,0,30.6898009309,4.8457870913,0.466817448203,2.61170734545,0
R04,140288,3.18113378685,497,88.7323943662,0.463432209083,0,3.19861395169,46.6536691633,7.00491108949,0,0
R04,140800,3.19274376417,152,290.131578947,0.981752751895,0,22.1144414647,0.329267794594,2.4964633667,7.24418345098,0
R04,140800,3.19274376417,271,162.730627306,0.475940422925,0,16.2862892937,7.84734396383,1.38975649723,4.97568948845,0
R04,140800,3.19274376417,489,90.1840490798,0.571155396489,0,5.45477173881,38.6428085662,16.5419426263,0,0
R04,141312,3.2043537415,153,288.235294118,0.993763834806,0,34.7413717128,0.402132209531,2.20505763679,10.3154583904,0
R04,141312,3.2043537415,276,159.782608696,0.480773752966,0,6.78106448216,15.9354317408,1.33246345317,0,0
R04,141312,3.2043537415,485,90.9278350515,0.660736697737,0,6.72043755901,33.3774866474,25.4510636472,0,0
R04,141824,3.21596371882,151,292.052980132,0.936529288949,0,39.3656952921,0.601063334457,1.97130016061,6.00289742583,0
R04,141824,3.21596371882,283,155.830388693,0.502523638421,0,8.04132579696,27.0824560257,1.1926554608,0,0
R04,141824,3.21596371882,473,93.2346723044,0.743134820424,0,5.82814043775,21.327793069,34.457079373,0,0
R04,142336,3.22757369615,149,295.973154362,0.910799644217,0,32.0830868454,0.616889650696,0.646982243131,4.06461600805,0
R04,142336,3.22757369615,289,152.595155709,0.487731059599,0,7.45735050987,28.9049435228,0.880369324256,0,0
R04,142336,3.22757369615,462,95.4545454545,0.779919393716,0,3.0241936847,8.62768504964,32.2703841908,0,0
R04,142848,3.23918367347,149,295.973154362,0.870872550008,0,18.5149454694,0.379880130621,0.31074752655,9.96424446267,0
R04,142848,3.23918367347,294,150,0.457163623421,0,9.05235631267,18.814028434,0.638744126898,0,0
R04,142848,3.23918367347,454,97.1365638767,0.751522234721,0,0.430293421297,2.21027023863,18.4415409017,0,0
R04,143360,3.25079365079,147,300,0.811800130079,0,7.59260492765,0.428673101949,0.209886810875,10.6834295929,0
R04,143360,3.25079365079,292,151.02739726,0.357873882483,0,10.006377861,7.392389345,0.476092562423,0,0
R04,143360,3.25079365079,445,99.1011235955,0.692264551567,0,0.710975423168,2.33417861498,6.92736613355,0,0
R04,143872,3.26240362812,164,268.902439024,1.18933031402,0,0.978695336772,0.898912196018,0.165827065806,20.7173648957,0
R04,143872,3.26240362812,291,151.546391753,0.458238121903,0,6.18011247808,3.27228080579,0.382890551624,0,0
R04,143872,3.26240362812,437,100.915331808,0.910376084289,0,1.08263572492,2.11244666688,3.40533877068,0,0
R04,144384,3.27401360544,277,159.205776173,0.385889910754,0,2.11508650408,4.4384291715,0.868682470295,0,0
R04,144896,3.28562358277,278,158.633093525,0.468243486635,0,1.58729731973,5.67458081914,0.759685695392,0,0
R04,144896,3.28562358277,501,88.0239520958,1.0821882237,0,2.57090710077,12.2455640994,1.18222108616,0,0
R04,145408,3.29723356009,280,157.5,0.547811666373,0,3.70611125217,5.64253152617,0.606639722388,0,0
R04,145408,3.29723356009,411,107.299270073,0.996559117163,0,2.35326114774,4.19929851097,4.31277050742,0,0
R04,145920,3.30884353741,286,154.195804196,0.55489207359,0,3.44064078718,4.44972274201,0.309529598677,0,0
R04,145920,3.30884353741,420,105,0.87126770471,0,0.524401426488,2.76445037782,3.76657485663,0,0
R04,146432,3.32045351474,298,147.986577181,0.549728340064,0,4.23168642085,1.99905150887,0.429921402107,0,0
R04,146432,3.32045351474,413,106.779661017,0.947114019877,0,2.72372487463,0.499711771512,1.53295044779,0,0
R04,146944,3.33206349206,287,153.658536585,0.53840093684,0,3.57270625294,0.610349468765,0.317107903661,0,0
R04,146944,3.33206349206,402,109.701492537,0.860469647187,0,5.17334921905,1.3075873483,0.327572473254,0,0
R04,147456,3.34367346939,322,136.956521739,0.455200766342,0,6.60544929227,0.452710190925,0.122476329719,0,0
R04,147456,3.34367346939,507,86.9822485207,1.27866523591,0,1.78897931106,7.46905442845,0.200301276065,0,0
R04,148480,3.36689342404,325,135.692307692,0.501991998637,0,7.61145273063,0.68074910713,0.183916402435,0,0
R04,148992,3.37850340136,310,142.258064516,0.545306575365,0,4.74882293244,0.664201492636,0.0656664424073,0,0
R04,149504,3.39011337868,298,147.986577181,0.390668964849,0,3.70538555337,0.439090873304,0.154252340641,0,0
R04,149504,3.39011337868,525,84,0.97525423689,0,0.908683673574,4.33911950202,0.216790279069,0,0
R04,150528,3.41333333333,271,162.730627306,0.389882846811,0,1.72829125243,0.254908469794,0.0687318782228,0.363975830664,0
R04,150528,3.41333333333,518,85.1351351351,0.5796464555,0,0.642144397779,2.93722313178,0.0421818545675,0,0
R04,155136,3.51782312925,300,147,0.601548193532,0,0.803560912307,0.0633969505311,0.167164495365,0,0
R04,155136,3.51782312925,472,93.4322033898,0.85386816401,0,0.612292597105,0.392527572169,0.26067644769,0,0
R04,155648,3.52943310658,321,137.38317757,0.616801776014,0,2.18360997617,1.096516859,0.281816720362,0,0
R04,156160,3.5410430839,322,136.956521739,0.61165595018,0,6.87971637604,2.83494391883,0.616433986797,0,0
R04,156672,3.55265306122,322,136.956521739,0.611778569812,0,11.9493248612,4.32667316068,0.900355103976,0,0
R05,24064,0.54566893424,35,1260,1.23900593497,0,0.231121724002,0,0,0.125999613953,0
R05,24064,0.54566893424,66,668.181818182,1.64603243471,0,0.230302828871,0.169576043533,0,0.573325413185,0
R05,24064,0.54566893424,290,152.068965517,0.758843276625,0,0.394913644519,0.350354590341,0.281221936435,0,0
R05,24064,0.54566893424,310,142.258064516,0.770223583125,0,0.572499026317,0.663349495377,0.224160437204,0,0
R05,24064,0.54566893424,342,128.947368421,0.809827283463,0,0.358097046848,0.324535287583,0.252743124404,0,0
R05,24064,0.54566893424,385,114.545454545,0.58627698927,0,0.417635498482,0.647681584994,0.211125177664,0,0
R05,24064,0.54566893424,438,100.684931507,0.595123381413,0,0.311487371887,0.432084034415,0.322397722894,0,0
R05,24576,0.557278911565,34,1297.05882353,1.25733855214,0,1.19377988027,0,0,1.01988001221,0
R05,24576,0.557278911565,66,668.181818182,1.66565685009,0,0.879348841072,1.09060182909,0,1.92228785963,0
R05,24576,0.557278911565,270,163.333333333,0.828242340601,0,4.16628332862,1.94828329236,1.02331993884,1.67772413494,0
R05,24576,0.557278911565,281,156.939501779,0.827440143688,0,3.95838540332,2.03423038055,1.1156297674,0,0
R05,24576,0.557278911565,467,94.4325481799,1.00056179421,0,1.82396755372,4.02363810119,2.78909860784,0,0
R05,24576,0.557278911565,500,88.2,1.00052715755,0,1.91735650612,3.85477119486,2.13299371268,0,0
R05,25088,0.568888888889,34,1297.05882353,1.2579801804,0,2.36120302982,0,0,1.99896936775,0
R05,25088,0.568888888889,66,668.181818182,1.66625341827,0,1.65784207609,2.21084863267,0,3.50233075316,0
R05,25088,0.568888888889,270,163.333333333,0.844588728224,0,9.11772867598,3.64989866597,1.94715500762,3.9444681019,0
R05,25088,0.568888888889,281,156.939501779,0.843706090875,0,9.15355115288,3.90759998613,2.12760074572,0,0
R05,25088,0.568888888889,470,93.829787234,1.00408561761,0,4.24104158169,8.39253328521,5.7309058818,0,0
R05,25088,0.568888888889,489,90.1840490798,1.00594113467,0,4.17951004597,8.68530401515,5.40711763754,0,0
R05,27648,0.62693877551,35,1260,1.1165793931,0,0.0957370899083,0,0,0.231723086515,0
R05,27648,0.62693877551,91,484.615384615,1.43407365621,0,0.0835077830726,0.134473480433,0.123607365562,0.988230760175,0
R05,27648,0.62693877551,218,202.293577982,0.742890432209,0,0.499807453412,0.27565978367,0.193569763302,0.63064233075,0
R05,27648,0.62693877551,266,165.789473684,0.560562576682,0,1.98483871528,0.349195129826,0.119767714568,0.939445714323,0
R05,27648,0.62693877551,278,158.633093525,0.563996650331,0,1.12252413906,0.127236740425,0.0383166437569,0,0
R05,27648,0.62693877551,461,95.6616052061,0.704818871937,0,0.336088074748,0.798448177952,0.410990081253,0,0
R05,28160,0.638548752834,35,1260,1.03912755156,0,1.07681883547,0,0,0.482029998583,0
R05,28160,0.638548752834,83,531.325301205,1.37531412742,0,0.268820171017,1.28131278494,0.673803304426,1.88674016273,0
R05,28160,0.638548752834,90,490,1.35793847872,0,0.496065624766,1.1485239586,0.79178373409,2.15336145972,0
R05,28160,0.638548752834,129,341.860465116,1.22932606454,0,1.23642409421,0.51483123472,1.20671168151,3.03621746493,0
R05,28160,0.638548752834,161,273.913043478,1.12892726066,0,2.28269060412,0.165480496163,0.913207340971,1.10284438779,0
R05,28160,0.638548752834,217,203.225806452,1.01835150104,0,1.80736904599,0.994582903809,0.183647969083,1.89748340538,0
R05,28160,0.638548752834,289,152.595155709,0.948625716246,0,1.80592383902,1.96211765992,0.586131888465,0,0
R05,28160,0.638548752834,270,163.333333333,0.955918870109,0,2.33360242549,1.54874087277,0.496065624766,0.731423134831,0
R05,28160,0.638548752834,310,142.258064516,0.957727112132,0,2.02092082466,1.48505234904,0.71606816,0,0
R05,28672,0.650158730159,35,1260,1.03131740405,0,2.44993106955,0,0,1.27149813791,0
R05,28672,0.650158730159,83,531.325301205,1.36420391816,0,0.504604508775,2.89943521251,1.3998832729,4.37169617076,0
R05,28672,0.650158730159,90,490,1.34725976079,0,1.16530817213,2.61132142737,1.88628531781,4.0137456297,0
R05,28672,0.650158730159,129,341.860465116,1.23124555032,0,2.85237421493,0.776336233375,2.74847478694,6.39719766177,0
R05,28672,0.650158730159,161,273.913043478,1.13326346574,0,4.73941713902,0.304164606219,2.06752004556,5.06344349242,0
R05,28672,0.650158730159,217,203.225806452,1.00822157844,0,4.92728471975,2.31588739074,0.903970438284,4.23269687432,0
R05,28672,0.650158730159,287,153.658536585,0.944842728046,0,5.13081488998,3.84599012954,1.31907424395,0,0
R05,28672,0.650158730159,281,156.939501779,0.945254685397,0,4.91995886276,3.35727810625,1.1841301763,0,0
R05,28672,0.650158730159,269,163.940520446,0.945817800315,0,5.7852797834,3.14774580172,1.17280582011,3.51328022616,0
R05,29184,0.661768707483,35,1260,1.06583153858,0,3.48105445325,0,0,1.8702079472,0
R05,29184,0.661768707483,83,531.325301205,1.40995071544,0,0.569020421995,4.3007328797,1.78593764028,6.37724536172,0
R05,29184,0.661768707483,90,490,1.39498994464,0,1.6366835441,3.48135410544,2.75547252354,5.3603711746,0
R05,29184,0.661768707483,270,163.333333333,0.909035181477,0,8.56632839501,3.91392524704,1.6366835441,5.48592247101,0
R05,29184,0.661768707483,281,156.939501779,0.906813890856,0,7.90479365436,5.12229938058,1.62605906138,0,0
R05,29184,0.661768707483,287,153.658536585,0.906811374745,0,7.96215153468,5.6768313111,1.65101608738,0,0
R05,29696,0.673378684807,35,1260,1.06630560877,0,3.63977976841,0,0,1.85076560234,0
R05,29696,0.673378684807,83,531.325301205,1.40973298182,0,0.293818790984,4.89191040768,1.54580903962,6.86073008855,0
R05,29696,0.673378684807,90,490,1.39467060144,0,1.66335167605,3.09782422563,3.00397005043,5.46055055901,0
R05,29696,0.673378684807,269,163.940520446,0.927505117675,0,9.65932378344,2.98582747094,1.50246085358,5.49857515273,0
R05,29696,0.673378684807,281,156.939501779,0.926220545805,0,7.10716155807,5.89666656895,1.65954736915,0,0
R05,29696,0.673378684807,287,153.658536585,0.926646558281,0,7.13873604771,6.59517682374,1.25479993962,0,0
R05,36864,0.835918367347,27,1633.33333333,1.75556736653,0,0.0866688978411,0,0,0.0706332053267,0
R05,36864,0.835918367347,97,454.639175258,1.51891406385,0,0.0854497152315,0.033164342672,0.0219108487913,0.408720440859,0
R05,36864,0.835918367347,131,336.641221374,1.43171097947,0,0.178670644193,0.146669958372,0.0125598321408,1.13702436392,0
R05,36864,0.835918367347,278,158.633093525,0.662347927031,0,0.494775664942,0.111827567756,0.0782910047171,0,0
R05,36864,0.835918367347,380,116.052631579,1.16804083391,0,0.354683402042,0.346326696475,0.0746226155143,0,0
R05,36864,0.835918367347,502,87.8486055777,0.813719849387,0,0.0787853636857,1.18546312831,0.112274476771,0,0
R05,36864,0.835918367347,531,83.0508474576,0.813494783236,0,0.0312311006865,1.02726932505,0.196953358129,0,0
R05,37376,0.847528344671,156,282.692307692,0.346859749412,0,1.30976344444,0.271800616106,0.131449013305,1.2337958775,0
R05,37376,0.847528344671,321,137.38317757,0.484615549957,0,1.10233823335,1.64186975789,0.423726384084,0,0
R05,37376,0.847528344671,469,94.0298507463,0.781613873605,0,0.758549577448,1.00783333101,1.27761076639,0,0
R05,37376,0.847528344671,487,90.5544147844,0.784694796883,0,0.624632690313,1.53868261402,1.82579902085,0,0
R05,37888,0.859138321995,161,273.913043478,0.90705812947,0,17.9171781013,2.11569817008,0.512625377406,11.3737293196,0
R05,37888,0.859138321995,322,136.956521739,0.478101894126,0,11.3737293196,17.9171781013,1.3507926212,0,0
R05,38400,0.87074829932,163,270.552147239,1.04297608988,0,47.0574109462,5.20150564756,0.903824412861,39.5255058804,0
R05,38400,0.87074829932,325,135.692307692,0.525127834336,0,39.3846787896,47.1018994234,1.54814124652,0,0
R05,38912,0.882358276644,169,260.946745562,1.18309054593,0,68.4615667435,9.14147777859,1.65948240163,81.0719109913,0
R05,38912,0.882358276644,324,136.111111111,0.442080352288,0,72.7504731029,71.1765141568,2.38928910085,0,0
R05,39424,0.893968253968,172,256.395348837,1.26459558794,0,72.0795734139,9.04266669829,0.282901638374,126.918419889,0
R05,39424,0.893968253968,324,136.111111111,0.430618606455,0,98.2834156559,74.7516450532,2.84771580327,0,0
R05,39936,0.905578231293,175,252,1.28376428223,0,51.9198754198,8.1665959766,0.538320421443,156.981467171,0
R05,39936,0.905578231293,324,136.111111111,0.429457607161,0,114.208055225,55.5887877443,2.74288551928,0,0
R05,40448,0.917188208617,175,252,1.30768570469,0,30.9560557705,6.59698837286,1.29806810978,158.979837112,0
R05,40448,0.917188208617,323,136.53250774,0.430658789817,0,119.086710897,24.2888076711,2.52059799224,0,0
R05,40960,0.928798185941,176,250.568181818,1.3161116245,0,14.8473468958,5.9170730049,2.04892605105,133.084560439,0
R05,40960,0.928798185941,323,136.53250774,0.400697654253,0,123.02634717,3.60734572727,2.50344496157,0,0
R05,41472,0.940408163265,316,139.556962025,0.401643494108,0,92.7612235469,4.50179513571,2.61282460682,0,0
R05,41984,0.95201814059,329,134.042553191,0.347359975043,0,109.623672455,6.5107809065,2.86030062383,0,0
R05,42496,0.963628117914,295,149.491525424,0.322322112589,0,6.93284764315,4.38570104763,2.11122231929,0,0
R05,43008,0.975238095238,134,329.104477612,1.678174056,0,51.978823868,10.6446291618,0.714573922403,15.3930064252,0
R05,43008,0.975238095238,288,153.125,0.396395647408,0,6.28088904663,1.43689089232,0.623453077743,0,0
R05,43008,0.975238095238,359,122.841225627,0.486462359365,0,59.4846032575,10.9272166365,1.1767299905,0,0
R05,43008,0.975238095238,376,117.287234043,0.47688070013,0,27.895426249,11.4474084361,1.37881041669,0,0
R05,43520,0.986848072562,133,331.578947368,1.55258885475,0,49.7097256192,12.7242883925,0.803896754051,18.322118259,0
R05,43520,0.986848072562,284,155.281690141,0.379590095176,0,10.4818570133,7.42176170806,1.46394088921,0,0
R05,43520,0.986848072562,380,116.052631579,0.506943471755,0,15.6118130796,7.96408129988,2.12629131866,0,0
R05,44032,0.998458049887,133,331.578947368,1.50883704974,0,50.9976201838,15.5177218785,0.53154028752,26.1999522838,0
R05,44032,0.998458049887,279,158.064516129,0.370294600746,0,17.4338543102,15.6892314163,3.03229344236,0,0
R05,44032,0.998458049887,381,115.748031496,0.564455782876,0,12.0814274955,3.13814249647,4.46262782567,0,0
R05,44032,0.998458049887,543,81.2154696133,0.981826706629,0,2.60265809363,24.2249180976,4.83198505014,0,0
R05,44544,1.01006802721,133,331.578947368,1.47800056241,0,52.2758009286,17.5937746402,0.426033130683,36.1230681164,0
R05,44544,1.01006802721,272,162.132352941,0.349653585583,0,30.2709190317,43.6884890086,7.63524921941,1.68160000939,0
R05,44544,1.01006802721,383,115.143603133,0.659528916975,0,20.3461498022,0.701038145071,11.5775857208,0,0
R05,44544,1.01006802721,538,81.970260223,0.910267295582,0,1.91322940645,33.6858835308,2.8554224174,0,0
R05,45056,1.02167800454,136,324.264705882,1.49282692102,0,42.524312069,11.252923761,0.323030407499,40.6656428589,0
R05,45056,1.02167800454,270,163.333333333,0.277082033514,0,42.8699441353,48.4488963667,7.0760627579,2.73584810182,0
R05,45056,1.02167800454,386,114.248704663,0.804747444421,0,22.1257703712,0.698193693558,23.8165424631,0,0
R05,45056,1.02167800454,536,82.276119403,0.747177592745,0,2.94019531785,44.694887991,2.26739204176,0,0
R05,45568,1.03328798186,156,282.692307692,1.5019434163,0,2.02287996214,0.30866604862,0.367761624773,27.2861377359,0
R05,45568,1.03328798186,269,163.940520446,0.209264325444,0,56.5100947548,47.7424166937,6.18543888969,3.91333971474,0
R05,45568,1.03328798186,383,115.143603133,1.03919666926,0,22.6139541323,1.02703289575,17.4595435879,0,0
R05,45568,1.03328798186,535,82.4299065421,0.54475113348,0,3.91942067116,58.1481825159,1.62096294007,0,0
R05,46080,1.04489795918,268,164.552238806,0.156842359362,0,72.0280774102,45.7817062328,8.04177933128,3.59217919508,0
R05,46080,1.04489795918,381,115.748031496,1.23440239101,0,17.0139882184,0.820714329584,12.1530011597,0,0
R05,46080,1.04489795918,399,110.526315789,1.22675149498,0,11.3372482177,2.2595304759,48.2900082049,0,0
R05,46080,1.04489795918,534,82.5842696629,0.356719087273,0,3.60824548237,72.7775209138,0.452365715557,0,0
R05,46592,1.05650793651,268,164.552238806,0.0981965786157,1,90.793448888,42.9832945199,11.061293996,1.39658318473,267.681420242
R05,46592,1.05650793651,378,116.666666667,1.38659979655,0,8.49788223415,1.38253402057,5.04465060753,0,267.681420242
R05,46592,1.05650793651,534,82.5842696629,0.225404859686,0,1.40503073647,91.1790245454,0.935524147533,0,267.681420242
R05,47104,1.06811791383,268,164.552238806,0.0544700262829,1,110.754256641,42.5285208393,15.3252513174,0.391987666502,267.500646176
R05,47104,1.06811791383,535,82.4299065421,0.116494665593,0,0.429387440829,111.053149829,1.49108074377,0,267.500646176
R05,47616,1.07972789116,267,165.168539326,0.0320198574385,1,131.522267245,43.9970106081,20.0958537313,1.25255788284,267.114731081
R05,47616,1.07972789116,534,82.5842696629,0.0744344291906,0,1.25255788284,131.522267245,1.37520524051,0,267.114731081
R05,48128,1.09133786848,267,165.168539326,0.0199784281234,1,150.224947773,45.5388702592,24.5859420252,1.26254517661,267.31603541
R05,48128,1.09133786848,535,82.4299065421,0.0505091297888,0,1.25661615872,150.087539132,1.09738766642,0,267.31603541
R05,48640,1.1029478458,267,165.168539326,0.0153297162086,1,164.887071574,47.7449201997,28.6403513386,1.09982047628,267.250883201
R05,48640,1.1029478458,534,82.5842696629,0.0333043054653,0,1.09982047628,164.887071574,0.789022328382,0,267.250883201
R05,49152,1.11455782313,267,165.168539326,0.0123825697989,1,176.62210624,50.224299649,31.7134610868,1.11240498302,267.45815058
R05,49152,1.11455782313,535,82.4299065421,0.0291242306655,0,1.10098956591,176.622915221,0.490921531337,0,267.45815058
R05,49664,1.12616780045,267,165.168539326,0.0110100119271,1,185.389301422,52.2243751312,33.8431282849,0.912880005412,267.450363237
R05,49664,1.12616780045,535,82.4299065421,0.0245558297923,0,0.908355513259,185.497949087,0.330051538946,0,267.450363237
R05,50176,1.13777777778,268,164.552238806,0.00782864458942,1,191.26107871,52.968461151,34.0610074099,0.601749989006,267.525123912
R05,50176,1.13777777778,535,82.4299065421,0.0164420314606,0,0.589345208073,191.161257265,0.206993945776,0,267.525123912
R05,50688,1.1493877551,267,165.168539326,0.00571290002573,1,194.927760948,50.8443729702,37.5288774638,0.51789792601,267.418497077
R05,50688,1.1493877551,535,82.4299065421,0.0129371978679,0,0.518274135552,195.342980594,0.243367751679,0,267.418497077
R05,51200,1.16099773243,268,164.552238806,0.0132923048549,1,198.174682971,47.1413935345,38.9887715089,0.700230890107,267.996283443
R05,51200,1.16099773243,536,82.276119403,0.0171263206841,0,0.700230890107,198.174682971,0.693099463824,0,267.996283443
R05,51712,1.17260770975,267,165.168539326,0.0210967229827,1,200.060298211,40.8161599634,41.9749733893,0.490823095775,267.475928847
R05,51712,1.17260770975,535,82.4299065421,0.0269732160328,0,0.502785139889,200.473780931,2.78387108847,0,267.475928847
R05,52224,1.18421768707,267,165.168539326,0.0217219492939,1,202.118191481,33.5696546845,42.9493727278,2.97980440829,267.42560738
R05,52224,1.18421768707,535,82.4299065421,0.0283713586693,0,2.98423516366,202.53422251,5.03021645778,0,267.42560738
R05,52736,1.1958276644,267,165.168539326,0.0216258931775,1,202.152096859,26.6818613809,42.6762728092,4.54918827796,267.433017571
R05,52736,1.1958276644,535,82.4299065421,0.0278748596867,0,4.54217205046,202.440977755,6.15544511887,0,267.433017571
R05,53248,1.20743764172,267,165.168539326,0.0220344627999,1,199.58294073,23.9926371907,41.3993487395,4.76539225575,267.28066984
R05,53248,1.20743764172,535,82.4299065421,0.0279911020896,0,4.73430651634,199.59460788,5.6136364714,0,267.28066984
R05,53760,1.21904761905,267,165.168539326,0.023332889222,1,193.829147619,26.5383995576,39.6961409103,3.79350286849,267.425039878
R05,53760,1.21904761905,535,82.4299065421,0.0294456316047,0,3.74904890002,193.563643412,3.88263736673,0,267.425039878
R05,54272,1.23065759637,267,165.168539326,0.0260287128654,1,185.426503814,29.6516427658,37.8439957771,2.5214300116,267.362749674
R05,54272,1.23065759637,535,82.4299065421,0.0332214461962,0,2.49281339298,185.124185487,2.15147320603,0,267.362749674
R05,54784,1.2422675737,268,164.552238806,0.023467166552,1,174.772983671,31.4770439669,36.4540697144,1.00320490173,267.631624421
R05,54784,1.2422675737,534,82.5842696629,0.0267698635905,0,0.985472080103,175.290079065,1.7392845207,0,267.631624421
R05,55296,1.25387755102,267,165.168539326,0.00805452510621,1,164.981396064,29.0656851232,33.0764795995,0.501545741932,267.102295127
R05,55296,1.25387755102,535,82.4299065421,0.0146446796563,0,0.504353379837,164.92484391,1.00216132821,0,267.102295127
R05,55808,1.26548752834,267,165.168539326,0.00719897798452,1,154.870644105,31.5203652663,30.090860983,1.55484973969,267.295686929
R05,55808,1.26548752834,535,82.4299065421,0.0136666149438,0,1.57644127565,154.864745525,0.226769469984,0,267.295686929
R05,56320,1.27709750567,267,165.168539326,0.00690973008116,1,144.856109697,37.549272269,27.295939038,1.89661708322,267.473905482
R05,56320,1.27709750567,535,82.4299065421,0.0150935479334,0,1.90828199329,144.879419678,0.521579630286,0,267.473905482
R05,56832,1.28870748299,267,165.168539326,0.00793252341025,1,134.941207954,43.6253373333,25.6734586136,1.63442655768,267.479871043
R05,56832,1.28870748299,535,82.4299065421,0.0171505032361,0,1.63004530905,135.02289491,1.12317786505,0,267.479871043
R05,57344,1.30031746032,267,165.168539326,0.00853753167951,1,124.87037279,46.84049173,26.0737895377,1.21801817956,267.35776474
R05,57344,1.30031746032,535,82.4299065421,0.0168433388701,0,1.20172378898,125.048769745,1.57672307762,0,267.35776474
R05,57856,1.31192743764,268,164.552238806,0.00707136376621,1,115.514262223,45.5464220064,27.832040182,1.25915573395,267.587041724
R05,57856,1.31192743764,535,82.4299065421,0.0149907621327,0,1.26850886958,115.372595602,2.03354170949,0,267.587041724
R05,58368,1.32353741497,268,164.552238806,0.00613680265053,1,108.154903948,41.888321098,33.0743613428,1.4234373902,267.536556849
R05,58368,1.32353741497,535,82.4299065421,0.0135660436537,0,1.42784573685,107.967857094,2.33764245693,0,267.536556849
R05,58880,1.33514739229,93,474.193548387,1.82108465466,0,4.6945679174,0.188849794357,0.231743481757,1.72743063123,267.158838086
R05,58880,1.33514739229,109,404.587155963,1.82229144225,0,0.176948001185,3.07219382742,0.0331995992902,0.589591785446,267.158838086
R05,58880,1.33514739229,267,165.168539326,0.0235938309503,1,103.64424654,36.4447107258,38.9912025575,0.876586093851,267.158838086
R05,58880,1.33514739229,535,82.4299065421,0.0306455531741,0,0.888776506767,103.868509916,1.97692829103,0,267.158838086
R05,59392,1.34675736961,88,501.136363636,1.77407114801,0,33.3639621373,0.652040194179,3.28904981419,1.01630007,267.812055219
R05,59392,1.34675736961,268,164.552238806,0.0511019636931,1,102.000889378,31.1840970195,46.3217266698,2.90404191796,267.812055219
R05,59392,1.34675736961,536,82.276119403,0.0513327996495,0,2.90404191796,102.000889378,1.71078668013,0,267.812055219
R05,59904,1.35836734694,87,506.896551724,1.69509641262,0,18.0428166546,0.110012345159,1.08482175283,1.26268474855,267.792615304
R05,59904,1.35836734694,268,164.552238806,0.0556384529978,1,101.526268816,28.2933284729,51.7560584265,7.4895551399,267.792615304
R05,59904,1.35836734694,536,82.276119403,0.0613931067603,0,7.4895551399,101.526268816,1.7901789975,0,267.792615304
R05,60416,1.36997732426,86,512.790697674,1.64824729245,0,3.44378867972,0.281811740524,1.23540014783,1.51540060394,267.7268093
R05,60416,1.36997732426,268,164.552238806,0.0559032765951,1,100.885421512,29.2350446108,54.9658571208,11.3558391713,267.7268093
R05,60416,1.36997732426,536,82.276119403,0.0626882792016,0,11.3558391713,100.885421512,2.20168082811,0,267.7268093
R05,60928,1.38158730159,86,512.790697674,1.62118070847,0,2.65546359935,0.315630046059,1.19149623167,0.938326624963,267.63486834
R05,60928,1.38158730159,268,164.552238806,0.0566023155318,1,99.1310413197,33.16559606,55.504631803,12.0242490623,267.63486834
R05,60928,1.38158730159,535,82.4299065421,0.0632011031341,0,12.0093906019,99.1949357064,2.23905029985,0,267.63486834
R05,61440,1.39319727891,87,506.896551724,1.61424192805,0,16.2897069675,0.371462635948,1.28287638591,1.00101489073,267.651185639
R05,61440,1.39319727891,268,164.552238806,0.057582698866,1,96.2942058363,37.8393807502,53.6558884766,9.12393530239,267.651185639
R05,61440,1.39319727891,535,82.4299065421,0.0642012118172,0,9.07886295008,96.2907054305,1.96872805723,0,267.651185639
R05,61952,1.40480725624,88,501.136363636,1.62495240555,0,34.7913522471,0.660667687148,6.06218641696,1.17303565561,267.511281301
R05,61952,1.40480725624,268,164.552238806,0.0598714604073,1,93.2162202609,40.9243504335,49.9890961939,4.57790632312,267.511281301
R05,61952,1.40480725624,535,82.4299065421,0.066793761223,0,4.52207224227,93.3261377748,1.54796752647,0,267.511281301
R05,62464,1.41641723356,89,495.505617978,1.68730540934,0,43.6501935494,0.927513776767,3.96063924177,1.02061092561,267.555674697
R05,62464,1.41641723356,268,164.552238806,0.0582933630892,1,90.8456199604,41.2015610721,44.8859675278,1.83871477369,267.555674697
R05,62464,1.41641723356,536,82.276119403,0.0459879058687,0,1.83871477369,90.8456199604,1.10197576281,0,267.555674697
R05,62976,1.42802721088,88,501.136363636,1.74721894095,0,27.9454345673,0.629515701829,5.82515263424,0.282311679369,267.184584077
R05,62976,1.42802721088,267,165.168539326,0.012828839395,1,91.1060286435,38.393473775,37.5821476136,1.01528036556,267.184584077
R05,62976,1.42802721088,535,82.4299065421,0.0218365339009,0,1.00040644726,90.8809865262,0.353668498425,0,267.184584077
R05,63488,1.43963718821,89,495.505617978,1.8347933006,0,30.5406600371,1.3415485243,2.0098633102,0.143852570483,267.272346754
R05,63488,1.43963718821,267,165.168539326,0.00697278684858,1,92.268295628,34.942743736,30.5406600371,0.372484694669,267.272346754
R05,63488,1.43963718821,535,82.4299065421,0.015087953646,0,0.359914530849,92.0879349076,0.145077515828,0,267.272346754
R05,64000,1.45124716553,88,501.136363636,1.93876397694,0,17.7822034329,1.37485376734,4.51606511518,0.446484586823,267.212817536
R05,64000,1.45124716553,267,165.168539326,0.00540452426156,1,93.6135626611,31.5362073724,23.0819432907,0.452898600692,267.212817536
R05,64000,1.45124716553,535,82.4299065421,0.0141581517349,0,0.446656920125,93.496229664,0.508422338975,0,267.212817536
R05,64512,1.46285714286,68,648.529411765,2.08417333437,0,11.7937785356,0.24283221203,0.562251784585,24.2130258605,267.329714875
R05,64512,1.46285714286,267,165.168539326,0.00542956134274,1,95.213691581,28.2468685218,15.902716239,0.2656984314,267.329714875
R05,64512,1.46285714286,535,82.4299065421,0.0132790866006,0,0.259701825411,95.1677257072,0.629030591505,0,267.329714875
R05,65024,1.47446712018,65,678.461538462,2.15914401921,0,3.34439101633,0.0729969274628,0,15.726184982,267.434852565
R05,65024,1.47446712018,267,165.168539326,0.00560467942512,1,97.4645124353,25.0028739222,9.82247417572,0.211472248094,267.434852565
R05,65024,1.47446712018,535,82.4299065421,0.0130814712401,0,0.204782448428,97.4836442584,0.486111453791,0,267.434852565
R05,65536,1.48607709751,63,700,2.21927215328,0,0.132407119578,0.0896417987524,0,2.22241573836,267.497272998
R05,65536,1.48607709751,267,165.168539326,0.00514402116094,1,101.196830556,22.2447955855,5.84746217809,0.446199411101,267.497272998
R05,65536,1.48607709751,535,82.4299065421,0.0126924846413,0,0.442292824968,101.25972057,0.350965709144,0,267.497272998
R05,66048,1.49768707483,63,700,2.26505135197,0,0.035482612067,0.0958387684137,0,1.33353499392,267.591937353
R05,66048,1.49768707483,268,164.552238806,0.00507578561073,1,107.289928574,20.4033316741,4.64532559055,0.5286001174,267.591937353
R05,66048,1.49768707483,535,82.4299065421,0.013063203405,0,0.52988933908,107.293467622,0.323616384228,0,267.591937353
R05,66560,1.50929705215,63,700,2.3040618486,0,0.141534679064,0.0824588279366,0,0.992343544958,267.686248485
R05,66560,1.50929705215,268,164.552238806,0.00450229162472,1,115.968072572,20.8287039366,7.39291444997,0.596880128278,267.686248485
R05,66560,1.50929705215,536,82.276119403,0.0123876789845,0,0.596880128278,115.968072572,0.108583293205,0,267.686248485
R05,67072,1.52090702948,65,678.461538462,2.34221708967,0,1.34651968589,0.22481234926,0,13.6896459744,267.621865645
R05,67072,1.52090702948,268,164.552238806,0.00416995600586,1,126.370734506,23.9513638312,11.3180138701,0.765216452599,267.621865645
R05,67072,1.52090702948,536,82.276119403,0.0110836075638,0,0.765216452599,126.370734506,0.346328930855,0,267.621865645
R05,67584,1.5325170068,268,164.552238806,0.0041291054901,1,136.903114065,29.0325063797,15.6783065752,1.02809309866,267.543136036
R05,67584,1.5325170068,535,82.4299065421,0.010568240967,0,1.03806889629,136.826473187,0.588536496772,0,267.543136036
R05,68096,1.54412698413,267,165.168539326,0.0041706915459,1,145.84853876,34.1290530651,18.5782111378,1.01711877652,267.416016052
R05,68096,1.54412698413,535,82.4299065421,0.0108456949187,0,1.00873688956,145.943874827,0.618702660834,0,267.416016052
R05,68608,1.55573696145,267,165.168539326,0.00440806371768,1,152.712502897,39.1812562169,20.9432332054,0.625300929556,267.162758514
R05,68608,1.55573696145,535,82.4299065421,0.0118148702689,0,0.612158604226,152.642666212,0.311919718196,0,267.162758514
R05,69120,1.56734693878,267,165.168539326,0.00402645890133,1,157.495977575,43.7470115537,21.8040329629,0.368307642844,266.976431324
R05,69120,1.56734693878,534,82.5842696629,0.0111757529489,0,0.368307642844,157.495977575,0.251122713018,0,266.976431324
R05,69632,1.5789569161,267,165.168539326,0.00366165095705,1,160.926606383,48.614320644,21.6329164525,0.46972983209,266.853702052
R05,69632,1.5789569161,534,82.5842696629,0.00968698965395,0,0.46972983209,160.926606383,0.666092317696,0,266.853702052
R05,70144,1.59056689342,267,165.168539326,0.00369946913949,1,163.299179466,54.3730672595,21.1493257824,0.475341888615,266.684201813
R05,70144,1.59056689342,533,82.7392120075,0.00906657549675,0,0.461583528534,163.319422635,0.726405152026,0,266.684201813
R05,70656,1.60217687075,267,165.168539326,0.00382594812343,1,164.376260915,59.7740861445,20.5653230619,0.7573752883,266.685447752
R05,70656,1.60217687075,533,82.7392120075,0.0100010975268,0,0.754037374487,164.344396892,0.474765092767,0,266.685447752
R05,71168,1.61378684807,267,165.168539326,0.00398059980869,1,164.806664323,61.9121204775,19.5993370917,1.05662331582,266.607610573
R05,71168,1.61378684807,533,82.7392120075,0.0100374092581,0,1.0672458742,164.73598653,0.366051545834,0,266.607610573
R05,71680,1.6253968254,267,165.168539326,0.00354172769747,1,165.73048646,58.6145660438,18.2821846688,1.35057863324,266.680730946
R05,71680,1.6253968254,533,82.7392120075,0.00908833120836,0,1.3607298398,165.669885371,0.608402480918,0,266.680730946
R05,72192,1.63700680272,267,165.168539326,0.00315715974474,1,167.788295241,50.5343822442,17.080032558,1.36533511288,266.787588934
R05,72192,1.63700680272,534,82.5842696629,0.00797334304657,0,1.36533511288,167.788295241,0.570587277358,0,266.787588934
R05,72704,1.64861678005,267,165.168539326,0.00305024488399,1,171.183999615,40.7740159977,16.7047779136,0.978458223077,266.876754236
R05,72704,1.64861678005,534,82.5842696629,0.0074206135157,0,0.978458223077,171.183999615,0.415287002974,0,266.876754236
R05,73216,1.66022675737,267,165.168539326,0.00281956973142,1,174.8002008,33.1571908508,17.6773467829,0.519027004343,266.927649402
R05,73216,1.66022675737,534,82.5842696629,0.00681533485399,0,0.519027004343,174.8002008,0.198494598307,0,266.927649402
R05,73728,1.67183673469,267,165.168539326,0.00270613234834,1,177.296796197,29.9546230425,19.7948109106,0.15843548104,267.012959334
R05,73728,1.67183673469,534,82.5842696629,0.00669046573263,0,0.15843548104,177.296796197,0.134852312864,0,267.012959334
R05,74240,1.68344671202,267,165.168539326,0.00223577090727,1,178.366655775,30.9876626673,22.194951025,0.521649211871,267.042365622
R05,74240,1.68344671202,534,82.5842696629,0.00549500045336,0,0.521649211871,178.366655775,0.204014299354,0,267.042365622
R05,74752,1.69505668934,267,165.168539326,0.00208876099183,1,178.968428287,34.8912302475,24.1287287815,0.711617140663,267.20056735
R05,74752,1.69505668934,534,82.5842696629,0.0047193577735,0,0.711617140663,178.968428287,0.355082902293,0,267.20056735
R05,75264,1.70666666667,267,165.168539326,0.00194605738048,1,180.244735541,40.2071378598,25.2582591527,0.799874043134,267.297317195
R05,75264,1.70666666667,535,82.4299065421,0.00442662737304,0,0.789162052323,180.29678775,0.751271207439,0,267.297317195
R05,75776,1.71827664399,267,165.168539326,0.00196439469832,1,182.50104303,45.6518309637,25.4404155598,0.808512999741,267.270915901
R05,75776,1.71827664399,535,82.4299065421,0.00417562470183,0,0.804393215332,182.559199261,1.05697230133,0,267.270915901
R05,76288,1.72988662132,267,165.168539326,0.00185843682212,1,184.996778651,50.1488046092,24.6743117417,0.896030028355,267.18170429
R05,76288,1.72988662132,535,82.4299065421,0.0041671488452,0,0.894078199403,185.006020167,1.09367370535,0,267.18170429
R05,76800,1.74149659864,267,165.168539326,0.00188101341562,1,185.959394263,53.090241234,23.18630981,0.814776735172,267.20941439
R05,76800,1.74149659864,534,82.5842696629,0.00427018534216,0,0.814776735172,185.959394263,1.12449023421,0,267.20941439
R05,77312,1.75310657596,267,165.168539326,0.00178317891174,1,184.862822172,54.516073119,21.428180932,0.846297612829,267.159068469
R05,77312,1.75310657596,534,82.5842696629,0.00394557251449,0,0.846297612829,184.862822172,1.22431555093,0,267.159068469
R05,77824,1.76471655329,267,165.168539326,0.00170913911274,1,182.681292428,54.9250186235,20.2551303813,0.676618545727,267.152000867
R05,77824,1.76471655329,534,82.5842696629,0.00379535439299,0,0.676618545727,182.681292428,1.15516031029,0,267.152000867
R05,78336,1.77632653061,267,165.168539326,0.00162716998743,1,180.548173501,54.6058203946,20.313992381,0.444459079939,267.208574045
R05,78336,1.77632653061,534,82.5842696629,0.00370023180364,0,0.444459079939,180.548173501,0.941375269879,0,267.208574045
R05,78848,1.78793650794,267,165.168539326,0.00164342426348,1,178.973804792,53.5898885431,21.427874081,0.307263991572,267.267649691
R05,78848,1.78793650794,535,82.4299065421,0.0039254238071,0,0.299862011018,178.907816263,0.611856019939,0,267.267649691
R05,79360,1.79954648526,267,165.168539326,0.0018557314215,1,177.648453878,51.7346000335,22.7823229361,0.291973286758,267.299641008
R05,79360,1.79954648526,535,82.4299065421,0.00403342228415,0,0.285972078596,177.62695061,0.354375511844,0,267.299641008
R05,79872,1.81115646259,267,165.168539326,0.00206002898258,1,176.04169575,48.9652549468,23.7502300543,0.706305310641,267.438167626
R05,79872,1.81115646259,535,82.4299065421,0.00423103636429,0,0.701243825789,176.041608523,0.452305271296,0,267.438167626
R05,80384,1.82276643991,268,164.552238806,0.00202014242512,1,173.380902509,46.9182209163,26.2775767467,0.934675333399,267.535421373
R05,80384,1.82276643991,535,82.4299065421,0.00434684518529,0,0.936926741448,173.567255074,0.607679586512,0,267.535421373
R05,80896,1.83437641723,268,164.552238806,0.00178056169843,1,170.193984548,45.4932283498,27.8928837846,0.920010221999,267.691150163
R05,80896,1.83437641723,535,82.4299065421,0.00422021236673,0,0.925554671826,170.406763641,0.621679638958,0,267.691150163
R05,81408,1.84598639456,268,164.552238806,0.00202998415263,1,167.079558853,46.490240667,30.2929173822,0.733623825461,267.536543837
R05,81408,1.84598639456,535,82.4299065421,0.00424771115777,0,0.738793880553,167.31183181,0.385463100722,0,267.536543837
R05,81920,1.85759637188,267,165.168539326,0.00215330942393,1,165.053180776,48.8645959199,31.9844552206,0.47404039788,267.465344162
R05,81920,1.85759637188,535,82.4299065421,0.00487208115949,0,0.47193658251,164.9981406,0.374163927653,0,267.465344162
R05,82432,1.86920634921,267,165.168539326,0.00220389674648,1,163.872108836,54.5292339531,34.6651379432,0.288997512316,267.311308115
R05,82432,1.86920634921,535,82.4299065421,0.00507775190701,0,0.289196368533,163.803062516,0.517285537437,0,267.311308115
R05,82944,1.88081632653,267,165.168539326,0.00214588266135,1,163.874505423,60.1887284262,35.9807840783,0.289665075328,267.215015096
R05,82944,1.88081632653,534,82.5842696629,0.00496724701639,0,0.289665075328,163.874505423,0.502450079861,0,267.215015096
R05,83456,1.89242630385,267,165.168539326,0.00184889737442,1,164.369252859,64.6599476477,35.6559509977,0.496508891612,267.05624927
R05,83456,1.89242630385,534,82.5842696629,0.00395155295032,0,0.496508891612,164.369252859,0.683470013135,0,267.05624927
R05,83968,1.90403628118,267,165.168539326,0.00164114763023,1,164.495486244,67.2463695332,33.642793947,0.584222277444,266.911436622
R05,83968,1.90403628118,534,82.5842696629,0.00365462962011,0,0.584222277444,164.495486244,1.14579301933,0,266.911436622
R05,84480,1.9156462585,267,165.168539326,0.00165497919113,1,164.09123371,67.7243975261,30.2355452091,0.577219493853,266.825818743
R05,84480,1.9156462585,534,82.5842696629,0.00364599543241,0,0.577219493853,164.09123371,1.43541163679,0,266.825818743
R05,84992,1.92725623583,267,165.168539326,0.00170942932939,1,163.225188097,66.2301349771,26.144132203,0.423988437489,266.742691055
R05,84992,1.92725623583,534,82.5842696629,0.003912210692,0,0.423988437489,163.225188097,1.19814693499,0,266.742691055
R05,85504,1.93886621315,267,165.168539326,0.0016845402556,1,162.290238494,63.0971962606,22.2611843374,0.184463030941,266.822193503
R05,85504,1.93886621315,534,82.5842696629,0.00399884108078,0,0.184463030941,162.290238494,0.700777234904,0,266.822193503
R05,86016,1.95047619048,267,165.168539326,0.00190633778624,1,161.961051338,58.539827295,19.4799594498,0.285073568567,266.806040734
R05,86016,1.95047619048,534,82.5842696629,0.00461250669424,0,0.285073568567,161.961051338,0.225118164735,0,266.806040734
R05,86528,1.9620861678,267,165.168539326,0.0020875353583,1,162.571500014,52.8595195527,18.4118999635,0.412885123583,266.860718292
R05,86528,1.9620861678,534,82.5842696629,0.00508294384446,0,0.412885123583,162.571500014,0.2809025625,0,266.860718292
R05,87040,1.97369614512,267,165.168539326,0.00216529770719,1,163.368275944,47.316601542,18.7711595172,0.226579342158,266.840121785
R05,87040,1.97369614512,534,82.5842696629,0.0057286760564,0,0.226579342158,163.368275944,0.593441380302,0,266.840121785
R05,87552,1.98530612245,267,165.168539326,0.00232946667613,1,163.286607695,44.0880982643,19.426387046,0.375556071786,267.023482047
R05,87552,1.98530612245,534,82.5842696629,0.00623986851547,0,0.375556071786,163.286607695,0.674977477229,0,267.023482047
R05,88064,1.99691609977,267,165.168539326,0.00238233955199,1,161.410242804,45.2900355625,19.3379240027,0.579415368124,267.102910187
R05,88064,1.99691609977,534,82.5842696629,0.00656924997787,0,0.579415368124,161.410242804,0.534914934732,0,267.102910187
R05,88576,2.0085260771,267,165.168539326,0.00235774782367,1,157.593366445,50.6960970036,18.2012864591,0.545076338033,267.223639344
R05,88576,2.0085260771,535,82.4299065421,0.00624574311263,0,0.546360529457,157.450717805,0.565106618029,0,267.223639344
R05,89088,2.02013605442,267,165.168539326,0.00237171652598,1,152.802572832,57.6110215041,16.6860601768,0.284558005203,267.202072602
R05,89088,2.02013605442,535,82.4299065421,0.00625547935909,0,0.284743329538,152.676588814,0.84180165534,0,267.202072602
R05,89600,2.03174603175,267,165.168539326,0.0143052367299,1,147.804529097,63.2544964988,15.9734658894,0.233707868335,267.489795209
R05,89600,2.03174603175,535,82.4299065421,0.0165400177142,0,0.231310122954,147.653732298,0.844135650315,0,267.489795209
R05,90112,2.04335600907,267,165.168539326,0.0279522209027,1,142.776587068,65.3130314912,16.9017604121,1.15628663742,267.071959411
R05,90112,2.04335600907,534,82.5842696629,0.0314699312288,0,1.15628663742,142.776587068,1.08801336297,0,267.071959411
R05,90624,2.05496598639,267,165.168539326,0.0316623964992,1,137.490709911,62.5398984365,19.0467686558,3.55524282209,266.879923639
R05,90624,2.05496598639,534,82.5842696629,0.0355946844178,0,3.55524282209,137.490709911,3.27117126955,0,266.879923639
R05,91136,2.06657596372,267,165.168539326,0.0327547992753,1,132.498372174,55.4014386406,21.7934640597,6.70871965266,266.77455138
R05,91136,2.06657596372,533,82.7392120075,0.0376672543067,0,6.72883608428,132.57831864,4.76443474904,0,266.77455138
R05,91648,2.07818594104,267,165.168539326,0.0339059089436,1,129.119813378,45.7191358502,24.6200967417,8.66169839133,266.588424249
R05,91648,2.07818594104,533,82.7392120075,0.0383576705701,0,8.66732335735,129.39598269,4.68262578918,0,266.588424249
R05,92160,2.08979591837,266,165.789473684,0.0370058194856,1,129.191518168,37.9253933595,26.6124964024,8.20582482849,266.464839461
R05,92160,2.08979591837,533,82.7392120075,0.041909572756,0,8.2148373072,128.929938136,3.02423205525,0,266.464839461
R05,92672,2.10140589569,267,165.168539326,0.0434422960274,1,130.320033729,28.9096273424,28.7104737384,5.04329764252,266.509809593
R05,92672,2.10140589569,533,82.7392120075,0.0495357579186,0,5.02811582178,130.666044629,1.27247763725,0,266.509809593
R05,93184,2.11301587302,267,165.168539326,0.044808238124,1,134.235767712,23.9202926234,29.0434071356,1.39794795654,266.577150749
R05,93184,2.11301587302,533,82.7392120075,0.0406309574779,0,1.30482255917,134.381869831,1.6625010999,0,266.577150749
R05,93696,2.12462585034,266,165.789473684,0.0165217930644,1,138.102300794,20.4322264348,26.6420549742,3.02765005738,266.361335482
R05,93696,2.12462585034,533,82.7392120075,0.025377929137,0,3.04148035152,138.281110647,2.33328226823,0,266.361335482
R05,94208,2.13623582766,267,165.168539326,0.0137187861324,1,141.094198412,14.102159356,25.1861927902,4.34037601006,266.709767359
R05,94208,2.13623582766,533,82.7392120075,0.022623896003,0,4.35442259858,141.02131514,2.64483623033,0,266.709767359
R05,94720,2.14784580499,267,165.168539326,0.0127414951149,1,142.608863686,8.15843511861,21.6499773915,4.32002991422,266.770869027
R05,94720,2.14784580499,534,82.5842696629,0.021770801523,0,4.32002991422,142.608863686,2.31836773626,0,266.770869027
R05,95232,2.15945578231,267,165.168539326,0.012664287244,1,142.973028163,2.73097691394,17.4560561551,3.53132208647,266.942180249
R05,95232,2.15945578231,534,82.5842696629,0.0221765443337,0,3.53132208647,142.973028163,1.73208411457,0,266.942180249
R05,95744,2.17106575964,267,165.168539326,0.0126648011673,1,142.31762838,6.1805296569,12.159903876,2.24120324318,266.884750816
R05,95744,2.17106575964,534,82.5842696629,0.021352940564,0,2.24120324318,142.31762838,1.32524391696,0,266.884750816
R05,96256,2.18267573696,267,165.168539326,0.00657099376842,1,141.074229242,10.1152647875,5.38273118626,1.27032581574,267.131227934
R05,96256,2.18267573696,534,82.5842696629,0.0135857810158,0,1.27032581574,141.074229242,1.10667334829,0,267.131227934
R05,96768,2.19428571429,267,165.168539326,0.00419194843983,1,140.573214289,11.5399974494,3.75327006732,0.879725981691,266.962965306
R05,96768,2.19428571429,534,82.5842696629,0.00987347454341,0,0.879725981691,140.573214289,0.638286189947,0,266.962965306
R05,97280,2.20589569161,267,165.168539326,0.00339524150482,1,140.120167983,11.3627253083,12.7008018351,0.493180633892,267.096890094
R05,97280,2.20589569161,534,82.5842696629,0.00894966340808,0,0.493180633892,140.120167983,0.394247655685,0,267.096890094
R05,97792,2.21750566893,267,165.168539326,0.00322703701382,1,139.61282762,12.19603595,21.2875949596,0.224103866076,267.162468578
R05,97792,2.21750566893,534,82.5842696629,0.00848064299828,0,0.224103866076,139.61282762,0.529165624597,0,267.162468578
R05,98304,2.22911564626,267,165.168539326,0.00310729829633,1,139.239234299,16.1021117183,27.9544696034,0.162016995845,267.029487474
R05,98304,2.22911564626,534,82.5842696629,0.00832995420103,0,0.162016995845,139.239234299,0.467413437864,0,267.029487474
R05,98816,2.24072562358,267,165.168539326,0.00307539688926,1,139.085869935,22.1725794562,31.6914799615,0.645494374102,266.977370061
R05,98816,2.24072562358,534,82.5842696629,0.00820947996133,0,0.645494374102,139.085869935,0.245539386039,0,266.977370061
R05,99328,2.25233560091,267,165.168539326,0.0027950448439,1,139.182935338,28.9565560488,32.1014453081,1.00800407329,266.957289745
R05,99328,2.25233560091,534,82.5842696629,0.00781892149568,0,1.00800407329,139.182935338,0.0360590263239,0,266.957289745
R05,99840,2.26394557823,267,165.168539326,0.00292405787877,1,139.737035805,35.5716169204,29.5786344367,0.995725004784,267.056907934
R05,99840,2.26394557823,534,82.5842696629,0.00849116963438,0,0.995725004784,139.737035805,0.104026331889,0,267.056907934
R05,100352,2.27555555556,267,165.168539326,0.00287144660984,1,141.058974092,41.7391832245,25.014540955,0.776607986473,267.00452051
R05,100352,2.27555555556,534,82.5842696629,0.00847929687582,0,0.776607986473,141.058974092,0.133963678496,0,267.00452051
R05,100864,2.28716553288,267,165.168539326,0.00287622827519,1,142.887290383,47.6039134619,19.7267272103,0.457385643201,267.05864712
R05,100864,2.28716553288,534,82.5842696629,0.0080622106763,0,0.457385643201,142.887290383,0.29347782687,0,267.05864712
R05,101376,2.2987755102,267,165.168539326,0.00273841721132,1,144.565265915,52.8734976603,15.4404255059,0.236766705295,267.068482516
R05,101376,2.2987755102,534,82.5842696629,0.00757760591968,0,0.236766705295,144.565265915,0.162341843903,0,267.068482516
R05,101888,2.31038548753,267,165.168539326,0.00275821684427,1,145.641737335,56.8251136861,13.750753456,0.186027499113,267.198465722
R05,101888,2.31038548753,535,82.4299065421,0.00758166593881,0,0.18135778407,145.974946861,0.316014763511,0,267.198465722
R05,102400,2.32199546485,267,165.168539326,0.00281026672595,1,145.835615899,58.6828947475,14.3061028453,0.252374295696,267.301511545
R05,102400,2.32199546485,535,82.4299065421,0.00749691442268,0,0.249886685435,146.127579657,0.85356852919,0,267.301511545
R05,102912,2.33360544218,267,165.168539326,0.00837559168866,1,145.424243828,58.6362017382,14.9233042573,0.577376066007,267.366986932
R05,102912,2.33360544218,535,82.4299065421,0.011110396709,0,0.574659385185,145.6479717,1.64624285302,0,267.366986932
R05,103424,2.3452154195,267,165.168539326,0.00915675300444,1,145.783897256,57.6531348856,14.0587117356,1.6323191684,267.42254054
R05,103424,2.3452154195,535,82.4299065421,0.0152994104357,0,1.62437002543,145.949373339,2.55541126977,0,267.42254054
R05,103936,2.35682539683,268,164.552238806,0.00958941551268,1,146.225677666,58.3413459222,12.4300092786,2.84824262757,267.502937698
R05,103936,2.35682539683,535,82.4299065421,0.0161495712831,0,2.85422065713,146.273946038,2.96205596496,0,267.502937698
R05,104448,2.36843537415,268,164.552238806,0.0107809140449,1,144.56754571,58.1721126676,9.57923342998,3.54582613255,267.549824592
R05,104448,2.36843537415,535,82.4299065421,0.0181677224389,0,3.54759200779,144.675054897,2.702986523,0,267.549824592
R05,104960,2.38004535147,268,164.552238806,0.0120534147146,1,138.634926659,58.1471772369,7.63032389297,3.40865685313,267.667834284
R05,104960,2.38004535147,536,82.276119403,0.0221094451751,0,3.40865685313,138.634926659,2.00793025377,0,267.667834284
R05,105472,2.3916553288,268,164.552238806,0.10534088411,1,127.424098309,57.632100308,7.13213240166,2.90235255785,268.389422401
R05,105472,2.3916553288,537,82.1229050279,0.104940361587,0,2.91316060965,127.19678466,1.53004297522,0,268.389422401
R05,105984,2.40326530612,45,980,2.35173176716,0,1.57798439457,1.89030333292,0,5.73680139884,0
R05,105984,2.40326530612,267,165.168539326,0.198463791478,0,115.194173884,53.530843997,7.23591853276,6.82857051052,0
R05,105984,2.40326530612,536,82.276119403,0.224899933726,0,6.76262969573,115.776416637,3.43303376888,0,0
R05,106496,2.41487528345,267,165.168539326,0.233098672705,0,103.787400966,49.5063261349,7.66214892827,15.2166412187,0
R05,106496,2.41487528345,536,82.276119403,0.266607034898,0,15.1654350856,104.925032453,8.81239467375,0,0
R05,107008,2.42648526077,22,2004.54545455,2.30606629902,0,0,0,0,4.75169905455,0
R05,107008,2.42648526077,267,165.168539326,0.281272764614,0,93.6390993022,43.6546904857,8.46235649504,22.1382043902,0
R05,107008,2.42648526077,536,82.276119403,0.317988938775,0,22.1681326799,94.4557784573,12.5978853923,0,0
R05,107520,2.4380952381,267,165.168539326,0.327580592837,0,82.4651196829,36.3271714363,10.0377095856,22.6343229617,0
R05,107520,2.4380952381,536,82.276119403,0.371567635194,0,22.7518175564,82.3824897335,12.3904808803,0,0
R05,108032,2.44970521542,65,678.461538462,2.00129051103,0,5.5484857317,2.28563684917,0,21.7844698645,0
R05,108032,2.44970521542,267,165.168539326,0.379125224599,0,70.2439868062,28.5477329641,12.6053230751,16.5165728178,0
R05,108032,2.44970521542,535,82.4299065421,0.426747061297,0,16.6182759333,69.8659717965,8.44789231284,0,0
R05,108544,2.46131519274,66,668.181818182,1.9032202632,0,12.3462907154,0.97241557321,0,23.8245252452,0
R05,108544,2.46131519274,267,165.168539326,0.408769912366,0,59.8233575496,22.4185196014,16.7805899964,7.80668723752,0
R05,108544,2.46131519274,536,82.276119403,0.455563857695,0,8.05315217427,59.0489174178,3.36596008404,0,0
R05,109056,2.47292517007,69,639.130434783,1.84776993426,0,2.29641408816,0.144808030706,0.117420545597,3.34492120267,0
R05,109056,2.47292517007,87,506.896551724,1.83171396693,0,13.0204807251,0.430045807015,0.247231683259,0.173508927139,0
R05,109056,2.47292517007,267,165.168539326,0.366129650874,0,54.8603174979,20.4131930719,22.8439063243,3.62182042537,0
R05,109056,2.47292517007,533,82.7392120075,0.306396475037,0,3.57530480998,54.7529784677,0.291886293368,0,0
R05,109568,2.48453514739,85,518.823529412,1.60261751321,0,0.162854636708,0.13254153422,0.0267594517923,0.662858361787,267.315214371
R05,109568,2.48453514739,267,165.168539326,0.065399844409,1,57.0075135888,21.8383977848,29.731508215,2.35422805935,267.315214371
R05,109568,2.48453514739,535,82.4299065421,0.0746769825282,0,2.35238958542,57.2309932415,0.398814711962,0,267.315214371
R05,110080,2.49614512472,86,512.790697674,1.68331162778,0,5.17662500978,0.0204760740872,0.019577035327,0.595871577396,267.24661218
R05,110080,2.49614512472,267,165.168539326,0.0161988113395,1,62.2471829696,24.6713187546,34.9629603615,0.615660241141,267.24661218
R05,110080,2.49614512472,535,82.4299065421,0.0341066344452,0,0.608554998439,62.3856342859,0.28077771426,0,267.24661218
R05,110592,2.50775510204,88,501.136363636,1.71265822206,0,29.3373534868,0.650997956909,3.70577315579,0.234188308648,267.079196072
R05,110592,2.50775510204,110,400.909090909,1.75894889457,0,0.344061142679,0.298741191838,0.0214709886334,2.40596860306,267.079196072
R05,110592,2.50775510204,267,165.168539326,0.0106616292619,1,69.6204341765,27.5584913214,37.1631154842,0.206108698563,267.079196072
R05,110592,2.50775510204,534,82.5842696629,0.0294067964469,0,0.206108698563,69.6204341765,0.0904248853078,0,267.079196072
R05,111104,2.51936507937,89,495.505617978,1.72325669895,0,35.7934513289,0.818491453814,2.0191389891,0.309819339624,266.847533179
R05,111104,2.51936507937,111,397.297297297,1.72367537573,0,0.343576303927,0.306826915753,0.121729353585,0.970455039256,266.847533179
R05,111104,2.51936507937,267,165.168539326,0.010786988879,1,78.4458591882,30.2412907938,35.7934513289,0.100911991732,266.847533179
R05,111104,2.51936507937,400,110.25,1.58392644038,0,0.88498701274,0.741533041982,29.8590765518,0,266.847533179
R05,111104,2.51936507937,534,82.5842696629,0.0300557292768,0,0.100911991732,78.4458591882,0.309819339624,0,266.847533179
R05,111616,2.53097505669,91,484.615384615,1.75568221519,0,23.3171424906,0.512697018053,0.445749771203,0.138696634848,266.777696644
R05,111616,2.53097505669,113,390.265486726,1.70329775428,0,0.551192356012,0.0548110556224,0.395520039022,0.674973941126,266.777696644
R05,111616,2.53097505669,267,165.168539326,0.0103205457029,1,87.2379720856,33.6641215412,31.2681827765,0.316559018421,266.777696644
R05,111616,2.53097505669,399,110.526315789,1.55934877894,0,1.84473605327,0.806211894134,31.9867989341,0,266.777696644
R05,111616,2.53097505669,534,82.5842696629,0.0290373517131,0,0.316559018421,87.2379720856,0.276524575112,0,266.777696644
R05,112128,2.54258503401,92,479.347826087,1.82774075703,0,11.6124879437,0.221855754367,0.112851052731,0.16255210584,266.761287408
R05,112128,2.54258503401,267,165.168539326,0.00942652369806,1,94.829992686,38.9408568433,25.0159183384,0.688706262304,266.761287408
R05,112128,2.54258503401,534,82.5842696629,0.0264013523681,0,0.688706262304,94.829992686,0.199315926043,0,266.761287408
R05,112640,2.55419501134,267,165.168539326,0.00947513049599,1,100.869867037,45.341285817,19.4535972887,1.03912107451,266.778426796
R05,112640,2.55419501134,402,109.701492537,1.58065045708,0,2.65493235506,0.601551099256,46.1370379326,0,266.778426796
R05,112640,2.55419501134,534,82.5842696629,0.0271780266905,0,1.03912107451,100.869867037,0.164255485471,0,266.778426796
R05,113152,2.56580498866,46,958.695652174,2.3114627421,0,0.179893446758,0.381823224296,0,10.847120114,266.730990202
R05,113152,2.56580498866,70,630,2.13465998272,0,0.0821705348277,0.0277119701381,0.566467793186,19.799294047,266.730990202
R05,113152,2.56580498866,267,165.168539326,0.00952445680309,1,105.514447299,49.3916505061,16.7840568613,1.00151401128,266.730990202
R05,113152,2.56580498866,534,82.5842696629,0.0275933541896,0,1.00151401128,105.514447299,0.280450836349,0,266.730990202
R05,113664,2.57741496599,46,958.695652174,2.33547531444,0,0.262680568313,0.462218994009,0,9.37195272806,266.824270751
R05,113664,2.57741496599,69,639.130434783,2.19498106722,0,1.67876096247,0.0781842390819,0.462218994009,29.8896245532,266.824270751
R05,113664,2.57741496599,267,165.168539326,0.00856151330483,1,110.039260023,47.3687583973,16.7890997618,0.617540033937,266.824270751
R05,113664,2.57741496599,534,82.5842696629,0.0250357809429,0,0.617540033937,110.039260023,0.556209879601,0,266.824270751
R05,114176,2.58902494331,46,958.695652174,2.35237916159,0,0.271484471939,0.429679590674,0,7.67847558533,266.887827782
R05,114176,2.58902494331,69,639.130434783,2.22962053727,0,1.75519207789,0.0168248479492,0.429679590674,23.5207203913,266.887827782
R05,114176,2.58902494331,267,165.168539326,0.0078198035375,1,115.125798414,38.5125440197,17.2434034627,0.255829044479,266.887827782
R05,114176,2.58902494331,534,82.5842696629,0.0214234304557,0,0.255829044479,115.125798414,0.75787049288,0,266.887827782
R05,114688,2.60063492063,47,938.29787234,2.35485139293,0,0.0724274876706,0.848595343504,0,0.567768848121,266.961749391
R05,114688,2.60063492063,68,648.529411765,2.24556947701,0,12.4020205814,0.749830369871,1.44430278062,19.7226627683,266.961749391
R05,114688,2.60063492063,267,165.168539326,0.00656873852229,1,120.422985684,25.7549995641,17.0127125699,0.494324241586,266.961749391
R05,114688,2.60063492063,534,82.5842696629,0.0189456346778,0,0.494324241586,120.422985684,0.932514108617,0,266.961749391
R05,115200,2.61224489796,68,648.529411765,2.2806041059,0,13.4791840324,0.66536144886,1.27534282327,7.33710121198,267.119987718
R05,115200,2.61224489796,267,165.168539326,0.00595647071848,1,125.741443803,14.6065142808,16.2432766935,0.595409347654,267.119987718
R05,115200,2.61224489796,534,82.5842696629,0.0164918570529,0,0.595409347654,125.741443803,1.13993998579,0,267.119987718
R05,115712,2.62385487528,48,918.75,2.39126440182,0,0.036771981558,1.76372175094,0,0.411199755856,267.168685606
R05,115712,2.62385487528,67,658.208955224,2.32495718061,0,21.6722716912,3.57455357522,8.02507448335,9.91430941092,267.168685606
R05,115712,2.62385487528,267,165.168539326,0.00523062077305,1,130.432773592,11.3213997704,15.4284468821,0.695894198299,267.168685606
R05,115712,2.62385487528,534,82.5842696629,0.0145278303062,0,0.695894198299,130.432773592,1.1276876922,0,267.168685606
R05,116224,2.63546485261,47,938.29787234,2.39325727164,0,0.039384488662,0.66341037254,0,1.00495952664,267.240519149
R05,116224,2.63546485261,66,668.181818182,2.34514185138,0,12.0006954794,0.903787980555,0,13.8017685134,267.240519149
R05,116224,2.63546485261,267,165.168539326,0.00465554705834,1,134.153590522,14.3281753347,14.8196945717,0.674247292681,267.240519149
R05,116224,2.63546485261,534,82.5842696629,0.0115640387908,0,0.674247292681,134.153590522,0.968018805734,0,267.240519149
R05,116736,2.64707482993,66,668.181818182,2.36188415214,0,11.4864629533,0.653051304732,0,16.4700637801,267.194640138
R05,116736,2.64707482993,267,165.168539326,0.00377568510977,1,136.671535886,18.6480378577,14.5651528296,0.616121588834,267.194640138
R05,116736,2.64707482993,535,82.4299065421,0.00911846849313,0,0.605376028338,136.612534399,0.701979862602,0,267.194640138
R05,117248,2.65868480726,267,165.168539326,0.00333415802926,1,138.29925309,23.7082473965,14.7136289951,0.506484099951,267.363264406
R05,117248,2.65868480726,535,82.4299065421,0.00805039791981,0,0.495616228429,138.292960696,0.447595685881,0,267.363264406
R05,117760,2.67029478458,267,165.168539326,0.00298539079677,1,139.42358912,29.2769452997,15.1067552419,0.290647645539,267.266879581
R05,117760,2.67029478458,535,82.4299065421,0.0074986425861,0,0.284203380391,139.432778496,0.263201723301,0,267.266879581
R05,118272,2.6819047619,267,165.168539326,0.00274783284303,1,140.520616854,35.2744622151,15.576025783,0.0284066557951,267.185793803
R05,118272,2.6819047619,535,82.4299065421,0.00673123989904,0,0.0319346914912,140.462701644,0.239732644383,0,267.185793803
R05,118784,2.69351473923,267,165.168539326,0.00284171388399,1,141.133628718,41.5529893796,16.1551770651,0.37107524699,267.157427256
R05,118784,2.69351473923,534,82.5842696629,0.00686545008888,0,0.37107524699,141.133628718,0.588132238187,0,267.157427256
R05,119296,2.70512471655,267,165.168539326,0.00273925992934,1,139.883026992,46.9952113934,16.9629404082,0.508991496155,266.936750709
R05,119296,2.70512471655,534,82.5842696629,0.00723309031926,0,0.508991496155,139.883026992,0.858231867201,0,266.936750709
R05,119808,2.71673469388,267,165.168539326,0.0030975635031,1,136.393336227,50.053756196,17.8521708437,0.442572690965,266.950290485
R05,119808,2.71673469388,534,82.5842696629,0.00789647432868,0,0.442572690965,136.393336227,0.875256174341,0,266.950290485
R05,120320,2.7283446712,267,165.168539326,0.00318494889151,1,130.660913143,49.9000986595,18.5008489045,0.270396037178,266.887146245
R05,120320,2.7283446712,534,82.5842696629,0.00825151573003,0,0.270396037178,130.660913143,0.738460891255,0,266.887146245
R05,120832,2.73995464853,267,165.168539326,0.0034231518652,1,123.234329846,46.8188976092,18.5507694373,0.358670587125,266.741779017
R05,120832,2.73995464853,533,82.7392120075,0.00851104687814,0,0.35444733727,123.302975429,0.737652741055,0,266.741779017
R05,121344,2.75156462585,267,165.168539326,0.0043672418321,1,114.81308891,41.8033183493,17.7160106472,0.695161557711,266.661409381
R05,121344,2.75156462585,533,82.7392120075,0.0101501241954,0,0.695710504243,114.868962578,0.877443481496,0,266.661409381
R05,121856,2.76317460317,42,1050,2.20026521988,0,0.357764688082,0,0,0.200391867979,266.56758974
R05,121856,2.76317460317,267,165.168539326,0.0843040384858,1,105.135243565,36.2613531315,15.6181874492,0.817177137572,266.56758974
R05,121856,2.76317460317,533,82.7392120075,0.0564765903165,0,0.817095009958,105.22290364,1.06971242475,0,266.56758974
R05,122368,2.7747845805,22,2004.54545455,2.01211100948,0,0,0,0,1.91611470428,266.391415617
R05,122368,2.7747845805,40,1102.5,2.14600781303,0,1.60984105565,0,0,2.43943299345,266.391415617
R05,122368,2.7747845805,266,165.789473684,0.10252762729,1,93.4019866027,31.2765423499,10.3402153336,0.615841672339,266.391415617
R05,122368,2.7747845805,533,82.7392120075,0.113694691396,0,0.636730552026,93.3542814694,2.66919725304,0,266.391415617
R05,122880,2.78639455782,23,1917.39130435,1.97965273038,0,2.13887934331,0,0,4.5283899868,266.627062932
R05,122880,2.78639455782,267,165.168539326,0.123187056004,1,80.1573334721,29.3656862323,7.44298532452,1.2292409484,266.627062932
R05,122880,2.78639455782,534,82.5842696629,0.136662073563,0,1.2292409484,80.1573334721,4.94696970934,0,266.627062932
R05,123392,2.79800453515,24,1837.5,1.93698105668,0,2.66027350155,0,0,5.9798340591,266.536566549
R05,123392,2.79800453515,267,165.168539326,0.148869394327,1,68.6272980641,27.1155769092,6.14462971683,1.92679947701,266.536566549
R05,123392,2.79800453515,533,82.7392120075,0.163305555356,0,1.91872061238,68.7624133076,6.48920847175,0,266.536566549
R05,123904,2.80961451247,25,1764,1.88319004366,0,2.63706275296,0,0,5.58210001207,0
R05,123904,2.80961451247,266,165.789473684,0.176400547709,0,60.6872759191,23.5305579403,6.16337933556,1.98060782428,0
R05,123904,2.80961451247,534,82.5842696629,0.19176461311,0,1.98971499753,60.6512673059,6.49235056373,0,0
R05,124416,2.8212244898,26,1696.15384615,1.82570261831,0,2.0160794132,0,0,4.03166279368,0
R05,124416,2.8212244898,266,165.789473684,0.207338463598,0,56.7016805504,20.511859161,6.16270118994,1.28883024229,0
R05,124416,2.8212244898,534,82.5842696629,0.223987217322,0,1.30193061357,56.7921276378,4.99678652942,0,0
R05,124928,2.83283446712,27,1633.33333333,1.77235529106,0,0.482326361194,0,0,4.57840902772,0
R05,124928,2.83283446712,39,1130.76923077,1.80249656667,0,1.26903620068,0,0,1.70792574478,0
R05,124928,2.83283446712,266,165.789473684,0.241162685583,0,55.8320349336,17.8143830709,5.56924654453,0.357249744438,0
R05,124928,2.83283446712,533,82.7392120075,0.255319423643,0,0.374186497494,55.9112877676,2.74384475778,0,0
R05,125440,2.84444444444,27,1633.33333333,1.73163371098,0,0.471399043757,0,0,2.9113440538,266.710986054
R05,125440,2.84444444444,40,1102.5,1.7528563598,0,0.125700646682,0,0,0.205432828613,266.710986054
R05,125440,2.84444444444,267,165.168539326,0.147143295489,1,55.6611167714,16.2424253226,5.18440716695,0.515444681272,266.710986054
R05,125440,2.84444444444,533,82.7392120075,0.148131619275,0,0.512671306416,55.6663141147,0.977689265469,0,266.710986054
R05,125952,2.85605442177,267,165.168539326,0.00599617594004,1,54.2799220404,14.4290549355,4.92281426187,0.551437739333,267.122558486
R05,125952,2.85605442177,534,82.5842696629,0.0100742892602,0,0.551437739333,54.2799220404,0.376865057246,0,267.122558486
R05,126464,2.86766439909,41,1075.6097561,2.41727683094,0,0.0862428512982,0,0,0.0674011933591,267.044603606
R05,126464,2.86766439909,267,165.168539326,0.0224963064666,1,52.2176306407,12.20585957,4.50575828418,0.370269830301,267.044603606
R05,126464,2.86766439909,534,82.5842696629,0.0254782718298,0,0.370269830301,52.2176306407,0.0678188290408,0,267.044603606
R05,126976,2.87927437642,26,1696.15384615,2.22609954788,0,0.0574706074571,0,0,0.36676898086,266.733485817
R05,126976,2.87927437642,37,1191.89189189,2.2206914916,0,0.30663398715,0,0,0.145868486052,266.733485817
R05,126976,2.87927437642,267,165.168539326,0.11638854826,1,50.5570511055,9.446733615,3.79790734868,0.27790333148,266.733485817
R05,126976,2.87927437642,534,82.5842696629,0.128045396975,0,0.27790333148,50.5570511055,0.814295956371,0,266.733485817
R05,127488,2.89088435374,263,167.680608365,0.422928638642,0,50.7690242732,5.75782507367,1.78560005391,2.33544806436,0
R05,127488,2.89088435374,516,85.4651162791,0.281528460211,0,2.56775025297,45.3420339768,3.971998542,0,0
R05,128000,2.90249433107,262,168.320610687,0.465807001052,0,53.3410130872,1.0191383121,1.43520872466,7.43544078414,0
R05,128000,2.90249433107,518,85.1351351351,0.447133401098,0,7.70007922165,51.7598724041,9.54534386497,0,0
R05,128512,2.91410430839,22,2004.54545455,2.26955089881,0,0,0,0,2.15656129803,0
R05,128512,2.91410430839,261,168.965517241,0.502393337985,0,53.3814736252,4.9187094097,1.89701746866,13.2288041698,0
R05,128512,2.91410430839,516,85.4651162791,0.478967143749,0,13.4882387459,51.8884086468,14.4015862174,0,0
R05,129024,2.92571428571,24,1837.5,2.27099190697,0,0.442484413217,0,0,0.897989829343,0
R05,129024,2.92571428571,259,170.27027027,0.535790062517,0,45.6884820312,8.1359876547,2.20994349626,15.5749345813,0
R05,129024,2.92571428571,514,85.7976653696,0.511264286786,0,15.6312710194,43.790899876,15.794814902,0,0
R05,129536,2.93732426304,25,1764,2.26621266973,0,0.391532383635,0,0,2.74286837793,0
R05,129536,2.93732426304,257,171.595330739,0.572274783584,0,29.5104055884,7.09399822231,2.3405582469,12.8435814969,0
R05,129536,2.93732426304,512,86.1328125,0.539074587202,0,12.7887069645,27.8945034417,12.9129646602,0,0
R05,130048,2.94893424036,26,1696.15384615,2.2566178658,0,0.14276749497,0,0,1.30187210863,0
R05,130048,2.94893424036,254,173.622047244,0.608055220985,0,10.9896364512,2.15690560597,1.55132909816,6.59102272629,0
R05,130048,2.94893424036,510,86.4705882353,0.550348985553,0,6.71013735276,13.0492047444,7.29439238979,0,0
R05,130560,2.96054421769,256,172.265625,0.64604235049,0,15.6314781669,2.07942617061,0.42860865749,2.00054799097,0
R05,130560,2.96054421769,530,83.2075471698,0.534181879443,0,3.17985028719,25.4253195546,2.1839996071,0,0
R05,131072,2.97215419501,284,155.281690141,0.452314583572,0,14.0824845522,0.550799320481,0.0166899421739,0,0
R05,131584,2.98376417234,44,1002.27272727,2.56123671614,0,0.227213517022,0,0,2.06337476245,535.034081807
R05,131584,2.98376417234,267,165.168539326,0.167065015147,0,22.0772511969,5.84211924506,2.52002662246,0.750123941636,535.034081807
R05,131584,2.98376417234,535,82.4299065421,0.120465247123,1,0.74573531915,22.1300201527,0.425018639899,0,535.034081807
R05,132096,2.99537414966,44,1002.27272727,2.50958601549,0,0.186309874894,0,0,2.25420923378,267.319609983
R05,132096,2.99537414966,267,165.168539326,0.0554022341642,1,20.7566488765,4.93296440155,2.65223290835,0.303642198918,267.319609983
R05,132096,2.99537414966,535,82.4299065421,0.0613430408941,0,0.308156343525,20.8176395018,0.566512129403,0,267.319609983
R05,132608,3.00698412698,44,1002.27272727,2.47938261688,0,0.109900763267,0,0,2.30569921472,267.713496549
R05,132608,3.00698412698,268,164.552238806,0.0349944353677,1,19.8831685653,4.11295479309,2.64158354047,0.0731736420238,267.713496549
R05,132608,3.00698412698,536,82.276119403,0.0424529125545,0,0.0731736420238,19.8831685653,0.875224971788,0,267.713496549
R05,133120,3.01859410431,43,1025.58139535,2.44289374069,0,0.086562399535,0,0,0.534456511931,267.596239843
R05,133120,3.01859410431,268,164.552238806,0.0347018198057,1,19.0627804833,3.41131796002,2.57388335084,0.119329124479,267.596239843
R05,133120,3.01859410431,536,82.276119403,0.0496444656986,0,0.119329124479,19.0627804833,0.880451941249,0,267.596239843
R05,133632,3.03020408163,43,1025.58139535,2.41230703878,0,0.0896496849943,0,0,0.427917043167,267.5128167
R05,133632,3.03020408163,69,639.130434783,2.40419330674,0,0.0612084136563,0.0351608705603,0.0256537181341,2.32660596945,267.5128167
R05,133632,3.03020408163,268,164.552238806,0.0445772821839,1,18.2070167424,2.74711974433,2.37473309476,0.237106056851,267.5128167
R05,133632,3.03020408163,535,82.4299065421,0.0580675847008,0,0.234897716897,18.1626405003,0.626271802109,0,267.5128167
R05,134144,3.04181405896,43,1025.58139535,2.41442568047,0,0.0718571887301,0,0,0.217730857609,267.541807634
R05,134144,3.04181405896,68,648.529411765,2.42127657977,0,0.651425249512,0.267502165838,0.119503765318,2.29987533356,267.541807634
R05,134144,3.04181405896,268,164.552238806,0.0442065445111,1,17.2751593281,2.13822108212,2.06970913627,0.309704559741,267.541807634
R05,134144,3.04181405896,535,82.4299065421,0.0631560793621,0,0.311992206018,17.2353222358,0.263673802035,0,267.541807634
R05,134656,3.05342403628,43,1025.58139535,2.40746333735,0,0.0652203000762,0,0,0.0263731014711,267.399117778
R05,134656,3.05342403628,68,648.529411765,2.42927704564,0,0.67272275903,0.283813253825,0.0697400784026,1.63397935644,267.399117778
R05,134656,3.05342403628,267,165.168539326,0.043044036077,1,16.3249182179,1.47991017095,1.63515173625,0.250633913858,267.399117778
R05,134656,3.05342403628,535,82.4299065421,0.0587880544729,0,0.245424542788,16.3681013942,0.196068663187,0,267.399117778
R05,135168,3.06503401361,43,1025.58139535,2.46011174754,0,0.0471757235255,0,0,0.234428882067,267.531644944
R05,135168,3.06503401361,70,630,2.4574383333,0,0.147177239969,0.0688214792978,0.024338757314,1.01893329066,267.531644944
R05,135168,3.06503401361,268,164.552238806,0.0383823576432,1,15.6266114599,0.86798310401,1.3329536898,0.208692303115,267.531644944
R05,135168,3.06503401361,536,82.276119403,0.0541204007897,0,0.208692303115,15.6266114599,0.436302485378,0,267.531644944
R05,135680,3.07664399093,42,1050,2.49740875878,0,0.031541308066,0,0,0.142731604355,267.257594312
R05,135680,3.07664399093,267,165.168539326,0.0353915452436,1,15.1488380857,0.468627170784,0.927605679427,0.153131270729,267.257594312
R05,135680,3.07664399093,535,82.4299065421,0.0542425727878,0,0.146759991094,15.1567763785,0.645259005655,0,267.257594312
R05,136192,3.08825396825,42,1050,2.50035067324,0,0.045200666142,0,0,0.145047012933,267.367768716
R05,136192,3.08825396825,267,165.168539326,0.0412480030809,1,14.840245099,0.686494943357,0.698324597922,0.28544714778,267.367768716
R05,136192,3.08825396825,534,82.5842696629,0.0575161812196,0,0.28544714778,14.840245099,0.695852349964,0,267.367768716
R05,136704,3.09986394558,41,1075.6097561,2.51118579481,0,0.0258726516642,0,0,0.0936076013986,267.112604481
R05,136704,3.09986394558,267,165.168539326,0.0415995374813,1,14.376293574,1.19658059164,0.60983392147,0.496600381854,267.112604481
R05,136704,3.09986394558,534,82.5842696629,0.0573179102694,0,0.496600381854,14.376293574,0.537047694834,0,267.112604481
R05,137216,3.1114739229,41,1075.6097561,2.53088739666,0,0.0249547666501,0,0,0.0785127806501,266.939959812
R05,137216,3.1114739229,267,165.168539326,0.0419420382191,1,13.5309931534,1.86333044249,0.589662927386,0.724298773102,266.939959812
R05,137216,3.1114739229,534,82.5842696629,0.0567016589069,0,0.724298773102,13.5309931534,0.357955932201,0,266.939959812
R05,137728,3.12308390023,41,1075.6097561,2.51543768827,0,0.0213117582986,0,0,0.0646839023389,266.934484188
R05,137728,3.12308390023,267,165.168539326,0.0456554753444,1,12.4524570614,2.55261049874,0.566218087346,0.814730569434,266.934484188
R05,137728,3.12308390023,534,82.5842696629,0.0608208187647,0,0.814730569434,12.4524570614,0.2068507454,0,266.934484188
R05,138240,3.13469387755,40,1102.5,2.50058814624,0,0.0736759671689,0,0,0.0315999541332,267.136453944
R05,138240,3.13469387755,267,165.168539326,0.0524833514564,1,11.3294535189,2.97942805293,0.535498965102,0.72263861025,267.136453944
R05,138240,3.13469387755,534,82.5842696629,0.0735145209787,0,0.72263861025,11.3294535189,0.0539072055341,0,267.136453944
R05,138752,3.14630385488,41,1075.6097561,2.47301424427,0,0.0124653937969,0,0,0.0875599266148,267.105064285
R05,138752,3.14630385488,267,165.168539326,0.0551632394817,1,10.3302338653,2.91626162152,0.511944502806,0.512266452527,267.105064285
R05,138752,3.14630385488,534,82.5842696629,0.079661734214,0,0.512266452527,10.3302338653,0.0342272027631,0,267.105064285
R05,139264,3.1579138322,41,1075.6097561,2.39555932291,0,0.0142139149653,0,0,0.10505338976,266.988713442
R05,139264,3.1579138322,267,165.168539326,0.0724617832536,1,9.60817135959,2.44330949358,0.501610803834,0.336449422634,266.988713442
R05,139264,3.1579138322,534,82.5842696629,0.0901804625149,0,0.336449422634,9.60817135959,0.0322403788945,0,266.988713442
R05,139776,3.16952380952,42,1050,2.32665584612,0,0.061849951447,0,0,0.152662249171,267.109358173
R05,139776,3.16952380952,68,648.529411765,2.34035062495,0,0.489323926234,0.126978485134,0.0146953785604,1.17595031863,267.109358173
R05,139776,3.16952380952,267,165.168539326,0.075359115638,1,9.00810710328,1.91857914432,0.485958520619,0.302304681624,267.109358173
R05,139776,3.16952380952,404,109.158415842,1.66463046844,0,0.646545742752,1.04822873392,1.64072259574,0,267.109358173
R05,139776,3.16952380952,534,82.5842696629,0.0955541909487,0,0.302304681624,9.00810710328,0.0930363497036,0,267.109358173
R05,140288,3.18113378685,42,1050,2.25381370547,0,0.0675205781541,0,0,0.099574773272,266.971957564
R05,140288,3.18113378685,66,668.181818182,2.31277242985,0,0.297795665151,0.0598958660345,0,1.51306253498,266.971957564
R05,140288,3.18113378685,267,165.168539326,0.0762265324609,1,8.39078475159,1.59120928434,0.439175140852,0.368578226496,266.971957564
R05,140288,3.18113378685,404,109.158415842,1.67793731888,0,0.666202686442,1.07735876992,1.45902579151,0,266.971957564
R05,140288,3.18113378685,534,82.5842696629,0.105824679645,0,0.368578226496,8.39078475159,0.233700248282,0,266.971957564
R05,140800,3.19274376417,42,1050,2.2123889788,0,0.0811249492057,0,0,0.0529945837993,267.199270092
R05,140800,3.19274376417,66,668.181818182,2.26253607578,0,0.389065527004,0.0970915487558,0,1.18219310216,267.199270092
R05,140800,3.19274376417,92,479.347826087,2.16045461507,0,0.330056410327,0.0484502747543,0.0155125448357,0.156492497891,267.199270092
R05,140800,3.19274376417,267,165.168539326,0.0826201443532,1,7.69782562043,1.45102070838,0.366755685937,0.369171599161,267.199270092
R05,140800,3.19274376417,403,109.429280397,1.67228458098,0,0.652004086851,0.974609373887,1.48937989866,0,267.199270092
R05,140800,3.19274376417,535,82.4299065421,0.115422287151,0,0.369988337487,7.72704717878,0.340489507458,0,267.199270092
R05,141824,3.21596371882,43,1025.58139535,2.16079799389,0,0.117951776118,0,0,0.136191365874,267.408030174
R05,141824,3.21596371882,67,658.208955224,2.21152509373,0,0.751198735337,0.193571793335,1.10818114291,1.72611010655,267.408030174
R05,141824,3.21596371882,92,479.347826087,2.1044614369,0,0.382803967708,0.100851188858,0.0222021243291,0.291278031738,267.408030174
R05,141824,3.21596371882,267,165.168539326,0.110733897088,1,5.98031992085,1.68839508279,0.463586546794,0.163244444753,267.408030174
R05,141824,3.21596371882,284,155.281690141,0.227552144324,0,4.33238410276,0.232324033828,0.15574412971,0,267.408030174
R05,141824,3.21596371882,402,109.701492537,1.63457081739,0,0.45266817704,0.714064512827,1.72611010655,0,267.408030174
R05,141824,3.21596371882,535,82.4299065421,0.127783264998,0,0.159581793032,6.01129525177,0.425577343965,0,267.408030174
R05,141824,3.21596371882,551,80.0362976407,0.218807171521,0,0.0953469174974,5.7391380268,0.304664361344,0,267.408030174
R05,144384,3.27401360544,43,1025.58139535,2.10657769865,0,0.0154838401544,0,0,0.0295944290969,0
R05,144384,3.27401360544,67,658.208955224,2.06592072772,0,0.411100765103,0.195972916814,0.376201292643,1.05664356435,0
R05,144384,3.27401360544,267,165.168539326,0.302981836731,0,3.05994808366,1.02801894671,0.630458886277,0.356260189967,0
R05,144384,3.27401360544,534,82.5842696629,0.328283715386,0,0.356260189967,3.05994808366,0.233533971516,0,0
R05,145408,3.29723356009,43,1025.58139535,2.17878291828,0,0.0165037885061,0,0,0.138063075123,0
R05,145408,3.29723356009,69,639.130434783,2.11427843215,0,0.132114628984,0.00756948680246,0.023883368831,0.667550827332,0
R05,145408,3.29723356009,267,165.168539326,0.285508523103,0,2.96250320031,0.961479724327,0.472810918311,0.529746539813,0
R05,145408,3.29723356009,535,82.4299065421,0.327699680444,0,0.526513253967,2.99024483629,0.548886001551,0,0
R05,145920,3.30884353741,43,1025.58139535,2.24706761986,0,0.037616590437,0,0,0.145259853501,0
R05,145920,3.30884353741,268,164.552238806,0.252144022762,0,3.15622578188,1.24266792168,0.4475950112,0.612133798397,0
R05,145920,3.30884353741,536,82.276119403,0.2856941363,0,0.612133798397,3.15622578188,0.577024282515,0,0
R05,146432,3.32045351474,44,1002.27272727,2.33512189935,0,0.0835558369765,0,0,0.1887750128,0
R05,146432,3.32045351474,267,165.168539326,0.260758541285,0,3.3492216089,1.49307062504,0.380159040455,0.568367832107,0
R05,146432,3.32045351474,398,110.804020101,1.5263937528,0,0.188801412131,0.265162846514,1.40336498233,0,0
R05,146432,3.32045351474,535,82.4299065421,0.273704060273,0,0.568092072989,3.37753011476,0.442955830243,0,0
R05,146944,3.33206349206,44,1002.27272727,2.3617799015,0,0.113662674372,0,0,0.272097256661,0
R05,146944,3.33206349206,267,165.168539326,0.278088238442,0,3.64460180926,1.69880043317,0.415141632943,0.438340090735,0
R05,146944,3.33206349206,536,82.276119403,0.301946753755,0,0.438958672014,3.68280485234,0.19008228475,0,0
R05,147456,3.34367346939,44,1002.27272727,2.39238780138,0,0.128313559632,0,0,0.294845126566,0
R05,147456,3.34367346939,267,165.168539326,0.285246868944,0,3.87109320006,1.77671334201,0.460846121874,0.28080657348,0
R05,147456,3.34367346939,398,110.804020101,1.56318497616,0,0.533135670723,0.344429666983,1.71648383716,0,0
R05,147456,3.34367346939,535,82.4299065421,0.333749760336,0,0.283074193179,3.88771936254,0.245800173924,0,0
R05,147968,3.35528344671,44,1002.27272727,2.42585280638,0,0.124841142893,0,0,0.359603847447,0
R05,147968,3.35528344671,267,165.168539326,0.218595665563,0,4.01473809415,1.67998796041,0.525659067155,0.116728985337,0
R05,147968,3.35528344671,534,82.5842696629,0.304141417672,0,0.116728985337,4.01473809415,0.450247191157,0,0
R05,148480,3.36689342404,45,980,2.45978121683,0,0.0690887182416,0.0894067208557,0,0.565703811492,0
R05,148480,3.36689342404,267,165.168539326,0.203944685865,0,4.2259844864,1.44697042537,0.606512465941,0.0561747875547,0
R05,148480,3.36689342404,534,82.5842696629,0.288023336275,0,0.0561747875547,4.2259844864,0.457560098818,0,0
R05,148992,3.37850340136,46,958.695652174,2.47791130139,0,0.00746912603616,0.0177452138963,0,0.228140731252,0
R05,148992,3.37850340136,267,165.168539326,0.249996556056,0,4.55789262389,1.18901376223,0.642738899301,0.16360039925,0
R05,148992,3.37850340136,534,82.5842696629,0.324109474871,0,0.16360039925,4.55789262389,0.321970117778,0,0
R05,150528,3.41333333333,46,958.695652174,2.46238196656,0,0.0362107182079,0.0181896304102,0,0.155519151861,0
R05,150528,3.41333333333,267,165.168539326,0.240802318602,0,4.49756423979,0.848284054649,0.409983364793,0.437889457436,0
R05,150528,3.41333333333,533,82.7392120075,0.333078849052,0,0.441950209163,4.48903617,0.108291044439,0,0
R05,151552,3.43655328798,44,1002.27272727,2.48342458729,0,0.0470824205504,0,0,0.220401108934,0
R05,151552,3.43655328798,267,165.168539326,0.237233535519,0,3.50784332323,1.10799968852,0.278834095101,0.430984257881,0
R05,151552,3.43655328798,534,82.5842696629,0.298041068154,0,0.430984257881,3.50784332323,0.140740178643,0,0
R05,152576,3.45977324263,44,1002.27272727,2.46865864994,0,0.0695919996692,0,0,0.168558542149,0
R05,152576,3.45977324263,265,166.41509434,0.271714623411,0,3.34955023774,1.01794815173,0.184593392935,0.0536600543372,0
R05,152576,3.45977324263,533,82.7392120075,0.279878803233,0,0.0370457642105,3.42689025294,0.548238216074,0,0
R05,153088,3.47138321995,45,980,2.47750940809,0,0.0410704805769,0.045517651736,0,0.173222077829,0
R05,153088,3.47138321995,266,165.789473684,0.194572208398,0,3.56540896251,0.98285513622,0.166134531701,0.183556385487,0
R05,153088,3.47138321995,534,82.5842696629,0.209068276955,0,0.183443570537,3.59894915943,0.687815132448,0,0
R05,157696,3.57587301587,27,1633.33333333,0.967146200558,0,0.0250196909164,0,0,0.0581467369087,0
R05,157696,3.57587301587,56,787.5,1.10296409941,0,0.0711616610843,0.0126210631378,0,0.0701119441784,0
R05,157696,3.57587301587,78,565.384615385,1.13383563831,0,0.0205709267236,0.0465578050029,0.0546861834526,0.33631097977,0
R05,157696,3.57587301587,107,412.14953271,1.07937391644,0,0.11856234269,0.0756096775761,0.0431545677056,0.305379936263,0
R05,157696,3.57587301587,145,304.137931034,1.08749695262,0,0.296548030962,0.086388591088,0.026772403088,1.18711373238,0
R05,157696,3.57587301587,157,280.891719745,1.09929736119,0,0.28758686733,0.0370544880539,0.0664144042307,0.419560754041,0
R05,157696,3.57587301587,272,162.132352941,0.849483011257,0,2.17549970649,0.874995447965,0.162383332335,0.413659355627,0
R05,158208,3.5874829932,30,1470,1.10102184824,0,0.277617116159,0,0,0.0612112750904,0
R05,158208,3.5874829932,260,169.615384615,0.875412288181,0,2.05892837082,1.03589122451,0.143580050079,0.546162090473,0
R05,158208,3.5874829932,288,153.125,0.906817190951,0,1.44499642349,0.335243560276,0.310201609029,0,0
R05,158208,3.5874829932,483,91.3043478261,0.758777281949,0,0.279570400124,0.581423266297,0.640419255938,0,0
R05,158208,3.5874829932,513,85.9649122807,0.669714037336,0,0.534765932455,1.46635946307,0.253625800747,0,0
R05,158208,3.5874829932,536,82.276119403,0.49382485246,0,0.514364962723,2.95542744256,0.775767810649,0,0
R05,158720,3.59909297052,30,1470,1.10398254015,0,0.974810245487,0,0,0.127241977539,0
R05,158720,3.59909297052,260,169.615384615,0.896901959427,0,3.48512096976,2.04069479964,0.699202510717,1.24304213103,0
R05,158720,3.59909297052,287,153.658536585,0.933794001612,0,3.2993257305,1.81633747348,0.952561755525,0,0
R05,158720,3.59909297052,514,85.7976653696,0.915290723072,0,1.27966554815,2.8292339937,1.70440396931,0,0
R05,158720,3.59909297052,542,81.3653136531,0.887293200715,0,1.02009371703,4.89070675318,1.90906512353,0,0
R05,159232,3.61070294785,30,1470,1.10529899298,0,1.68377330813,0,0,0.255988145805,0
R05,159232,3.61070294785,260,169.615384615,0.8965250831,0,5.93870147618,2.76445418135,1.33132020716,2.2761282304,0
R05,159232,3.61070294785,287,153.658536585,0.93516862613,0,5.51779896321,3.24024784547,1.50859848697,0,0
R05,159232,3.61070294785,514,85.7976653696,0.918141973499,0,2.29555626404,5.47565822235,3.01724735344,0,0
R05,159232,3.61070294785,542,81.3653136531,0.888701339302,0,2.18673236752,6.84104950265,3.11928632107,0,0
R05,159744,3.62231292517,30,1470,1.11091366096,0,1.98250863769,0,0,0.345142662986,0
R05,159744,3.62231292517,260,169.615384615,0.89081073564,0,7.62437127218,2.7572831474,1.60330233733,2.84759706856,0
R05,159744,3.62231292517,287,153.658536585,0.923408828168,0,6.25148392086,3.84819575079,1.68807862821,0,0
R05,159744,3.62231292517,515,85.6310679612,0.921527844683,0,2.8267564993,7.37798730405,3.42343668627,0,0
R05,159744,3.62231292517,543,81.2154696133,0.887537339992,0,2.95252429427,7.81515312131,3.49371095319,0,0
R05,160256,3.63392290249,28,1575,1.50725307363,0,1.34382853618,0,0,0.574495463363,0
R05,160256,3.63392290249,246,179.268292683,0.736247674305,0,5.85206766509,2.20904706463,1.2823436562,2.54872407729,0
R05,160256,3.63392290249,511,86.301369863,0.850430610538,0,2.56717189635,6.86655713349,2.87023174109,0,0
R05,160256,3.63392290249,541,81.5157116451,0.843408992681,0,2.63817898106,7.58073090172,2.87140802214,0,0
R05,160768,3.64553287982,28,1575,1.67960444822,0,0.843128980975,0,0,0.34440780518,0
R05,160768,3.64553287982,259,170.27027027,0.737236245256,0,2.48680733761,1.09514789804,0.825961265954,1.59745634247,0
R05,161280,3.65714285714,27,1633.33333333,1.68273550124,0,0.222998771957,0,0,0.297308185214,0
R05,161280,3.65714285714,259,170.27027027,0.750946788663,0,7.14280053142,1.14293660065,0.207951741826,4.1029291925,0
R05,161280,3.65714285714,509,86.6404715128,0.883278702017,0,4.47740973002,7.31996572776,2.80428678692,0,0
R05,161280,3.65714285714,536,82.276119403,0.88250040446,0,3.78100874734,11.0736650333,2.81701175307,0,0
R05,161792,3.66875283447,25,1764,2.14217394936,0,0.035657425713,0,0,0.294974429317,0
R05,161792,3.66875283447,258,170.930232558,0.718651711768,0,14.9566760534,1.8597879815,0.34170925965,7.55787017675,0
R05,161792,3.66875283447,507,86.9822485207,0.912959438718,0,7.63999116714,14.8140101191,5.18152298392,0,0
R05,163328,3.70358276644,231,190.909090909,0.700220135591,0,6.80858323529,0.760765916966,0.147536044371,3.14358033506,0
R05,163328,3.70358276644,263,167.680608365,0.685051189914,0,9.66777047696,1.21414841238,0.443266484532,4.1708765887,0
R05,163328,3.70358276644,522,84.4827586207,0.866264753211,0,4.077674337,10.041646692,3.05344485329,0,0
R05,163840,3.71519274376,53,832.075471698,2.22179310192,0,0.878231872756,0.11134105823,0,1.3988628267,0
R05,163840,3.71519274376,277,159.205776173,0.841657927285,0,5.6781048209,1.54877649706,1.17596642349,0,0
R05,164352,3.72680272109,53,832.075471698,2.12560641418,0,1.95267294795,0.179343731311,0,2.6640019136,0
R05,164352,3.72680272109,293,150.511945392,0.900144908926,0,15.5301261684,3.93723906002,2.56179450342,0,0
R05,164864,3.73841269841,52,848.076923077,2.09796652727,0,2.65540958892,0.205239775517,0,3.47494077684,0
R05,164864,3.73841269841,294,150,0.901914267106,0,24.1985073837,5.71475501804,3.57822893641,0,0
R05,168960,3.83129251701,118,373.728813559,0.614179369352,0,0.0328830619884,0.0498810573134,0.0224008112556,0.142805281037,0
R05,168960,3.83129251701,131,336.641221374,0.632456135278,0,0.387733925691,0.0845476865738,0.0133384476819,2.59348873708,0
R05,168960,3.83129251701,247,178.542510121,0.715448047124,0,0.974224626475,0.0718370419431,0.0340292755409,0.286819505799,0
R05,168960,3.83129251701,527,83.6812144213,0.82205988154,0,0.354720321894,2.67500617275,0.29261326184,0,0
R05,169472,3.84290249433,163,270.552147239,0.9148130757,0,0.658816879195,0.510519355232,0.322417755663,0.400680099222,0
R05,169472,3.84290249433,278,158.633093525,0.93344619092,0,2.24884591337,0.592721861362,0.491536944516,0,0
R05,169472,3.84290249433,361,122.16066482,1.0034994524,0,0.561563375907,0.851010809606,0.662853393499,0,0
R05,169472,3.84290249433,534,82.5842696629,0.84791612065,0,0.323026060621,2.25247965527,0.89123818627,0,0
R05,169984,3.85451247166,167,264.071856287,0.975367977851,0,2.09120108205,1.61025556274,0.890266255552,0.913175356041,0
R05,169984,3.85451247166,269,163.940520446,0.972451800775,0,1.52313394054,2.44900870603,1.54596451573,0.496438469426,0
R05,169984,3.85451247166,370,119.189189189,1.01954725576,0,0.269492058457,1.83246669863,1.73353181458,0,0
R05,169984,3.85451247166,404,109.158415842,1.02676684286,0,0.484713310219,1.69469256619,2.43162500858,0,0
R05,169984,3.85451247166,523,84.3212237094,0.95069646295,0,0.582461104357,0.765360849311,2.11605976915,0,0
R05,170496,3.86612244898,313,140.89456869,0.645744340799,0,2.2110851057,3.20848720352,2.00708664457,0,0
R05,170496,3.86612244898,448,98.4375,0.740968816319,0,0.985645512554,0.903816279692,3.724251531,0,0
R05,170496,3.86612244898,525,84,0.658708510859,0,1.13815171794,2.40302554929,3.94656092622,0,0
R05,171008,3.8777324263,306,144.117647059,0.792151260125,0,7.3332119973,4.67674524972,1.49828464482,0,0
R05,171520,3.88934240363,31,1422.58064516,2.27367404745,0,0.902438158882,0,0,1.56196142575,0
R05,171520,3.88934240363,315,140,0.614597947541,0,16.6254824354,1.61453056919,3.97324447248,0,0
R05,171520,3.88934240363,367,120.163487738,0.679930100772,0,20.7889508485,4.6183548121,3.16025610902,0,0
R05,171520,3.88934240363,400,110.25,0.707980843231,0,17.2253415975,2.71840758961,6.74468541763,0,0
R05,172032,3.90095238095,30,1470,2.28015147095,0,0.838296212515,0,0,2.10910495357,0
R05,172032,3.90095238095,301,146.511627907,0.805899968488,0,20.0356110468,5.9840923462,3.57872771386,0,0
R05,172544,3.91256235828,31,1422.58064516,2.06475274384,0,1.96509592057,0,0,0.705993424045,0
R05,172544,3.91256235828,297,148.484848485,0.846108584622,0,33.3614071818,8.77757417816,1.00896943293,0,0
R05,173056,3.9241723356,30,1470,2.20063569695,0,1.70564864795,0,0,1.70474813385,0
R05,173056,3.9241723356,302,146.026490066,0.817270182142,0,38.1122593528,5.44506706276,3.32971002952,0,0
R05,173568,3.93578231293,29,1520.68965517,2.20236046374,0,0.823480628214,0,0,2.68430934669,0
R05,173568,3.93578231293,300,147,0.831020834358,0,42.0014575244,3.95657244487,4.66778988738,0,0
R05,174080,3.94739229025,29,1520.68965517,2.20266508152,0,1.463582689,0,0,3.18409346332,0
R05,174080,3.94739229025,301,146.511627907,0.819245903751,0,45.823778974,5.2722466929,5.20851709152,0,0
R05,174592,3.95900226757,30,1470,2.16757777269,0,2.47515525683,0,0,2.82050602362,0
R05,174592,3.95900226757,298,147.986577181,0.83907267031,0,45.9202294364,8.24527693183,5.11574667906,0,0
R05,175616,3.98222222222,29,1520.68965517,2.13725337489,0,0.963841995294,0,0,1.40154579837,0
R05,175616,3.98222222222,298,147.986577181,0.85762446834,0,28.1777633185,3.53996853155,1.84333433105,0,0
R05,176128,3.99383219955,30,1470,2.13273272372,0,0.223227110121,0,0,0.283533801211,0
R05,176128,3.99383219955,297,148.484848485,0.840281304343,0,9.0399111898,0.714775552826,0.304947881288,0,0
R05,176128,3.99383219955,424,104.009433962,1.04913159187,0,8.31343786644,5.09505644176,1.09170656251,0,0
R05,176640,4.00544217687,275,160.363636364,0.772570197274,0,1.61315171845,0.160297994309,0.208851482827,4.03497808106,0
R05,177152,4.0170521542,48,918.75,2.06530847054,0,0.413864909376,0.137516186627,0,0.626660862882,0
R05,177152,4.0170521542,352,125.284090909,0.75860821984,0,4.60588133914,1.05955362544,0.44713192804,0,0
R05,177664,4.02866213152,36,1225,2.22043182767,0,1.25459592595,0,0,3.32707464994,0
R05,177664,4.02866213152,56,787.5,2.21927155006,0,2.1455721431,0.118207185561,0,1.56022340425,0
R05,177664,4.02866213152,260,169.615384615,0.738278231454,0,11.8234626776,1.31596455399,1.88107102491,12.0720472094,0
R05,178176,4.04027210884,36,1225,2.2117983171,0,2.39941238398,0,0,4.37411660084,0
R05,178176,4.04027210884,56,787.5,2.21451944578,0,3.86463607198,0.510640344491,0,3.42815027532,0
R05,178176,4.04027210884,292,151.02739726,0.838806629196,0,37.6515314406,1.0802355465,2.08203915122,0,0
R05,178688,4.05188208617,36,1225,2.11106007471,0,3.59760407496,0,0,3.06509146744,0
R05,178688,4.05188208617,298,147.986577181,0.806314534004,0,54.4188630543,3.79504899532,5.6634786595,0,0
R05,178688,4.05188208617,518,85.1351351351,0.856767397598,0,18.2816792223,29.3652738581,10.334540523,0,0
R05,179200,4.06349206349,36,1225,2.14756868198,0,4.72937495267,0,0,2.24003763737,0
R05,179200,4.06349206349,303,145.544554455,0.801671309786,0,45.8492979606,9.13701457651,6.99247699428,0,0
R05,179712,4.07510204082,36,1225,2.15388877825,0,5.37157533428,0,0,5.25633811479,0
R05,179712,4.07510204082,302,146.026490066,0.867856175412,0,26.9599853535,9.37717234387,7.64948849322,0,0
R05,180224,4.08671201814,35,1260,2.17441866017,0,0.904670102144,0,0,9.22280491344,0
R05,180224,4.08671201814,63,700,2.24144735378,0,6.07282840462,1.83692841613,0,3.55873582745,0
R05,180224,4.08671201814,304,145.065789474,0.813954024508,0,36.3707123218,6.4144616495,4.85203278484,0,0
R05,180736,4.09832199546,33,1336.36363636,2.22013671908,0,0.784337683636,0,0,8.7882366139,0
R05,180736,4.09832199546,301,146.511627907,0.816640794918,0,55.0877507423,2.67470915652,4.18475175183,0,0
R05,181248,4.10993197279,33,1336.36363636,2.18789009873,0,1.29534642459,0,0,7.62752933354,0
R05,181248,4.10993197279,69,639.130434783,2.27111587856,0,7.51770893623,0.135676072686,0.314096261104,15.4139545653,0
R05,181248,4.10993197279,303,145.544554455,0.821811807334,0,51.668247679,0.631817528249,1.6333757821,0,0
R05,184320,4.17959183673,344,128.197674419,0.623136341689,0,1.62704175508,0.476541628562,0.195213173428,0,0
R05,184832,4.19120181406,28,1575,2.30069696873,0,0.0261558108937,0,0,0.210732453082,0
R05,184832,4.19120181406,292,151.02739726,0.406497907257,0,0.570271403303,0.232184793184,0.180159811551,0,0
R05,185344,4.20281179138,27,1633.33333333,2.38787597904,0,0.192186874406,0,0,0.47966632279,0
R05,185344,4.20281179138,308,143.181818182,0.63580702115,0,6.70362029272,0.559244969744,0.940266486285,0,0
R05,185856,4.21442176871,27,1633.33333333,2.39215854345,0,0.378563263466,0,0,0.944454625488,0
R05,185856,4.21442176871,308,143.181818182,0.656315504639,0,17.2198839437,1.47357094785,1.60485967142,0,0
R05,186368,4.22603174603,27,1633.33333333,2.39363905501,0,0.495562213782,0,0,1.22523313358,0
R05,186368,4.22603174603,308,143.181818182,0.659450457217,0,26.3249877068,2.0903690415,2.01347348461,0,0
R05,186880,4.23764172336,27,1633.33333333,2.39414479057,0,0.472839693335,0,0,1.15496031011,0
R05,186880,4.23764172336,308,143.181818182,0.660547614247,0,28.8637890468,2.08631320986,1.88957535755,0,0
R05,187392,4.24925170068,27,1633.33333333,2.39700979243,0,0.321374413804,0,0,0.767857090793,0
R05,187392,4.24925170068,308,143.181818182,0.662883554853,0,23.3801234403,1.58796221148,1.29930505316,0,0
R05,187904,4.260861678,27,1633.33333333,2.39737214826,0,0.13672063721,0,0,0.277850141283,0
R05,187904,4.260861678,308,143.181818182,0.663903159326,0,13.5492007309,0.852111909564,0.63679551169,0,0
R06,14848,0.336689342404,22,2004.54545455,2.29062105181,0,0,0,0,0.0452208765778,0
R06,14848,0.336689342404,254,173.622047244,1.62849865957,0,0.640499323309,0.215371401589,0.03373947701,0.171621305417,0
R06,14848,0.336689342404,282,156.382978723,1.6194901427,0,0.730162534611,0.184788934712,0.064455146141,0,0
R06,14848,0.336689342404,289,152.595155709,1.61977122986,0,0.906558821184,0.15823303795,0.0287424378168,0,0
R06,14848,0.336689342404,304,145.065789474,1.61815652856,0,1.15706892308,0.299363494445,0.0392886906646,0,0
R06,15872,0.359909297052,105,420,1.41064993733,0,0.220937197237,0.0647464986966,0.0191610830637,0.686449619453,0
R06,15872,0.359909297052,154,286.363636364,1.47680602746,0,0.23182728954,0.0112872260093,0.0589224944529,0.897690517033,0
R06,15872,0.359909297052,178,247.752808989,1.4481408772,0,0.258298813175,0.0504652979455,0.0594522977105,0.237293862578,0
R06,15872,0.359909297052,275,160.363636364,1.1800273985,0,1.12746841681,0.303293333545,0.0623440095875,0.810106317264,0
R06,15872,0.359909297052,384,114.84375,1.37253930637,0,0.443045951077,0.17620098159,0.203804425178,0,0
R06,16384,0.371519274376,28,1575,2.39696233526,0,0.0520653630231,0,0,0.0795563495696,0
R06,16384,0.371519274376,291,151.546391753,0.79726219477,0,1.33762251455,0.714794556628,0.174792172193,0,0
R06,16896,0.383129251701,32,1378.125,2.2106970765,0,0.126659418849,0,0,0.170872840944,0
R06,16896,0.383129251701,288,153.125,0.802251280131,0,2.86311214002,1.79420299267,0.335459115148,0,0
R06,19968,0.452789115646,26,1696.15384615,1.23299172067,0,0.061531481053,0,0,0.0937059648537,0
R06,19968,0.452789115646,50,882,1.64098904932,0,0.123690890488,0.0414043847018,0,0.157962902399,0
R06,19968,0.452789115646,55,801.818181818,1.64072330057,0,0.100542743329,0.0317121247309,0,0.26289797994,0
R06,19968,0.452789115646,119,370.588235294,1.32406105797,0,0.241858761297,0.257084542329,0.115850266936,0.0718702012805,0
R06,19968,0.452789115646,309,142.718446602,0.872374893304,0,0.629042946467,0.412182478765,0.421797663015,0,0
R06,19968,0.452789115646,420,105,1.01568715163,0,0.357354197821,0.350041089566,0.437933815062,0,0
R06,19968,0.452789115646,447,98.6577181208,1.02375579957,0,0.359572319238,0.571496482381,0.482977598402,0,0
R06,20480,0.464399092971,27,1633.33333333,1.3746140915,0,0.249178197508,0,0,0.212395049099,0
R06,20480,0.464399092971,58,760.344827586,1.37335138515,0,0.308535963641,0.345874577339,0,0.493534710312,0
R06,20480,0.464399092971,115,383.47826087,1.03435251509,0,0.429104982171,0.173520707818,0.216285147984,0.32075365634,0
R06,20480,0.464399092971,142,310.563380282,1.02311653669,0,0.681039178262,0.30409708219,0.258726487979,0.762770850648,0
R06,20480,0.464399092971,294,150,0.982160819672,0,0.141102322114,0.935123064071,0.319395492329,0,0
R06,20480,0.464399092971,350,126,0.989321798978,0,0.872642677729,0.528252989259,0.561398037852,0,0
R06,20480,0.464399092971,548,80.4744525547,0.558618124672,0,0.570058112549,1.16973435959,0.699625973352,0,0
R06,20480,0.464399092971,521,84.6449136276,0.563870808807,0,0.702624509427,0.492771417386,0.605388501659,0,0
R06,20480,0.464399092971,503,87.6739562624,0.759310109075,0,0.638325155424,0.95523225959,0.252168077035,0,0
R06,20992,0.476009070295,27,1633.33333333,1.36183264631,0,0.973148610135,0,0,0.763420169479,0
R06,20992,0.476009070295,58,760.344827586,1.36742257839,0,0.91832792924,1.13215673359,0,1.84786781543,0
R06,20992,0.476009070295,115,383.47826087,1.04001999738,0,1.80164491852,0.804473298929,0.679079223054,1.40540773309,0
R06,20992,0.476009070295,142,310.563380282,1.03527154598,0,2.39706031957,1.01158408383,0.819424265492,1.58164346999,0
R06,20992,0.476009070295,288,153.125,1.05228898463,0,1.43055387037,2.61410283546,1.53234189011,0,0
R06,20992,0.476009070295,351,125.641025641,1.06619241618,0,1.8885696381,1.77824823966,1.90511275077,0,0
R06,20992,0.476009070295,457,96.4989059081,0.955803431172,0,1.91016820013,1.38998871109,2.19260343066,0,0
R06,20992,0.476009070295,542,81.3653136531,0.993396150883,0,2.07584773157,1.536599648,1.75025562822,0,0
R06,21504,0.487619047619,27,1633.33333333,1.39121310954,0,1.69582319372,0,0,1.36591929298,0
R06,21504,0.487619047619,58,760.344827586,1.42869801002,0,1.53534873827,1.93405443133,0,3.24190442301,0
R06,21504,0.487619047619,115,383.47826087,1.1266827155,0,3.15498965666,1.46986966012,1.16931400166,2.52450409875,0
R06,21504,0.487619047619,143,308.391608392,1.10473663696,0,4.32306746049,1.730462061,1.37250672719,1.99632711117,0
R06,21504,0.487619047619,289,152.595155709,1.05409740438,0,1.98767224017,4.48150471983,2.53664130205,0,0
R06,21504,0.487619047619,377,116.976127321,1.05502036911,0,3.98343312255,2.27932343738,3.68173707163,0,0
R06,21504,0.487619047619,476,92.6470588235,0.926890849182,0,3.81811422705,2.93256566431,3.73491687841,0,0
R06,21504,0.487619047619,543,81.2154696133,0.942052653074,0,4.0175136644,2.1848652542,2.96457659841,0,0
R06,21504,0.487619047619,512,86.1328125,0.944612285379,0,3.94423076919,2.56066666658,3.23696456146,0,0
R06,27648,0.62693877551,216,204.166666667,0.576318758045,0,0.468271896702,0.00617310025639,0.0262818284302,0.0143239115888,0
R06,27648,0.62693877551,427,103.278688525,0.822047798617,0,0.0262984749259,0.51743433456,0.147585029949,0,0
R06,28160,0.638548752834,293,150.511945392,0.860879135944,0,0.657391893305,0.348641305638,0.172237167332,0,0
R06,41472,0.940408163265,51,864.705882353,1.70588026454,0,0.0269518397803,0.0119581213761,0,0.281222955175,0
R06,41472,0.940408163265,101,436.633663366,1.12637495096,0,0.168249114344,0.0391815647078,0.0269574290802,0.529499679418,0
R06,41472,0.940408163265,186,237.096774194,0.680695227278,0,0.163690763746,0.166591218088,0.0788098683775,0.500420221593,0
R06,41472,0.940408163265,287,153.658536585,0.878478718788,0,0.214037041976,0.243439668532,0.196730770042,0,0
R06,41472,0.940408163265,331,133.232628399,0.854234690977,0,0.888026641522,0.21282177814,0.115875385954,0,0
R06,41472,0.940408163265,345,127.826086957,0.806555194167,0,0.871985822548,0.554331441637,0.140171019183,0,0
R06,41472,0.940408163265,467,94.4325481799,0.813133535068,0,0.152018436074,0.226345035863,0.176436752862,0,0
R06,41984,0.95201814059,179,246.368715084,0.756008508003,0,1.84271571062,1.10131469196,0.096855764301,1.35502878866,0
R06,41984,0.95201814059,264,167.045454545,0.34709507613,0,3.4900760218,2.48306759773,1.12303719736,0.81879899213,0
R06,41984,0.95201814059,435,101.379310345,0.634054751615,0,1.47797607032,2.46637826166,1.41267866249,0,0
R06,42496,0.963628117914,174,253.448275862,0.882014328931,0,6.28074756389,2.19512087288,1.34143609056,11.6164940859,0
R06,42496,0.963628117914,253,174.308300395,0.735842518116,0,22.0743532458,15.1143083429,0.216443555741,5.01001460657,0
R06,42496,0.963628117914,406,108.620689655,0.806783218051,0,8.95381068378,17.3863729326,16.9923996083,0,0
R06,42496,0.963628117914,542,81.3653136531,0.842620977677,0,4.35576751586,19.9246515122,7.34959516357,0,0
R06,43008,0.975238095238,175,252,0.855428063394,0,26.3916125665,5.31648814928,2.237486101,26.4916403862,0
R06,43008,0.975238095238,252,175,0.797918832242,0,51.5584215084,32.2101573743,1.77806455128,9.90733804164,0
R06,43008,0.975238095238,405,108.888888889,0.87637604332,0,18.0794801713,43.2978525897,41.275475997,0,0
R06,43008,0.975238095238,542,81.3653136531,0.827826321028,0,8.59217364546,42.3811586598,29.6357919983,0,0
R06,43520,0.986848072562,179,246.368715084,0.884727085923,0,56.5792451479,9.94993374004,2.13100147451,39.216956896,0
R06,43520,0.986848072562,255,172.941176471,0.782612352664,0,75.027322059,50.8843955724,4.40237228796,13.4503894884,0
R06,43520,0.986848072562,404,109.158415842,0.859479254188,0,21.3365825588,63.3698417081,57.4386998382,0,0
R06,43520,0.986848072562,542,81.3653136531,0.873682591712,0,11.2386921582,57.0859637461,58.6523112773,0,0
R06,44032,0.998458049887,181,243.64640884,0.906539889731,0,80.2883659493,10.5169007547,1.87739338991,46.4246476257,0
R06,44032,0.998458049887,258,170.930232558,0.810944291123,0,75.3768026953,59.4233767288,5.73600191623,11.6831551218,0
R06,44032,0.998458049887,401,109.975062344,0.899464298401,0,14.2342678837,65.7261349892,55.2270189483,0,0
R06,44032,0.998458049887,539,81.8181818182,0.877527599008,0,10.461000695,53.6961731573,77.5762982219,0,0
R06,44544,1.01006802721,254,173.622047244,0.802293854351,0,75.2914779152,45.1040963833,5.03328572858,8.23899352314,0
R06,44544,1.01006802721,401,109.975062344,0.872854340497,0,3.5517803225,50.8932071254,37.1751899129,0,0
R06,44544,1.01006802721,543,81.2154696133,0.907753902064,0,6.82545431792,27.43837971,86.4994989953,0,0
R06,45056,1.02167800454,254,173.622047244,0.807293388032,0,57.3711957244,29.5070752315,3.26358585273,3.15053901868,0
R06,45056,1.02167800454,399,110.526315789,0.876619338899,0,13.5287712781,33.0525126259,19.1676899098,0,0
R06,45056,1.02167800454,546,80.7692307692,0.9238971244,0,2.65307415596,6.33362312502,78.3619623007,0,0
R06,45568,1.03328798186,260,169.615384615,0.783193383835,0,33.0873946185,12.9647289728,1.39199397768,0.670175069397,0
R06,45568,1.03328798186,399,110.526315789,0.640943955143,0,18.3939123057,23.2381235301,7.64476424119,0,0
R06,45568,1.03328798186,546,80.7692307692,0.705051078366,0,0.268429935303,10.375770589,58.2214308164,0,0
R06,46080,1.04489795918,186,237.096774194,0.926588513883,0,44.1464408846,2.85413673036,0.76876483655,33.2102551471,0
R06,46080,1.04489795918,328,134.451219512,0.715374088814,0,63.1859760602,17.966416525,1.34826173262,0,0
R06,46080,1.04489795918,448,98.4375,1.13369498176,0,3.78496498924,33.081790548,7.80159777383,0,0
R06,46592,1.05650793651,282,156.382978723,0.784887465149,0,8.96636337528,8.70608948434,4.1586096977,0,0
R06,46592,1.05650793651,316,139.556962025,0.804009917029,0,44.3142588493,17.0217739626,1.83872838403,0,0
R06,46592,1.05650793651,326,135.27607362,0.806137324549,0,49.3092236454,14.8464569126,0.408776537303,0,0
R06,46592,1.05650793651,342,128.947368421,0.801319628104,0,45.022437081,7.41171687585,2.98397089252,0,0
R06,46592,1.05650793651,382,115.445026178,0.775937927321,0,15.1113893596,35.1228455905,11.3555191307,0,0
R06,47104,1.06811791383,55,801.818181818,2.0242281364,0,3.2338726333,4.91157518231,0,1.31477903509,0
R06,47104,1.06811791383,268,164.552238806,0.827171090988,0,10.7527863976,13.0843350568,1.45962328055,0.654606738104,0
R06,47104,1.06811791383,344,128.197674419,0.70670101871,0,28.6175057632,5.80291419004,3.89314442059,0,0
R06,47104,1.06811791383,357,123.529411765,0.701049128679,0,18.5026848727,11.1948581703,6.91597435436,0,0
R06,47104,1.06811791383,472,93.4322033898,1.14729524112,0,1.97267460249,14.1366422236,13.9183891373,0,0
R06,47616,1.07972789116,56,787.5,1.85894602438,0,2.94062413874,4.7606155141,0,1.61645694765,0
R06,47616,1.07972789116,210,210,0.83641818934,0,10.8286041415,1.62893217246,0.725988901122,1.2724222184,0
R06,47616,1.07972789116,222,198.648648649,0.823410250174,0,3.32240957603,1.4415804313,2.18488850759,0.612880558991,0
R06,47616,1.07972789116,238,185.294117647,0.83371054058,0,4.49078518228,4.61457589303,1.47006130775,0.399300596141,0
R06,47616,1.07972789116,264,167.045454545,0.874097495048,0,3.11557447103,8.65983105495,0.481128058426,2.147618308,0
R06,47616,1.07972789116,399,110.526315789,0.602153517231,0,3.20697957481,11.5440033668,11.7629355175,0,0
R06,48128,1.09133786848,46,958.695652174,1.62905464746,0,2.0404167825,2.52355304131,0,2.08031733295,0
R06,48128,1.09133786848,58,760.344827586,1.61987027979,0,1.61335216398,2.90563484678,0,2.33231572174,0
R06,48128,1.09133786848,74,595.945945946,1.65872750924,0,1.36819335198,1.88694506801,2.90280690535,5.98351901613,0
R06,48128,1.09133786848,135,326.666666667,1.13989688743,0,15.2814952238,9.41504908652,1.55709329033,3.35106260704,0
R06,48128,1.09133786848,150,294,1.12437780373,0,5.71782968862,1.82884980624,2.08789561697,5.78194460694,0
R06,48128,1.09133786848,210,210,0.911220717809,0,7.65897625516,0.976795359187,1.11306887112,2.0714633663,0
R06,48128,1.09133786848,385,114.545454545,0.678207994712,0,2.90261197564,4.21520826364,7.74133007265,0,0
R06,48128,1.09133786848,398,110.804020101,0.679707904708,0,2.92844255336,3.37853548962,13.4865120308,0,0
R06,48128,1.09133786848,266,165.789473684,0.686677548433,0,2.28210497877,14.0636028947,0.516847073396,2.45236664726,0
R06,48640,1.1029478458,59,747.457627119,1.32592933554,0,0.802779356035,1.18151671792,0,0.765071616055,0
R06,48640,1.1029478458,72,612.5,1.36961943487,0,0.689143094557,0.77916186134,1.01324707304,4.2550176341,0
R06,48640,1.1029478458,90,490,1.33063910592,0,1.19825517518,0.156061950492,1.2358708344,5.14202854457,0
R06,48640,1.1029478458,134,329.104477612,0.888748535951,0,17.6807064137,12.8243081614,1.11643328807,2.15440427551,0
R06,48640,1.1029478458,196,225,1.05645743861,0,5.10982476806,1.52059504138,4.35396145194,4.2193724423,0
R06,48640,1.1029478458,207,213.043478261,1.03503316694,0,7.38739533911,1.00385379998,1.94667161893,2.43375716616,0
R06,48640,1.1029478458,267,165.168539326,0.605776523081,0,2.10113404811,17.9445166407,0.635507061319,2.78361445698,0
R06,48640,1.1029478458,400,110.25,0.711224454755,0,3.23310037559,5.90531604894,17.9820747293,0,0
R06,48640,1.1029478458,534,82.5842696629,0.840167858108,0,2.78361445698,2.10113404811,4.93138198193,0,0
R06,49152,1.11455782313,60,735,1.15635701199,0,0.0551996405695,0.153072220752,0,1.02892602723,0
R06,49152,1.11455782313,87,506.896551724,1.28721538831,0,0.918904973143,0.194648613306,0.0234697756362,4.20411981645,0
R06,49152,1.11455782313,136,324.264705882,0.802466194717,0,15.4947821055,7.9703024696,0.348077153627,3.06473799138,0
R06,49152,1.11455782313,144,306.25,0.818628502884,0,3.80040732921,0.491335871414,0.125899623631,2.18632282157,0
R06,49152,1.11455782313,197,223.85786802,0.879576351555,0,5.79620106237,1.06712478928,8.25720852082,5.03755468258,0
R06,49152,1.11455782313,205,215.12195122,0.870866346175,0,6.2292191297,0.989533144819,4.8445732425,2.93413227038,0
R06,49152,1.11455782313,267,165.168539326,0.457308647018,0,2.12617700557,20.2258351252,0.463226515245,2.33893640467,0
R06,49152,1.11455782313,400,110.25,0.535757893075,0,4.13326411273,6.03107904826,20.3159270227,0,0
R06,49152,1.11455782313,534,82.5842696629,0.682308105617,0,2.33893640467,2.12617700557,3.16232862322,0,0
R06,49664,1.12616780045,62,711.290322581,1.29925933092,0,0.319885029576,0.0133616106489,0,2.00682709891,0
R06,49664,1.12616780045,133,331.578947368,0.693777396467,0,20.2648057634,17.9508939397,0.812792550836,4.85520816701,0
R06,49664,1.12616780045,205,215.12195122,1.03684315209,0,5.1914064141,1.57864498732,3.80530724734,3.56616443009,0
R06,49664,1.12616780045,219,201.369863014,1.14477759662,0,5.57970831347,0.492790839766,0.130523764138,0.34976432273,0
R06,49664,1.12616780045,267,165.168539326,0.305616870968,0,4.88947964754,20.3070628822,0.435407101623,1.46745588205,0
R06,49664,1.12616780045,329,134.042553191,0.866266175719,0,16.6069455719,2.23849053522,0.485563685898,0,0
R06,49664,1.12616780045,400,110.25,0.395856343787,0,4.77096975472,4.51358342166,20.3251278553,0,0
R06,49664,1.12616780045,534,82.5842696629,0.567450347371,0,1.46745588205,4.88947964754,1.24591674493,0,0
R06,50176,1.13777777778,63,700,1.28584502604,0,0.294523488058,0.0866128770977,0,3.531917176,0
R06,50176,1.13777777778,133,331.578947368,0.625617382502,0,17.1987552359,20.0577280828,1.1246648911,7.88261960116,0
R06,50176,1.13777777778,204,216.176470588,1.02193962461,0,4.75487272902,1.6297944473,8.24411599897,4.19300724417,0
R06,50176,1.13777777778,219,201.369863014,1.13488974723,0,4.85833199347,0.737832065495,0.11429874985,2.16246602224,0
R06,50176,1.13777777778,267,165.168539326,0.256657858454,0,7.69220972059,17.8840294534,0.725392567886,1.67500532328,0
R06,50176,1.13777777778,330,133.636363636,0.864640702458,0,13.3749839101,1.95623474164,0.714511150916,0,0
R06,50176,1.13777777778,400,110.25,0.380265146515,0,4.66924249246,3.5338614706,17.6776372371,0,0
R06,50176,1.13777777778,534,82.5842696629,0.501961538403,0,1.67500532328,7.69220972059,3.05399627619,0,0
R06,50688,1.1493877551,65,678.461538462,1.3822199623,0,2.93277204674,0.411406804351,0,6.10857567484,0
R06,50688,1.1493877551,88,501.136363636,1.47917269165,0,0.43323121559,0.823833438401,0.234645140264,3.84029316136,0
R06,50688,1.1493877551,133,331.578947368,0.454885106292,0,11.4044816049,21.392298194,1.45344832143,9.69125363631,0
R06,50688,1.1493877551,198,222.727272727,1.09119916012,0,3.9960765443,0.751505000831,16.366135871,3.13873215665,0
R06,50688,1.1493877551,220,200.454545455,1.19002048556,0,7.35716937685,0.674733894553,0.233398012861,3.21098381287,0
R06,50688,1.1493877551,267,165.168539326,0.188570767692,0,9.604491461,13.1283368673,0.689970665571,1.9659463807,0
R06,50688,1.1493877551,400,110.25,0.298484138069,0,3.1135902385,4.37677388266,12.559340449,0,0
R06,50688,1.1493877551,534,82.5842696629,0.416959842585,0,1.9659463807,9.604491461,4.12658982333,0,0
R06,51200,1.16099773243,70,630,1.42155836094,0,0.670308693945,0.13673438205,0.359319842588,17.2440837333,266.922350828
R06,51200,1.16099773243,133,331.578947368,0.319098095202,0,9.20156158903,22.2550442062,1.6763270402,9.50770390994,266.922350828
R06,51200,1.16099773243,179,246.368715084,1.3706565987,0,3.71586317694,0.638179637165,0.20233987121,6.56314914323,266.922350828
R06,51200,1.16099773243,200,220.5,1.23468581377,0,4.49947069392,0.380535683925,22.9774678314,0.877565943017,266.922350828
R06,51200,1.16099773243,223,197.757847534,1.25838759582,0,7.9185792179,0.189298561564,0.189589298917,2.87147900676,266.922350828
R06,51200,1.16099773243,267,165.168539326,0.124116802181,1,9.58936805647,11.8336578833,0.46734490306,1.7644234778,266.922350828
R06,51200,1.16099773243,400,110.25,0.24568392044,0,0.877565943017,4.49947069392,10.9597593769,0,266.922350828
R06,51200,1.16099773243,534,82.5842696629,0.287919938249,0,1.7644234778,9.58936805647,3.51303741039,0,266.922350828
R06,51712,1.17260770975,68,648.529411765,1.37247741526,0,9.91095609425,0.550489363316,1.26383066473,29.3118739763,266.881426602
R06,51712,1.17260770975,133,331.578947368,0.282022825841,0,19.5957360276,22.7712464323,1.75304640188,7.01706776793,266.881426602
R06,51712,1.17260770975,178,247.752808989,1.38241090468,0,2.38455384515,0.385505068257,0.257322403071,8.61869881837,266.881426602
R06,51712,1.17260770975,200,220.5,1.23014772869,0,3.86968901578,0.0932951956653,23.5694773029,1.02134514765,266.881426602
R06,51712,1.17260770975,222,198.648648649,1.28192156789,0,5.47950572361,0.202069408447,0.303523897069,1.67656691444,266.881426602
R06,51712,1.17260770975,267,165.168539326,0.132686547706,1,7.13887663025,21.5611087536,0.385505068257,1.44335378714,266.881426602
R06,51712,1.17260770975,400,110.25,0.250992734495,0,1.02134514765,3.86968901578,20.9007497985,0,266.881426602
R06,52224,1.18421768707,67,658.208955224,1.34001070804,0,23.5959199153,1.11967222993,1.67380824164,33.7437908228,266.895637468
R06,52224,1.18421768707,133,331.578947368,0.253520606099,0,30.7111941436,22.8360986295,1.72110548396,3.99774118142,266.895637468
R06,52224,1.18421768707,177,249.152542373,1.35601402231,0,1.40397445191,0.257789226749,0.189000643449,10.2212960641,266.895637468
R06,52224,1.18421768707,200,220.5,1.19264297187,0,3.25567949497,0.337008544075,23.7958687461,1.4636527142,266.895637468
R06,52224,1.18421768707,221,199.547511312,1.28585427005,0,3.95798076512,0.102376388804,0.387698085071,0.821573575356,266.895637468
R06,52224,1.18421768707,267,165.168539326,0.147107781125,1,3.96696097406,32.3096450311,0.433823606919,1.1277873352,266.895637468
R06,52224,1.18421768707,400,110.25,0.249653942841,0,1.4636527142,3.25567949497,31.7925462168,0,266.895637468
R06,52736,1.1958276644,68,648.529411765,1.38516211867,0,12.5241628418,0.426449717308,1.04182987517,38.0473953611,266.922774587
R06,52736,1.1958276644,133,331.578947368,0.159398347162,0,32.8721229581,22.2442732731,1.72399093457,1.91178081332,266.922774587
R06,52736,1.1958276644,200,220.5,1.2910494393,0,3.02193746004,0.364567102294,23.6482210441,1.52775377666,266.922774587
R06,52736,1.1958276644,267,165.168539326,0.129013836023,1,1.58213006342,34.0127887672,0.533199649486,0.864486774097,266.922774587
R06,52736,1.1958276644,332,132.831325301,1.16876004189,0,11.038052664,0.584264670094,0.197476084292,0,266.922774587
R06,52736,1.1958276644,353,124.92917847,1.26061183927,0,11.2470534703,1.27915567778,1.07130301639,0,266.922774587
R06,52736,1.1958276644,400,110.25,0.198136036182,0,1.52775377666,3.02193746004,33.6380573322,0,266.922774587
R06,53248,1.20743764172,133,331.578947368,0.103547723947,1,20.7732412376,21.4263425375,2.01759902501,2.81077465117,133.358244757
R06,53248,1.20743764172,201,219.402985075,1.41914804981,0,3.27351142282,0.484172137251,25.3078743087,2.15558902487,133.358244757
R06,53248,1.20743764172,267,165.168539326,0.0864455951298,0,2.69114627267,21.6023574283,0.73652654403,0.864303694905,133.358244757
R06,53248,1.20743764172,332,132.831325301,1.30537095617,0,9.98794831853,0.532994658449,0.296809722834,0,133.358244757
R06,53248,1.20743764172,400,110.25,0.152424216128,0,2.38352654733,3.27324014712,21.229209326,0,133.358244757
R06,53248,1.20743764172,465,94.8387096774,1.27414313911,0,0.681790835315,3.99033275204,0.18037981625,0,133.358244757
R06,53760,1.21904761905,133,331.578947368,0.0603824221701,1,4.86296747939,21.3278005912,2.40922704535,4.33993983325,133.33933809
R06,53760,1.21904761905,267,165.168539326,0.0574921164804,0,4.32312570119,7.42962504284,0.793891652785,0.708851734086,133.33933809
R06,53760,1.21904761905,332,132.831325301,1.48348463207,0,9.00400450063,0.298007614436,0.233378934902,0,133.33933809
R06,53760,1.21904761905,400,110.25,0.09607244173,0,2.90860660025,3.00570629084,5.9986615715,0,133.33933809
R06,53760,1.21904761905,463,95.2483801296,1.41915931601,0,0.782853009135,3.3960405632,0.988597513823,0,133.33933809
R06,53760,1.21904761905,534,82.5842696629,0.174698859067,0,0.708851734086,4.32312570119,0.575651732381,0,133.33933809
R06,54272,1.23065759637,133,331.578947368,0.037096353149,1,37.2760247942,22.3016936908,2.63184872749,4.27014278648,133.375623203
R06,54272,1.23065759637,267,165.168539326,0.0399304894958,0,4.2954617468,38.1179416567,0.548311989292,0.218958025841,133.375623203
R06,54272,1.23065759637,400,110.25,0.0689957365551,0,2.40489476019,2.09886297635,37.7686552053,0,133.375623203
R06,54272,1.23065759637,534,82.5842696629,0.120569752228,0,0.218958025841,4.2954617468,0.321120127687,0,133.375623203
R06,54784,1.2422675737,133,331.578947368,0.0282639011171,1,67.7350023635,23.4549376052,2.51367148361,3.2792663472,133.461691192
R06,54784,1.2422675737,267,165.168539326,0.0299821785067,0,3.31396520256,68.7586887155,0.126322236564,0.453018331586,133.461691192
R06,54784,1.2422675737,401,109.975062344,0.0552622916128,0,1.67363470796,1.53402702595,68.9818425821,0,133.461691192
R06,54784,1.2422675737,534,82.5842696629,0.0964076605696,0,0.453018331586,3.31396520256,0.651328781313,0,133.461691192
R06,55296,1.25387755102,133,331.578947368,0.0212759305156,1,90.2581192082,23.5724548856,1.98759305354,1.7834635101,133.463631836
R06,55296,1.25387755102,267,165.168539326,0.020953609684,0,1.80812366612,91.8041338369,0.171768970533,0.598910156268,133.463631836
R06,55296,1.25387755102,401,109.975062344,0.0394289481739,0,1.32474054988,1.10160679178,92.056784505,0,133.463631836
R06,55296,1.25387755102,534,82.5842696629,0.0620808025089,0,0.598910156268,1.80812366612,0.829809704685,0,133.463631836
R06,55808,1.26548752834,133,331.578947368,0.00925272373649,1,103.933785277,22.2620552604,1.26814823431,0.638226631125,133.422916766
R06,55808,1.26548752834,267,165.168539326,0.0136494754288,0,0.75547502267,105.994417291,0.212839917412,0.372163911454,133.422916766
R06,55808,1.26548752834,400,110.25,0.0239229790226,0,0.636096032557,0.591405836722,105.48035606,0,133.422916766
R06,55808,1.26548752834,534,82.5842696629,0.0381900018896,0,0.372163911454,0.75547502267,0.650400652004,0,133.422916766
R06,56320,1.27709750567,133,331.578947368,0.00663313644828,1,110.509315838,19.9543761773,0.837970605756,0.786189609075,133.389222668
R06,56320,1.27709750567,267,165.168539326,0.00894988468522,0,0.835765832914,112.652123081,0.119561130798,0.411168045113,133.389222668
R06,56320,1.27709750567,400,110.25,0.0169233847914,0,0.502555673529,0.218376723817,112.134724987,0,133.389222668
R06,56320,1.27709750567,534,82.5842696629,0.0255112400215,0,0.411168045113,0.835765832914,0.487184932666,0,133.389222668
R06,56832,1.28870748299,133,331.578947368,0.00545241419512,1,112.393766291,17.1791496353,1.01088993279,1.06806283459,133.444154952
R06,56832,1.28870748299,267,165.168539326,0.0075073022679,0,1.04969871963,114.047701676,0.182876744165,0.770545598648,133.444154952
R06,56832,1.28870748299,400,110.25,0.0130523353216,0,0.977099214002,0.258831669241,113.705873193,0,133.444154952
R06,56832,1.28870748299,534,82.5842696629,0.0186906031893,0,0.770545598648,1.04969871963,0.443596316656,0,133.444154952
R06,57344,1.30031746032,133,331.578947368,0.0396723111532,1,112.486054268,14.3375938578,1.57636236399,0.816756133857,133.498348611
R06,57344,1.30031746032,267,165.168539326,0.0295596996527,0,0.814256404056,113.446405029,0.267754591787,0.735893182869,133.498348611
R06,57344,1.30031746032,400,110.25,0.0317690417836,0,1.24503642033,0.0978689510096,113.34589687,0,133.498348611
R06,57344,1.30031746032,533,82.7392120075,0.0340257669685,0,0.742671018468,0.814940629029,0.439898943753,0,133.498348611
R06,57856,1.31192743764,133,331.578947368,0.0438783837031,1,113.528982731,11.3237127598,3.02432040744,1.36874223172,133.457271769
R06,57856,1.31192743764,267,165.168539326,0.047128192116,0,1.33219876015,113.897597739,0.54377697013,0.599442661845,133.457271769
R06,57856,1.31192743764,401,109.975062344,0.0619696598166,0,2.78356723891,0.74963317268,113.566244199,0,133.457271769
R06,57856,1.31192743764,534,82.5842696629,0.0638060144054,0,0.599442661845,1.33219876015,1.69804373158,0,133.457271769
R06,58368,1.32353741497,133,331.578947368,0.0464175962136,1,114.568067538,8.72573955401,4.68680792981,4.9311754077,133.465604468
R06,58368,1.32353741497,267,165.168539326,0.0494455362793,0,4.95117737941,115.291521986,0.8025079702,2.78631795447,133.465604468
R06,58368,1.32353741497,401,109.975062344,0.0657758357511,0,5.43713305897,1.82103417669,115.098557305,0,133.465604468
R06,58368,1.32353741497,534,82.5842696629,0.069433655527,0,2.78631795447,4.95117737941,3.6357783309,0,133.465604468
R06,58880,1.33514739229,133,331.578947368,0.0504968970065,1,113.048984907,7.58335042053,5.46853402332,8.2498561358,133.394499421
R06,58880,1.33514739229,267,165.168539326,0.0538793475711,0,8.32389299448,114.816909428,0.792822457142,4.7885645863,133.394499421
R06,58880,1.33514739229,400,110.25,0.0725847465366,0,7.46175953941,2.75572012763,114.423561595,0,133.394499421
R06,58880,1.33514739229,534,82.5842696629,0.0765546361878,0,4.7885645863,8.32389299448,5.14565400843,0,133.394499421
R06,59392,1.34675736961,133,331.578947368,0.0570016994886,1,107.333955958,8.71327861627,4.86247376936,9.95932323616,133.395021785
R06,59392,1.34675736961,267,165.168539326,0.0613203994368,0,10.0678507384,109.787674818,0.452403021019,5.67551021383,133.395021785
R06,59392,1.34675736961,401,109.975062344,0.0825883656328,0,7.56678387711,2.90350311805,110.24271015,0,133.395021785
R06,59392,1.34675736961,534,82.5842696629,0.0871516045607,0,5.67551021383,10.0678507384,5.42315574982,0,133.395021785
R06,59904,1.35836734694,133,331.578947368,0.0652697135269,1,96.9390083541,11.0233192559,3.2684967327,9.34199166509,133.44128584
R06,59904,1.35836734694,267,165.168539326,0.0706815431697,0,9.42175395187,98.9883880164,0.0248110575738,4.97815488929,133.44128584
R06,59904,1.35836734694,401,109.975062344,0.0956439443363,0,5.41918406219,2.32148188557,99.3412432171,0,133.44128584
R06,59904,1.35836734694,535,82.4299065421,0.10321023379,0,4.993974881,9.45573409977,4.25782369332,0,133.44128584
R06,60416,1.36997732426,134,329.104477612,0.0753962418417,1,82.2984773036,13.1294774014,0.647044669035,6.29725884533,133.502699932
R06,60416,1.36997732426,267,165.168539326,0.0826232078993,0,6.29051369034,82.7377636112,0.217737349513,2.97006743077,133.502699932
R06,60416,1.36997732426,401,109.975062344,0.112742799572,0,2.00476349683,1.39027106479,82.7220281053,0,133.502699932
R06,60416,1.36997732426,535,82.4299065421,0.123101408267,0,3.00157159364,6.29459396711,2.51235350337,0,133.502699932
R06,60928,1.38158730159,134,329.104477612,0.0888639550104,1,62.1651959492,13.2196219942,2.033785715,2.44238175018,133.586419492
R06,60928,1.38158730159,268,164.552238806,0.0910236190322,0,2.44238175018,62.1651959492,0.359599476972,1.20168707922,133.586419492
R06,60928,1.38158730159,402,109.701492537,0.100193159839,0,0.997962648468,1.05578994456,62.1651959492,0,133.586419492
R06,60928,1.38158730159,535,82.4299065421,0.117377930662,0,1.17051587392,2.45139095943,1.07138643943,0,133.586419492
R06,61440,1.39319727891,134,329.104477612,0.026082308577,1,43.4834306553,11.9978358456,3.07681805189,0.173966017626,133.560648716
R06,61440,1.39319727891,267,165.168539326,0.0343483414679,0,0.286734872336,43.946626983,0.32167665861,0.849690179394,133.560648716
R06,61440,1.39319727891,400,110.25,0.0621296023672,0,2.17390474558,0.67132248096,43.9864129626,0,133.560648716
R06,61440,1.39319727891,534,82.5842696629,0.0849388363757,0,0.849690179394,0.286734872336,0.440966053814,0,133.560648716
R06,61952,1.40480725624,133,331.578947368,0.027053522514,1,26.5117734173,10.8900682274,2.36426213654,0.836827594438,133.295926888
R06,61952,1.40480725624,267,165.168539326,0.040706721203,0,0.792920992654,27.7218560984,0.384143550239,1.10135907389,133.295926888
R06,61952,1.40480725624,400,110.25,0.0745436003123,0,2.18147938523,0.491962238777,27.3575674452,0,133.295926888
R06,61952,1.40480725624,465,94.8387096774,1.53241116537,0,1.0629576543,1.68791185636,0.300309268704,0,133.295926888
R06,61952,1.40480725624,533,82.7392120075,0.111871880909,0,1.08368701637,0.813839839381,0.278137445859,0,133.295926888
R06,62464,1.41641723356,44,1002.27272727,1.97673312411,0,0.805554602001,0,0,0.0975960908485,133.225270587
R06,62464,1.41641723356,133,331.578947368,0.028633519295,1,15.9636303672,9.18745985207,2.55148656785,0.945643857205,133.225270587
R06,62464,1.41641723356,202,218.316831683,1.5263147829,0,0.434670878485,0.255021636306,8.93830237245,1.60247237831,133.225270587
R06,62464,1.41641723356,266,165.789473684,0.0542152345117,0,0.945643857205,15.9636303672,0.285012006168,1.28458057588,133.225270587
R06,62464,1.41641723356,334,132.035928144,1.45006647565,0,1.54050079849,0.0755095612245,0.317451937078,0,133.225270587
R06,62464,1.41641723356,400,110.25,0.0986058914811,0,1.58238918491,0.522023444926,17.5169998047,0,133.225270587
R06,62976,1.42802721088,44,1002.27272727,1.90436284945,0,1.04232672246,0,0,0.25303838283,133.160732799
R06,62976,1.42802721088,71,621.126760563,1.49399296912,0,0.165931154984,0.0842574518551,0.189328156243,1.5068046046,133.160732799
R06,62976,1.42802721088,133,331.578947368,0.0328500448402,1,18.5974725195,7.85560452534,2.66672900505,1.00173301167,133.160732799
R06,62976,1.42802721088,201,219.402985075,1.45310237536,0,0.531336642362,0.43639429355,9.78882930103,0.805224861864,133.160732799
R06,62976,1.42802721088,266,165.789473684,0.0592328067615,0,1.00173301167,18.5974725195,0.461465944652,1.15207344826,133.160732799
R06,62976,1.42802721088,333,132.432432432,1.36530448385,0,0.974483385185,0.112734304308,0.380161615995,0,133.160732799
R06,62976,1.42802721088,400,110.25,0.107163372757,0,0.780523651552,0.523671276084,19.4754598476,0,133.160732799
R06,63488,1.43963718821,44,1002.27272727,1.91392032788,0,1.10459429995,0,0,0.543668093041,133.112824439
R06,63488,1.43963718821,133,331.578947368,0.0246484335189,1,27.6367399925,7.90509463908,2.61306225417,1.03975638726,133.112824439
R06,63488,1.43963718821,201,219.402985075,1.50432356568,0,0.598444864101,0.584319231966,10.413990082,0.357449294517,133.112824439
R06,63488,1.43963718821,266,165.789473684,0.0448468213461,0,1.03975638726,27.6367399925,0.800176820635,0.84505128043,133.112824439
R06,63488,1.43963718821,333,132.432432432,1.45082543345,0,0.803743865302,0.250987835479,0.240361403413,0,133.112824439
R06,63488,1.43963718821,399,110.526315789,0.0804440874474,0,0.305819892963,0.500413110649,27.6367399925,0,133.112824439
R06,64000,1.45124716553,45,980,1.97764967455,0,1.50648235465,2.62931525512,0,1.25536278529,133.079903846
R06,64000,1.45124716553,133,331.578947368,0.0143479132601,1,37.4069253085,9.97802619561,2.49363358499,0.777509253694,133.079903846
R06,64000,1.45124716553,201,219.402985075,1.58135208769,0,0.63643526085,0.741015984693,11.9666665884,0.335864343828,133.079903846
R06,64000,1.45124716553,266,165.789473684,0.0295948880181,0,0.777509253694,37.4069253085,1.0963246451,0.752245850751,133.079903846
R06,64000,1.45124716553,334,132.035928144,1.54849846953,0,0.597456857287,0.483891381082,0.24359863381,0,133.079903846
R06,64000,1.45124716553,399,110.526315789,0.056330261314,0,0.308162694192,0.510131120565,37.4069253085,0,133.079903846
R06,64512,1.46285714286,133,331.578947368,0.0133813777398,1,46.5770194673,13.0186896053,2.47700496637,0.118682488901,133.055578642
R06,64512,1.46285714286,266,165.789473684,0.024567876043,0,0.118682488901,46.5770194673,1.13225882484,0.598674671172,133.055578642
R06,64512,1.46285714286,335,131.641791045,1.61548613702,0,0.327758443192,0.632044522061,0.305471223931,0,133.055578642
R06,64512,1.46285714286,399,110.526315789,0.0467786525387,0,0.364303522713,0.567499201977,46.5770194673,0,133.055578642
R06,64512,1.46285714286,468,94.2307692308,1.5896118958,0,0.413149386128,0.738104068063,0.268533648845,0,133.055578642
R06,64512,1.46285714286,532,82.8947368421,0.0682703951172,0,0.598674671172,0.118682488901,0.668950750977,0,133.055578642
R06,65024,1.47446712018,133,331.578947368,0.0124528967043,1,53.7350895291,15.6089076555,2.58572753275,0.69139797118,133.097730847
R06,65024,1.47446712018,266,165.789473684,0.0231738286819,0,0.69139797118,53.7350895291,0.870024263032,0.350068789776,133.097730847
R06,65024,1.47446712018,399,110.526315789,0.0449750158123,0,0.293023810933,0.591465459301,53.7350895291,0,133.097730847
R06,65024,1.47446712018,532,82.8947368421,0.0645761828436,0,0.350068789776,0.69139797118,0.760019262783,0,133.097730847
R06,65536,1.48607709751,133,331.578947368,0.0118468214207,1,56.9879296708,16.9227677206,2.5803792591,1.27167673415,133.132633657
R06,65536,1.48607709751,202,218.316831683,1.63072659622,0,0.355004627406,0.549797137188,16.5076855116,0.0969137518163,133.132633657
R06,65536,1.48607709751,266,165.789473684,0.0243320673901,0,1.27167673415,56.9879296708,0.491425817416,0.124897423187,133.132633657
R06,65536,1.48607709751,334,132.035928144,1.62415054416,0,0.424097213626,0.202762906945,0.237096091417,0,133.132633657
R06,65536,1.48607709751,399,110.526315789,0.0461021589063,0,0.135045859312,0.369984341897,56.9879296708,0,133.132633657
R06,65536,1.48607709751,467,94.4325481799,1.60495758442,0,0.0485377697974,1.23173053126,0.594228718898,0,133.132633657
R06,66048,1.49768707483,133,331.578947368,0.0118545310883,1,54.711515085,16.8624503118,1.95475717456,1.49169575321,133.20367799
R06,66048,1.49768707483,202,218.316831683,1.60978296433,0,0.151791403471,0.316367137458,17.3322719869,0.0945621067413,133.20367799
R06,66048,1.49768707483,266,165.789473684,0.0262305186903,0,1.49169575321,54.711515085,0.297194302499,0.0807365081472,133.20367799
R06,66048,1.49768707483,335,131.641791045,1.60075421307,0,0.524586649976,0.115121358448,0.294756390287,0,133.20367799
R06,66048,1.49768707483,399,110.526315789,0.051047049813,0,0.126054280533,0.0191188621794,54.711515085,0,133.20367799
R06,66048,1.49768707483,533,82.7392120075,0.0766157493028,0,0.0835791599983,1.51456870776,0.866624342359,0,133.20367799
R06,66560,1.50929705215,133,331.578947368,0.0127430502613,1,46.7381043093,15.8880949025,0.521090457541,1.28904797852,133.305491715
R06,66560,1.50929705215,267,165.168539326,0.027033273052,0,1.31902273049,46.3309953529,0.42130751388,0.0612731114194,133.305491715
R06,66560,1.50929705215,336,131.25,1.56541241427,0,0.489448777754,0.181463272182,0.491675747644,0,133.305491715
R06,66560,1.50929705215,400,110.25,0.0527860405336,0,0.152964764345,0.391170523495,46.531029457,0,133.305491715
R06,66560,1.50929705215,533,82.7392120075,0.0788535471415,0,0.0625260331962,1.30394910834,0.817719310305,0,133.305491715
R06,67072,1.52090702948,133,331.578947368,0.0140808052085,1,35.1077670258,14.4784787667,1.32242564187,0.719432463749,133.39205182
R06,67072,1.52090702948,202,218.316831683,1.52392813347,0,0.604980452415,0.064188417178,14.6646213847,0.140503080761,133.39205182
R06,67072,1.52090702948,267,165.168539326,0.0290576119203,0,0.745515214218,34.9757790541,0.349126698516,0.163407528056,133.39205182
R06,67072,1.52090702948,335,131.641791045,1.48768776355,0,0.384154716399,0.343620533564,0.586088226133,0,133.39205182
R06,67072,1.52090702948,400,110.25,0.0565162982447,0,0.120359022304,0.580917350414,35.0642598017,0,133.39205182
R06,67072,1.52090702948,468,94.2307692308,1.4419494365,0,0.234370525253,0.562759174825,0.402760087429,0,133.39205182
R06,67584,1.5325170068,45,980,1.85719295745,0,3.2301351282,2.75907847052,0,0.458504350612,133.498532005
R06,67584,1.5325170068,70,630,1.46385381756,0,0.692079978182,0.127703860373,0.21716865447,9.78428877787,133.498532005
R06,67584,1.5325170068,133,331.578947368,0.0176521272903,1,23.3894793623,12.689433789,2.86832872488,0.0693831150466,133.498532005
R06,67584,1.5325170068,201,219.402985075,1.42749158746,0,0.592993544255,0.0841744724583,12.023590596,0.198270048761,133.498532005
R06,67584,1.5325170068,267,165.168539326,0.0349023679489,0,0.125691746105,23.454304952,0.251214338708,0.366213239831,133.498532005
R06,67584,1.5325170068,334,132.035928144,1.37271127307,0,0.265017720504,0.512681187018,0.496259804843,0,133.498532005
R06,67584,1.5325170068,401,109.975062344,0.070007018554,0,0.193045627979,0.581477784641,23.4033155894,0,133.498532005
R06,68096,1.54412698413,44,1002.27272727,1.73639381819,0,2.44221387465,0,0,0.077907595312,133.58177796
R06,68096,1.54412698413,68,648.529411765,1.36832503447,0,4.92431287798,0.246008007125,0.687263987066,12.4317296032,133.58177796
R06,68096,1.54412698413,134,329.104477612,0.0204116664028,1,15.7775061543,7.47417702946,3.75216589672,0.366624679373,133.58177796
R06,68096,1.54412698413,200,220.5,1.28548033024,0,0.455453656244,0.0781164492808,10.1169483345,0.392947919629,133.58177796
R06,68096,1.54412698413,267,165.168539326,0.0443068974739,0,0.337988727634,15.6129738498,0.235747768084,0.512796132372,133.58177796
R06,68096,1.54412698413,333,132.432432432,1.20368569155,0,0.366000703707,0.507862254319,0.536584987237,0,133.58177796
R06,68096,1.54412698413,401,109.975062344,0.0873891165823,0,0.393103660884,0.446140697587,15.7143240175,0,133.58177796
R06,68608,1.55573696145,45,980,1.73637885373,0,1.38654543008,1.94066460126,0,0.184387613657,133.608843938
R06,68608,1.55573696145,68,648.529411765,1.34905506561,0,4.62810589945,0.587663294781,0.69324402945,13.7192426273,133.608843938
R06,68608,1.55573696145,134,329.104477612,0.0184878519024,1,14.9437127424,6.58700346812,3.33357386757,0.284196771696,133.608843938
R06,68608,1.55573696145,200,220.5,1.25418732511,0,0.355050424741,0.140854497207,10.0717020966,0.47665747078,133.608843938
R06,68608,1.55573696145,267,165.168539326,0.0450118757243,0,0.243017221629,14.2315596232,0.302852285778,0.573690202497,133.608843938
R06,68608,1.55573696145,333,132.432432432,1.16844453254,0,0.568521792964,0.2651355977,0.600916341379,0,133.608843938
R06,68608,1.55573696145,401,109.975062344,0.089364162155,0,0.47688977924,0.331253737878,14.5155704752,0,133.608843938
R06,69120,1.56734693878,134,329.104477612,0.0140949116853,1,21.7900839449,11.9683088656,3.08824794237,0.417161436993,133.643429802
R06,69120,1.56734693878,202,218.316831683,1.41121032309,0,0.467404796889,0.410912930514,9.71857271297,0.473288814864,133.643429802
R06,69120,1.56734693878,267,165.168539326,0.0363123458652,0,0.372097055186,20.9378869829,0.44116208889,0.53912296357,133.643429802
R06,69120,1.56734693878,334,132.035928144,1.33877033161,0,0.733936412211,0.519831944391,0.606650286152,0,133.643429802
R06,69120,1.56734693878,401,109.975062344,0.0715536263211,0,0.468948020376,0.48136364869,21.2549537627,0,133.643429802
R06,69120,1.56734693878,466,94.635193133,1.26326204792,0,0.22264403509,0.433830099261,0.537061274999,0,133.643429802
R06,69632,1.5789569161,134,329.104477612,0.00993363926647,1,35.5079303353,17.7618434956,3.74605669471,0.822650810395,133.653901312
R06,69632,1.5789569161,267,165.168539326,0.0266716264293,0,0.797606489897,34.5652216871,0.590474708902,0.466883817581,133.653901312
R06,69632,1.5789569161,333,132.432432432,1.51855241414,0,0.869606290051,0.884342279494,0.571488691296,0,133.653901312
R06,69632,1.5789569161,401,109.975062344,0.0512680883825,0,0.482046995541,0.665190904384,34.9251704161,0,133.653901312
R06,69632,1.5789569161,464,95.0431034483,1.44649643766,0,0.249760598974,0.597094958782,0.785504654903,0,133.653901312
R06,69632,1.5789569161,535,82.4299065421,0.0827871406712,0,0.467444026824,0.809983336961,0.494445750544,0,133.653901312
R06,70144,1.59056689342,134,329.104477612,0.00631951362528,1,54.3954722074,21.7556008349,4.27379824891,1.00989409765,133.6467122
R06,70144,1.59056689342,267,165.168539326,0.017563651342,0,1.00349129706,53.3364143739,0.660368555962,0.248162988144,133.6467122
R06,70144,1.59056689342,401,109.975062344,0.0357078830822,0,0.670782350495,0.631193744672,53.7679889437,0,133.6467122
R06,70144,1.59056689342,535,82.4299065421,0.059921638578,0,0.240204528073,1.00687542878,0.441519748973,0,133.6467122
R06,70656,1.60217687075,134,329.104477612,0.00453638020539,1,77.0983518719,23.6629209053,3.9095641932,0.957713702755,133.603162664
R06,70656,1.60217687075,267,165.168539326,0.0121542387036,0,0.964849210671,76.1072904928,0.596118491989,0.289259909461,133.603162664
R06,70656,1.60217687075,401,109.975062344,0.0247390897865,0,0.904297240589,0.463248033994,76.5580907569,0,133.603162664
R06,70656,1.60217687075,535,82.4299065421,0.0415584553226,0,0.284521994395,0.961729899805,0.588024582914,0,133.603162664
R06,71168,1.61378684807,134,329.104477612,0.00345884651326,1,101.382541552,23.7624575983,2.74213390175,0.851927765321,133.582916579
R06,71168,1.61378684807,267,165.168539326,0.00906416137584,0,0.858455772396,100.725505075,0.401349647398,0.485021700404,133.582916579
R06,71168,1.61378684807,401,109.975062344,0.0182651420561,0,1.05537058803,0.270621622743,101.107534182,0,133.582916579
R06,71168,1.61378684807,535,82.4299065421,0.0307811515898,0,0.484192131803,0.855871301424,0.774780955652,0,133.582916579
R06,71680,1.6253968254,134,329.104477612,0.0025363594785,1,124.247207923,22.4817323805,1.35528020342,0.83674298964,133.604618939
R06,71680,1.6253968254,267,165.168539326,0.00664922045825,0,0.83492032702,124.091304683,0.181345004658,0.466653339759,133.604618939
R06,71680,1.6253968254,401,109.975062344,0.0133348915134,0,0.966602758279,0.237509918346,124.347311771,0,133.604618939
R06,71680,1.6253968254,535,82.4299065421,0.0223779117667,0,0.463357287243,0.836386511139,0.793368200538,0,133.604618939
R06,72192,1.63700680272,134,329.104477612,0.00196968510282,1,143.395517872,20.2241180827,1.03347133013,0.857794608528,133.581949055
R06,72192,1.63700680272,267,165.168539326,0.00493599185881,0,0.859749767417,143.731763515,0.145451608611,0.333438551846,133.581949055
R06,72192,1.63700680272,401,109.975062344,0.00990448186137,0,0.720901289863,0.441037179897,143.864270198,0,133.581949055
R06,72192,1.63700680272,534,82.5842696629,0.0163054585619,0,0.333438551846,0.859749767417,0.517809538033,0,133.581949055
R06,72704,1.64861678005,134,329.104477612,0.00169013982061,1,157.452540805,17.3247729079,1.62614880656,0.836002131377,133.575064676
R06,72704,1.64861678005,267,165.168539326,0.00396203459872,0,0.851085955502,158.127018825,0.252344150483,0.329818169447,133.575064676
R06,72704,1.64861678005,401,109.975062344,0.00756429633322,0,0.492093149506,0.588922234826,158.18113276,0,133.575064676
R06,72704,1.64861678005,534,82.5842696629,0.0120620717684,0,0.329818169447,0.851085955502,0.0946576022174,0,133.575064676
R06,73216,1.66022675737,134,329.104477612,0.00151454246929,1,165.853683652,14.2788342538,1.91313975212,0.740158915218,133.546617094
R06,73216,1.66022675737,267,165.168539326,0.00314491346363,0,0.758734242799,166.624670058,0.34742548048,0.43550642289,133.546617094
R06,73216,1.66022675737,401,109.975062344,0.00580468271487,0,0.435721191572,0.776896012862,166.664859237,0,133.546617094
R06,73216,1.66022675737,534,82.5842696629,0.00861016493913,0,0.43550642289,0.758734242799,0.204992835737,0,133.546617094
R06,73728,1.67183673469,134,329.104477612,0.00139833879373,1,168.355513904,11.592257181,2.04062432795,0.614999671929,133.544316417
R06,73728,1.67183673469,267,165.168539326,0.00283582400216,0,0.613903256123,169.103831656,0.365991141328,0.599105314396,133.544316417
R06,73728,1.67183673469,401,109.975062344,0.00518799682999,0,0.573720097142,0.948804836414,169.152108138,0,133.544316417
R06,73728,1.67183673469,534,82.5842696629,0.00748095279363,0,0.599105314396,0.613903256123,0.205467713667,0,133.544316417
R06,74240,1.68344671202,134,329.104477612,0.00164216490992,1,164.302208144,9.34518465627,2.3703042791,0.451005244166,133.562402658
R06,74240,1.68344671202,267,165.168539326,0.0039853146976,0,0.44132927362,165.016621086,0.311405010705,0.716686742932,133.562402658
R06,74240,1.68344671202,401,109.975062344,0.00764989134586,0,0.741412120296,0.820358337573,165.063416293,0,133.562402658
R06,74240,1.68344671202,534,82.5842696629,0.0117970803774,0,0.716686742932,0.44132927362,0.0339224475775,0,133.562402658
R06,74752,1.69505668934,134,329.104477612,0.00186863127329,1,152.370729307,7.39516205444,3.12855060327,0.289973840455,133.580692903
R06,74752,1.69505668934,267,165.168539326,0.00469406628637,0,0.293024083043,152.955294392,0.296277690855,0.801629365271,133.580692903
R06,74752,1.69505668934,401,109.975062344,0.00911664575162,0,0.763451549834,0.611988604805,153.016532952,0,133.580692903
R06,74752,1.69505668934,535,82.4299065421,0.0149531863616,0,0.798152873751,0.291531340125,0.308342885854,0,133.580692903
R06,75264,1.70666666667,134,329.104477612,0.00207025614935,1,133.006833345,5.60249300407,4.11217583283,0.231190575969,133.609901158
R06,75264,1.70666666667,267,165.168539326,0.00534537501059,0,0.256476537364,133.309185749,0.368730981217,0.881405227236,133.609901158
R06,75264,1.70666666667,401,109.975062344,0.0104326131316,0,0.710513635846,0.431136613745,133.425320399,0,133.609901158
R06,75264,1.70666666667,535,82.4299065421,0.0173390226748,0,0.879943021962,0.244107899063,0.533579777958,0,133.609901158
R06,75776,1.71827664399,134,329.104477612,0.0053731133597,1,109.582122397,3.88631086493,4.69582724455,0.319225398757,133.528766256
R06,75776,1.71827664399,267,165.168539326,0.00973386478999,0,0.329422477937,109.607296621,0.366693945317,0.846441221955,133.528766256
R06,75776,1.71827664399,401,109.975062344,0.0163494521951,0,0.646371470815,0.347494776641,109.783653642,0,133.528766256
R06,75776,1.71827664399,535,82.4299065421,0.0258868920999,0,0.845842026569,0.324057623151,0.607575581823,0,133.528766256
R06,76288,1.72988662132,134,329.104477612,0.00931922284979,1,86.6448579281,2.36843629798,4.34932642463,0.725045347143,133.547588327
R06,76288,1.72988662132,267,165.168539326,0.0163940796294,0,0.719582225833,86.9032117396,0.0830275379053,0.636782453478,133.547588327
R06,76288,1.72988662132,401,109.975062344,0.024669642086,0,0.836790790269,0.391981608294,86.9802299544,0,133.547588327
R06,76288,1.72988662132,534,82.5842696629,0.0372246590674,0,0.636782453478,0.719582225833,1.09834853681,0,133.547588327
R06,76800,1.74149659864,133,331.578947368,0.0550528645016,1,69.8082870505,3.98020966504,2.28188089219,1.27440538719,133.443482853
R06,76800,1.74149659864,267,165.168539326,0.0470505916264,0,1.24013696149,70.0505800886,0.439438882311,1.08354255487,133.443482853
R06,76800,1.74149659864,401,109.975062344,0.0476691771547,0,1.26247455625,0.85645112564,69.8234151868,0,133.443482853
R06,76800,1.74149659864,534,82.5842696629,0.0624614784294,0,1.08354255487,1.24013696149,2.52405627581,0,133.443482853
R06,77312,1.75310657596,133,331.578947368,0.0766818238733,1,62.0710096418,5.59469886503,0.850752160367,2.77518371483,133.409678153
R06,77312,1.75310657596,267,165.168539326,0.0672853083455,0,2.63424915222,61.3290406155,0.522054459201,2.75390649285,133.409678153
R06,77312,1.75310657596,400,110.25,0.0919835746347,0,0.967233358745,2.32161236858,61.7139476984,0,133.409678153
R06,77312,1.75310657596,534,82.5842696629,0.108487815115,0,2.75390649285,2.63424915222,4.73410489886,0,133.409678153
R06,77824,1.76471655329,133,331.578947368,0.0925769044708,1,61.3626233785,7.77261311903,0.803150989338,5.65090526215,133.400026428
R06,77824,1.76471655329,267,165.168539326,0.0776099900298,0,5.51204127744,60.0967761877,0.910495814385,4.49195245484,133.400026428
R06,77824,1.76471655329,400,110.25,0.100876345034,0,2.34280788041,4.46796377679,60.6413422426,0,133.400026428
R06,77824,1.76471655329,533,82.7392120075,0.112096240931,0,4.50629061754,5.58123579592,6.58982018581,0,133.400026428
R06,78336,1.77632653061,133,331.578947368,0.0981820049708,1,64.9579679588,9.57072162633,0.73123803529,7.77957835887,133.414473886
R06,78336,1.77632653061,267,165.168539326,0.080652645625,0,7.66259909692,63.8176621581,1.54349357975,5.24141497138,133.414473886
R06,78336,1.77632653061,400,110.25,0.103278504289,0,4.09381147695,5.92504965966,64.3179019241,0,133.414473886
R06,78336,1.77632653061,534,82.5842696629,0.112568729812,0,5.24141497138,7.66259909692,7.40549949,0,133.414473886
R06,78848,1.78793650794,133,331.578947368,0.1017378346,1,68.9511148176,10.3283736237,0.2425472792,7.78561555985,133.418637977
R06,78848,1.78793650794,267,165.168539326,0.0844415297019,0,7.69540704289,68.4906452511,1.83102998554,4.52576793167,133.418637977
R06,78848,1.78793650794,400,110.25,0.109233755613,0,4.73572547337,5.92039795308,68.7654360587,0,133.418637977
R06,78848,1.78793650794,534,82.5842696629,0.120866505981,0,4.52576793167,7.69540704289,6.49627859617,0,133.418637977
R06,79360,1.79954648526,133,331.578947368,0.104303232783,1,69.4609650155,9.97361182896,1.69577358033,5.61151698821,133.415693305
R06,79360,1.79954648526,267,165.168539326,0.0873350320167,0,5.56338114827,69.9436369834,1.51715204408,2.80323372239,133.415693305
R06,79360,1.79954648526,400,110.25,0.11317851995,0,3.83799392331,4.46356742054,69.8976057664,0,133.415693305
R06,79360,1.79954648526,534,82.5842696629,0.117568836045,0,2.80323372239,5.56338114827,4.47863701442,0,133.415693305
R06,79872,1.81115646259,133,331.578947368,0.094233859489,1,64.8749145912,8.92577801284,3.05075066295,2.43453526113,133.434097186
R06,79872,1.81115646259,267,165.168539326,0.0732189360363,0,2.42184473016,66.3772443623,0.776966327175,1.0905424708,133.434097186
R06,79872,1.81115646259,401,109.975062344,0.102721942786,0,1.9430356495,2.28654381888,66.6673506077,0,133.434097186
R06,79872,1.81115646259,534,82.5842696629,0.116199364352,0,1.0905424708,2.42184473016,2.35178313651,0,133.434097186
R06,80384,1.82276643991,134,329.104477612,0.093242754209,1,60.812365489,7.76452287154,3.07575608983,0.261995305924,133.530839175
R06,80384,1.82276643991,267,165.168539326,0.0538714144941,0,0.234094533861,59.34542153,0.272957878416,0.066267629186,133.530839175
R06,80384,1.82276643991,401,109.975062344,0.0804431190483,0,0.556809913728,1.03878715039,59.942127215,0,133.530839175
R06,80384,1.82276643991,535,82.4299065421,0.0995517429849,0,0.0669230033489,0.247734914589,0.91921683122,0,133.530839175
R06,80896,1.83437641723,134,329.104477612,0.00897909684468,1,55.0590967818,5.70242292412,2.7880921023,0.207384148489,133.717553378
R06,80896,1.83437641723,268,164.552238806,0.0237414477928,0,0.207384148489,55.0590967818,0.278817287473,0.207994067806,133.717553378
R06,80896,1.83437641723,402,109.701492537,0.0423029258718,0,0.210552761655,0.997164308675,55.0590967818,0,133.717553378
R06,80896,1.83437641723,536,82.276119403,0.0617868225579,0,0.207994067806,0.207384148489,0.41859667669,0,133.717553378
R06,81408,1.84598639456,134,329.104477612,0.00807907234019,1,54.435810572,3.95001673496,2.58928653983,0.278067825008,133.749731439
R06,81408,1.84598639456,268,164.552238806,0.0217583463638,0,0.278067825008,54.435810572,0.364641830151,0.392855413714,133.749731439
R06,81408,1.84598639456,402,109.701492537,0.0407521109041,0,0.401609173617,0.753114922454,54.435810572,0,133.749731439
R06,81408,1.84598639456,536,82.276119403,0.0618035928444,0,0.392855413714,0.278067825008,0.476953152313,0,133.749731439
R06,81920,1.85759637188,134,329.104477612,0.00733490977153,1,60.4427658759,3.19081601064,2.06664971511,0.166691416135,133.808044179
R06,81920,1.85759637188,268,164.552238806,0.0197591070658,0,0.166691416135,60.4427658759,0.29007117518,0.443576275224,133.808044179
R06,81920,1.85759637188,402,109.701492537,0.0364213537982,0,0.568419508382,0.407178200497,60.4427658759,0,133.808044179
R06,81920,1.85759637188,537,82.1229050279,0.0545131986957,0,0.445997234726,0.182413295747,0.737117855116,0,133.808044179
R06,82432,1.86920634921,134,329.104477612,0.00595852700749,1,71.2052449053,3.76085010832,0.947677861406,0.23669951138,133.820704924
R06,82432,1.86920634921,268,164.552238806,0.0154546158845,0,0.23669951138,71.2052449053,0.205226833272,0.412743880126,133.820704924
R06,82432,1.86920634921,402,109.701492537,0.0280990335444,0,0.615555033758,0.188753377405,71.2052449053,0,133.820704924
R06,82432,1.86920634921,537,82.1229050279,0.0412089877683,0,0.414354569988,0.246986067739,0.740394568262,0,133.820704924
R06,82944,1.88081632653,134,329.104477612,0.00488775354332,1,83.8283699042,4.75548635171,0.931113741928,0.277593544102,133.828518133
R06,82944,1.88081632653,268,164.552238806,0.0124681046842,0,0.277593544102,83.8283699042,0.191477761263,0.248252005927,133.828518133
R06,82944,1.88081632653,402,109.701492537,0.0226293763725,0,0.566348161882,0.476820806795,83.8283699042,0,133.828518133
R06,82944,1.88081632653,537,82.1229050279,0.0329047349243,0,0.250441887224,0.28187265466,0.590450916964,0,133.828518133
R06,83456,1.89242630385,134,329.104477612,0.00424422826719,1,95.5761498667,5.4578194591,2.65171331005,0.153411002706,133.866835673
R06,83456,1.89242630385,268,164.552238806,0.0107545108367,0,0.153411002706,95.5761498667,0.217145642201,0.190170273056,133.866835673
R06,83456,1.89242630385,402,109.701492537,0.0197436363106,0,0.728729156146,0.718606555661,95.5761498667,0,133.866835673
R06,83456,1.89242630385,537,82.1229050279,0.0293142036962,0,0.196819076366,0.136603138185,0.556620805074,0,133.866835673
R06,83968,1.90403628118,134,329.104477612,0.00405730256456,1,103.716758044,5.51691791772,4.0364276639,0.35805692732,133.950284398
R06,83968,1.90403628118,268,164.552238806,0.010341545696,0,0.35805692732,103.716758044,0.15353959474,0.517499569819,133.950284398
R06,83968,1.90403628118,402,109.701492537,0.0186650911113,0,0.857864008157,0.787690577955,103.716758044,0,133.950284398
R06,83968,1.90403628118,537,82.1229050279,0.0271577363446,0,0.517511823319,0.353948901694,0.689414197089,0,133.950284398
R06,84480,1.9156462585,134,329.104477612,0.00358249851375,1,106.366891919,4.92076507864,4.65662909965,0.629727247166,133.983585314
R06,84480,1.9156462585,268,164.552238806,0.00923877015143,0,0.629727247166,106.366891919,0.188191195502,0.728882970962,133.983585314
R06,84480,1.9156462585,402,109.701492537,0.0168865516234,0,0.66956637229,0.810274195914,106.366891919,0,133.983585314
R06,84480,1.9156462585,537,82.1229050279,0.0242247818091,0,0.728619015887,0.634395530209,0.772953265505,0,133.983585314
R06,84992,1.92725623583,134,329.104477612,0.0033319710136,1,104.449589184,3.99658431683,4.39189153147,0.706318736781,134.010469422
R06,84992,1.92725623583,268,164.552238806,0.00871843583688,0,0.706318736781,104.449589184,0.406584622303,0.648813945773,134.010469422
R06,84992,1.92725623583,402,109.701492537,0.0165091513674,0,0.28385464184,0.846834979165,104.449589184,0,134.010469422
R06,84992,1.92725623583,537,82.1229050279,0.0242067177423,0,0.646314097137,0.717344140916,0.727653120475,0,134.010469422
R06,85504,1.93886621315,134,329.104477612,0.00291205101555,1,101.853622429,3.18799712799,3.45446079859,0.698352387759,133.944593425
R06,85504,1.93886621315,268,164.552238806,0.00784224850071,0,0.698352387759,101.853622429,0.575184061638,0.372492710621,133.944593425
R06,85504,1.93886621315,402,109.701492537,0.014889572844,0,0.171013314473,0.811432527241,101.853622429,0,133.944593425
R06,85504,1.93886621315,537,82.1229050279,0.0228160767931,0,0.367860578307,0.708289393846,0.673870363216,0,133.944593425
R06,86016,1.95047619048,134,329.104477612,0.00289170790339,1,103.55376898,3.05239672277,2.30324630284,0.658687934457,133.865137076
R06,86016,1.95047619048,268,164.552238806,0.00762842412294,0,0.658687934457,103.55376898,0.590438072319,0.155535377058,133.865137076
R06,86016,1.95047619048,402,109.701492537,0.0145823762296,0,0.149373726681,0.624995338645,103.55376898,0,133.865137076
R06,86016,1.95047619048,536,82.276119403,0.0225421781077,0,0.155535377058,0.658687934457,0.525647635812,0,133.865137076
R06,86528,1.9620861678,134,329.104477612,0.00301666658815,1,112.134560079,3.8977812717,1.27951479193,0.557738354161,133.709573377
R06,86528,1.9620861678,268,164.552238806,0.00776823808591,0,0.557738354161,112.134560079,0.411788982259,0.209228057757,133.709573377
R06,86528,1.9620861678,401,109.975062344,0.0146392918426,0,0.0920243954107,0.325431780383,110.230133143,0,133.709573377
R06,86528,1.9620861678,536,82.276119403,0.0224737915825,0,0.209228057757,0.557738354161,0.572604191788,0,133.709573377
R06,87040,1.97369614512,134,329.104477612,0.00282278844919,1,125.597188555,5.30388738864,0.665128105037,0.329150240167,133.658971766
R06,87040,1.97369614512,267,165.168539326,0.00701719733135,0,0.289779805626,123.824603955,0.143979761544,0.130533936957,133.658971766
R06,87040,1.97369614512,401,109.975062344,0.0134793170316,0,0.273081404779,0.353108223245,124.639724155,0,133.658971766
R06,87040,1.97369614512,535,82.4299065421,0.0210549473002,0,0.135086561062,0.309117946059,0.724705499355,0,133.658971766
R06,87552,1.98530612245,134,329.104477612,0.00280272971311,1,138.621867432,6.87085948323,1.04570424,0.231016944674,133.549601044
R06,87552,1.98530612245,267,165.168539326,0.00662478970046,0,0.187695884545,138.423549334,0.331649053579,0.146625207861,133.549601044
R06,87552,1.98530612245,401,109.975062344,0.01294669807,0,0.309891422299,0.476428816992,138.732618768,0,133.549601044
R06,87552,1.98530612245,534,82.5842696629,0.0202062889599,0,0.146625207861,0.187695884545,0.671912727692,0,133.549601044
R06,88064,1.99691609977,133,331.578947368,0.00243387520484,1,146.629754038,7.39101336428,1.30954699752,0.411316904395,133.425056929
R06,88064,1.99691609977,267,165.168539326,0.00558612625542,0,0.448611611605,147.646002393,0.385615129523,0.238688503138,133.425056929
R06,88064,1.99691609977,400,110.25,0.0108763938021,0,0.268607981916,0.479369429966,147.5630754,0,133.425056929
R06,88064,1.99691609977,534,82.5842696629,0.0170162304853,0,0.238688503138,0.448611611605,0.618846368408,0,133.425056929
R06,88576,2.0085260771,133,331.578947368,0.00212207043714,1,149.77738948,8.81572091741,1.34911639673,0.547015422887,133.398916315
R06,88576,2.0085260771,267,165.168539326,0.00465804655128,0,0.58215406886,149.715172191,0.287111423363,0.215306884434,133.398916315
R06,88576,2.0085260771,400,110.25,0.00869486264057,0,0.274789707715,0.717720774434,149.99752659,0,133.398916315
R06,88576,2.0085260771,533,82.7392120075,0.013332471581,0,0.210843938795,0.564365435782,0.596771823005,0,133.398916315
R06,89088,2.02013605442,133,331.578947368,0.0018108187742,1,146.577010391,10.7965070906,0.950869619338,0.434268948711,133.339267699
R06,89088,2.02013605442,267,165.168539326,0.00394714606444,0,0.446776663474,146.157882443,0.150551501215,0.17897405192,133.339267699
R06,89088,2.02013605442,400,110.25,0.00711180362193,0,0.321169034198,1.035874671,146.566423535,0,133.339267699
R06,89088,2.02013605442,533,82.7392120075,0.0110813333335,0,0.173673336479,0.439944950899,0.463363868807,0,133.339267699
R06,89600,2.03174603175,133,331.578947368,0.00169047897699,1,140.08184933,12.5461339451,0.675400401157,0.126937476976,133.339548715
R06,89600,2.03174603175,267,165.168539326,0.00373350082062,0,0.128651423274,140.148625872,0.116792818363,0.224219851144,133.339548715
R06,89600,2.03174603175,400,110.25,0.00672413745992,0,0.328675052346,1.15844741094,140.400042884,0,133.339548715
R06,89600,2.03174603175,533,82.7392120075,0.010471497801,0,0.223265430436,0.12558316412,0.270135842072,0,133.339548715
R06,90112,2.04335600907,133,331.578947368,0.00166009025586,1,133.948489341,12.9291013364,0.796646751802,0.179587187904,133.367976173
R06,90112,2.04335600907,267,165.168539326,0.00351307052296,0,0.196495651003,134.954163074,0.173296913886,0.2223404287,133.367976173
R06,90112,2.04335600907,400,110.25,0.00652355627546,0,0.201191342512,0.959366683529,134.886802516,0,133.367976173
R06,90112,2.04335600907,534,82.5842696629,0.0103211241803,0,0.2223404287,0.196495651003,0.24959520398,0,133.367976173
R06,90624,2.05496598639,133,331.578947368,0.00155070126562,1,130.519794567,11.4048677619,0.496867158403,0.324479281416,133.40310767
R06,90624,2.05496598639,267,165.168539326,0.00329689094164,0,0.360525433158,132.283527133,0.311182907933,0.221876451239,133.40310767
R06,90624,2.05496598639,400,110.25,0.0063458275951,0,0.128443090597,0.707830973052,131.951822137,0,133.40310767
R06,90624,2.05496598639,534,82.5842696629,0.00983799074467,0,0.221876451239,0.360525433158,0.150932811862,0,133.40310767
R06,91136,2.06657596372,133,331.578947368,0.00166710953818,1,129.59603009,8.34062614337,0.509163370676,0.463301180206,133.484113011
R06,91136,2.06657596372,267,165.168539326,0.00303672225864,0,0.494627715896,131.591996073,0.500360391318,0.267936327516,133.484113011
R06,91136,2.06657596372,401,109.975062344,0.00552326266471,0,0.125551268033,0.527362471322,131.759644461,0,133.484113011
R06,91136,2.06657596372,534,82.5842696629,0.00788676043092,0,0.267936327516,0.494627715896,0.181685786676,0,133.484113011
R06,91648,2.07818594104,134,329.104477612,0.00168374395667,1,130.964266864,7.06203634266,1.68688524711,0.573051548735,133.537456536
R06,91648,2.07818594104,267,165.168539326,0.00324301229172,0,0.551861900964,131.302959422,0.580968072249,0.249113504401,133.537456536
R06,91648,2.07818594104,401,109.975062344,0.00586228051067,0,0.188445998309,0.35129188499,131.433404397,0,133.537456536
R06,91648,2.07818594104,534,82.5842696629,0.00817436973098,0,0.249113504401,0.551861900964,0.656630639926,0,133.537456536
R06,92160,2.08979591837,134,329.104477612,0.00163663605573,1,129.812436088,4.72087254891,2.0023366981,0.460683792178,133.545609693
R06,92160,2.08979591837,267,165.168539326,0.00313932855282,0,0.428412800683,130.406593611,0.566976535052,0.178383357192,133.545609693
R06,92160,2.08979591837,401,109.975062344,0.00551759236745,0,0.383190476134,0.420676761719,130.449966685,0,133.545609693
R06,92160,2.08979591837,534,82.5842696629,0.00749887767205,0,0.178383357192,0.428412800683,1.10112465442,0,133.545609693
R06,92672,2.10140589569,133,331.578947368,0.00170469555653,1,127.557150654,4.81324517909,1.86952415598,0.29676293663,133.484722948
R06,92672,2.10140589569,267,165.168539326,0.00304100608444,0,0.338858234959,128.825061083,0.531016140598,0.102806495271,133.484722948
R06,92672,2.10140589569,400,110.25,0.00558650512541,0,0.540123358919,0.4588062659,128.646424413,0,133.484722948
R06,92672,2.10140589569,534,82.5842696629,0.00726930331727,0,0.102806495271,0.338858234959,1.25609706737,0,133.484722948
R06,93184,2.11301587302,133,331.578947368,0.00179434839009,1,125.957917366,10.1845455168,1.14707711759,0.501828181909,133.490933914
R06,93184,2.11301587302,267,165.168539326,0.00306399373889,0,0.516685799523,126.850545658,0.559518309953,0.0689735071951,133.490933914
R06,93184,2.11301587302,400,110.25,0.00553029313082,0,0.589220569848,0.362763540567,126.794704043,0,133.490933914
R06,93184,2.11301587302,534,82.5842696629,0.00720158973373,0,0.0689735071951,0.516685799523,1.09336971157,0,133.490933914
R06,93696,2.12462585034,133,331.578947368,0.00192378426523,1,124.211118361,14.8138534973,1.45775647687,0.490794484322,133.489836039
R06,93696,2.12462585034,267,165.168539326,0.00347106091413,0,0.493260130944,124.861869834,0.621316186961,0.0497318114367,133.489836039
R06,93696,2.12462585034,400,110.25,0.00596730903784,0,0.635990160546,0.317345933468,124.883191215,0,133.489836039
R06,93696,2.12462585034,534,82.5842696629,0.00803119815821,0,0.0497318114367,0.493260130944,0.912665928086,0,133.489836039
R06,94208,2.13623582766,133,331.578947368,0.00204199741253,1,122.327547043,17.6556851285,2.0980448199,0.246087414331,133.486582347
R06,94208,2.13623582766,267,165.168539326,0.00409569094503,0,0.232526339408,123.170685803,0.643814325645,0.144992571436,133.486582347
R06,94208,2.13623582766,400,110.25,0.00736049329916,0,0.611260793104,0.412259831187,123.124185835,0,133.486582347
R06,94208,2.13623582766,534,82.5842696629,0.010002179505,0,0.144992571436,0.232526339408,0.956163619922,0,133.486582347
R06,94720,2.14784580499,134,329.104477612,0.0022551194387,1,121.2877225,19.4140844158,2.02091863407,0.195193169746,133.506202955
R06,94720,2.14784580499,267,165.168539326,0.00454386228425,0,0.214570013406,121.74471603,0.55257017311,0.284726440745,133.506202955
R06,94720,2.14784580499,401,109.975062344,0.00837645462551,0,0.466902627769,0.694501145858,121.821908908,0,133.506202955
R06,94720,2.14784580499,534,82.5842696629,0.011571183751,0,0.284726440745,0.214570013406,0.817811962923,0,133.506202955
R06,95232,2.15945578231,134,329.104477612,0.00214815254746,1,121.344349671,18.0684516583,1.35951483118,0.510671448664,133.627175354
R06,95232,2.15945578231,267,165.168539326,0.00502433329852,0,0.503966747179,120.678355309,0.367909105636,0.381023277152,133.627175354
R06,95232,2.15945578231,401,109.975062344,0.00897938520909,0,0.351324782112,1.06159370029,121.131647424,0,133.627175354
R06,95232,2.15945578231,535,82.4299065421,0.0138792020724,0,0.37865329775,0.507238790957,0.693475401116,0,133.627175354
R06,95744,2.17106575964,134,329.104477612,0.00235891279837,1,122.709579485,15.3914222943,0.356424941553,0.720170405495,133.631094128
R06,95744,2.17106575964,267,165.168539326,0.00523157860727,0,0.700050678028,120.955640717,0.135280567637,0.32774197161,133.631094128
R06,95744,2.17106575964,401,109.975062344,0.00921161273281,0,0.465159026409,1.36098897939,121.775969926,0,133.631094128
R06,95744,2.17106575964,535,82.4299065421,0.0140063458109,0,0.323437582887,0.710305501347,0.740334317643,0,133.631094128
R06,96256,2.18267573696,133,331.578947368,0.072127658717,1,119.494966599,11.2351443691,0.999487683315,0.956820975637,133.41638848
R06,96256,2.18267573696,267,165.168539326,0.0442464077014,0,0.941428803413,124.003692761,0.380357857879,0.376646689757,133.41638848
R06,96256,2.18267573696,401,109.975062344,0.038232293433,0,0.762636678554,1.63516933777,125.031732991,0,133.41638848
R06,96256,2.18267573696,536,82.276119403,0.043147092109,0,0.356606366439,0.920942439933,0.513101630598,0,133.41638848
R06,96768,2.19428571429,133,331.578947368,0.0726722964162,1,126.067971316,7.06664750356,1.30156340452,3.44616943382,133.405257052
R06,96768,2.19428571429,267,165.168539326,0.060090581183,0,3.33504696503,130.665946687,1.73563305701,2.25917774072,133.405257052
R06,96768,2.19428571429,401,109.975062344,0.0693231969183,0,2.02096968746,3.94205328873,131.705524427,0,133.405257052
R06,96768,2.19428571429,535,82.4299065421,0.0737441782416,0,2.24980246188,3.27795877891,2.74460039795,0,133.405257052
R06,97280,2.20589569161,133,331.578947368,0.06968286872,1,135.2547029,2.98486274337,2.14074349142,8.26638006624,133.347982365
R06,97280,2.20589569161,267,165.168539326,0.0580110382379,0,8.19028219431,139.0293223,3.30864349048,5.29372740561,133.347982365
R06,97280,2.20589569161,401,109.975062344,0.0673438315997,0,5.69557068596,7.57348494354,139.783685768,0,133.347982365
R06,97280,2.20589569161,534,82.5842696629,0.072704939188,0,5.29372740561,8.19028219431,6.0425019767,0,133.347982365
R06,97792,2.21750566893,133,331.578947368,0.0665095554011,1,143.776234198,0.730492114449,2.99359542353,12.2409949775,133.196330626
R06,97792,2.21750566893,267,165.168539326,0.0558996351312,0,12.1973608946,146.027487238,4.16161271165,7.71873664498,133.196330626
R06,97792,2.21750566893,400,110.25,0.0650152810956,0,9.05067398286,10.3241770824,145.536261316,0,133.196330626
R06,97792,2.21750566893,534,82.5842696629,0.0704848586263,0,7.71873664498,12.1973608946,7.90750712279,0,133.196330626
R06,98304,2.22911564626,133,331.578947368,0.0711861271167,1,148.991157558,3.26106959913,3.46720091001,12.9660986824,133.256490696
R06,98304,2.22911564626,267,165.168539326,0.0602660396891,0,12.9409921755,149.403590337,3.79345917931,7.99499965483,133.256490696
R06,98304,2.22911564626,400,110.25,0.0690501557712,0,10.0210273838,10.4535442378,149.5388756,0,133.256490696
R06,98304,2.22911564626,533,82.7392120075,0.0746881129334,0,7.99358010744,12.9537821673,7.54110098756,0,133.256490696
R06,98816,2.24072562358,133,331.578947368,0.0786390771536,1,149.176861486,4.56107428721,3.19738372559,10.2252533861,132.965395176
R06,98816,2.24072562358,266,165.789473684,0.0700122461018,0,10.2252533861,149.176861486,2.84572291252,6.02763345806,132.965395176
R06,98816,2.24072562358,399,110.526315789,0.0795535526136,0,8.16466475187,7.07086312318,149.176861486,0,132.965395176
R06,98816,2.24072562358,532,82.8947368421,0.0839109783219,0,6.02763345806,10.2252533861,6.05763332442,0,132.965395176
R06,99328,2.25233560091,133,331.578947368,0.0827782642576,1,144.000148168,4.80729975339,2.4180510479,5.53439343794,132.759465982
R06,99328,2.25233560091,266,165.789473684,0.074607309688,0,5.53439343794,144.000148168,2.86657483796,3.14507266384,132.759465982
R06,99328,2.25233560091,399,110.526315789,0.0854651985655,0,4.65209239087,1.92833794052,144.000148168,0,132.759465982
R06,99328,2.25233560091,531,83.0508474576,0.0906825056716,0,3.17339744803,5.62607406119,5.09565012312,0,132.759465982
R06,99840,2.26394557823,133,331.578947368,0.0880537327717,1,134.10793149,5.84753967691,1.83043282514,1.96948878869,132.556483606
R06,99840,2.26394557823,265,166.41509434,0.06636924058,0,2.16521614168,135.036840249,3.89094535502,1.79021218975,132.556483606
R06,99840,2.26394557823,398,110.804020101,0.0668349344274,0,2.14794908722,2.84391530419,134.967790227,0,132.556483606
R06,99840,2.26394557823,530,83.2075471698,0.0708156195286,0,1.79021218975,2.16521614168,5.1619989265,0,132.556483606
R06,100352,2.27555555556,133,331.578947368,0.0217092184076,1,120.272751423,9.5864537341,1.21969204988,1.77690251804,132.50940836
R06,100352,2.27555555556,265,166.41509434,0.0318022015955,0,1.89087490473,123.28592765,4.14601556808,2.17763236494,132.50940836
R06,100352,2.27555555556,397,111.083123426,0.0425137033318,0,2.02660539639,4.02947593627,123.840005551,0,132.50940836
R06,100352,2.27555555556,529,83.3648393195,0.052866715642,0,2.17183614273,1.94828688992,5.93389859831,0,132.50940836
R06,100864,2.28716553288,132,334.090909091,0.0210175054144,1,114.508673967,11.1809964798,1.04700228519,1.75986413472,132.400181798
R06,100864,2.28716553288,265,166.41509434,0.0315336282174,0,1.64485066418,110.921013333,3.31782145567,2.52895203752,132.400181798
R06,100864,2.28716553288,397,111.083123426,0.043563128183,0,1.50449840528,3.39283722182,112.34577296,0,132.400181798
R06,100864,2.28716553288,528,83.5227272727,0.0560868399002,0,2.50473508593,1.75986413472,4.92411175437,0,132.400181798
R06,101376,2.2987755102,132,334.090909091,0.0199088965076,1,111.332917536,13.9676024307,1.59522865809,1.24996413351,132.427330049
R06,101376,2.2987755102,265,166.41509434,0.0299620803587,0,1.15877352668,105.909294723,1.83674529712,2.03966776848,132.427330049
R06,101376,2.2987755102,397,111.083123426,0.0419324307675,0,0.65623275842,1.85588733537,107.945911747,0,132.427330049
R06,101376,2.2987755102,528,83.5227272727,0.0547514901873,0,2.02864656734,1.24996413351,2.70123446543,0,132.427330049
R06,101888,2.31038548753,132,334.090909091,0.0196440891247,1,119.992869315,14.67242009,2.01108131135,0.726866545535,132.440588669
R06,101888,2.31038548753,265,166.41509434,0.029322014599,0,0.598753409168,115.015844011,0.687756323368,1.16633103151,132.440588669
R06,101888,2.31038548753,397,111.083123426,0.0411350792826,0,0.376104199388,0.615423308788,116.90618301,0,132.440588669
R06,101888,2.31038548753,528,83.5227272727,0.0430706956244,0,1.17813256407,0.726866545535,0.809111943956,0,132.440588669
R06,102400,2.32199546485,132,334.090909091,0.00536054583058,1,135.616005305,13.7805865982,1.71368983566,1.10815213227,132.4836906
R06,102400,2.32199546485,265,166.41509434,0.0118063239092,0,1.04113061175,132.767789684,0.647924955538,0.500481050311,132.4836906
R06,102400,2.32199546485,397,111.083123426,0.0229800031411,0,0.620853871037,0.230793989826,133.955538987,0,132.4836906
R06,102400,2.32199546485,529,83.3648393195,0.0345785570753,0,0.511708059456,1.07427929657,0.464827512072,0,132.4836906
R06,102912,2.33360544218,133,331.578947368,0.004385567043,1,145.296581106,12.9622144133,2.02006389816,1.55854542248,132.566084641
R06,102912,2.33360544218,265,166.41509434,0.0113268137161,0,1.56123113652,147.986883093,0.744075945338,0.496101574246,132.566084641
R06,102912,2.33360544218,397,111.083123426,0.022887622988,0,0.657473128479,0.383390833306,148.406777121,0,132.566084641
R06,102912,2.33360544218,530,83.2075471698,0.0348432050955,0,0.496101574246,1.56123113652,0.887034846633,0,132.566084641
R06,103424,2.3452154195,133,331.578947368,0.00370640633063,1,151.443301052,11.2309537647,1.68441522688,1.52673021564,132.665065251
R06,103424,2.3452154195,265,166.41509434,0.0106817579499,0,1.50435167103,152.587486537,0.652576865611,0.613876590115,132.665065251
R06,103424,2.3452154195,398,110.804020101,0.0212666318353,0,0.523179745181,0.456481101786,152.452739044,0,132.665065251
R06,103424,2.3452154195,530,83.2075471698,0.0333633544017,0,0.613876590115,1.50435167103,1.06168667517,0,132.665065251
R06,103936,2.35682539683,133,331.578947368,0.00532308134883,1,142.991758531,10.393137445,2.03605526148,1.12305064598,132.714622762
R06,103936,2.35682539683,265,166.41509434,0.0126204333689,0,1.10297608696,143.337381508,0.464043656341,0.704823200211,132.714622762
R06,103936,2.35682539683,398,110.804020101,0.0239801337328,0,0.386001859222,0.525914166832,143.454980227,0,132.714622762
R06,103936,2.35682539683,531,83.0508474576,0.0373802392596,0,0.703428724261,1.11303340792,1.04739290615,0,132.714622762
R06,104448,2.36843537415,133,331.578947368,0.0349300178122,1,120.670675183,10.080942717,2.80331413747,1.49835111716,132.806632588
R06,104448,2.36843537415,266,165.789473684,0.0234985903105,0,1.49835111716,120.670675183,0.281845574073,0.879924606041,132.806632588
R06,104448,2.36843537415,398,110.804020101,0.0468183220188,0,0.881990355074,0.378885602804,121.023520909,0,132.806632588
R06,104448,2.36843537415,531,83.0508474576,0.0608134571008,0,0.896027207888,1.50727044302,0.761911390279,0,132.806632588
R06,104960,2.38004535147,133,331.578947368,0.0483537909936,1,87.1382282023,10.0215041626,3.62264771282,4.41212248249,132.808205542
R06,104960,2.38004535147,266,165.789473684,0.0339442786472,0,4.41212248249,87.1382282023,0.303716034437,1.90948221722,132.808205542
R06,104960,2.38004535147,399,110.526315789,0.0629850181533,0,2.69222558063,1.5274423123,87.1382282023,0,132.808205542
R06,104960,2.38004535147,531,83.0508474576,0.0887918404918,0,1.93237245919,4.41102141251,0.348013151633,0,132.808205542
R06,105472,2.3916553288,133,331.578947368,0.0708162406516,1,48.53501809,10.0724774928,4.12417424207,7.66601774476,132.841514907
R06,105472,2.3916553288,266,165.789473684,0.0502023481899,0,7.66601774476,48.53501809,0.537847308351,3.99789772393,132.841514907
R06,105472,2.3916553288,399,110.526315789,0.0895555274238,0,3.79487296709,3.73703698356,48.53501809,0,132.841514907
R06,105472,2.3916553288,532,82.8947368421,0.124824352598,0,3.99789772393,7.66601774476,0.291315055914,0,132.841514907
R06,105984,2.40326530612,133,331.578947368,0.119807789063,1,18.1000353222,9.97792532184,3.94951973472,8.52313211955,132.738058305
R06,105984,2.40326530612,266,165.789473684,0.0725522190735,0,8.52313211955,18.1000353222,0.591079655015,5.27294755645,132.738058305
R06,105984,2.40326530612,399,110.526315789,0.133473810653,0,2.96364332144,5.87805679157,18.1000353222,0,132.738058305
R06,105984,2.40326530612,531,83.0508474576,0.181851907593,0,5.26960162146,8.48151481882,1.20562490209,0,132.738058305
R06,106496,2.41487528345,133,331.578947368,0.304341174022,0,29.006613287,9.6134532626,2.98555425124,5.44892118321,0
R06,106496,2.41487528345,266,165.789473684,0.209407475989,0,5.44892118321,29.006613287,0.554759218521,5.42994253964,0
R06,106496,2.41487528345,399,110.526315789,0.263222115552,0,0.461887591591,6.89325562235,29.006613287,0,0
R06,106496,2.41487528345,531,83.0508474576,0.31088666315,0,5.41537201963,5.24913862876,2.19464620498,0,0
R06,107008,2.42648526077,133,331.578947368,0.434683572373,0,44.0035273132,9.35344778748,1.42914813856,5.48118741514,0
R06,107008,2.42648526077,266,165.789473684,0.299525015746,0,5.48118741514,44.0035273132,1.06377153792,5.37780127958,0
R06,107008,2.42648526077,399,110.526315789,0.426178383001,0,4.31409823825,8.1244239364,44.0035273132,0,0
R06,107008,2.42648526077,531,83.0508474576,0.460648726705,0,5.38383183522,5.13529274205,3.69282732364,0,0
R06,107520,2.4380952381,22,2004.54545455,1.93528696103,0,0,0,0,1.72262194232,0
R06,107520,2.4380952381,133,331.578947368,0.540769553416,0,47.6844357593,9.34970594347,0.442207896049,11.1283220226,0
R06,107520,2.4380952381,266,165.789473684,0.350659697123,0,11.1283220226,47.6844357593,1.81426678493,5.63980224536,0
R06,107520,2.4380952381,399,110.526315789,0.487498098297,0,7.94305194545,9.52574729621,47.6844357593,0,0
R06,107520,2.4380952381,532,82.8947368421,0.497780522896,0,5.63980224536,11.1283220226,4.65774813299,0,0
R06,108032,2.44970521542,22,2004.54545455,1.96433941333,0,0,0,0,2.1132190733,0
R06,108032,2.44970521542,133,331.578947368,0.539825282778,0,43.1552252072,9.50615088519,1.656550529,14.6305635348,0
R06,108032,2.44970521542,266,165.789473684,0.323595286186,0,14.6305635348,43.1552252072,2.21705950727,5.86623242343,0
R06,108032,2.44970521542,400,110.25,0.429813335394,0,9.30110628862,10.0395937368,43.4583552015,0,0
R06,108032,2.44970521542,532,82.8947368421,0.390267032937,0,5.86623242343,14.6305635348,5.02595114921,0,0
R06,108544,2.46131519274,22,2004.54545455,1.95438932183,0,0,0,0,2.60206631994,0
R06,108544,2.46131519274,133,331.578947368,0.49020498387,0,35.1630258018,9.51673672267,2.31689141616,15.0849732245,0
R06,108544,2.46131519274,266,165.789473684,0.330634824584,0,15.0849732245,35.1630258018,1.85102471727,4.75501379301,0
R06,108544,2.46131519274,400,110.25,0.431705934431,0,7.20597164606,9.21403653762,35.9320350735,0,0
R06,108544,2.46131519274,532,82.8947368421,0.399862774886,0,4.75501379301,15.0849732245,4.96199540469,0,0
R06,109056,2.47292517007,22,2004.54545455,1.92033154982,0,0,0,0,2.46730322815,0
R06,109056,2.47292517007,133,331.578947368,0.516979605974,0,27.0641668944,8.99121525133,2.35105569469,12.9635286007,0
R06,109056,2.47292517007,266,165.789473684,0.344110942551,0,12.9635286007,27.0641668944,0.782967818013,2.40007136597,0
R06,109056,2.47292517007,401,109.975062344,0.451589492877,0,3.07363224849,6.91039900157,29.3722416112,0,0
R06,109056,2.47292517007,534,82.5842696629,0.415215073761,0,2.5085645186,13.1743489189,3.39367242651,0,0
R06,109568,2.48453514739,22,2004.54545455,1.87399182067,0,0,0,0,1.60637973207,0
R06,109568,2.48453514739,133,331.578947368,0.538731200222,0,22.9751070353,7.93236321013,1.92200503437,9.09578097718,0
R06,109568,2.48453514739,266,165.789473684,0.371984489257,0,9.09578097718,22.9751070353,0.503504366271,1.54408281369,0
R06,109568,2.48453514739,401,109.975062344,0.474747615659,0,1.17691341096,3.94867611324,25.8791185983,0,0
R06,109568,2.48453514739,535,82.4299065421,0.432207823917,0,1.69959221065,9.64418673862,1.66528906441,0,0
R06,110080,2.49614512472,22,2004.54545455,1.80521414125,0,0,0,0,0.550589639591,0
R06,110080,2.49614512472,133,331.578947368,0.554240970854,0,25.2223285829,6.85227273857,1.24674955031,6.17834975386,0
R06,110080,2.49614512472,266,165.789473684,0.267931167693,0,6.17834975386,25.2223285829,0.958492215354,3.42049146416,0
R06,110080,2.49614512472,401,109.975062344,0.358586574096,0,3.64371970566,1.27317419192,27.5985404301,0,0
R06,110080,2.49614512472,534,82.5842696629,0.339304787366,0,3.45796449073,6.43114811173,2.40662597033,0,0
R06,110592,2.50775510204,133,331.578947368,0.264291831809,0,30.6823184593,6.227805979,1.11586028724,4.31474049985,267.454714416
R06,110592,2.50775510204,267,165.168539326,0.135207258969,1,4.38462275003,31.6930252263,0.628549290367,3.74795115874,267.454714416
R06,110592,2.50775510204,401,109.975062344,0.215113222367,0,4.08289745837,0.403507110724,31.9318602564,0,267.454714416
R06,110592,2.50775510204,535,82.4299065421,0.213966858603,0,3.75777338229,4.41454382523,2.73953417611,0,267.454714416
R06,111104,2.51936507937,133,331.578947368,0.260603025046,0,34.7197869215,5.88919992699,1.54125859371,2.22931650053,267.549237137
R06,111104,2.51936507937,268,164.552238806,0.117288613655,1,2.06956756374,35.3362320298,0.189928487868,3.28314055926,267.549237137
R06,111104,2.51936507937,401,109.975062344,0.195810069777,0,3.39092177367,0.518434410857,35.3613576139,0,267.549237137
R06,111104,2.51936507937,535,82.4299065421,0.182776799921,0,3.28043207606,2.11321011661,3.04678920115,0,267.549237137
R06,111616,2.53097505669,134,329.104477612,0.18049488024,0,35.8282661763,6.59138447701,1.98244966667,0.741074987288,267.528416574
R06,111616,2.53097505669,268,164.552238806,0.108922231438,1,0.741074987288,35.8282661763,0.248491197199,2.54814256756,267.528416574
R06,111616,2.53097505669,401,109.975062344,0.113633974186,0,1.90191928012,0.930615566564,35.9138806293,0,267.528416574
R06,111616,2.53097505669,535,82.4299065421,0.168796368163,0,2.54981706773,0.805705622162,2.73233966544,0,267.528416574
R06,112128,2.54258503401,133,331.578947368,0.119505587422,1,32.8744206669,5.06148756898,1.88703182502,1.52625422261,133.316610462
R06,112128,2.54258503401,267,165.168539326,0.0710194728066,0,1.42735307104,33.4647148847,0.238998846697,1.66930480333,133.316610462
R06,112128,2.54258503401,401,109.975062344,0.0783541293875,0,0.681431741784,0.82851031686,33.5545444833,0,133.316610462
R06,112128,2.54258503401,535,82.4299065421,0.117248579215,0,1.65986121252,1.37963752357,2.00819555289,0,133.316610462
R06,112640,2.55419501134,133,331.578947368,0.140981939331,1,28.2196178472,3.99268402637,1.78172817449,2.0776748546,133.208344072
R06,112640,2.55419501134,267,165.168539326,0.074260643457,0,1.99442642361,28.9174403543,0.123173797333,0.535784254343,133.208344072
R06,112640,2.55419501134,401,109.975062344,0.0846811578398,0,0.174747982903,0.611966863584,29.0576743746,0,133.208344072
R06,112640,2.55419501134,535,82.4299065421,0.113136932464,0,0.520554931185,1.95052780216,1.22325241661,0,133.208344072
R06,113152,2.56580498866,133,331.578947368,0.124415954256,1,22.6700291721,2.55020471588,1.64700620778,2.35416029326,133.192559267
R06,113152,2.56580498866,267,165.168539326,0.0530179067233,0,2.33808114182,23.3588548237,0.0905340028156,0.471794691455,133.192559267
R06,113152,2.56580498866,400,110.25,0.0990292933202,0,0.413015101,0.209411660321,23.1688768914,0,133.192559267
R06,113152,2.56580498866,535,82.4299065421,0.115238376204,0,0.46544756063,2.32710996012,0.705170922958,0,133.192559267
R06,113664,2.57741496599,133,331.578947368,0.13914686922,1,17.9515132861,1.15857475192,1.50205731774,2.5150450262,133.217556078
R06,113664,2.57741496599,267,165.168539326,0.054354111012,0,2.59580800855,18.4752395203,0.183758497169,0.604722103434,133.217556078
R06,113664,2.57741496599,400,110.25,0.100353109154,0,0.8793915927,0.335872112963,18.3372603745,0,133.217556078
R06,113664,2.57741496599,535,82.4299065421,0.136583593064,0,0.604984617243,2.63257555339,0.368043104731,0,133.217556078
R06,114176,2.58902494331,133,331.578947368,0.145823015857,1,15.1733678725,0.465403502622,1.26925374105,2.28747718724,133.108189797
R06,114176,2.58902494331,267,165.168539326,0.0598503630654,0,2.37885309867,15.4715981416,0.237477033007,0.497737015157,133.108189797
R06,114176,2.58902494331,400,110.25,0.115325381068,0,0.785732733641,0.428219301583,15.4078719993,0,133.108189797
R06,114176,2.58902494331,535,82.4299065421,0.15084825931,0,0.504679386628,2.4221333977,0.360214924728,0,133.108189797
R06,114688,2.60063492063,133,331.578947368,0.166711106156,0,14.3738885086,0.771006664928,0.919910722051,1.7887468906,267.167345127
R06,114688,2.60063492063,267,165.168539326,0.0650964407883,1,1.87799097306,14.512829686,0.252828967081,0.463989857934,267.167345127
R06,114688,2.60063492063,400,110.25,0.12088640878,0,0.661857155161,0.310744602161,14.4993017392,0,267.167345127
R06,114688,2.60063492063,534,82.5842696629,0.154265542565,0,0.463989857934,1.87799097306,0.551709074679,0,267.167345127
R06,115200,2.61224489796,133,331.578947368,0.142208437245,1,15.0102072003,1.02708862788,0.625816532654,1.28984749327,133.16828226
R06,115200,2.61224489796,267,165.168539326,0.0647222699912,0,1.3927993297,15.1220942258,0.258806602136,0.531310630455,133.16828226
R06,115200,2.61224489796,400,110.25,0.114197999864,0,0.809008376021,0.21240950508,15.1141218465,0,133.16828226
R06,115200,2.61224489796,534,82.5842696629,0.149622547503,0,0.531310630455,1.3927993297,0.581475998619,0,133.16828226
R06,115712,2.62385487528,133,331.578947368,0.153207459868,0,15.9720526015,1.32836271396,0.699095852146,0.976091210653,266.879912916
R06,115712,2.62385487528,267,165.168539326,0.0673788658473,1,1.04485856768,16.145343672,0.258662890906,0.444093456238,266.879912916
R06,115712,2.62385487528,400,110.25,0.119648699086,0,0.843032173596,0.342170432856,16.1147688219,0,266.879912916
R06,115712,2.62385487528,534,82.5842696629,0.147495535432,0,0.444093456238,1.04485856768,0.470576409552,0,266.879912916
R06,116224,2.63546485261,133,331.578947368,0.146469880335,1,15.9980294846,1.7928650239,0.913286809145,0.674337723918,133.184469062
R06,116224,2.63546485261,267,165.168539326,0.0600310473049,0,0.683312267743,16.2550724596,0.21560026698,0.254413205376,133.184469062
R06,116224,2.63546485261,400,110.25,0.100224863826,0,0.561529596747,0.52986768429,16.1942030594,0,133.184469062
R06,116224,2.63546485261,534,82.5842696629,0.130723532587,0,0.254413205376,0.683312267743,0.332486889023,0,133.184469062
R06,116736,2.64707482993,133,331.578947368,0.0788687830646,1,14.4579392374,2.2916858535,0.96338455994,0.109449921275,133.430364072
R06,116736,2.64707482993,267,165.168539326,0.0511779908923,0,0.0541016599288,14.8187482274,0.130819232624,0.158684070698,133.430364072
R06,116736,2.64707482993,401,109.975062344,0.074098988229,0,0.190251025424,0.6389416479,14.8961372357,0,133.430364072
R06,116736,2.64707482993,534,82.5842696629,0.101534130226,0,0.158684070698,0.0541016599288,0.205535042285,0,133.430364072
R06,117248,2.65868480726,134,329.104477612,0.0490717160865,1,12.5332013432,2.50305611976,0.778128706075,0.430500437688,133.674107142
R06,117248,2.65868480726,267,165.168539326,0.050487776055,0,0.424246054892,12.2219303845,0.0450476739543,0.133287680903,133.674107142
R06,117248,2.65868480726,401,109.975062344,0.0722619233505,0,0.106995357888,0.744779095159,12.3451488876,0,133.674107142
R06,117248,2.65868480726,535,82.4299065421,0.0910244431413,0,0.135314441057,0.426958056863,0.124170936239,0,133.674107142
R06,117760,2.67029478458,134,329.104477612,0.0476431417909,1,9.94781551914,2.41173691042,0.683585450162,0.536719854581,133.624770427
R06,117760,2.67029478458,267,165.168539326,0.0521564504163,0,0.508269324117,9.51915720927,0.0234875487471,0.297077324504,133.624770427
R06,117760,2.67029478458,401,109.975062344,0.0829257058159,0,0.141078099242,0.822223525428,9.68090710072,0,133.624770427
R06,117760,2.67029478458,535,82.4299065421,0.110819148599,0,0.29895401376,0.522350555598,0.157902244991,0,133.624770427
R06,118272,2.6819047619,134,329.104477612,0.422179006342,0,8.45686981098,2.07234368341,0.614351144985,0.425114016057,0
R06,118272,2.6819047619,267,165.168539326,0.213638645039,0,0.367938680812,8.01477460823,0.0689393963936,0.480184521026,0
R06,118272,2.6819047619,400,110.25,0.260571430133,0,0.146951928073,0.856138155673,7.82872075401,0,0
R06,118272,2.6819047619,534,82.5842696629,0.298230650824,0,0.480184521026,0.367938680812,0.424273803069,0,0
R06,118784,2.69351473923,133,331.578947368,0.466212700156,0,8.30735716779,1.72578208293,0.221404038245,0.912064411554,0
R06,118784,2.69351473923,267,165.168539326,0.36259585823,0,0.959177668914,8.72153448021,0.365934310346,0.495639378071,0
R06,118784,2.69351473923,401,109.975062344,0.4361681896,0,0.589867483234,1.50809244673,8.81982559926,0,0
R06,118784,2.69351473923,535,82.4299065421,0.444891263989,0,0.483916524092,0.986147151196,1.24171592478,0,0
R06,119296,2.70512471655,133,331.578947368,0.43375432731,0,10.7603068609,0.890848804611,0.0537978260841,2.50561236144,0
R06,119296,2.70512471655,267,165.168539326,0.332945638275,0,2.56262825212,11.0003466084,0.829254924071,0.939016311221,0
R06,119296,2.70512471655,401,109.975062344,0.401050084589,0,1.58079841458,2.5435528777,11.039759468,0,0
R06,119296,2.70512471655,535,82.4299065421,0.421316402332,0,0.925529897603,2.59180094667,2.24316213518,0,0
R06,119808,2.71673469388,133,331.578947368,0.393803773363,0,13.7208955982,0.266725058873,0.211190125052,3.50894844296,0
R06,119808,2.71673469388,267,165.168539326,0.298269439773,0,3.56504276225,13.9681968452,1.12827395963,1.49755871029,0
R06,119808,2.71673469388,401,109.975062344,0.363338053553,0,2.56810733803,3.29333926048,14.0061640179,0,0
R06,119808,2.71673469388,536,82.276119403,0.379297448042,0,1.47765841,3.62291616166,2.7917533839,0,0
R06,120320,2.7283446712,133,331.578947368,0.347604637776,0,16.3704109474,0.831396285033,0.435107356203,3.20399178717,0
R06,120320,2.7283446712,267,165.168539326,0.266341221428,0,3.23159268105,16.7583845525,1.08709758398,1.70963330218,0
R06,120320,2.7283446712,401,109.975062344,0.330485942086,0,3.08083437148,3.2638973787,16.8350223779,0,0
R06,120320,2.7283446712,535,82.4299065421,0.334437447681,0,1.70123572458,3.24880488083,2.66941386956,0,0
R06,120832,2.73995464853,133,331.578947368,0.317089245708,0,18.2107508668,1.22650507826,0.489848349075,1.6453960606,0
R06,120832,2.73995464853,267,165.168539326,0.242392069027,0,1.64505725071,18.7357656672,0.738890875152,1.32246517689,0
R06,120832,2.73995464853,401,109.975062344,0.299878147806,0,2.75982330642,2.43241381854,18.8485157966,0,0
R06,120832,2.73995464853,535,82.4299065421,0.307850044282,0,1.31961425908,1.65664461487,1.99108568957,0,0
R06,121344,2.75156462585,133,331.578947368,0.302349715882,0,19.1466909303,1.32068281774,0.357236562947,0.305867985451,0
R06,121344,2.75156462585,267,165.168539326,0.232332895447,0,0.252046227956,19.644951043,0.286372811425,0.598696467954,0
R06,121344,2.75156462585,401,109.975062344,0.286072481776,0,1.79452385992,1.1898674127,19.7432022399,0,0
R06,121344,2.75156462585,535,82.4299065421,0.290850032485,0,0.601121144122,0.274795745554,1.06659829925,0,0
R06,121856,2.76317460317,133,331.578947368,0.297789427918,0,19.1730849164,1.29094563864,0.158111495189,1.33589797166,0
R06,121856,2.76317460317,268,164.552238806,0.219695774902,0,1.40567403065,19.5094325414,0.176823520132,0.121200772205,0
R06,121856,2.76317460317,402,109.701492537,0.197998324491,0,0.782648349447,0.315062926704,19.5094325414,0,0
R06,121856,2.76317460317,536,82.276119403,0.182258728137,0,0.121200772205,1.40567403065,0.430612090082,0,0
R06,122368,2.7747845805,134,329.104477612,0.0585202100028,1,18.3859359978,1.08354473357,0.268593809169,1.20438941806,133.644527247
R06,122368,2.7747845805,267,165.168539326,0.0565783332486,0,1.16596453633,18.4718703506,0.205437537927,0.273258110529,133.644527247
R06,122368,2.7747845805,401,109.975062344,0.0897599192907,0,0.355874527045,0.450451060518,18.4757782606,0,133.644527247
R06,122368,2.7747845805,535,82.4299065421,0.0793825793765,0,0.266524546583,1.18524530205,0.45848127131,0,133.644527247
R06,122880,2.78639455782,133,331.578947368,0.0490291839738,1,16.8072244299,1.32454030233,0.271914139115,0.510485144243,133.451506414
R06,122880,2.78639455782,267,165.168539326,0.0481205088339,0,0.549596328173,16.9697383329,0.149135719415,0.334041146312,133.451506414
R06,122880,2.78639455782,401,109.975062344,0.0699443995922,0,0.439105853846,0.460693869721,16.9610208286,0,133.451506414
R06,122880,2.78639455782,535,82.4299065421,0.0620436911526,0,0.331693273834,0.569671752555,0.460409348792,0,133.451506414
R06,123392,2.79800453515,133,331.578947368,0.0363378664269,1,15.2579715859,1.24956860539,0.368674186597,0.282361863468,133.436657693
R06,123392,2.79800453515,267,165.168539326,0.0409567696785,0,0.323389565553,15.4358536137,0.0682040148172,0.101717313087,133.436657693
R06,123392,2.79800453515,401,109.975062344,0.0572208816382,0,0.429196037427,0.378982541505,15.434900446,0,133.436657693
R06,123392,2.79800453515,534,82.5842696629,0.0506617491096,0,0.101717313087,0.323389565553,0.322335269154,0,133.436657693
R06,123904,2.80961451247,134,329.104477612,0.0331319115653,1,14.1182377393,1.23172658259,0.393228123758,0.48991842682,133.601696178
R06,123904,2.80961451247,267,165.168539326,0.0394954169195,0,0.467859793984,14.1550169169,0.0183822395647,0.172980836991,133.601696178
R06,123904,2.80961451247,401,109.975062344,0.0548132157758,0,0.32142516458,0.307521585567,14.1703933454,0,133.601696178
R06,123904,2.80961451247,535,82.4299065421,0.0528406841712,0,0.168518315698,0.479030946506,0.145479722502,0,133.601696178
R06,124416,2.8212244898,134,329.104477612,0.0316195372998,1,13.2027380591,1.20973342053,0.441762903053,0.484046589687,133.56738674
R06,124416,2.8212244898,267,165.168539326,0.0377146409338,0,0.479949027935,13.1681563094,0.0839396092823,0.310741024582,133.56738674
R06,124416,2.8212244898,401,109.975062344,0.0520301399408,0,0.156326140568,0.295949817934,13.2044188091,0,133.56738674
R06,124416,2.8212244898,535,82.4299065421,0.0507199264803,0,0.31084146488,0.482070541869,0.106346861518,0,133.56738674
R06,124928,2.83283446712,134,329.104477612,0.0290520028372,1,12.3379430455,1.24873945386,0.404000929511,0.371448019925,133.701782931
R06,124928,2.83283446712,267,165.168539326,0.0381170085549,0,0.388218379335,12.2176729424,0.104724871836,0.295680337195,133.701782931
R06,124928,2.83283446712,401,109.975062344,0.05244636069,0,0.142512875584,0.330461479758,12.2795560269,0,133.701782931
R06,124928,2.83283446712,536,82.276119403,0.0538860993233,0,0.287174561973,0.371448019925,0.231067066703,0,133.701782931
R06,125440,2.84444444444,134,329.104477612,0.0322859541431,1,11.2500716602,1.36894203113,0.304114675458,0.26619643502,133.718263926
R06,125440,2.84444444444,268,164.552238806,0.0380385174058,0,0.26619643502,11.2500716602,0.0810474170898,0.165576680068,133.718263926
R06,125440,2.84444444444,402,109.701492537,0.0563577128771,0,0.238468426741,0.349461272876,11.2500716602,0,133.718263926
R06,125440,2.84444444444,536,82.276119403,0.0600236363028,0,0.165576680068,0.26619643502,0.252960995398,0,133.718263926
R06,125952,2.85605442177,134,329.104477612,0.037396682947,1,9.85353380519,1.45889828157,0.213608086767,0.34870689835,133.934667594
R06,125952,2.85605442177,268,164.552238806,0.0405131456573,0,0.34870689835,9.85353380519,0.116520044736,0.253373430551,133.934667594
R06,125952,2.85605442177,402,109.701492537,0.0581805192367,0,0.153751140086,0.325168631548,9.85353380519,0,133.934667594
R06,125952,2.85605442177,537,82.1229050279,0.0628739672621,0,0.253623111609,0.340217199299,0.167369464673,0,133.934667594
R06,126464,2.86766439909,134,329.104477612,0.0380840382342,1,8.35987420666,1.42596683304,0.210037769381,0.462809387314,133.959027073
R06,126464,2.86766439909,268,164.552238806,0.0436626654253,0,0.462809387314,8.35987420666,0.160087267389,0.294124000737,133.959027073
R06,126464,2.86766439909,403,109.429280397,0.064059127643,0,0.0748720443755,0.276305113053,8.52624612286,0,133.959027073
R06,126464,2.86766439909,537,82.1229050279,0.0709184126454,0,0.295696362766,0.456367909642,0.0985821687936,0,133.959027073
R06,126976,2.87927437642,134,329.104477612,0.0503398682401,1,7.18124014458,1.25526247432,0.262704999951,0.337822777121,133.972057832
R06,126976,2.87927437642,268,164.552238806,0.0520494932503,0,0.337822777121,7.18124014458,0.174827391771,0.286394954271,133.972057832
R06,126976,2.87927437642,402,109.701492537,0.0768538863004,0,0.196289737163,0.261587723664,7.18124014458,0,133.972057832
R06,126976,2.87927437642,537,82.1229050279,0.0778089451883,0,0.288957254398,0.331701044548,0.249413015766,0,133.972057832
R06,127488,2.89088435374,134,329.104477612,0.0595161206993,1,6.75614260783,0.990374345844,0.319423949511,0.113152496262,133.847745577
R06,127488,2.89088435374,268,164.552238806,0.0546678132474,0,0.113152496262,6.75614260783,0.159459052288,0.352780532139,133.847745577
R06,127488,2.89088435374,402,109.701492537,0.0808626053984,0,0.232968594468,0.336900122835,6.75614260783,0,133.847745577
R06,127488,2.89088435374,537,82.1229050279,0.0798654926035,0,0.353623651248,0.0918256331154,0.321554010159,0,133.847745577
R06,128000,2.90249433107,134,329.104477612,0.0528900082825,1,7.16059910823,0.727421673323,0.372570777262,0.427357727372,133.734032888
R06,128000,2.90249433107,268,164.552238806,0.0428757730841,0,0.427357727372,7.16059910823,0.140782093965,0.458536791275,133.734032888
R06,128000,2.90249433107,402,109.701492537,0.0707281073645,0,0.29605291874,0.476004402558,7.16059910823,0,133.734032888
R06,128000,2.90249433107,536,82.276119403,0.0733670498924,0,0.458536791275,0.427357727372,0.316163472725,0,133.734032888
R06,128512,2.91410430839,134,329.104477612,0.0528789540372,1,8.07772445656,0.612500724671,0.408109150046,0.644432756066,133.643173375
R06,128512,2.91410430839,268,164.552238806,0.0390423933118,0,0.644432756066,8.07772445656,0.125578878397,0.504719284109,133.643173375
R06,128512,2.91410430839,401,109.975062344,0.0636413051679,0,0.347102912927,0.532913444223,7.98554880193,0,133.643173375
R06,128512,2.91410430839,535,82.4299065421,0.0647335462836,0,0.505428296548,0.635663229751,0.273804271679,0,133.643173375
R06,129024,2.92571428571,134,329.104477612,0.0515858954192,1,9.13816121517,0.670119610667,0.396544216787,0.641806848215,133.517461043
R06,129024,2.92571428571,267,165.168539326,0.0362781027664,0,0.600299313016,9.11673434938,0.110172782664,0.43285657006,133.517461043
R06,129024,2.92571428571,401,109.975062344,0.060631156378,0,0.277087862643,0.447129084064,9.14048290372,0,133.517461043
R06,129024,2.92571428571,535,82.4299065421,0.057720720294,0,0.430197348437,0.621062170984,0.182076793155,0,133.517461043
R06,129536,2.93732426304,133,331.578947368,0.0563238012072,1,10.054825061,0.743381607383,0.42728055611,0.425773160527,133.388210993
R06,129536,2.93732426304,267,165.168539326,0.0368985066068,0,0.484417968517,10.115361446,0.0889408259912,0.29545072434,133.388210993
R06,129536,2.93732426304,400,110.25,0.0639263339891,0,0.111278734177,0.332572243741,10.1130960534,0,133.388210993
R06,129536,2.93732426304,534,82.5842696629,0.0542987106418,0,0.29545072434,0.484417968517,0.127023379156,0,133.388210993
R06,130048,2.94893424036,133,331.578947368,0.0549119050355,1,10.6936603473,0.821790966501,0.329363677077,0.576623006651,133.166260593
R06,130048,2.94893424036,266,165.789473684,0.0369876190787,0,0.576623006651,10.6936603473,0.0693323351914,0.249947759667,133.166260593
R06,130048,2.94893424036,399,110.526315789,0.0621365917838,0,0.141166724753,0.398948565166,10.6936603473,0,133.166260593
R06,130048,2.94893424036,533,82.7392120075,0.0550816315639,0,0.247472157691,0.604004852121,0.232094768674,0,133.166260593
R06,130560,2.96054421769,133,331.578947368,0.0643049021098,1,10.6985916376,0.835203735554,0.207860630307,0.831089730613,132.932386702
R06,130560,2.96054421769,266,165.789473684,0.0392250154412,0,0.831089730613,10.6985916376,0.0385447022924,0.244837621904,132.932386702
R06,130560,2.96054421769,399,110.526315789,0.0689009062636,0,0.343404581206,0.448447906965,10.6985916376,0,132.932386702
R06,130560,2.96054421769,532,82.8947368421,0.0601918355404,0,0.244837621904,0.831089730613,0.145651477974,0,132.932386702
R06,131072,2.97215419501,133,331.578947368,0.0618859633546,1,10.0887082905,0.786198469109,0.105807933889,0.808811609376,132.823755487
R06,131072,2.97215419501,266,165.789473684,0.0444792306129,0,0.808811609376,10.0887082905,0.0301671320052,0.240559322085,132.823755487
R06,131072,2.97215419501,398,110.804020101,0.0778350832571,0,0.434999312037,0.371473401946,10.1626111471,0,132.823755487
R06,131072,2.97215419501,531,83.0508474576,0.0696089534245,0,0.241160205819,0.814058308618,0.130173398894,0,132.823755487
R06,131584,2.98376417234,133,331.578947368,0.065716072713,1,9.18688465805,0.64001669271,0.123538352422,0.613882876739,132.627802309
R06,131584,2.98376417234,265,166.41509434,0.0471038093235,0,0.672380289433,9.37057041198,0.0750719373091,0.177170798733,132.627802309
R06,131584,2.98376417234,398,110.804020101,0.0856131095233,0,0.409683339649,0.407830859116,9.32751867492,0,132.627802309
R06,131584,2.98376417234,530,83.2075471698,0.0740214569908,0,0.177170798733,0.672380289433,0.382040684295,0,132.627802309
R06,132096,2.99537414966,133,331.578947368,0.0746993790083,1,8.43021463002,0.391219777008,0.212792690894,0.742813823137,132.527828252
R06,132096,2.99537414966,265,166.41509434,0.053830545121,0,0.775848402254,8.67492729125,0.10263194865,0.160969261975,132.527828252
R06,132096,2.99537414966,397,111.083123426,0.0985950187615,0,0.284294999722,0.536802887166,8.7216723849,0,132.527828252
R06,132096,2.99537414966,530,83.2075471698,0.0817967811966,0,0.160969261975,0.775848402254,0.51065641504,0,132.527828252
R06,132608,3.00698412698,133,331.578947368,0.0887420935308,1,7.95088537203,0.101254136496,0.277119389564,0.977757034311,132.504117085
R06,132608,3.00698412698,265,166.41509434,0.0684092219626,0,0.959749183722,8.18345840376,0.115938568151,0.252147622309,132.504117085
R06,132608,3.00698412698,397,111.083123426,0.123362804849,0,0.111160248777,0.508657435335,8.23063181946,0,132.504117085
R06,132608,3.00698412698,529,83.3648393195,0.107567257713,0,0.252991096708,0.950077616576,0.457022254766,0,132.504117085
R06,135680,3.07664399093,133,331.578947368,0.197029984312,0,1.0745140585,0.144712098183,0.081637547387,0.439839993232,0
R06,135680,3.07664399093,266,165.789473684,0.232196405096,0,0.439839993232,1.0745140585,0.0911092437082,0.282144557158,0
R06,135680,3.07664399093,399,110.526315789,0.313675727605,0,0.122819573575,0.355148035768,1.0745140585,0,0
R06,135680,3.07664399093,533,82.7392120075,0.380895787489,0,0.287047080106,0.439371573543,0.265456655676,0,0
R06,136192,3.08825396825,133,331.578947368,0.220253429622,0,2.53275454415,0.0826485594362,0.0837911220727,0.496719479525,0
R06,136192,3.08825396825,266,165.789473684,0.260004596799,0,0.496719479525,2.53275454415,0.0917900285039,0.23402278872,0
R06,136192,3.08825396825,399,110.526315789,0.303827618846,0,0.108950062996,0.541564832938,2.53275454415,0,0
R06,136192,3.08825396825,532,82.8947368421,0.363242713207,0,0.23402278872,0.496719479525,0.360706208809,0,0
R06,136704,3.09986394558,133,331.578947368,0.188353176359,0,3.54748203699,0.0454579285406,0.083382904119,0.427128242282,0
R06,136704,3.09986394558,266,165.789473684,0.177670739782,0,0.427128242282,3.54748203699,0.0902367563875,0.218671497145,0
R06,136704,3.09986394558,399,110.526315789,0.219609561182,0,0.10697830865,0.619513672418,3.54748203699,0,0
R06,136704,3.09986394558,532,82.8947368421,0.26767562815,0,0.218671497145,0.427128242282,0.403176564441,0,0
R06,137216,3.1114739229,133,331.578947368,0.149790331235,1,4.22186745567,0.0725785953059,0.0932052484667,0.398102037834,133.377106892
R06,137216,3.1114739229,266,165.789473684,0.143816504135,0,0.398102037834,4.22186745567,0.108883264403,0.224036051926,133.377106892
R06,137216,3.1114739229,400,110.25,0.18507770045,0,0.137431682932,0.613836100395,4.17021794403,0,133.377106892
R06,137216,3.1114739229,533,82.7392120075,0.216700508902,0,0.224417403429,0.409114372539,0.392114609989,0,133.377106892
R06,137728,3.12308390023,133,331.578947368,0.125544910548,1,4.65798600282,0.0974937932323,0.106993404069,0.426075283911,133.274153225
R06,137728,3.12308390023,266,165.789473684,0.12376744809,0,0.426075283911,4.65798600282,0.124600754943,0.20583420101,133.274153225
R06,137728,3.12308390023,400,110.25,0.141601496706,0,0.21701441172,0.445570887337,4.64258789051,0,133.274153225
R06,137728,3.12308390023,533,82.7392120075,0.171032828708,0,0.205564570225,0.431266597431,0.366434601383,0,133.274153225
R06,138240,3.13469387755,133,331.578947368,0.142368537253,1,4.92683680634,0.0849692066264,0.117699585256,0.360014362312,133.026644806
R06,138240,3.13469387755,266,165.789473684,0.157879677421,0,0.360014362312,4.92683680634,0.107583668098,0.183258034884,133.026644806
R06,138240,3.13469387755,399,110.526315789,0.143827732684,0,0.281324982296,0.152806389147,4.92683680634,0,133.026644806
R06,138240,3.13469387755,533,82.7392120075,0.161702564324,0,0.180733866604,0.355440289629,0.265892232311,0,133.026644806
R06,138752,3.14630385488,133,331.578947368,0.168026903263,0,5.05158934115,0.0323317540289,0.11281235294,0.287622618288,0
R06,138752,3.14630385488,266,165.789473684,0.191834263654,0,0.287622618288,5.05158934115,0.066684959973,0.276744722968,0
R06,138752,3.14630385488,400,110.25,0.199022962363,0,0.393423732147,0.157775530818,5.12721016132,0,0
R06,138752,3.14630385488,533,82.7392120075,0.203989275879,0,0.272781984036,0.274521680096,0.268222020406,0,0
R06,139264,3.1579138322,133,331.578947368,0.15654973587,0,5.03387458917,0.0370043473426,0.084100388971,0.386925466719,0
R06,139264,3.1579138322,267,165.168539326,0.179659647732,0,0.370320914397,5.11878661251,0.0250567855866,0.42560357069,0
R06,139264,3.1579138322,401,109.975062344,0.19583507546,0,0.546630636643,0.355980015355,5.12880838252,0,0
R06,139264,3.1579138322,534,82.5842696629,0.216395443006,0,0.42560357069,0.370320914397,0.400740009908,0,0
R06,141824,3.21596371882,132,334.090909091,0.934467013656,0,2.55943200664,0.135234511762,0.106265616941,0.763647124323,0
R06,141824,3.21596371882,269,163.940520446,0.573858923117,0,0.797436615813,2.54999135919,0.0425189676139,0.228954197114,0
R06,141824,3.21596371882,402,109.701492537,0.576622423797,0,0.180527115079,0.448610948395,2.63639460105,0,0
R06,141824,3.21596371882,534,82.5842696629,0.455127776799,0,0.210061387567,0.796869113072,0.276642801774,0,0
R06,142336,3.22757369615,243,181.481481481,0.719013476019,0,0.217971510502,0.212889066119,0.0591824655114,0.777171153263,0
R06,142336,3.22757369615,536,82.276119403,0.775821312192,0,0.919068923206,1.35307183696,0.311921992523,0,0
R06,142848,3.23918367347,35,1260,2.19020885081,0,0.0462154868912,0,0,0.255626057646,0
R06,142848,3.23918367347,267,165.168539326,1.36805956784,0,3.0991254942,1.46123775677,0.10705054714,0.609725336724,0
R06,142848,3.23918367347,528,83.5227272727,0.494623053848,0,0.789944666897,2.86846120504,0.647680045904,0,0
R06,146944,3.33206349206,28,1575,1.69405055974,0,0.190794117737,0,0,0.141328889726,0
R06,146944,3.33206349206,58,760.344827586,1.58797916387,0,0.0975342273231,0.52000896067,0,1.01127523748,0
R06,146944,3.33206349206,85,518.823529412,1.71029270459,0,0.464254691059,0.405886998323,0.286120557636,0.267924305441,0
R06,146944,3.33206349206,109,404.587155963,1.71880713826,0,0.448646285747,0.110255906021,0.383699316722,0.563124437454,0
R06,147456,3.34367346939,29,1520.68965517,1.68833814813,0,0.93170580744,0,0,0.867028206399,0
R06,147456,3.34367346939,59,747.457627119,1.50019450721,0,0.751929342025,0.343178836004,0,2.44563961603,0
R06,147456,3.34367346939,86,512.790697674,1.57671602676,0,1.05645504691,0.396117338871,0.501301446244,1.30688888622,0
R06,147456,3.34367346939,112,393.75,1.55376125042,0,1.26703486332,0.6131500785,0.326293386785,3.11726340823,0
R06,147968,3.35528344671,26,1696.15384615,1.91819350282,0,0.724133626288,0,0,1.8410514508,0
R06,147968,3.35528344671,54,816.666666667,2.03892145785,0,2.26190742214,1.19483243113,0,3.24302287278,0
R06,148480,3.36689342404,23,1917.39130435,2.13955826908,0,1.12208847563,0,0,1.98995014976,0
R06,148480,3.36689342404,53,832.075471698,2.31046024007,0,2.4916301877,1.38738044377,0,4.13448337996,0
R06,148480,3.36689342404,348,126.724137931,0.873290570278,0,7.10697712265,3.82772543216,4.34232446214,0,0
R06,148992,3.37850340136,23,1917.39130435,2.14752355191,0,1.1823304866,0,0,2.03465047053,0
R06,148992,3.37850340136,343,128.571428571,1.06192965503,0,22.6656618029,5.64234833759,4.15772788188,0,0
R06,149504,3.39011337868,23,1917.39130435,2.21071728545,0,0.978815627884,0,0,1.42632418924,0
R06,149504,3.39011337868,54,816.666666667,2.36511609254,0,3.13438115311,1.00887881817,0,2.15044825866,0
R06,149504,3.39011337868,344,128.197674419,1.001358768,0,41.2385037556,6.77631717895,3.21729034745,0,0
R06,150016,3.40172335601,23,1917.39130435,2.21288339787,0,0.629973796371,0,0,0.556123922304,0
R06,150016,3.40172335601,53,832.075471698,2.3727064776,0,0.316692981009,0.426769406022,0,2.45134388613,0
R06,150016,3.40172335601,347,127.089337176,1.01772114531,0,53.4021090462,6.66251777464,1.45575779642,0,0
R06,150528,3.41333333333,22,2004.54545455,2.28279728819,0,0,0,0,0.256158903504,0
R06,150528,3.41333333333,55,801.818181818,2.42290630851,0,0.565795781198,0.128477097546,0,2.50837581973,0
R06,150528,3.41333333333,330,133.636363636,0.897996818974,0,37.6854981265,3.90888443386,2.50837581973,0,0
R06,151040,3.42494331066,326,135.27607362,0.894929455865,0,9.3288451844,2.46152114891,2.58247195713,0,0
R06,151552,3.43655328798,327,134.862385321,0.839519551517,0,29.3258580618,3.03440699641,2.14760739752,0,0
R06,152064,3.44816326531,319,138.244514107,0.702735115944,0,39.27503319,3.88294792118,1.35093878277,0,0
R06,152576,3.45977324263,308,143.181818182,0.809362004353,0,34.6416203268,1.24947822201,0.893334966516,0,0
R06,153088,3.47138321995,310,142.258064516,0.786747017455,0,29.970925086,4.48730768837,1.63977849613,0,0
R06,153600,3.48299319728,47,938.29787234,2.4742495103,0,1.43090831176,0.400573094537,0,2.0842680688,0
R06,153600,3.48299319728,286,154.195804196,0.703705669095,0,46.9470171118,4.84491245541,2.35009622332,0,0
R06,154112,3.4946031746,46,958.695652174,2.489813422,0,1.43664475209,0.165626426226,0,1.53092210473,0
R06,154112,3.4946031746,301,146.511627907,0.7663907188,0,33.1713642571,6.90543640674,2.41775789835,0,0
R06,154624,3.50621315193,45,980,2.46568908375,0,2.48246206522,0.169291850565,0,2.84833847153,0
R06,154624,3.50621315193,297,148.484848485,0.818417280711,0,10.8210832164,9.44326433186,1.05916779867,0,0
R06,155136,3.51782312925,47,938.29787234,2.47314791964,0,1.98947474443,0.277432024976,0,1.94343504585,0
R06,155136,3.51782312925,293,150.511945392,0.790393803392,0,32.1508801201,8.80514659857,2.27296729832,0,0
R06,155648,3.52943310658,46,958.695652174,2.48032847103,0,2.41393269948,0.144050187067,0,1.67484479301,0
R06,155648,3.52943310658,295,149.491525424,0.726726067401,0,51.6671394968,9.32000188306,2.53507758388,0,0
R06,156160,3.5410430839,44,1002.27272727,2.46879364898,0,1.30593735746,0,0,1.32943507704,0
R06,156160,3.5410430839,295,149.491525424,0.815028381663,0,51.4632704631,8.63033139865,1.70030024083,0,0
R06,156672,3.55265306122,44,1002.27272727,2.46687510927,0,0.425830305475,0,0,0.856104202892,0
R06,156672,3.55265306122,294,150,0.802797694047,0,39.2482125802,6.80151043643,0.721572829624,0,0
R07,13824,0.313469387755,27,1633.33333333,1.20775458413,0,0.0288050445886,0,0,0.0182912301519,0
R07,13824,0.313469387755,44,1002.27272727,1.21084572978,0,0.0204247515641,0,0,0.0729947659652,0
R07,13824,0.313469387755,58,760.344827586,1.37678632218,0,0.0584434303955,0.0202168195167,0,0.0491527291347,0
R07,13824,0.313469387755,75,588,1.27400638764,0,0.0323901330475,0.0291259397942,0.00599643537837,0.211420458975,0
R07,13824,0.313469387755,88,501.136363636,1.25264296534,0,0.0729947659652,0.0204247515641,0.01559242018,0.170966323478,0
R07,13824,0.313469387755,100,441,1.16968948065,0,0.0926637552589,0.108506624355,0.00762333406411,0.0919558780287,0
R07,13824,0.313469387755,450,98,0.742875556942,0,0.154607034783,0.180411998662,0.211420458975,0,0
R07,13824,0.313469387755,238,185.294117647,0.761959659472,0,0.406533512118,0.133503240179,0.0654352517424,0.213442676498,0
R07,13824,0.313469387755,257,171.595330739,0.766691314903,0,0.456375433364,0.247244547747,0.0960302953291,0.226741863389,0
R07,14336,0.325079365079,27,1633.33333333,1.0563411033,0,0.0565857403229,0,0,0.025389685688,0
R07,14336,0.325079365079,44,1002.27272727,1.19675309014,0,0.0602062767552,0,0,0.0329589113139,0
R07,14336,0.325079365079,59,747.457627119,1.1971999135,0,0.0365512645255,0.0890005830307,0,0.230343335856,0
R07,14336,0.325079365079,75,588,1.18989695204,0,0.0455251463401,0.0739477701659,0.0243646134439,0.186414965531,0
R07,14336,0.325079365079,88,501.136363636,1.077985545,0,0.0329589113139,0.0602062767552,0.0732346621718,0.333259757487,0
R07,14336,0.325079365079,98,450,1.10981625482,0,0.0739953123759,0.0674062570561,0.0227980715088,0.296671218267,0
R07,14336,0.325079365079,551,80.0362976407,0.710181911092,0,0.313294798496,0.39721409696,0.292564487671,0,0
R07,14336,0.325079365079,538,81.970260223,0.734916797207,0,0.250916351007,0.502063696909,0.361450545431,0,0
R07,14336,0.325079365079,519,84.9710982659,0.739832575712,0,0.155480100456,0.530489002952,0.291040062812,0,0
R07,14848,0.336689342404,27,1633.33333333,1.06237996481,0,0.168438108224,0,0,0.0760493617559,0
R07,14848,0.336689342404,44,1002.27272727,1.2128816808,0,0.148934812664,0,0,0.165200064531,0
R07,14848,0.336689342404,59,747.457627119,1.20405372164,0,0.134384496787,0.293544978574,0,0.489368203891,0
R07,14848,0.336689342404,75,588,1.20901851058,0,0.132406124236,0.166809859257,0.0854890561392,0.187255213644,0
R07,14848,0.336689342404,88,501.136363636,1.11130975469,0,0.165200064531,0.148934812664,0.253963321336,0.383703521488,0
R07,14848,0.336689342404,98,450,1.09646636825,0,0.187913053027,0.123233362328,0.0577616077834,0.50869207284,0
R07,14848,0.336689342404,520,84.8076923077,0.946649113294,0,0.341209776763,0.353146781294,0.266487236203,0,0
R07,14848,0.336689342404,236,186.86440678,0.94752643657,0,0.134337729944,0.489368203891,0.128563210393,0.483133972579,0
R07,14848,0.336689342404,493,89.4523326572,0.975579897063,0,0.36545436561,0.399651274087,0.445059114448,0,0
R07,15360,0.348299319728,27,1633.33333333,1.01845796981,0,0.305004694684,0,0,0.0950873628054,0
R07,15360,0.348299319728,33,1336.36363636,1.07478940141,0,0.300705120092,0,0,0.1156468566,0
R07,15360,0.348299319728,43,1025.58139535,1.1529979225,0,0.402266579108,0,0,0.44043705145,0
R07,15360,0.348299319728,50,882,1.17676876017,0,0.276570556369,0.164375996843,0,0.360537409194,0
R07,15360,0.348299319728,53,832.075471698,1.17210191993,0,0.158798796762,0.499601474393,0,0.926409690293,0
R07,15360,0.348299319728,60,735,1.13272570774,0,0.326624685378,0.501696739531,0,0.745656070166,0
R07,15360,0.348299319728,521,84.6449136276,0.980410402865,0,0.754931681829,0.107743868799,0.218378357989,0,0
R07,15360,0.348299319728,236,186.86440678,0.980870554249,0,0.322402145651,0.82842954984,0.186657372723,0.797214737641,0
R07,15360,0.348299319728,538,81.970260223,0.992758672807,0,0.840368765417,0.437664323703,0.618523990833,0,0
R07,15872,0.359909297052,26,1696.15384615,0.940762213826,0,0.747131817483,0,0,0.347026945832,0
R07,15872,0.359909297052,38,1160.52631579,1.06528346978,0,0.405803985697,0,0,0.188415586789,0
R07,15872,0.359909297052,50,882,1.02840490358,0,0.276523638564,0.316923928659,0,0.408731342865,0
R07,15872,0.359909297052,59,747.457627119,1.01675661162,0,0.342173253603,0.774693476928,0,1.03611046803,0
R07,15872,0.359909297052,78,565.384615385,1.08991357895,0,0.122162112361,0.474640189921,0.747131817483,0.562889448088,0
R07,15872,0.359909297052,86,512.790697674,1.04258084328,0,0.388485935393,0.573320890743,0.40334618926,0.247801874972,0
R07,15872,0.359909297052,118,373.728813559,0.562355927899,0,1.03611046803,0.342173253603,0.499479482293,0.605183878445,0
R07,15872,0.359909297052,128,344.53125,0.579938171813,0,0.674752428049,0.430703593938,0.493405468089,0.647854747296,0
R07,15872,0.359909297052,234,188.461538462,0.707078578348,0,0.591105796059,1.01397319356,0.122162112361,0.995211515931,0
R07,16384,0.371519274376,26,1696.15384615,0.978165918574,0,1.25808019703,0,0,0.620282771759,0
R07,16384,0.371519274376,36,1225,1.12688437481,0,0.611077421821,0,0,0.420616819852,0
R07,16384,0.371519274376,42,1050,1.13931548434,0,0.595774619304,0,0,0.794077768951,0
R07,16384,0.371519274376,44,1002.27272727,1.14018715581,0,0.55604768492,0,0,0.928472449452,0
R07,16384,0.371519274376,49,900,1.13053786816,0,0.380010878282,0.890885051472,0,0.222589215511,0
R07,16384,0.371519274376,58,760.344827586,1.15093960637,0,0.642245774407,0.689620258425,0,0.910395746563,0
R07,16384,0.371519274376,312,141.346153846,0.825631584987,0,1.33391256478,0.89639237164,0.658219962297,0,0
R07,16384,0.371519274376,296,148.986486486,0.829505981681,0,1.94065401888,0.409959288366,0.157192891275,0,0
R07,16384,0.371519274376,321,137.38317757,0.829911969922,0,1.51938991636,1.43253827197,1.15817529902,0,0
R07,16896,0.383129251701,299,147.491638796,0.788173555684,0,8.44137699059,2.99977916535,2.3644901284,0,0
R07,16896,0.383129251701,302,146.026490066,0.788116127809,0,8.44755511672,3.39468301825,1.97791210917,0,0
R07,16896,0.383129251701,428,103.037383178,0.783226852658,0,1.57136447581,6.56300840305,1.28091650728,0,0
R07,16896,0.383129251701,479,92.0668058455,0.725702085967,0,1.11792846767,2.8221247486,5.73546383313,0,0
R07,16896,0.383129251701,514,85.7976653696,0.754010255128,0,1.36925816739,2.71560024069,3.92678555363,0,0
R07,17408,0.394739229025,302,146.026490066,0.792030751435,0,24.5798214897,12.1938589205,7.62089568066,0,0
R07,17408,0.394739229025,452,97.5663716814,1.1826867803,0,4.00262588786,12.7352522799,12.0285543271,0,0
R07,17920,0.406349206349,25,1764,1.64213431285,0,2.95126039753,0,0,1.03236570133,0
R07,17920,0.406349206349,124,355.64516129,1.29034221246,0,20.5208593403,7.18498722296,2.37132244088,13.2958083235,0
R07,17920,0.406349206349,311,141.800643087,0.778924961446,0,44.6941295722,24.734629121,13.9536236531,0,0
R07,17920,0.406349206349,452,97.5663716814,1.1445919373,0,8.90772341243,21.0253558916,21.8562707609,0,0
R07,18432,0.417959183673,25,1764,1.64441338608,0,1.77126268958,0,0,1.68795271802,0
R07,18432,0.417959183673,124,355.64516129,1.29390341457,0,25.448447357,8.76971993713,3.35156733092,20.3118815625,0
R07,18432,0.417959183673,287,153.658536585,0.836455045681,0,45.753066833,21.9530049286,17.79471611,0,0
R07,18432,0.417959183673,299,147.491638796,0.834173896394,0,54.7129843283,26.472757028,19.817004044,0,0
R07,18432,0.417959183673,310,142.258064516,0.832377766855,0,57.9846398981,29.3367079415,17.2755439877,0,0
R07,18432,0.417959183673,443,99.5485327314,1.18560596153,0,12.185645825,25.7300292425,24.961058747,0,0
R07,18944,0.429569160998,25,1764,1.64548825708,0,2.12321177168,0,0,2.63285377424,0
R07,18944,0.429569160998,124,355.64516129,1.2961541985,0,23.0853461236,8.89395542455,4.96819750797,21.7407028605,0
R07,18944,0.429569160998,287,153.658536585,0.83940059651,0,42.5617500625,19.6792699347,13.5923127954,0,0
R07,18944,0.429569160998,299,147.491638796,0.837009499497,0,54.0024075568,24.5757844744,19.3126389471,0,0
R07,18944,0.429569160998,310,142.258064516,0.835236383441,0,58.3626910799,25.9119589565,15.1412103277,0,0
R07,18944,0.429569160998,443,99.5485327314,1.18670934562,0,11.1890630388,20.3503596873,23.118800689,0,0
R07,19456,0.441179138322,25,1764,1.65323885122,0,3.64559179061,0,0,3.10299574634,0
R07,19456,0.441179138322,125,352.8,1.30485373467,0,13.6149744538,8.79111006052,5.29556034249,16.2753490272,0
R07,19456,0.441179138322,287,153.658536585,0.833162861201,0,29.2730385802,11.6658896323,5.76050484246,0,0
R07,19456,0.441179138322,299,147.491638796,0.829689840621,0,41.5692558032,16.5224763429,13.8235850304,0,0
R07,19456,0.441179138322,310,142.258064516,0.827521729595,0,45.7579143429,16.3351625613,8.70718392608,0,0
R07,19456,0.441179138322,404,109.158415842,1.05071412795,0,15.927816739,19.5433464273,15.0296040179,0,0
R07,19968,0.452789115646,25,1764,1.8889362827,0,3.82454302356,0,0,2.89725865282,0
R07,19968,0.452789115646,288,153.125,0.816468955087,0,17.6438656448,2.70854778865,1.68097937681,0,0
R07,19968,0.452789115646,299,147.491638796,0.812803494407,0,26.7107071029,7.1566587114,6.35629263639,0,0
R07,19968,0.452789115646,309,142.718446602,0.810195525981,0,26.6678374678,6.63331172917,3.89438240402,0,0
R07,20480,0.464399092971,25,1764,1.888794007,0,2.71387084729,0,0,2.04007686078,0
R07,20480,0.464399092971,147,300,1.0316379399,0,4.73747685026,2.89223633402,2.59102264662,17.682187894,0
R07,20480,0.464399092971,152,290.131578947,1.03220207382,0,1.92971451178,3.17938846707,1.92986607226,15.2402633558,0
R07,20480,0.464399092971,155,284.516129032,1.03289374339,0,3.17380981756,2.85277366019,2.29266564398,11.2575925017,0
R07,20480,0.464399092971,285,154.736842105,0.687476787319,0,13.961076783,3.37952597789,3.60626081745,0,0
R07,20480,0.464399092971,297,148.484848485,0.696668262518,0,17.6732340044,4.09107367168,1.36753459008,0,0
R07,20480,0.464399092971,309,142.718446602,0.699352199623,0,11.984689279,2.8743622329,3.51364265761,0,0
R07,20992,0.476009070295,32,1378.125,1.15217881729,0,1.197382774,0,0,2.18769565174,0
R07,20992,0.476009070295,71,621.126760563,1.30340595476,0,1.43802944078,2.1617340231,1.25469984,4.08878227897,0
R07,20992,0.476009070295,118,373.728813559,1.44043240971,0,3.04080940614,1.4379218316,2.19104833015,10.2691556529,0
R07,20992,0.476009070295,147,300,1.41517463881,0,5.65835229982,1.53313410896,1.25104227925,17.4449453423,0
R07,20992,0.476009070295,150,294,1.41547332276,0,4.85172733614,1.63877684996,0.872767300797,14.9636321223,0
R07,20992,0.476009070295,152,290.131578947,1.41625870231,0,4.33336611492,1.64292966379,0.920863256792,12.4810351548,0
R07,20992,0.476009070295,312,141.346153846,0.813072969185,0,7.00596494068,4.52762252512,2.34685007284,0,0
R07,20992,0.476009070295,314,140.445859873,0.813400722406,0,5.81768710719,4.69677987195,2.09392730156,0,0
R07,20992,0.476009070295,285,154.736842105,0.826456309151,0,17.0194105841,4.3885247868,2.47884125651,0,0
R07,21504,0.487619047619,34,1297.05882353,1.13257280458,0,0.347554315379,0,0,1.04142898646,0
R07,21504,0.487619047619,71,621.126760563,1.24704004282,0,0.237290819271,0.395617647028,0.145565545094,4.59356334305,0
R07,21504,0.487619047619,118,373.728813559,1.36810986478,0,2.7717910625,0.161685428214,0.36079445408,10.7432203001,0
R07,21504,0.487619047619,148,297.972972973,1.34925077658,0,5.9153063247,0.684865599001,0.431031451554,20.2094167336,0
R07,21504,0.487619047619,316,139.556962025,0.58855890627,0,10.1381853427,4.04235945424,1.2532765728,0,0
R07,21504,0.487619047619,460,95.8695652174,1.00515578793,0,2.0859348175,9.67490806459,4.61798300731,0,0
R07,21504,0.487619047619,464,95.0431034483,1.00516986142,0,2.32155647035,10.2357480451,4.28577058877,0,0
R07,22016,0.499229024943,312,141.346153846,0.62350525492,0,17.3662953552,2.41632390266,0.124893581832,0,0
R07,22528,0.510839002268,315,140,0.618943255497,0,17.9167736726,0.571305298735,0.918791161381,0,0
R07,23040,0.522448979592,315,140,0.531141496687,0,15.0428951893,1.97165196919,1.12089333403,0,0
R07,23552,0.534058956916,50,882,2.20009691478,0,0.443419869039,0.06799849326,0,1.12697238857,0
R07,23552,0.534058956916,315,140,0.627181783029,0,7.54157510834,2.04210951622,1.08853532352,0,0
R07,24576,0.557278911565,53,832.075471698,1.95872448331,0,0.436727968107,0.140061470347,0,0.753568389846,0
R07,24576,0.557278911565,329,134.042553191,0.525297667988,0,5.65574269841,0.716340224689,1.06121813684,0,0
R07,25088,0.568888888889,57,773.684210526,1.75389907354,0,0.132285536254,0.251443834438,0,0.846994224742,0
R07,25088,0.568888888889,133,331.578947368,1.61900879553,0,0.323940144355,0.914294577202,0.375598219096,1.52306025486,0
R07,25088,0.568888888889,357,123.529411765,0.725489860027,0,4.03070450208,1.32028658333,1.1953542177,0,0
R07,58880,1.33514739229,113,390.265486726,0.374324012774,0,0.143184802828,0.0298627461305,0.0170208239179,0.0999076467672,0
R07,58880,1.33514739229,235,187.659574468,0.379939699566,0,0.21503917826,0.0760158698668,0.0023865401088,0.102052915639,0
R07,58880,1.33514739229,333,132.432432432,0.677364783519,0,0.416135870956,0.0759182008237,0.107854925864,0,0
R07,58880,1.33514739229,338,130.473372781,0.676786024173,0,0.458079158342,0.159234827283,0.139327868004,0,0
R07,58880,1.33514739229,474,93.0379746835,0.804371342454,0,0.107057685134,0.229322740955,0.179273225986,0,0
R07,58880,1.33514739229,482,91.4937759336,0.80423540598,0,0.117888594859,0.24028055412,0.145046249221,0,0
R07,59392,1.34675736961,129,341.860465116,0.432997153536,0,1.7426190789,0.0796223042189,0.0173358764805,0.851156149736,0
R07,59392,1.34675736961,264,167.045454545,0.266079750515,0,0.792512082018,1.76744634366,0.194862880636,0.436317869918,0
R07,59392,1.34675736961,394,111.92893401,0.490765004958,0,0.754137403469,0.393559743934,1.78180676547,0,0
R07,59392,1.34675736961,529,83.3648393195,0.480593720999,0,0.434341866541,0.780167035991,0.386736501353,0,0
R07,59904,1.35836734694,134,329.104477612,0.615211517089,0,5.8669769416,0.185402768793,0.100451659049,2.61522223126,0
R07,59904,1.35836734694,271,162.730627306,0.572112428111,0,2.64542783853,5.60090144205,0.190558509338,1.0477683829,0
R07,59904,1.35836734694,393,112.213740458,0.76748049167,0,1.37638977091,0.991419170879,6.11436572769,0,0
R07,59904,1.35836734694,516,85.4651162791,0.857493982848,0,1.01314337111,2.49205639885,0.635356262858,0,0
R07,60416,1.36997732426,152,290.131578947,0.545907444223,0,2.96780226151,0.63712095631,0.00390982896115,5.78423325364,0
R07,60416,1.36997732426,276,159.782608696,0.382653408331,0,5.75461671674,11.1952832142,0.672406081849,0,0
R07,60416,1.36997732426,436,101.146788991,0.723043416684,0,0.849254109709,2.96755304263,7.34936716765,0,0
R07,60416,1.36997732426,506,87.1541501976,0.696206280115,0,2.76660285723,2.25560267268,3.00344216095,0,0
R07,60928,1.38158730159,158,279.113924051,0.624490529693,0,14.137449068,3.82937236183,0.581915344956,2.43397001099,0
R07,60928,1.38158730159,281,156.939501779,0.978221256458,0,17.2137049589,28.2049501815,2.25429327036,0,0
R07,60928,1.38158730159,388,113.659793814,0.844618897247,0,8.81786084114,4.64219601988,18.1677721077,0,0
R07,60928,1.38158730159,539,81.8181818182,0.725700363639,0,5.30929952489,15.0748478345,9.89812318566,0,0
R07,61440,1.39319727891,160,275.625,0.548160642236,0,33.4670695206,5.8223991591,1.02713795264,14.0533442255,0
R07,61440,1.39319727891,331,133.232628399,0.775077137068,0,16.239046518,42.646472472,4.41214638397,0,0
R07,61440,1.39319727891,527,83.6812144213,0.647570675515,0,10.6392339945,28.2192298145,40.8464358348,0,0
R07,61952,1.40480725624,160,275.625,0.670043936774,0,40.8280293376,9.01114693717,0.827644622484,27.8033450442,0
R07,61952,1.40480725624,320,137.8125,0.759040284921,0,27.8033450442,40.8280293376,7.28052514939,0,0
R07,61952,1.40480725624,523,84.3212237094,0.855442788314,0,15.7708660042,39.8614310392,84.9790579913,0,0
R07,62464,1.41641723356,160,275.625,0.734258744527,0,47.964102318,9.67531296322,0.441774667752,30.5577382771,0
R07,62464,1.41641723356,321,137.38317757,0.771015051882,0,31.8784085231,53.3877914262,7.58889654712,0,0
R07,62464,1.41641723356,520,84.8076923077,0.922138681721,0,17.0020881744,38.0532822527,116.331934013,0,0
R07,62976,1.42802721088,164,268.902439024,0.855741894178,0,93.6465616959,7.66323008352,0.9719368809,47.136725448,0
R07,62976,1.42802721088,318,138.679245283,0.720366753898,0,21.7012956385,50.1078919247,8.46205913628,0,0
R07,62976,1.42802721088,524,84.1603053435,0.910334486619,0,15.170821683,18.2420490426,111.951506286,0,0
R07,63488,1.43963718821,164,268.902439024,0.8807539928,0,81.1722520643,4.86993299418,1.1336365405,63.6628424989,0
R07,63488,1.43963718821,320,137.8125,0.714706118243,0,43.1158501919,61.4833063916,5.83151475566,0,0
R07,63488,1.43963718821,527,83.6812144213,0.977621164462,0,10.2428516989,22.8442873158,73.7059258113,0,0
R07,64000,1.45124716553,165,267.272727273,0.902543287826,0,54.7251387205,2.20310112489,1.01454495124,94.0448502128,0
R07,64000,1.45124716553,322,136.956521739,0.643040226285,0,77.1512167984,48.486508682,3.71541134249,0,0
R07,64000,1.45124716553,532,82.8947368421,0.886708777322,0,5.07451126472,39.0331103838,23.0083476718,0,0
R07,64512,1.46285714286,175,252,1.06742096988,0,15.6289050983,4.62155691118,0.476042691034,105.725367226,0
R07,64512,1.46285714286,326,135.27607362,0.455125754739,0,104.005266442,21.0161962079,1.83585970084,0,0
R07,64512,1.46285714286,500,88.2,1.09849878173,0,1.81756777805,68.5216695591,25.1733232278,0,0
R07,65024,1.47446712018,316,139.556962025,0.413054290933,0,86.5041401461,3.40542631286,0.498439439205,0,0
R07,65536,1.48607709751,321,137.38317757,0.365308865182,0,92.8443133289,1.64498886584,1.1723015964,0,0
R07,66048,1.49768707483,327,134.862385321,0.327901910758,0,94.660134627,3.11652101953,0.886450738179,0,0
R07,66560,1.50929705215,332,132.831325301,0.203622867041,0,92.4266185642,2.06805332616,1.16767523139,0,0
R07,67072,1.52090702948,60,735,2.39089669522,0,0.255213236787,1.82992801601,0,0.859129119161,0
R07,67072,1.52090702948,331,133.232628399,0.195448126711,0,89.7223118258,1.10891321281,0.936948258793,0,0
R07,67584,1.5325170068,62,711.290322581,2.35625248339,0,0.360189232841,0.265888172853,0,3.84838630204,0
R07,67584,1.5325170068,331,133.232628399,0.246973379419,0,85.2231279121,1.5455809422,0.713585305095,0,0
R07,68096,1.54412698413,63,700,2.29306349962,0,0.15348724556,0.278253498996,0,6.61866217193,0
R07,68096,1.54412698413,330,133.636363636,0.305225574145,0,76.6872496052,2.28345510857,0.605841224602,0,0
R07,68608,1.55573696145,66,668.181818182,2.23165888764,0,9.82279141519,1.80742764825,0,16.8261625361,0
R07,68608,1.55573696145,289,152.595155709,0.393835314115,0,12.9493242394,0.530914353927,1.00078743844,0,0
R07,68608,1.55573696145,311,141.800643087,0.403494715012,0,38.0758527943,0.718894296111,0.448935264577,0,0
R07,68608,1.55573696145,320,137.8125,0.403828856665,0,54.7024897523,1.43404138563,0.383894649749,0,0
R07,69120,1.56734693878,135,326.666666667,1.61761400291,0,15.7339404361,10.2052928521,0.987115565506,33.101503204,0
R07,69120,1.56734693878,152,290.131578947,1.62060411178,0,0.368297892169,0.950940770844,0.44170718132,20.9385535537,0
R07,69120,1.56734693878,271,162.730627306,0.376362981029,0,32.140494305,13.6325453614,1.31692670015,5.31290137253,0
R07,69120,1.56734693878,377,116.976127321,0.701237250369,0,21.5760116711,6.79000707245,3.28857105995,0,0
R07,69120,1.56734693878,536,82.276119403,0.985828991655,0,5.44382519668,34.8232948886,3.63187552408,0,0
R07,69632,1.5789569161,134,329.104477612,1.42834570429,0,28.8156270168,11.5679191681,1.27464196441,40.231314133,0
R07,69632,1.5789569161,269,163.940520446,0.26665717392,0,39.1360464439,27.0266827893,2.58090228326,4.09960747157,0
R07,69632,1.5789569161,395,111.64556962,0.862338118713,0,8.28743726503,6.76161911924,31.1784180973,0,0
R07,69632,1.5789569161,535,82.4299065421,0.682240376736,0,4.21073524388,40.7134446724,4.23524895501,0,0
R07,70144,1.59056689342,47,938.29787234,2.29405512235,0,0.179167892352,0.298255822583,0,1.11264882458,0
R07,70144,1.59056689342,134,329.104477612,1.3612161311,0,42.2532308544,9.84439531253,1.06514782871,46.0886999725,0
R07,70144,1.59056689342,152,290.131578947,1.38603066413,0,1.24524672445,0.248723335182,0.348907102535,11.9972093763,0
R07,70144,1.59056689342,268,164.552238806,0.185640534857,0,46.0886999725,42.2532308544,5.34890591826,2.8429842483,0
R07,70144,1.59056689342,398,110.804020101,0.951373931475,0,6.87035386744,6.043131898,42.7984051486,0,0
R07,70144,1.59056689342,534,82.5842696629,0.403176883546,0,2.92328751901,46.6462422007,3.42311288687,0,0
R07,70656,1.60217687075,46,958.695652174,2.2983047239,0,0.291427102013,0.330777736238,0,3.40211773246,267.274393082
R07,70656,1.60217687075,135,326.666666667,1.33915100778,0,52.1579717105,5.32759155138,0.686486359558,54.5677082436,267.274393082
R07,70656,1.60217687075,154,286.363636364,1.32147548674,0,0.546497263482,0.129518054939,0.240232569319,18.9636050543,267.274393082
R07,70656,1.60217687075,267,165.168539326,0.124362377441,1,56.441507178,53.6097885221,8.40196974765,2.41249779319,267.274393082
R07,70656,1.60217687075,355,124.225352113,1.25618451122,0,11.4725876583,2.31397147603,0.633428469335,0,267.274393082
R07,70656,1.60217687075,400,110.25,1.09355525684,0,5.25748139248,5.71815936277,53.4395802503,0,267.274393082
R07,70656,1.60217687075,534,82.5842696629,0.303466334252,0,2.41249779319,56.441507178,2.5032909673,0,267.274393082
R07,71168,1.61378684807,136,324.264705882,1.39182986612,0,53.679406805,2.13349979021,0.543714152443,63.6321145426,267.184743311
R07,71168,1.61378684807,157,280.891719745,1.33838728533,0,0.270719457573,0.286663027395,1.11311820417,14.9017833058,267.184743311
R07,71168,1.61378684807,267,165.168539326,0.0771482858016,1,68.4140632903,55.9967229297,11.341400479,2.47178554664,267.184743311
R07,71168,1.61378684807,381,115.748031496,1.31531124396,0,5.15218909372,3.87779174285,16.2281951728,0,267.184743311
R07,71168,1.61378684807,401,109.975062344,1.2536905198,0,3.3902589969,5.5463275543,56.2452371722,0,267.184743311
R07,71168,1.61378684807,420,105,1.26507567458,0,1.76404639467,1.51697493199,32.1352226274,0,267.184743311
R07,71168,1.61378684807,534,82.5842696629,0.191088571102,0,2.47178554664,68.4140632903,2.06018483205,0,267.184743311
R07,71680,1.6253968254,138,319.565217391,1.42794439888,0,42.5287993667,2.44122717151,0.390960085232,70.1389952741,267.15358006
R07,71680,1.6253968254,160,275.625,1.35075030103,0,0.481043874125,0.308204891249,5.64243457364,21.144798842,267.15358006
R07,71680,1.6253968254,267,165.168539326,0.0525707414441,1,82.0293055791,46.4408274515,14.3923603695,1.91579559962,267.15358006
R07,71680,1.6253968254,381,115.748031496,1.38610023311,0,7.94072513667,3.66957307881,19.6166754295,0,267.15358006
R07,71680,1.6253968254,402,109.701492537,1.3152442832,0,2.63850612474,5.28149081883,47.2973624117,0,267.15358006
R07,71680,1.6253968254,423,104.255319149,1.28928615169,0,0.376326299408,2.91361041356,26.2073093504,0,267.15358006
R07,71680,1.6253968254,534,82.5842696629,0.143215345899,0,1.91579559962,82.0293055791,1.52884604296,0,267.15358006
R07,72192,1.63700680272,267,165.168539326,0.0414763235914,1,95.4000746408,26.2678270563,17.1850609572,1.24665107008,267.261341111
R07,72192,1.63700680272,377,116.976127321,1.44964915592,0,10.6804573666,1.80024899095,12.7490192471,0,267.261341111
R07,72192,1.63700680272,401,109.975062344,1.41678288104,0,3.1775949645,4.82368052976,26.7820885186,0,267.261341111
R07,72192,1.63700680272,535,82.4299065421,0.11028379631,0,1.23662133942,95.3817664078,0.974644946954,0,267.261341111
R07,72704,1.64861678005,267,165.168539326,0.0329157936627,1,107.224579632,7.06330738851,19.4460504952,0.635178275602,267.255745124
R07,72704,1.64861678005,376,117.287234043,1.49846040345,0,10.9779790505,0.772973473771,7.72050158888,0,267.255745124
R07,72704,1.64861678005,403,109.429280397,1.46683103022,0,3.6522102411,4.18144107226,15.5595134553,0,267.255745124
R07,72704,1.64861678005,534,82.5842696629,0.0824919703817,0,0.635178275602,107.224579632,0.413066111093,0,267.255745124
R07,73216,1.66022675737,267,165.168539326,0.0256778418732,1,117.941257356,27.4290338166,21.0285557602,0.201051429673,267.282987907
R07,73216,1.66022675737,403,109.429280397,1.509255575,0,3.21035633584,3.27783792781,29.8155688401,0,267.282987907
R07,73216,1.66022675737,535,82.4299065421,0.0690971069577,0,0.200461483807,118.104395708,0.453685653033,0,267.282987907
R07,73728,1.67183673469,267,165.168539326,0.0194447242271,1,126.780507072,47.3095250677,22.0255876875,0.124373770938,267.378314153
R07,73728,1.67183673469,535,82.4299065421,0.0491193018708,0,0.119268642451,126.95351535,0.899033483493,0,267.378314153
R07,74240,1.68344671202,267,165.168539326,0.0133559968371,1,133.267523965,61.275686326,22.8237044864,0.296611562226,267.214486281
R07,74240,1.68344671202,534,82.5842696629,0.0310517531632,0,0.296611562226,133.267523965,1.13718646596,0,267.214486281
R07,74752,1.69505668934,267,165.168539326,0.00911822054248,1,138.453857495,70.0609770884,23.8355018925,0.492275686902,267.153641751
R07,74752,1.69505668934,535,82.4299065421,0.022946841538,0,0.489046794598,138.624961667,1.1842803841,0,267.153641751
R07,75264,1.70666666667,267,165.168539326,0.00653772063358,1,141.738335767,75.5461677697,25.0684316128,0.700484093564,267.15537541
R07,75264,1.70666666667,534,82.5842696629,0.0166275539471,0,0.700484093564,141.738335767,1.06971231907,0,267.15537541
R07,75776,1.71827664399,267,165.168539326,0.00533835071067,1,143.184530598,80.6380303462,26.1916190228,0.74196544425,267.126211891
R07,75776,1.71827664399,405,108.888888889,1.39483133967,0,1.36359006144,1.28463553547,73.1150035325,0,267.126211891
R07,75776,1.71827664399,534,82.5842696629,0.0136236769716,0,0.74196544425,143.184530598,0.659908517509,0,267.126211891
R07,76288,1.72988662132,267,165.168539326,0.00494564523231,1,142.495267511,87.9603940069,26.7098055248,0.489049699278,267.361979191
R07,76288,1.72988662132,404,109.158415842,1.33394776342,0,1.17309121676,1.20684195085,82.7379166529,0,267.361979191
R07,76288,1.72988662132,421,104.750593824,1.33241256637,0,1.04252530102,1.35142100215,11.6204495122,0,267.361979191
R07,76288,1.72988662132,535,82.4299065421,0.0125739665212,0,0.480887036954,142.661298336,0.113122025987,0,267.361979191
R07,76800,1.74149659864,152,290.131578947,1.29260345027,0,2.235595563,0.149715065791,0.224297397813,6.98192848722,267.307677577
R07,76800,1.74149659864,267,165.168539326,0.00471386406552,1,139.763409714,97.230400548,26.3685254257,0.351269839042,267.307677577
R07,76800,1.74149659864,405,108.888888889,1.27049696384,0,0.847030841018,1.31440123643,91.0184262106,0,267.307677577
R07,76800,1.74149659864,535,82.4299065421,0.0129450550258,0,0.339843656852,139.898897896,0.26900930249,0,267.307677577
R07,77312,1.75310657596,138,319.565217391,1.27463234973,0,64.0603107469,2.41781508726,0.18749457954,117.041300965,267.228482293
R07,77312,1.75310657596,267,165.168539326,0.00496755700977,1,135.807505856,104.97811086,25.3213517085,0.287135201126,267.228482293
R07,77312,1.75310657596,402,109.701492537,1.23786336902,0,1.34552048374,1.0492483146,105.224528523,0,267.228482293
R07,77312,1.75310657596,535,82.4299065421,0.0140283015391,0,0.28403615941,135.847356248,0.443592661272,0,267.228482293
R07,77824,1.76471655329,136,324.264705882,1.26005269427,0,95.5485444045,12.1220162858,1.7909187826,124.912404207,267.310369187
R07,77824,1.76471655329,267,165.168539326,0.00517690246545,1,131.08462893,107.554454126,24.0732797973,0.261296027534,267.310369187
R07,77824,1.76471655329,401,109.975062344,1.21230689447,0,1.13865494985,0.935517849464,107.885799384,0,267.310369187
R07,77824,1.76471655329,535,82.4299065421,0.0144858315956,0,0.254557619192,131.05485361,0.399593981141,0,267.310369187
R07,78336,1.77632653061,136,324.264705882,1.2480838209,0,89.6724751923,13.7342246296,1.75825866294,120.294292009,267.301290846
R07,78336,1.77632653061,267,165.168539326,0.00538419817711,1,126.209661866,102.960729167,22.8832218214,0.462898861475,267.301290846
R07,78336,1.77632653061,402,109.701492537,1.19511090122,0,0.830790220305,0.587391290199,103.079500905,0,267.301290846
R07,78336,1.77632653061,535,82.4299065421,0.014899451046,0,0.455939890869,126.182481447,0.285200726024,0,267.301290846
R07,78848,1.78793650794,136,324.264705882,1.25250082307,0,77.8795154429,13.479294122,1.70835721942,115.483296337,267.3190528
R07,78848,1.78793650794,267,165.168539326,0.00548475825944,1,121.048136908,91.7270302807,21.6451151089,0.548594832956,267.3190528
R07,78848,1.78793650794,402,109.701492537,1.20768588501,0,0.37048520219,0.564988953695,91.5192706433,0,267.3190528
R07,78848,1.78793650794,535,82.4299065421,0.0159191559497,0,0.541068247165,121.036968276,0.466707562293,0,267.3190528
R07,79360,1.79954648526,137,321.897810219,1.26895693598,0,55.3340274172,6.0441488948,0.438307120691,105.268411712,267.3867093
R07,79360,1.79954648526,267,165.168539326,0.00581099304549,1,115.414039155,76.7776687541,20.0366025769,0.494659686273,267.3867093
R07,79360,1.79954648526,402,109.701492537,1.22083563787,0,0.645517488642,0.800404637413,76.8992244861,0,267.3867093
R07,79360,1.79954648526,535,82.4299065421,0.0171634025452,0,0.487425722002,115.407743348,0.486188645295,0,267.3867093
R07,79872,1.81115646259,137,321.897810219,1.28561452511,0,49.5871204768,4.13672587806,0.740164868114,99.6870015159,267.149905542
R07,79872,1.81115646259,148,297.972972973,1.28732996753,0,0.799353698067,0.228041546434,0.146767853706,19.341679071,267.149905542
R07,79872,1.81115646259,267,165.168539326,0.00632641811143,1,109.597794482,62.1817821724,17.9213936727,0.281459728723,267.149905542
R07,79872,1.81115646259,402,109.701492537,1.25955446898,0,1.52871682434,0.834839485855,63.3662925252,0,267.149905542
R07,79872,1.81115646259,534,82.5842696629,0.0183892281826,0,0.281459728723,109.597794482,0.189732935242,0,267.149905542
R07,80384,1.82276643991,156,282.692307692,1.30733776512,0,1.57564003955,0.441247309889,0.47014002971,1.90138600249,266.940802065
R07,80384,1.82276643991,267,165.168539326,0.00658878009886,1,103.228323718,52.0589193297,15.797543822,0.0986856643163,266.940802065
R07,80384,1.82276643991,402,109.701492537,1.30720191426,0,1.9152767984,0.708131627549,54.0980491379,0,266.940802065
R07,80384,1.82276643991,417,105.755395683,1.31063133242,0,1.53129477945,0.739810761913,28.0515273589,0,266.940802065
R07,80384,1.82276643991,534,82.5842696629,0.0194418911728,0,0.0986856643163,103.228323718,0.420713975849,0,266.940802065
R07,80896,1.83437641723,159,277.358490566,1.29696770655,0,0.957672250683,0.284319267472,2.81246978292,3.68978612804,266.945560688
R07,80896,1.83437641723,267,165.168539326,0.0072030671473,1,96.0929984931,49.2856700417,14.7189603195,0.0799528778765,266.945560688
R07,80896,1.83437641723,403,109.429280397,1.31973041392,0,1.9664713407,0.655359000678,51.5736649565,0,266.945560688
R07,80896,1.83437641723,423,104.255319149,1.3006967236,0,1.58167104357,0.780953149016,10.1447957035,0,266.945560688
R07,80896,1.83437641723,534,82.5842696629,0.0206202300763,0,0.0799528778765,96.0929984931,0.987255654357,0,266.945560688
R07,81408,1.84598639456,137,321.897810219,1.33681625107,0,39.4580939807,2.51779063308,0.869583689879,81.9676136204,267.005493885
R07,81408,1.84598639456,160,275.625,1.28955687833,0,0.675954413666,0.231623276108,3.87916061094,2.74381923807,267.005493885
R07,81408,1.84598639456,267,165.168539326,0.0085012909395,1,88.6343805382,52.6042211742,15.3828296801,0.138441713155,267.005493885
R07,81408,1.84598639456,402,109.701492537,1.30905717796,0,1.17616640645,0.783520218449,53.2133751555,0,267.005493885
R07,81408,1.84598639456,425,103.764705882,1.29648101248,0,1.0260833112,0.492520064097,4.03011275244,0,267.005493885
R07,81408,1.84598639456,534,82.5842696629,0.0230794480593,0,0.138441713155,88.6343805382,1.1152114809,0,267.005493885
R07,81920,1.85759637188,135,326.666666667,1.28258134101,0,54.8136264345,6.54616597865,4.00613710925,81.5594713681,266.923059274
R07,81920,1.85759637188,157,280.891719745,1.26997276971,0,0.317443053026,0.319203469343,0.657863136768,2.43020166854,266.923059274
R07,81920,1.85759637188,267,165.168539326,0.00904254332082,1,81.8589769605,58.6367621697,17.6380313885,0.294184767594,266.923059274
R07,81920,1.85759637188,401,109.975062344,1.23775850923,0,0.39091554744,1.35960120495,58.6354574095,0,266.923059274
R07,81920,1.85759637188,422,104.502369668,1.26212505556,0,0.518857012857,0.184796110549,7.22060761446,0,266.923059274
R07,81920,1.85759637188,534,82.5842696629,0.0237103341694,0,0.294184767594,81.8589769605,0.90473270029,0,266.923059274
R07,82432,1.86920634921,134,329.104477612,1.18371039419,0,64.3410734992,5.32866086387,4.42052922006,77.3098158216,266.910824518
R07,82432,1.86920634921,153,288.235294118,1.2160277022,0,1.01875656301,0.246977643214,0.159653103825,1.78345324955,266.910824518
R07,82432,1.86920634921,178,247.752808989,1.27848637454,0,0.945770586461,20.9303228677,0.126158420519,2.01652088046,266.910824518
R07,82432,1.86920634921,267,165.168539326,0.00861050926182,1,76.9476422592,65.2619163665,20.9303228677,0.535107239938,266.910824518
R07,82432,1.86920634921,400,110.25,1.13907215481,0,0.146110108659,1.64043218838,65.3288314725,0,266.910824518
R07,82432,1.86920634921,534,82.5842696629,0.0227975345803,0,0.535107239938,76.9476422592,0.945770586461,0,266.910824518
R07,82944,1.88081632653,134,329.104477612,1.08850322746,0,70.0623827837,5.57198480505,3.7765342571,74.4402287705,266.913123733
R07,82944,1.88081632653,267,165.168539326,0.00885488520008,1,74.1208912069,71.4166823037,24.6229336304,0.724005600041,266.913123733
R07,82944,1.88081632653,400,110.25,1.04914262304,0,0.403803376468,1.81685748712,71.6159200431,0,266.913123733
R07,82944,1.88081632653,534,82.5842696629,0.0240978570925,0,0.724005600041,74.1208912069,0.810495657629,0,266.913123733
R07,83456,1.89242630385,133,331.578947368,1.01255824743,0,76.7993546786,6.04872296611,3.41138471059,72.0976748148,266.937273472
R07,83456,1.89242630385,267,165.168539326,0.00971747326101,1,72.6019206486,76.2640386768,28.0685854097,0.724125735363,266.937273472
R07,83456,1.89242630385,399,110.526315789,0.975973729057,0,0.453402593595,1.28799647279,76.7993546786,0,266.937273472
R07,83456,1.89242630385,534,82.5842696629,0.0255108907121,0,0.724125735363,72.6019206486,0.248208219698,0,266.937273472
R07,83968,1.90403628118,133,331.578947368,0.983219693322,0,79.2431032957,7.16389112505,2.77779191702,70.8418823202,266.897696587
R07,83968,1.90403628118,267,165.168539326,0.00983725572027,1,71.225271039,78.7230224211,30.546721104,0.658246894034,266.897696587
R07,83968,1.90403628118,399,110.526315789,0.949562624899,0,0.333545974094,0.249909585536,79.2431032957,0,266.897696587
R07,83968,1.90403628118,534,82.5842696629,0.0260346347663,0,0.658246894034,71.225271039,0.842810047526,0,266.897696587
R07,84480,1.9156462585,133,331.578947368,1.00430242834,0,77.5972504348,7.33215290596,2.06762464366,69.170108994,266.976176884
R07,84480,1.9156462585,267,165.168539326,0.00997122619267,1,69.4223460351,77.5779695832,31.6199348061,0.67408511044,266.976176884
R07,84480,1.9156462585,400,110.25,0.972435043459,0,0.326762184587,0.32906331981,77.7184934063,0,266.976176884
R07,84480,1.9156462585,534,82.5842696629,0.0274845342305,0,0.67408511044,69.4223460351,1.44154727586,0,266.976176884
R07,84992,1.92725623583,134,329.104477612,1.04877446316,0,71.5982257731,8.83129993745,2.16874709912,67.3983629925,267.038480336
R07,84992,1.92725623583,267,165.168539326,0.00988951740903,1,67.5823696965,71.9950452625,31.1856552759,0.512313995597,267.038480336
R07,84992,1.92725623583,400,110.25,1.0093110495,0,0.199092692669,0.650565210256,71.8896108426,0,267.038480336
R07,84992,1.92725623583,534,82.5842696629,0.0273098122289,0,0.512313995597,67.5823696965,1.326037915,0,267.038480336
R07,85504,1.93886621315,134,329.104477612,1.0908497249,0,62.9417849875,7.90162991859,2.56880079125,66.2392506399,267.065201025
R07,85504,1.93886621315,152,290.131578947,1.13699744675,0,0.346604079758,0.0946490292366,0.198883256451,0.795408844724,267.065201025
R07,85504,1.93886621315,267,165.168539326,0.0101453336989,1,66.5699904097,62.6903795465,29.4895689159,0.188329910577,267.065201025
R07,85504,1.93886621315,385,114.545454545,1.0984660737,0,0.52066605971,0.933670811631,21.6947816105,0,267.065201025
R07,85504,1.93886621315,400,110.25,1.05314094701,0,0.376029287742,0.570746497491,62.3985389089,0,267.065201025
R07,85504,1.93886621315,418,105.502392344,1.11027525825,0,0.0473440089564,0.318254383556,26.9539477546,0,267.065201025
R07,85504,1.93886621315,534,82.5842696629,0.0275898478331,0,0.188329910577,66.5699904097,0.882762611535,0,267.065201025
R07,86016,1.95047619048,134,329.104477612,1.12953312004,0,52.7543953822,6.15421290356,3.1675108835,66.3068763194,267.118363581
R07,86016,1.95047619048,153,288.235294118,1.15676235389,0,0.658521237537,0.069999421164,0.107620953901,0.605903867397,267.118363581
R07,86016,1.95047619048,176,250.568181818,1.21390136099,0,0.717253789085,19.168002873,0.062657122731,1.25745362241,267.118363581
R07,86016,1.95047619048,267,165.168539326,0.0105300489718,1,66.7551558248,52.1833181353,26.8395800594,0.265446641977,267.118363581
R07,86016,1.95047619048,401,109.975062344,1.09933643039,0,0.59509169439,0.473699836285,52.4706285204,0,267.118363581
R07,86016,1.95047619048,419,105.250596659,1.13282987008,0,0.577224177377,0.241995428563,19.5990227558,0,267.118363581
R07,86016,1.95047619048,534,82.5842696629,0.029348845177,0,0.265446641977,66.7551558248,0.574098367901,0,267.118363581
R07,86528,1.9620861678,135,326.666666667,1.15447391147,0,43.5164919768,9.2858801723,2.57826866932,65.6171675931,267.140937913
R07,86528,1.9620861678,153,288.235294118,1.1691835826,0,1.2655001274,0.122334260347,0.0536950285807,1.57614954268,267.140937913
R07,86528,1.9620861678,178,247.752808989,1.2030176772,0,0.530153158241,23.6058891928,0.0808031431486,0.789103739636,267.140937913
R07,86528,1.9620861678,267,165.168539326,0.0105157054363,1,67.7931977563,44.2336304453,23.6058891928,0.355785462341,267.140937913
R07,86528,1.9620861678,402,109.701492537,1.13015346071,0,1.06005411704,0.585301224793,44.8773664054,0,267.140937913
R07,86528,1.9620861678,420,105,1.13975809114,0,1.10769683785,0.530301462189,10.2707920664,0,267.140937913
R07,86528,1.9620861678,534,82.5842696629,0.0295278833449,0,0.355785462341,67.7931977563,0.530153158241,0,267.140937913
R07,87040,1.97369614512,135,326.666666667,1.13881985773,0,41.0305280449,12.4732218907,1.86997804509,67.0293120136,267.203666139
R07,87040,1.97369614512,181,243.64640884,1.21090447293,0,0.389433049333,18.2653671293,0.225903289361,1.07117991384,267.203666139
R07,87040,1.97369614512,267,165.168539326,0.0111394732798,1,69.0609142082,41.7657922946,19.8469341179,0.33534711632,267.203666139
R07,87040,1.97369614512,357,123.529411765,1.38864275886,0,1.182628266,0.53251800847,0.814891666377,0,267.203666139
R07,87040,1.97369614512,402,109.701492537,1.1298661309,0,1.01118744223,0.660662489303,42.4151994252,0,267.203666139
R07,87040,1.97369614512,416,106.009615385,1.15057005352,0,1.06021857205,0.497789022368,15.9672852445,0,267.203666139
R07,87040,1.97369614512,534,82.5842696629,0.0320833675781,0,0.33534711632,69.0609142082,0.561414373053,0,267.203666139
R07,87552,1.98530612245,134,329.104477612,1.05024314767,0,46.6785400483,17.4474137652,3.07513001791,69.5368086308,267.384319684
R07,87552,1.98530612245,267,165.168539326,0.0116203982493,1,69.868518088,45.9793848325,15.5724072055,0.371054733373,267.384319684
R07,87552,1.98530612245,402,109.701492537,1.05090106815,0,0.914389866837,0.763248722187,46.6785400483,0,267.384319684
R07,87552,1.98530612245,448,98.4375,1.20628822908,0,0.995944506396,0.558082319476,1.35279306005,0,267.384319684
R07,87552,1.98530612245,535,82.4299065421,0.0325191085895,0,0.37077337067,69.7381009006,0.463154990505,0,267.384319684
R07,88064,1.99691609977,134,329.104477612,0.886100894938,0,57.5356376458,23.5222162943,3.21625354846,69.7957543,267.592404292
R07,88064,1.99691609977,268,164.552238806,0.0101811861256,1,69.7957543,57.5356376458,11.5435934705,0.51049602022,267.592404292
R07,88064,1.99691609977,402,109.701492537,0.881288648858,0,0.918851238393,0.911144475266,57.5356376458,0,267.592404292
R07,88064,1.99691609977,535,82.4299065421,0.0311193166496,0,0.514913169631,69.9528886023,0.589048078676,0,267.592404292
R07,88576,2.0085260771,134,329.104477612,0.731981171031,0,73.6818505348,27.8977198484,3.77272568173,69.82575775,267.565037677
R07,88576,2.0085260771,268,164.552238806,0.00883412127758,1,69.82575775,73.6818505348,6.95966803022,0.633156679638,267.565037677
R07,88576,2.0085260771,402,109.701492537,0.725014989822,0,0.703347126378,1.22344902849,73.6818505348,0,267.565037677
R07,88576,2.0085260771,535,82.4299065421,0.0253636544307,0,0.638406679157,69.9317979182,0.735274025326,0,267.565037677
R07,89088,2.02013605442,133,331.578947368,0.604967035531,0,89.692414836,27.7128868791,3.71801402066,70.1946039062,267.454911512
R07,89088,2.02013605442,267,165.168539326,0.00728951262468,1,70.5101594114,92.1295529941,2.97460171638,0.638203954526,267.454911512
R07,89088,2.02013605442,401,109.975062344,0.591131519497,0,0.749140820063,1.46407431825,92.6282457814,0,267.454911512
R07,89088,2.02013605442,535,82.4299065421,0.0210599332498,0,0.631699976452,70.5508000936,0.504249201389,0,267.454911512
R07,89600,2.03174603175,133,331.578947368,0.518624840592,0,110.43353306,28.2281349334,2.87114188545,71.899105164,267.487388587
R07,89600,2.03174603175,267,165.168539326,0.00598247209358,1,72.3539919306,112.920614284,0.627441701692,0.429099582291,267.487388587
R07,89600,2.03174603175,401,109.975062344,0.505001343863,0,1.07886243543,1.42012045169,113.367876833,0,267.487388587
R07,89600,2.03174603175,535,82.4299065421,0.0170637874977,0,0.422568137258,72.4617731188,0.243692177292,0,267.487388587
R07,90112,2.04335600907,133,331.578947368,0.467614480564,0,130.334526947,27.637874919,1.88883617274,74.9440249691,267.580078107
R07,90112,2.04335600907,268,164.552238806,0.00506694406939,1,75.7108249393,133.085339539,1.9556808059,0.160923722466,267.580078107
R07,90112,2.04335600907,401,109.975062344,0.454362233529,0,1.10187488958,1.51291221806,133.089223783,0,267.580078107
R07,90112,2.04335600907,535,82.4299065421,0.014620075582,0,0.163360888359,75.6408535777,0.535578343579,0,267.580078107
R07,90624,2.05496598639,133,331.578947368,0.433586562352,0,147.676023344,26.1790120335,0.93348151228,78.9332376469,267.509790944
R07,90624,2.05496598639,268,164.552238806,0.00417128537825,1,79.8249325494,150.07340972,3.86777573294,0.277772611653,267.509790944
R07,90624,2.05496598639,401,109.975062344,0.418441983839,0,1.08187163595,1.1584821936,150.35036978,0,267.509790944
R07,90624,2.05496598639,535,82.4299065421,0.0112654689251,0,0.2824215667,79.7286946221,0.703453967529,0,267.509790944
R07,91136,2.06657596372,133,331.578947368,0.41287474825,0,162.305383299,24.0228995495,0.489546080281,83.504721626,267.496886174
R07,91136,2.06657596372,267,165.168539326,0.00351624386811,1,84.1326385507,164.85591469,5.57715812421,0.695477667315,267.496886174
R07,91136,2.06657596372,401,109.975062344,0.39837757288,0,0.813990420282,0.907436428391,165.099890759,0,267.496886174
R07,91136,2.06657596372,535,82.4299065421,0.0083326236686,0,0.688994373215,84.3119569262,0.556043942699,0,267.496886174
R07,91648,2.07818594104,133,331.578947368,0.418099118872,0,173.919577934,21.2379503693,0.866935199292,88.1713957568,267.466599544
R07,91648,2.07818594104,267,165.168539326,0.00315209286936,1,88.694473417,176.672159467,7.86951566426,0.871695200946,267.466599544
R07,91648,2.07818594104,401,109.975062344,0.403999805529,0,0.916554586623,0.976856725497,176.946675533,0,267.466599544
R07,91648,2.07818594104,535,82.4299065421,0.00794936906735,0,0.865325862517,88.815124906,0.575003304202,0,267.466599544
R07,92160,2.08979591837,133,331.578947368,0.431860580261,0,180.236115998,17.9172065363,0.919288197534,92.3933349465,267.455279229
R07,92160,2.08979591837,267,165.168539326,0.00353465945922,1,92.7032383818,183.155738427,9.72745230573,0.69608806185,267.455279229
R07,92160,2.08979591837,401,109.975062344,0.419457457856,0,1.12583727951,0.81665916545,183.488470697,0,267.455279229
R07,92160,2.08979591837,535,82.4299065421,0.00853955296516,0,0.682583830823,92.7131916036,0.825394718201,0,267.455279229
R07,92672,2.10140589569,133,331.578947368,0.468247861547,0,178.362108013,14.4281512392,0.537885853619,95.6788939884,267.467560653
R07,92672,2.10140589569,267,165.168539326,0.00406933984898,1,95.7567603148,181.514257791,10.5955476684,0.45329635406,267.467560653
R07,92672,2.10140589569,402,109.701492537,0.454376021264,0,0.594068930039,0.953060865462,181.899431823,0,267.467560653
R07,92672,2.10140589569,535,82.4299065421,0.010917010859,0,0.440632066598,95.6459760035,1.21386436421,0,267.467560653
R07,93184,2.11301587302,133,331.578947368,0.521434212892,0,166.645294568,11.3720398153,1.27167915464,98.1503539448,267.533099891
R07,93184,2.11301587302,268,164.552238806,0.00428095631722,1,97.6442324215,171.333220948,11.2030180207,0.36343815263,267.533099891
R07,93184,2.11301587302,402,109.701492537,0.508265645894,0,0.254376642622,0.909343686947,171.333220948,0,267.533099891
R07,93184,2.11301587302,535,82.4299065421,0.0123485511894,0,0.367244165823,97.9256077967,1.60607044916,0,267.533099891
R07,93696,2.12462585034,133,331.578947368,0.591930661506,0,147.081443065,9.28714438634,2.60161911882,100.238580519,267.428608072
R07,93696,2.12462585034,267,165.168539326,0.00432254273247,1,100.221078023,151.303677271,9.96553988788,0.257448206764,267.428608072
R07,93696,2.12462585034,401,109.975062344,0.578571018654,0,0.651895223004,0.589212900523,152.186699258,0,267.428608072
R07,93696,2.12462585034,535,82.4299065421,0.0125798797869,0,0.248357654121,100.050692119,1.72311775758,0,267.428608072
R07,94208,2.13623582766,133,331.578947368,0.676210962862,0,125.829210785,8.37071565754,3.57041539668,102.455267924,267.370503286
R07,94208,2.13623582766,267,165.168539326,0.00468133573423,1,102.571512494,130.164476815,9.56048661323,0.355756165065,267.370503286
R07,94208,2.13623582766,401,109.975062344,0.659419225957,0,0.875974033629,0.469811097782,131.130246484,0,267.370503286
R07,94208,2.13623582766,535,82.4299065421,0.0137422744329,0,0.346927133353,102.465013836,1.46166576484,0,267.370503286
R07,94720,2.14784580499,133,331.578947368,0.796953493062,0,108.942846766,8.48795962931,3.82068792718,104.803341311,267.202121394
R07,94720,2.14784580499,267,165.168539326,0.00606774563674,1,105.068602437,112.385179948,9.10275071776,0.691800167149,267.202121394
R07,94720,2.14784580499,401,109.975062344,0.777860836298,0,0.686652360852,0.910905916217,113.094589303,0,267.202121394
R07,94720,2.14784580499,535,82.4299065421,0.0187551418038,0,0.684275665676,105.034429295,0.820092538986,0,267.202121394
R07,95232,2.15945578231,133,331.578947368,0.949274248929,0,97.4507552963,9.20112550868,3.45455175986,106.983883817,266.836931789
R07,95232,2.15945578231,267,165.168539326,0.00685715978894,1,107.311315036,98.8790423027,8.27000311846,0.822551347932,266.836931789
R07,95232,2.15945578231,400,110.25,0.923279812126,0,0.958480074573,0.66728109088,98.5939584254,0,266.836931789
R07,95232,2.15945578231,534,82.5842696629,0.021440674513,0,0.822551347932,107.311315036,0.636155037008,0,266.836931789
R07,95744,2.17106575964,134,329.104477612,1.07591139356,0,84.7541561884,10.3890918483,4.19160661079,108.98803729,266.775993972
R07,95744,2.17106575964,267,165.168539326,0.00704843040623,1,109.251023872,87.1156439509,7.13526090269,0.559804537845,266.775993972
R07,95744,2.17106575964,400,110.25,1.05269305827,0,0.52097489065,0.535823162413,87.599512661,0,266.775993972
R07,95744,2.17106575964,533,82.7392120075,0.021148271462,0,0.559204700542,109.209118814,0.867581054607,0,266.775993972
R07,96256,2.18267573696,135,326.666666667,1.19438140052,0,62.3424999164,8.56817716289,3.23118354969,108.329842241,266.566447967
R07,96256,2.18267573696,267,165.168539326,0.00580633370753,1,111.018545057,77.0757147285,6.19862482656,0.242582777128,266.566447967
R07,96256,2.18267573696,400,110.25,1.1643216617,0,0.64056560963,0.228375291752,78.1193126375,0,266.566447967
R07,96256,2.18267573696,533,82.7392120075,0.0163542943586,0,0.230590300228,111.064087164,0.863305215531,0,266.566447967
R07,96768,2.19428571429,137,321.897810219,1.27447735297,0,27.6486039997,2.02249098156,0.883723487229,100.610319023,266.555291843
R07,96768,2.19428571429,267,165.168539326,0.0053598215893,1,113.016620441,71.9360970647,6.00923225285,0.486422633696,266.555291843
R07,96768,2.19428571429,401,109.975062344,1.23903797681,0,0.872565962374,0.61859236007,70.6666691991,0,266.555291843
R07,96768,2.19428571429,533,82.7392120075,0.0152165894369,0,0.484856434758,113.079249817,0.863870212623,0,266.555291843
R07,97280,2.20589569161,139,317.26618705,1.31993205019,0,17.4019243916,0.892115987181,0.101768517808,89.4881919893,266.520309022
R07,97280,2.20589569161,267,165.168539326,0.00546146389259,1,115.451443743,72.6444574786,6.95523504843,0.857951428946,266.520309022
R07,97280,2.20589569161,401,109.975062344,1.28043342104,0,1.14643790492,0.79211531183,71.8670350861,0,266.520309022
R07,97280,2.20589569161,533,82.7392120075,0.0154527623627,0,0.867572462667,115.449492932,0.896863061257,0,266.520309022
R07,97792,2.21750566893,156,282.692307692,1.34216313225,0,1.19203177697,0.202312940195,0.118966845362,2.48809080338,266.601561371
R07,97792,2.21750566893,267,165.168539326,0.00568053463773,1,118.55170172,75.5468890891,8.90075754032,1.00334933704,266.601561371
R07,97792,2.21750566893,401,109.975062344,1.32094714014,0,0.711853893507,1.18415476291,75.4305616967,0,266.601561371
R07,97792,2.21750566893,533,82.7392120075,0.0157459648775,0,1.01809419658,118.469351533,0.872318453257,0,266.601561371
R07,98304,2.22911564626,267,165.168539326,0.00508012105279,1,122.063519799,77.7043466504,11.1794284718,0.986815292208,266.908185131
R07,98304,2.22911564626,405,108.888888889,1.32990708289,0,1.08966654047,1.0015365693,75.5970859004,0,266.908185131
R07,98304,2.22911564626,419,105.250596659,1.33015116968,0,0.871654738269,0.551077910302,29.5678603259,0,266.908185131
R07,98304,2.22911564626,534,82.5842696629,0.0136986805661,0,0.986815292208,122.063519799,0.609422329988,0,266.908185131
R07,98816,2.24072562358,157,280.891719745,1.31334185492,0,0.272742987293,0.0690988805679,0.485177935562,2.66814937467,267.386076609
R07,98816,2.24072562358,267,165.168539326,0.00438920236302,1,125.700867796,79.1619939162,13.2078375832,0.679645165622,267.386076609
R07,98816,2.24072562358,407,108.353808354,1.31201836966,0,0.9727235974,1.73846177664,74.2139267213,0,267.386076609
R07,98816,2.24072562358,420,105,1.30714841601,0,1.02636636072,1.73438413002,23.8889129773,0,267.386076609
R07,98816,2.24072562358,535,82.4299065421,0.0101282767701,0,0.673826983584,125.670546069,0.216371998349,0,267.386076609
R07,99328,2.25233560091,154,286.363636364,1.28199110678,0,1.13190909155,0.0892561845316,0.201197341346,0.440771419336,267.62017569
R07,99328,2.25233560091,268,164.552238806,0.00412184459056,1,128.494376572,82.4514409096,14.195515211,0.132978236154,267.62017569
R07,99328,2.25233560091,419,105.250596659,1.27300149848,0,0.751911766446,1.27306343476,26.0413046314,0,267.62017569
R07,99328,2.25233560091,536,82.276119403,0.0105731678198,0,0.132978236154,128.494376572,0.288478363125,0,267.62017569
R07,99840,2.26394557823,139,317.26618705,1.24451033805,0,39.8559738112,0.538697742152,0.148102761195,104.188723416,267.7280102
R07,99840,2.26394557823,268,164.552238806,0.00426231909508,1,129.853508522,87.0402171135,14.9467938186,0.482066253563,267.7280102
R07,99840,2.26394557823,407,108.353808354,1.22691575685,0,0.576026749936,1.36669284148,82.0384274015,0,267.7280102
R07,99840,2.26394557823,536,82.276119403,0.0110521691892,0,0.482066253563,129.853508522,0.655827352522,0,267.7280102
R07,100352,2.27555555556,136,324.264705882,1.19112094816,0,88.8307915679,5.26267262868,1.20815969344,124.107854109,267.668403966
R07,100352,2.27555555556,268,164.552238806,0.00405778232298,1,129.366456146,95.0673252277,14.8112347366,0.863701497151,267.668403966
R07,100352,2.27555555556,404,109.158415842,1.16412399351,0,0.51760640578,0.744989508263,95.7305294759,0,267.668403966
R07,100352,2.27555555556,536,82.276119403,0.0110810613599,0,0.863701497151,129.366456146,0.689121756578,0,267.668403966
R07,100864,2.28716553288,135,326.666666667,1.1213449054,0,106.127165168,5.71717406966,2.20597602853,125.843020509,267.644635303
R07,100864,2.28716553288,268,164.552238806,0.00393340628656,1,127.554535888,105.611112428,13.9011586613,0.96765260749,267.644635303
R07,100864,2.28716553288,403,109.429280397,1.08379710729,0,0.613120877091,0.468807646634,106.546416904,0,267.644635303
R07,100864,2.28716553288,536,82.276119403,0.0106840604932,0,0.96765260749,127.554535888,0.416740726014,0,267.644635303
R07,101376,2.2987755102,134,329.104477612,1.05397846888,0,116.44109022,4.11257047779,0.764839495751,125.268338137,267.74040337
R07,101376,2.2987755102,268,164.552238806,0.00385613005878,1,125.268338137,116.44109022,12.8124515764,0.723816011003,267.74040337
R07,101376,2.2987755102,402,109.701492537,1.00993825324,0,1.63499037357,0.956168646248,116.44109022,0,267.74040337
R07,101376,2.2987755102,536,82.276119403,0.0102543247722,0,0.723816011003,125.268338137,0.0689177628847,0,267.74040337
R07,101888,2.31038548753,134,329.104477612,1.01669912076,0,124.977311734,2.99180568519,1.28017346122,123.316258822,267.731120629
R07,101888,2.31038548753,268,164.552238806,0.00396572473776,1,123.316258822,124.977311734,12.3826010292,0.404415747108,267.731120629
R07,101888,2.31038548753,402,109.701492537,0.970230174554,0,2.25078491401,1.17881519611,124.977311734,0,267.731120629
R07,101888,2.31038548753,536,82.276119403,0.0108415714454,0,0.404415747108,123.316258822,0.69235795586,0,267.731120629
R07,102400,2.32199546485,134,329.104477612,0.996054320103,0,128.602517103,5.78579081026,2.97523072637,122.012469833,267.801702914
R07,102400,2.32199546485,268,164.552238806,0.00439409024018,1,122.012469833,128.602517103,13.0687492997,0.124474480664,267.801702914
R07,102400,2.32199546485,402,109.701492537,0.952055086401,0,2.7863719273,1.46590381587,128.602517103,0,267.801702914
R07,102400,2.32199546485,536,82.276119403,0.0116840043587,0,0.124474480664,122.012469833,1.20173680039,0,267.801702914
R07,102912,2.33360544218,134,329.104477612,0.98027869244,0,126.134646378,8.62034441735,4.50982338824,120.834951864,267.774907974
R07,102912,2.33360544218,268,164.552238806,0.00458015123197,1,120.834951864,126.134646378,14.3804779804,0.119792587581,267.774907974
R07,102912,2.33360544218,402,109.701492537,0.945815712192,0,2.988040703,1.67327874415,126.134646378,0,267.774907974
R07,102912,2.33360544218,536,82.276119403,0.0122682361375,0,0.119792587581,120.834951864,1.46529197861,0,267.774907974
R07,103424,2.3452154195,134,329.104477612,0.953904092781,0,119.506293009,10.3167856253,5.5505058156,119.314660288,267.813755613
R07,103424,2.3452154195,268,164.552238806,0.00485088190284,1,119.314660288,119.506293009,15.597817563,0.233890162402,267.813755613
R07,103424,2.3452154195,403,109.429280397,0.930636126923,0,2.06555104689,1.91323736842,120.047899602,0,267.813755613
R07,103424,2.3452154195,536,82.276119403,0.0128512359908,0,0.233890162402,119.314660288,1.54155046452,0,267.813755613
R07,103936,2.35682539683,134,329.104477612,0.922866003712,0,113.043868969,11.0043254326,5.8714659101,117.556480954,267.81460018
R07,103936,2.35682539683,268,164.552238806,0.00463892613572,1,117.556480954,113.043868969,16.4604883212,0.300174367814,267.81460018
R07,103936,2.35682539683,403,109.429280397,0.90382085466,0,1.51800829911,1.82599378547,114.180362404,0,267.81460018
R07,103936,2.35682539683,536,82.276119403,0.0129884991885,0,0.300174367814,117.556480954,1.51844160631,0,267.81460018
R07,104448,2.36843537415,134,329.104477612,0.877600947848,0,111.666657636,11.1714707241,5.44483895368,115.847011999,267.920385334
R07,104448,2.36843537415,268,164.552238806,0.00472251986164,1,115.847011999,111.666657636,17.3677308579,0.180894151128,267.920385334
R07,104448,2.36843537415,404,109.158415842,0.863948691084,0,1.33203442572,1.34798387171,113.944587609,0,267.920385334
R07,104448,2.36843537415,536,82.276119403,0.0134710274489,0,0.180894151128,115.847011999,1.2102736726,0,267.920385334
R07,104960,2.38004535147,134,329.104477612,0.818332966999,0,118.73765308,11.2994573287,4.3835368569,114.312767253,267.723082883
R07,104960,2.38004535147,268,164.552238806,0.00504305890053,1,114.312767253,118.73765308,18.6441213426,0.0441239673944,267.723082883
R07,104960,2.38004535147,403,109.429280397,0.805738314128,0,2.32415199259,0.456601320205,120.257138561,0,267.723082883
R07,104960,2.38004535147,536,82.276119403,0.0142820414555,0,0.0441239673944,114.312767253,0.576296932396,0,267.723082883
R07,105472,2.3916553288,133,331.578947368,0.751706072584,0,125.661706615,11.2191494131,2.71640728182,112.491818829,267.453692493
R07,105472,2.3916553288,267,165.168539326,0.00498458715625,1,112.771223767,130.699488049,19.3089543256,0.0112935553641,267.453692493
R07,105472,2.3916553288,401,109.975062344,0.733504680564,0,2.53667255787,0.223724794615,131.9082783,0,267.453692493
R07,105472,2.3916553288,535,82.4299065421,0.0143018838826,0,0.0144021338447,112.734025146,0.554604328263,0,267.453692493
R07,105984,2.40326530612,132,334.090909091,0.69022370911,0,132.741927428,8.97749504638,1.86164295059,108.180491739,267.160035545
R07,105984,2.40326530612,267,165.168539326,0.00477440531041,1,110.427148176,149.761669175,21.1753489131,0.171696027638,267.160035545
R07,105984,2.40326530612,400,110.25,0.670261973297,0,2.3061269352,0.52964379816,148.875628806,0,267.160035545
R07,105984,2.40326530612,534,82.5842696629,0.0142592569025,0,0.171696027638,110.427148176,0.89398909312,0,267.160035545
R07,106496,2.41487528345,132,334.090909091,0.641519874071,0,153.102175185,10.3449056082,1.73420825884,105.340823634,266.971544139
R07,106496,2.41487528345,267,165.168539326,0.00411840464833,1,107.353708485,165.126293668,22.5287722879,0.267356543807,266.971544139
R07,106496,2.41487528345,400,110.25,0.616266211379,0,2.25238722442,0.73409096501,164.90318204,0,266.971544139
R07,106496,2.41487528345,534,82.5842696629,0.0122735122782,0,0.267356543807,107.353708485,0.545420544412,0,266.971544139
R07,107008,2.42648526077,132,334.090909091,0.593594173696,0,165.04926164,11.9177711639,1.59459405583,102.573578986,266.873095947
R07,107008,2.42648526077,267,165.168539326,0.00361173242734,1,104.262068528,172.807761597,22.8233068255,0.242286584689,266.873095947
R07,107008,2.42648526077,400,110.25,0.571148519235,0,2.02117776807,1.36220199981,173.129133908,0,266.873095947
R07,107008,2.42648526077,534,82.5842696629,0.0104016754732,0,0.242286584689,104.262068528,0.388854424734,0,266.873095947
R07,107520,2.4380952381,132,334.090909091,0.561617333069,0,166.369785194,12.8006618592,1.32832934284,100.18254069,266.727778157
R07,107520,2.4380952381,267,165.168539326,0.00302777671268,1,101.813913458,172.420639519,21.703086426,0.217986834746,266.727778157
R07,107520,2.4380952381,399,110.526315789,0.539211086737,0,1.99389369965,2.16049494402,173.183980146,0,266.727778157
R07,107520,2.4380952381,533,82.7392120075,0.00855030283104,0,0.218385474307,101.820795439,0.796704823311,0,266.727778157
R07,108032,2.44970521542,132,334.090909091,0.548416304188,0,159.645808701,12.1541611655,0.799439973668,98.6534439399,266.686642679
R07,108032,2.44970521542,267,165.168539326,0.00258536368495,1,100.45434725,166.569372065,19.26475715,0.384235208999,266.686642679
R07,108032,2.44970521542,400,110.25,0.528645707573,0,1.64585044628,2.09774834356,167.061070423,0,266.686642679
R07,108032,2.44970521542,533,82.7392120075,0.006918013367,0,0.38560877207,100.430166282,0.773340409555,0,266.686642679
R07,108544,2.46131519274,133,331.578947368,0.552920606826,0,158.818878092,14.2090047841,1.2886628627,99.9729777936,266.689458133
R07,108544,2.46131519274,267,165.168539326,0.00255230561369,1,100.120953889,159.117217605,15.909864643,0.566169234815,266.689458133
R07,108544,2.46131519274,400,110.25,0.536049084436,0,0.939270872809,1.42646425914,159.328512345,0,266.689458133
R07,108544,2.46131519274,533,82.7392120075,0.00649824709537,0,0.566917322455,100.101608853,0.53223931231,0,266.689458133
R07,109056,2.47292517007,133,331.578947368,0.584145619126,0,151.546704469,11.2843729195,0.948838168793,100.454932854,266.846079779
R07,109056,2.47292517007,267,165.168539326,0.00238063462027,1,100.482451354,152.818950772,12.4811118492,0.685061329649,266.846079779
R07,109056,2.47292517007,400,110.25,0.566419610698,0,0.443319847557,0.945324196177,152.690888306,0,266.846079779
R07,109056,2.47292517007,534,82.5842696629,0.00647688435253,0,0.685061329649,100.482451354,0.591687991927,0,266.846079779
R07,109568,2.48453514739,133,331.578947368,0.620487094197,0,146.145122706,8.87215785034,0.39539817314,101.531620214,267.08424186
R07,109568,2.48453514739,267,165.168539326,0.00210725475958,1,101.44356404,148.217845929,9.86762074579,0.849739391272,267.08424186
R07,109568,2.48453514739,401,109.975062344,0.606256740147,0,0.285946473738,0.424250439935,148.345208487,0,267.08424186
R07,109568,2.48453514739,534,82.5842696629,0.00518370215513,0,0.849739391272,101.44356404,0.961463283311,0,267.08424186
R07,110080,2.49614512472,133,331.578947368,0.645288999264,0,142.038335539,8.02457927082,0.3932378061,102.638828073,267.218364541
R07,110080,2.49614512472,267,165.168539326,0.00212685405594,1,102.550064419,144.665010402,8.70449482547,0.874104536155,267.218364541
R07,110080,2.49614512472,401,109.975062344,0.625237964716,0,0.692616295101,0.0730578097237,144.994589943,0,267.218364541
R07,110080,2.49614512472,535,82.4299065421,0.00505795839649,0,0.865800434091,102.34344703,1.39549717891,0,267.218364541
R07,110592,2.50775510204,133,331.578947368,0.654422952738,0,138.731876088,8.22932748474,1.00473308198,103.37012958,267.250631439
R07,110592,2.50775510204,267,165.168539326,0.00200853504275,1,103.333299316,141.654530474,9.13363656289,0.627055704592,267.250631439
R07,110592,2.50775510204,402,109.701492537,0.637385180334,0,1.61383054813,0.455287552491,142.160952887,0,267.250631439
R07,110592,2.50775510204,535,82.4299065421,0.00456950935201,0,0.623225755143,103.151908662,1.61856313677,0,267.250631439
R07,111104,2.51936507937,133,331.578947368,0.648221912996,0,136.830103031,9.26354234848,1.08677370389,103.254975672,267.333525576
R07,111104,2.51936507937,267,165.168539326,0.00199127167661,1,103.2530132,139.737013152,10.3704662907,0.273018746005,267.333525576
R07,111104,2.51936507937,401,109.975062344,0.633828574406,0,1.9863684037,0.732909794469,140.167728901,0,267.333525576
R07,111104,2.51936507937,535,82.4299065421,0.00429229145407,0,0.272229967369,103.090192694,1.45669784614,0,267.333525576
R07,111616,2.53097505669,132,334.090909091,0.634246124834,0,124.951328771,6.1070610744,1.48165944354,100.656304244,267.369652226
R07,111616,2.53097505669,267,165.168539326,0.00186049911458,1,102.070703501,140.09098759,11.3053509239,0.148927158093,267.369652226
R07,111616,2.53097505669,401,109.975062344,0.615711766462,0,1.87898064547,0.650824220423,140.440794233,0,267.369652226
R07,111616,2.53097505669,535,82.4299065421,0.00399149974812,0,0.152721049173,101.930309041,0.861903332017,0,267.369652226
R07,112128,2.54258503401,132,334.090909091,0.620459913888,0,128.599345698,8.39080142518,1.60598769822,98.3382336119,267.403429632
R07,112128,2.54258503401,267,165.168539326,0.00182831626953,1,99.9346729726,143.068635292,11.3296518225,0.344571065284,267.403429632
R07,112128,2.54258503401,401,109.975062344,0.600319648978,0,1.39681470558,0.301038358134,143.324628153,0,267.403429632
R07,112128,2.54258503401,535,82.4299065421,0.00365583285658,0,0.340621871289,99.8275826934,0.262441740905,0,267.403429632
R07,112640,2.55419501134,133,331.578947368,0.599865985687,0,145.313648484,14.3100499278,1.84605294378,97.2142071175,267.459084146
R07,112640,2.55419501134,267,165.168539326,0.00195480703329,1,97.3851362399,147.675000115,10.5863673455,0.29226009783,267.459084146
R07,112640,2.55419501134,401,109.975062344,0.577125466084,0,0.632280151118,0.388016713373,147.906934165,0,267.459084146
R07,112640,2.55419501134,535,82.4299065421,0.00409118872773,0,0.289367696805,97.3139548169,0.257671276627,0,267.459084146
R07,113152,2.56580498866,132,334.090909091,0.565628138754,0,136.865702533,8.79273859257,1.38997820349,93.1688042628,267.444384429
R07,113152,2.56580498866,267,165.168539326,0.00188244471864,1,94.8791801322,152.056733721,9.85826017702,0.0529294053993,267.444384429
R07,113152,2.56580498866,401,109.975062344,0.545409780073,0,0.813118055129,0.893190095881,152.392361828,0,267.444384429
R07,113152,2.56580498866,535,82.4299065421,0.00414907244573,0,0.0619602990834,94.8041422916,0.327588863991,0,267.444384429
R07,113664,2.57741496599,133,331.578947368,0.530064029172,0,151.544726228,12.5687031105,1.27911514214,92.3162578719,267.430177164
R07,113664,2.57741496599,267,165.168539326,0.00197713017631,1,92.3651056632,154.706733871,9.904697904,0.255526432409,267.430177164
R07,113664,2.57741496599,401,109.975062344,0.511509089735,0,0.584494031595,0.869607122227,155.194366888,0,267.430177164
R07,113664,2.57741496599,535,82.4299065421,0.00421279311006,0,0.256595496635,92.2432674777,0.369900761202,0,267.430177164
R07,114176,2.58902494331,133,331.578947368,0.499951954402,0,151.749805616,10.7882931617,0.454356616735,89.7470846247,267.505414645
R07,114176,2.58902494331,268,164.552238806,0.00200464723354,1,89.1839834872,156.107923987,11.0684816117,0.340251005307,267.505414645
R07,114176,2.58902494331,402,109.701492537,0.482045905365,0,0.571496463534,0.589267422621,156.107923987,0,267.505414645
R07,114176,2.58902494331,535,82.4299065421,0.00399867053544,0,0.338461830079,89.4636021343,0.370351877712,0,267.505414645
R07,114688,2.60063492063,133,331.578947368,0.48415383579,0,150.676309087,8.36918980664,0.260236377084,87.0843174903,267.381526142
R07,114688,2.60063492063,267,165.168539326,0.00207674014163,1,86.8884468428,154.206283053,12.6274682101,0.299268682997,267.381526142
R07,114688,2.60063492063,402,109.701492537,0.468430936335,0,0.701828617098,0.0732831839936,155.138250924,0,267.381526142
R07,114688,2.60063492063,535,82.4299065421,0.00446284774802,0,0.299230004822,86.6517596119,0.405599771242,0,267.381526142
R07,115200,2.61224489796,133,331.578947368,0.486534019685,0,149.08474185,5.75193483742,0.670620093158,84.7528896107,267.208270851
R07,115200,2.61224489796,267,165.168539326,0.00219232195115,1,84.5100445423,152.327960347,14.539756067,0.0985334452999,267.208270851
R07,115200,2.61224489796,401,109.975062344,0.470677035025,0,0.526678327123,0.596237674187,152.840855091,0,267.208270851
R07,115200,2.61224489796,535,82.4299065421,0.00561838541822,0,0.100685085416,84.2509904022,0.590314824331,0,267.208270851
R07,115712,2.62385487528,133,331.578947368,0.492333829133,0,147.381537538,4.83111287696,0.828553777172,83.5185709254,267.122353514
R07,115712,2.62385487528,267,165.168539326,0.00240755101811,1,83.2825746447,149.950616941,16.319107925,0.0807769183094,267.122353514
R07,115712,2.62385487528,401,109.975062344,0.477068347322,0,0.789713502221,1.04211904243,150.244154921,0,267.122353514
R07,115712,2.62385487528,534,82.5842696629,0.00630465151875,0,0.0807769183094,83.2825746447,0.905657989806,0,267.122353514
R07,116224,2.63546485261,133,331.578947368,0.503717573762,0,145.359827463,6.39085675975,0.821308888412,83.4604029887,266.937279086
R07,116224,2.63546485261,267,165.168539326,0.00253215199516,1,83.26930995,146.992594398,17.649467553,0.184194943808,266.937279086
R07,116224,2.63546485261,400,110.25,0.487422730391,0,0.554915354013,1.14550422916,146.725872938,0,266.937279086
R07,116224,2.63546485261,534,82.5842696629,0.0063325949581,0,0.184194943808,83.26930995,0.98522157462,0,266.937279086
R07,116736,2.64707482993,133,331.578947368,0.520191351284,0,142.311452204,8.4085722373,0.703187831391,83.8651097011,266.705635203
R07,116736,2.64707482993,267,165.168539326,0.00290007712554,1,83.7880218685,142.92989494,18.2076002962,0.143829213765,266.705635203
R07,116736,2.64707482993,400,110.25,0.503231938117,0,0.413847248255,0.831551118331,142.992218539,0,266.705635203
R07,116736,2.64707482993,534,82.5842696629,0.00763845644906,0,0.143829213765,83.7880218685,0.77085901807,0,266.705635203
R07,117248,2.65868480726,132,334.090909091,0.545324136353,0,131.302841676,6.44405689853,1.10124729912,82.8861555627,266.532087875
R07,117248,2.65868480726,267,165.168539326,0.0034741999806,1,84.1217460093,137.37736782,17.7148567272,0.0134821313814,266.532087875
R07,117248,2.65868480726,399,110.526315789,0.527393638154,0,1.00519006619,0.710872246975,137.651736838,0,266.532087875
R07,117248,2.65868480726,533,82.7392120075,0.00779872699688,0,0.0132978553314,84.1405972225,0.47294553023,0,266.532087875
R07,117760,2.67029478458,132,334.090909091,0.574767320489,0,126.787220256,7.60234939747,1.34077370641,82.6252826328,266.127715236
R07,117760,2.67029478458,266,165.789473684,0.00376761107869,1,84.0161245422,131.261183704,15.3328534751,0.131278815329,266.127715236
R07,117760,2.67029478458,398,110.804020101,0.557765096333,0,1.1871861684,0.52910799462,130.752964347,0,266.127715236
R07,117760,2.67029478458,532,82.8947368421,0.00945284431016,0,0.131278815329,84.0161245422,0.0300329795163,0,266.127715236
R07,118272,2.6819047619,132,334.090909091,0.61045284267,0,121.051509632,8.07658575498,1.52409746506,82.3637566107,265.78250758
R07,118272,2.6819047619,266,165.789473684,0.00464021869089,1,83.8226438373,123.083491507,13.146213351,0.120092952292,265.78250758
R07,118272,2.6819047619,398,110.804020101,0.594801777395,0,0.741307830778,0.207912434773,123.346622023,0,265.78250758
R07,118272,2.6819047619,531,83.0508474576,0.0135229976101,0,0.123338094941,83.5958793569,0.525134238538,0,265.78250758
R07,118784,2.69351473923,132,334.090909091,0.644230545645,0,114.798298701,8.1463595691,1.74539800483,82.0223436727,265.397986492
R07,118784,2.69351473923,265,166.41509434,0.00706531538493,1,82.94868532,115.073996797,9.7052659697,0.133855017894,265.397986492
R07,118784,2.69351473923,397,111.083123426,0.632246236868,0,0.0902906419378,0.321607827892,115.207899664,0,265.397986492
R07,118784,2.69351473923,531,83.0508474576,0.0203500246838,0,0.126499122053,83.2763567078,0.664998844561,0,265.397986492
R07,119296,2.70512471655,132,334.090909091,0.6483965603,0,109.203688602,8.90457361721,2.06722970481,81.522915919,265.145869059
R07,119296,2.70512471655,265,166.41509434,0.00779626063303,1,82.5003851605,107.290094003,7.7033150476,0.421721050252,265.145869059
R07,119296,2.70512471655,397,111.083123426,0.642575214294,0,0.607752530681,0.738239355439,108.144697624,0,265.145869059
R07,119296,2.70512471655,530,83.2075471698,0.0247112682546,0,0.421721050252,82.5003851605,0.19823578806,0,265.145869059
R07,119808,2.71673469388,132,334.090909091,0.621086886526,0,107.256868529,10.6066244768,2.41158481776,80.9347755017,265.024584004
R07,119808,2.71673469388,265,166.41509434,0.00756106539457,1,81.9867269681,103.434370812,5.070941912,0.634493082828,265.024584004
R07,119808,2.71673469388,396,111.363636364,0.617358828399,0,1.08593356462,1.25628100605,107.256868529,0,265.024584004
R07,119808,2.71673469388,529,83.3648393195,0.0238883527139,0,0.640119856157,81.5058074255,0.648427126016,0,265.024584004
R07,120320,2.7283446712,132,334.090909091,0.582396475729,0,112.499760037,12.5437212487,2.59673287719,80.5497846654,264.984292491
R07,120320,2.7283446712,265,166.41509434,0.00707200603998,1,81.6049414335,108.245290305,2.4610682241,0.573258164318,264.984292491
R07,120320,2.7283446712,396,111.363636364,0.574425335771,0,1.37805445135,1.1867559782,112.499760037,0,264.984292491
R07,120320,2.7283446712,529,83.3648393195,0.0226592965207,0,0.579401141998,81.122470861,1.09741165195,0,264.984292491
R07,120832,2.73995464853,131,336.641221374,0.555109928018,0,123.751484206,8.88859737671,0.672011739054,77.3955370718,265.081386266
R07,120832,2.73995464853,265,166.41509434,0.0070193072353,1,81.3935401251,121.487047992,4.24956415188,0.418931631629,265.081386266
R07,120832,2.73995464853,396,111.363636364,0.540211771368,0,1.53441401015,0.884849046906,124.423371843,0,265.081386266
R07,120832,2.73995464853,530,83.2075471698,0.0223027645122,0,0.418931631629,81.3935401251,0.933871215679,0,265.081386266
R07,121344,2.75156462585,132,334.090909091,0.538167567415,0,137.078835729,14.9599597099,2.29913844335,80.2559468029,265.347717702
R07,121344,2.75156462585,265,166.41509434,0.00754557248418,1,81.1444053823,136.176309479,7.97072774098,0.241359767823,265.347717702
R07,121344,2.75156462585,397,111.083123426,0.525449364778,0,1.53119873402,0.460362263388,136.718871577,0,265.347717702
R07,121344,2.75156462585,530,83.2075471698,0.023354836006,0,0.241359767823,81.1444053823,0.286800755853,0,265.347717702
R07,121856,2.76317460317,132,334.090909091,0.536778764049,0,143.793274151,15.4462300444,1.87460556512,79.6407082063,265.61651059
R07,121856,2.76317460317,266,165.789473684,0.00725906591121,1,80.9145668674,143.615741361,12.1686047979,0.211565945334,265.61651059
R07,121856,2.76317460317,397,111.083123426,0.520454985179,0,1.3608197978,0.445077653165,144.727304516,0,265.61651059
R07,121856,2.76317460317,531,83.0508474576,0.0222227847544,0,0.214819844151,80.7274744267,0.940895424365,0,265.61651059
R07,122368,2.7747845805,132,334.090909091,0.547904031357,0,141.017704252,16.0540026316,1.30543220197,78.7716219786,265.865241743
R07,122368,2.7747845805,266,165.789473684,0.00665956036631,1,80.0004351781,143.720811194,14.4818978987,0.2578382647,265.865241743
R07,122368,2.7747845805,398,110.804020101,0.530423264805,0,0.874927868042,0.470397246533,143.8029893,0,265.865241743
R07,122368,2.7747845805,532,82.8947368421,0.0194836216985,0,0.2578382647,80.0004351781,1.73861555216,0,265.865241743
R07,122880,2.78639455782,132,334.090909091,0.573708449123,0,128.805954809,17.0393262565,1.08885840306,78.2433672774,266.171660923
R07,122880,2.78639455782,266,165.789473684,0.00517327864895,1,79.5250070853,133.264561491,15.3975100992,0.202498856145,266.171660923
R07,122880,2.78639455782,398,110.804020101,0.554104172159,0,0.364480040102,0.695985613844,132.679610243,0,266.171660923
R07,122880,2.78639455782,532,82.8947368421,0.0159928074588,0,0.202498856145,79.5250070853,1.92360641665,0,266.171660923
R07,123392,2.79800453515,132,334.090909091,0.630584482824,0,109.752036912,18.1206810538,1.49065482401,78.4215205915,266.436579885
R07,123392,2.79800453515,266,165.789473684,0.00608429161765,1,79.8377799798,114.874713344,14.9768171096,0.0784447291914,266.436579885
R07,123392,2.79800453515,399,110.526315789,0.615205046041,0,0.289441412408,0.735629472947,114.874713344,0,266.436579885
R07,123392,2.79800453515,533,82.7392120075,0.0180122054884,0,0.0737545961174,79.970767574,1.6036569331,0,266.436579885
R07,123904,2.80961451247,133,331.578947368,0.729146366534,0,91.8933776931,23.6047822422,3.5671323413,80.7911385438,266.732642414
R07,123904,2.80961451247,267,165.168539326,0.00744621749587,1,81.0820096804,92.5525000794,14.6395998225,0.0974766160891,266.732642414
R07,123904,2.80961451247,400,110.25,0.720391599624,0,1.06911262356,0.66537499044,92.4811725023,0,266.732642414
R07,123904,2.80961451247,534,82.5842696629,0.0231416455792,0,0.0974766160891,81.0820096804,1.19625965891,0,266.732642414
R07,124416,2.8212244898,133,331.578947368,0.876065634488,0,67.1938022776,23.3247448571,3.90043329881,82.0851521544,266.956275763
R07,124416,2.8212244898,267,165.168539326,0.00861131752926,1,82.5106652776,68.9467654288,12.2029556548,0.207678054074,266.956275763
R07,124416,2.8212244898,400,110.25,0.868243560832,0,1.54718357015,0.964931027929,68.4629615428,0,266.956275763
R07,124416,2.8212244898,534,82.5842696629,0.0286642299549,0,0.207678054074,82.5106652776,1.06832097473,0,266.956275763
R07,124928,2.83283446712,133,331.578947368,1.04284220387,0,44.5500581436,22.977479725,3.99782945072,83.5278175643,266.861013407
R07,124928,2.83283446712,267,165.168539326,0.00952754189282,1,84.069307566,48.1472194162,9.55488372149,0.397622575988,266.861013407
R07,124928,2.83283446712,400,110.25,1.03152379768,0,1.78733374607,0.912349322613,47.0212984298,0,266.861013407
R07,124928,2.83283446712,534,82.5842696629,0.0316021944594,0,0.397622575988,84.069307566,1.03251625032,0,266.861013407
R07,125440,2.84444444444,134,329.104477612,1.18118787794,0,42.361529179,20.0940237221,5.28009181094,85.8032176142,266.819798194
R07,125440,2.84444444444,267,165.168539326,0.0101721902684,1,85.5841361031,38.5630434054,7.58604584263,0.471583190602,266.819798194
R07,125440,2.84444444444,400,110.25,1.15877756686,0,1.45651215362,0.964686349971,37.101920157,0,266.819798194
R07,125440,2.84444444444,534,82.5842696629,0.0323980681406,0,0.471583190602,85.5841361031,0.730364189201,0,266.819798194
R07,125952,2.85605442177,135,326.666666667,1.27531748807,0,48.0446508096,14.0346077768,3.92949940728,86.3033012565,266.772411669
R07,125952,2.85605442177,267,165.168539326,0.011245564193,1,86.8141019482,44.2123937824,7.04267456096,0.248502609174,266.772411669
R07,125952,2.85605442177,400,110.25,1.24639798754,0,1.08545719368,0.726014263893,43.3701625934,0,266.772411669
R07,125952,2.85605442177,534,82.5842696629,0.0339568937388,0,0.248502609174,86.8141019482,0.81982919959,0,266.772411669
R07,126464,2.86766439909,135,326.666666667,1.31582701191,0,51.3763008645,16.0604396928,3.90621693395,86.1818992989,266.745909915
R07,126464,2.86766439909,267,165.168539326,0.0117974020468,1,86.7759596982,53.3488802201,7.56681169735,0.0940528123784,266.745909915
R07,126464,2.86766439909,400,110.25,1.28418745738,0,1.02327093987,0.349382543806,53.1820757369,0,266.745909915
R07,126464,2.86766439909,534,82.5842696629,0.0366024307223,0,0.0940528123784,86.7759596982,1.13902635348,0,266.745909915
R07,126976,2.87927437642,135,326.666666667,1.31293103241,0,51.84539531,18.2361898953,3.80206456577,83.6990893605,266.59233122
R07,126976,2.87927437642,267,165.168539326,0.0119678820503,1,84.2950037474,56.7497043437,7.92153236486,0.31254769218,266.59233122
R07,126976,2.87927437642,400,110.25,1.28614342314,0,0.894892871209,0.596156167483,56.9202228004,0,266.59233122
R07,126976,2.87927437642,533,82.7392120075,0.0362515925122,0,0.312884295751,84.1060514158,0.988034847767,0,266.59233122
R07,127488,2.89088435374,135,326.666666667,1.28558645768,0,47.4457068878,19.8733762551,3.62017162162,78.1512674452,266.513593344
R07,127488,2.89088435374,267,165.168539326,0.0125140661468,1,78.8227126272,52.148756182,7.30214279231,0.271338800527,266.513593344
R07,127488,2.89088435374,400,110.25,1.26554627677,0,0.687403475522,0.230734946902,52.3508363603,0,266.513593344
R07,127488,2.89088435374,533,82.7392120075,0.0350357564307,0,0.276379549462,78.6679863041,0.568753809631,0,266.513593344
R07,128000,2.90249433107,135,326.666666667,1.23685196447,0,38.4776771025,20.8946620762,3.25849616499,69.7301977286,266.436276968
R07,128000,2.90249433107,266,165.789473684,0.0134885281901,1,70.3612954574,40.7740420399,5.12766987659,0.348037654879,266.436276968
R07,128000,2.90249433107,400,110.25,1.2231338169,0,0.420659717233,0.532544774302,40.8383477728,0,266.436276968
R07,128000,2.90249433107,533,82.7392120075,0.0392587660428,0,0.340812171629,70.5225315436,0.375694473753,0,266.436276968
R07,128512,2.91410430839,68,648.529411765,1.84635432398,0,13.4511080796,0.995250492862,0.469343605453,27.0117244258,266.526656439
R07,128512,2.91410430839,134,329.104477612,1.16961588763,0,26.0498055389,25.8187139803,3.69269454159,60.4351748882,266.526656439
R07,128512,2.91410430839,267,165.168539326,0.016977277693,1,60.610675525,25.1770308412,3.52737977006,0.527542250766,266.526656439
R07,128512,2.91410430839,400,110.25,1.14874052708,0,0.330549780073,1.22436990313,24.874305642,0,266.526656439
R07,128512,2.91410430839,533,82.7392120075,0.0502735357928,0,0.527506074968,60.6092331385,0.447483190657,0,266.526656439
R07,129024,2.92571428571,68,648.529411765,1.79319165674,0,14.1687930096,0.962696486629,0.646949080113,22.0874439937,266.815332223
R07,129024,2.92571428571,134,329.104477612,1.08388574172,0,13.6358491979,24.8371246819,3.14128143502,49.5382972158,266.815332223
R07,129024,2.92571428571,267,165.168539326,0.025538976315,1,49.8291299551,10.4826745368,1.83490378151,0.796446235545,266.815332223
R07,129024,2.92571428571,401,109.975062344,1.05410704276,0,0.314370153302,1.6485213038,11.5532556105,0,266.815332223
R07,129024,2.92571428571,534,82.5842696629,0.0644152151238,0,0.796446235545,49.8291299551,0.844458477711,0,266.815332223
R07,129536,2.93732426304,67,658.208955224,1.70629911536,0,23.0895013905,6.25399741071,6.1827714969,18.0318206996,266.867214266
R07,129536,2.93732426304,134,329.104477612,1.01798871211,0,18.0318206996,23.0895013905,3.08675911068,38.90191257,266.867214266
R07,129536,2.93732426304,267,165.168539326,0.0359775501231,1,39.2204707119,16.1686426832,1.49276038722,1.35553399356,266.867214266
R07,129536,2.93732426304,401,109.975062344,0.976534553428,0,0.80914638609,1.43420499012,16.7721132943,0,266.867214266
R07,129536,2.93732426304,534,82.5842696629,0.0860252110611,0,1.35553399356,39.2204707119,1.67532462075,0,266.867214266
R07,130048,2.94893424036,67,658.208955224,1.64449404262,0,20.5329076184,6.53299776269,7.84115243437,29.5170393176,267.030018617
R07,130048,2.94893424036,134,329.104477612,0.920773281209,0,29.5170393176,20.5329076184,3.22028325457,29.0394969411,267.030018617
R07,130048,2.94893424036,267,165.168539326,0.0448014186763,1,29.4495266245,28.6925491692,1.70006203108,2.31819522729,267.030018617
R07,130048,2.94893424036,401,109.975062344,0.871128111294,0,1.92956459328,0.627299875543,28.9839712033,0,267.030018617
R07,130048,2.94893424036,534,82.5842696629,0.0984229521836,0,2.31819522729,29.4495266245,2.11656609363,0,267.030018617
R07,130560,2.96054421769,68,648.529411765,1.6420162764,0,9.99581017156,0.351848800757,0.599290223257,34.7491078972,267.123427307
R07,130560,2.96054421769,134,329.104477612,0.796778880324,0,36.7000421842,17.0697090702,3.09360297951,21.3787738467,267.123427307
R07,130560,2.96054421769,267,165.168539326,0.0559438829264,1,21.9585281325,36.2206157616,1.64685584698,3.20062388273,267.123427307
R07,130560,2.96054421769,328,134.451219512,1.25140285578,0,2.5305215075,3.86101331303,0.386154893573,0,267.123427307
R07,130560,2.96054421769,401,109.975062344,0.751612695715,0,2.30528541558,1.00516653103,36.4245274578,0,267.123427307
R07,130560,2.96054421769,534,82.5842696629,0.115069945899,0,3.20062388273,21.9585281325,1.868298246,0,267.123427307
R07,131072,2.97215419501,70,630,1.65941303301,0,0.985243235891,0.136021734231,0.0516371879189,14.4727401341,267.183344064
R07,131072,2.97215419501,133,331.578947368,0.668839059527,0,36.696147067,12.8017860273,2.39512053431,18.6502031251,267.183344064
R07,131072,2.97215419501,267,165.168539326,0.0654026113998,1,18.1362820763,37.3504537368,1.32521236345,3.20010243008,267.183344064
R07,131072,2.97215419501,329,134.042553191,1.32581226609,0,3.92274678336,3.85568338626,0.457786378642,0,267.183344064
R07,131072,2.97215419501,401,109.975062344,0.617095449355,0,1.17939909383,1.57656300963,37.4563652783,0,267.183344064
R07,131072,2.97215419501,534,82.5842696629,0.126095337782,0,3.20010243008,18.1362820763,1.48341038405,0,267.183344064
R07,131584,2.98376417234,133,331.578947368,0.547609092236,0,32.9546459122,8.86711812551,1.78632279431,18.1967749699,267.185902741
R07,131584,2.98376417234,267,165.168539326,0.0764135584931,1,17.9417513528,33.157120552,0.940452207589,2.42680939065,267.185902741
R07,131584,2.98376417234,329,134.042553191,1.41184642619,0,4.91168666714,3.1201562749,0.446282679125,0,267.185902741
R07,131584,2.98376417234,401,109.975062344,0.50944456398,0,0.737289248477,1.65463604647,33.1197914125,0,267.185902741
R07,131584,2.98376417234,534,82.5842696629,0.137845072802,0,2.42680939065,17.9417513528,1.43745418585,0,267.185902741
R07,132096,2.99537414966,133,331.578947368,0.51452313742,0,26.6063981701,5.12855750466,1.40175539696,18.2997259179,267.21133676
R07,132096,2.99537414966,267,165.168539326,0.089006863644,1,18.3312142641,26.3320949739,1.3198114656,1.10643002616,267.21133676
R07,132096,2.99537414966,401,109.975062344,0.47174294328,0,2.43887453044,1.05724150691,26.1583089106,0,267.21133676
R07,132096,2.99537414966,534,82.5842696629,0.158458854071,0,1.10643002616,18.3312142641,1.21920685352,0,267.21133676
R07,132608,3.00698412698,133,331.578947368,0.697604859686,0,20.2163827801,2.75724505863,1.27839198286,17.5914490667,267.172207283
R07,132608,3.00698412698,267,165.168539326,0.0982266855342,1,17.7254670273,19.7209551946,2.48889319204,0.149577956664,267.172207283
R07,132608,3.00698412698,400,110.25,0.61891057503,0,2.77009412823,0.643991702794,19.9209512375,0,267.172207283
R07,132608,3.00698412698,534,82.5842696629,0.198622115413,0,0.149577956664,17.7254670273,0.890131315392,0,267.172207283
R07,133120,3.01859410431,133,331.578947368,0.93198458784,0,15.3531704735,2.92127211415,1.16235798949,16.6715259647,267.048018191
R07,133120,3.01859410431,267,165.168539326,0.0917838481774,1,16.8284066325,14.949536051,3.70091513652,0.513060992341,267.048018191
R07,133120,3.01859410431,399,110.526315789,0.838826816732,0,2.37028469452,0.87311560381,15.3531704735,0,267.048018191
R07,133120,3.01859410431,534,82.5842696629,0.20887301089,0,0.513060992341,16.8284066325,0.734738824892,0,267.048018191
R07,133632,3.03020408163,133,331.578947368,1.13322742243,0,12.3941583701,4.09708828707,0.920919544846,16.4119064018,267.057715655
R07,133632,3.03020408163,178,247.752808989,1.37721962443,0,0.609875525965,4.53764286524,0.045817628426,5.62482561234,267.057715655
R07,133632,3.03020408163,267,165.168539326,0.103018256209,1,16.5915483486,12.2935093889,4.53764286524,0.632977962459,267.057715655
R07,133632,3.03020408163,399,110.526315789,0.979920366081,0,1.57761012313,1.03169098245,12.3941583701,0,267.057715655
R07,133632,3.03020408163,533,82.7392120075,0.252291508275,0,0.62898247078,16.512299483,0.654149647187,0,267.057715655
R07,134144,3.04181405896,46,958.695652174,2.1310339509,0,0.0706201164318,0.0659808986702,0,2.25519043423,267.063910146
R07,134144,3.04181405896,133,331.578947368,1.30376637605,0,11.0341368884,5.03720727503,0.885507784366,17.2091244428,267.063910146
R07,134144,3.04181405896,150,294,1.39497751503,0,1.25409387256,0.0195713264352,0.0620644469445,7.58277801246,267.063910146
R07,134144,3.04181405896,267,165.168539326,0.117578483704,1,17.387701354,11.0786300594,4.78391368372,0.474125079657,267.063910146
R07,134144,3.04181405896,355,124.225352113,1.1296641786,0,4.44525769364,0.865696731225,0.260713089593,0,267.063910146
R07,134144,3.04181405896,375,117.6,1.14054093349,0,0.725821908422,0.965445942225,1.63981340062,0,267.063910146
R07,134144,3.04181405896,534,82.5842696629,0.275117175385,0,0.474125079657,17.387701354,0.864142882621,0,267.063910146
R07,134656,3.05342403628,45,980,2.10539596518,0,1.84030959729,0.248908980408,0,4.67019216817,267.045712799
R07,134656,3.05342403628,71,621.126760563,1.90886033914,0,0.0585840498739,0.0331854811306,0.0774411645262,1.87704716711,267.045712799
R07,134656,3.05342403628,134,329.104477612,1.33108315185,0,9.88105941893,5.08732530515,1.98530756753,18.5260303064,267.045712799
R07,134656,3.05342403628,153,288.235294118,1.39468167177,0,0.963039256192,0.0883220191934,0.043800871607,5.31600587195,267.045712799
R07,134656,3.05342403628,267,165.168539326,0.112761970143,1,18.3888279345,10.2529581472,4.50582388177,0.13846784412,267.045712799
R07,134656,3.05342403628,354,124.576271186,1.15998249729,0,4.33894179773,0.884849090148,0.203476792599,0,267.045712799
R07,134656,3.05342403628,533,82.7392120075,0.271156512096,0,0.148213897188,18.2964332893,0.934102142234,0,267.045712799
R07,134656,3.05342403628,399,110.526315789,1.14438740765,0,0.619632211619,0.57327395786,10.4612906987,0,267.045712799
R07,135168,3.06503401361,46,958.695652174,2.11475699971,0,0.0921482041956,0.107374205993,0,1.95800461061,266.961745409
R07,135168,3.06503401361,70,630,1.91596694592,0,0.108762633233,0.0161680781846,0.0242173434397,2.06731277882,266.961745409
R07,135168,3.06503401361,134,329.104477612,1.33157413137,0,8.7687137817,5.08912675377,1.94068620506,18.9073757834,266.961745409
R07,135168,3.06503401361,153,288.235294118,1.37817220345,0,0.495223188055,0.0935473908926,0.0649669466317,1.10995387654,266.961745409
R07,135168,3.06503401361,267,165.168539326,0.0935772697588,1,18.8215022657,9.53194967571,3.81220762808,0.214619738846,266.961745409
R07,135168,3.06503401361,350,126,1.23192752171,0,5.44463618087,0.65397735184,0.111363265161,0,266.961745409
R07,135168,3.06503401361,533,82.7392120075,0.226243470012,0,0.212312315153,18.7516777648,0.855762899031,0,266.961745409
R07,135168,3.06503401361,399,110.526315789,1.19923648895,0,0.532033746923,0.497684748164,10.145330941,0,266.961745409
R07,135680,3.07664399093,134,329.104477612,1.35518704145,0,8.71156894073,4.57057270406,1.6699865573,18.2892318601,267.00490257
R07,135680,3.07664399093,154,286.363636364,1.3998920544,0,0.312127069372,0.125321941225,0.0944183046713,2.22428532039,267.00490257
R07,135680,3.07664399093,267,165.168539326,0.0783431268498,1,18.3221360504,9.65556055335,2.86515043086,0.340877167324,267.00490257
R07,135680,3.07664399093,380,116.052631579,1.23697580227,0,1.57551682263,0.593518159787,5.27944207013,0,267.00490257
R07,135680,3.07664399093,398,110.804020101,1.225684285,0,0.427626986123,0.706588703992,10.921498892,0,267.00490257
R07,135680,3.07664399093,534,82.5842696629,0.191915415612,0,0.340877167324,18.3221360504,0.786761410851,0,267.00490257
R07,136192,3.08825396825,134,329.104477612,1.25821098888,0,9.89559536892,3.62511298405,1.32129211425,17.5375205875,266.716248324
R07,136192,3.08825396825,267,165.168539326,0.0704654297301,1,17.5691053042,10.7888915463,1.88023933019,0.268653757529,266.716248324
R07,136192,3.08825396825,398,110.804020101,1.12865962963,0,0.351087199512,0.736131580355,12.0144667751,0,266.716248324
R07,136192,3.08825396825,533,82.7392120075,0.171001265988,0,0.277591259847,17.5558398028,0.675670134905,0,266.716248324
R07,136704,3.09986394558,133,331.578947368,1.10006388618,0,12.6785212244,2.73067782043,0.787402571018,16.8683061353,266.233438938
R07,136704,3.09986394558,266,165.789473684,0.0695694000259,1,16.8683061353,12.6785212244,0.894896866824,0.71718151061,266.233438938
R07,136704,3.09986394558,398,110.804020101,1.01764436805,0,0.616965983632,0.569172070934,13.1415422402,0,266.233438938
R07,136704,3.09986394558,532,82.8947368421,0.169351538382,0,0.71718151061,16.8683061353,0.625444944383,0,266.233438938
R07,137216,3.1114739229,133,331.578947368,0.957813193445,0,13.5096465349,1.73994154472,0.78685341187,15.9484795707,266.382274126
R07,137216,3.1114739229,266,165.789473684,0.0643007056843,1,15.9484795707,13.5096465349,0.436972477886,1.06040660112,266.382274126
R07,137216,3.1114739229,398,110.804020101,0.884919770149,0,0.919984568264,0.572902410542,14.1053017215,0,266.382274126
R07,137216,3.1114739229,532,82.8947368421,0.156420665522,0,1.06040660112,15.9484795707,0.541677999942,0,266.382274126
R07,137728,3.12308390023,133,331.578947368,0.7573357428,0,15.2132536566,1.04498778386,1.05955454674,14.6360296914,266.494938759
R07,137728,3.12308390023,266,165.789473684,0.0544380592926,1,14.6360296914,15.2132536566,0.475505163622,1.18380694234,266.494938759
R07,137728,3.12308390023,399,110.526315789,0.700201603013,0,0.89781849908,0.530314897085,15.2132536566,0,266.494938759
R07,137728,3.12308390023,532,82.8947368421,0.129715067679,0,1.18380694234,14.6360296914,0.395001610956,0,266.494938759
R07,138240,3.13469387755,133,331.578947368,0.615158252916,0,18.4452556523,0.666209166189,1.2662147335,13.0657958943,266.67435435
R07,138240,3.13469387755,267,165.168539326,0.0442800180948,1,13.1884124065,17.5669293602,0.645595215451,0.901586408695,266.67435435
R07,138240,3.13469387755,399,110.526315789,0.596116991545,0,0.508883512378,0.512064864521,18.4452556523,0,266.67435435
R07,138240,3.13469387755,533,82.7392120075,0.10598423578,0,0.901753821189,13.134131756,0.203997319818,0,266.67435435
R07,138752,3.14630385488,132,334.090909091,0.51247071311,0,21.7892670939,0.125316394855,0.482591386676,11.1679120397,266.867403572
R07,138752,3.14630385488,267,165.168539326,0.0358193104437,1,11.5561200114,21.7775711879,0.568754793378,0.463322068036,266.867403572
R07,138752,3.14630385488,399,110.526315789,0.463629894316,0,0.300312753712,0.612188402933,22.1190300019,0,266.867403572
R07,138752,3.14630385488,534,82.5842696629,0.0820516795694,0,0.463322068036,11.5561200114,0.0854074053543,0,266.867403572
R07,139264,3.1579138322,133,331.578947368,0.367108731976,0,24.87819849,0.745734644294,1.216563229,10.3960735396,266.770866413
R07,139264,3.1579138322,267,165.168539326,0.028518895006,1,10.473465,25.0739636811,0.371342777522,0.164153035961,266.770866413
R07,139264,3.1579138322,400,110.25,0.353873949586,0,0.407436261187,0.635812787445,25.0510357284,0,266.770866413
R07,139264,3.1579138322,534,82.5842696629,0.0670688209942,0,0.164153035961,10.473465,0.0595565543071,0,266.770866413
R07,139776,3.16952380952,133,331.578947368,0.322942207016,0,26.2227148114,1.21403759882,1.0346558027,9.86437292302,267.063736964
R07,139776,3.16952380952,267,165.168539326,0.0265294075485,1,9.9345733417,26.7456542902,0.251859521244,0.25738669441,267.063736964
R07,139776,3.16952380952,400,110.25,0.31184690213,0,0.515459607473,0.592671889502,26.6173036452,0,267.063736964
R07,139776,3.16952380952,534,82.5842696629,0.0571251480327,0,0.25738669441,9.9345733417,0.0806599004618,0,267.063736964
R07,140288,3.18113378685,133,331.578947368,0.297503863618,0,26.3132864357,1.67871967083,0.82626465534,9.64073326993,267.48071133
R07,140288,3.18113378685,267,165.168539326,0.023547402281,1,9.72311262916,26.9440993983,0.477412005154,0.307363264856,267.48071133
R07,140288,3.18113378685,401,109.975062344,0.272735331029,0,0.516822592601,0.450977529069,27.0604672134,0,267.48071133
R07,140288,3.18113378685,535,82.4299065421,0.047488632516,0,0.307081089576,9.74880856927,0.133529193672,0,267.48071133
R07,140800,3.19274376417,133,331.578947368,0.273924582887,0,25.4374417027,2.05002606899,0.676527778999,9.73075698127,267.579843098
R07,140800,3.19274376417,268,164.552238806,0.0216121816732,1,9.86779992066,26.3408918478,0.773879386103,0.2832097973,267.579843098
R07,140800,3.19274376417,401,109.975062344,0.265374054561,0,0.523676758873,0.333224695982,26.2285135189,0,267.579843098
R07,140800,3.19274376417,536,82.276119403,0.0410892588896,0,0.2832097973,9.86779992066,0.121609160344,0,267.579843098
R07,141312,3.2043537415,133,331.578947368,0.283510830328,0,24.0481095392,2.2482118579,0.625218091014,9.92124766175,267.579390268
R07,141312,3.2043537415,268,164.552238806,0.017798007165,1,10.0345877586,25.0340399879,1.01143006629,0.151212883308,267.579390268
R07,141312,3.2043537415,401,109.975062344,0.280022888793,0,0.667857623319,0.327294981724,24.8936422777,0,267.579390268
R07,141312,3.2043537415,536,82.276119403,0.0349095356068,0,0.151212883308,10.0345877586,0.0459277903858,0,267.579390268
R07,141824,3.21596371882,133,331.578947368,0.304002309542,0,22.8266169652,2.23355303846,0.594404176899,10.1159000143,267.566966304
R07,141824,3.21596371882,268,164.552238806,0.0168943113168,1,10.2106041131,23.8386183791,1.11270649222,0.192462358392,267.566966304
R07,141824,3.21596371882,402,109.701492537,0.302670386404,0,0.669140014785,0.361490428144,23.8386183791,0,267.566966304
R07,141824,3.21596371882,535,82.4299065421,0.0325105161553,0,0.189185943806,10.2037315824,0.0354654835129,0,267.566966304
R07,142336,3.22757369615,134,329.104477612,0.342701221921,0,23.0250174515,2.68011918113,0.415392158608,10.4995695585,267.615144288
R07,142336,3.22757369615,268,164.552238806,0.0170877066838,1,10.4995695585,23.0250174515,1.05034601712,0.172813650356,267.615144288
R07,142336,3.22757369615,402,109.701492537,0.338439888293,0,0.384707342425,0.374216745211,23.0250174515,0,267.615144288
R07,142336,3.22757369615,536,82.276119403,0.0331307087314,0,0.172813650356,10.4995695585,0.0483392698901,0,267.615144288
R07,142848,3.23918367347,133,331.578947368,0.376573938524,0,21.6400450838,1.93190557197,0.408450039733,10.8786153815,267.899024881
R07,142848,3.23918367347,268,164.552238806,0.0176106423171,1,10.851263311,22.4210256278,0.85363531441,0.0783509653538,267.899024881
R07,142848,3.23918367347,402,109.701492537,0.3705809606,0,0.21268932544,0.374775893538,22.4210256278,0,267.899024881
R07,142848,3.23918367347,536,82.276119403,0.0354643846553,0,0.0783509653538,10.851263311,0.0542424466344,0,267.899024881
R07,143360,3.25079365079,133,331.578947368,0.3867739549,0,20.7041653824,1.96378652223,0.239242091267,11.1226044008,267.946501488
R07,143360,3.25079365079,268,164.552238806,0.0170860581019,1,11.0968891283,21.6813736807,0.589307911717,0.0833695992693,267.946501488
R07,143360,3.25079365079,402,109.701492537,0.390331316413,0,0.633357151674,0.33851915361,21.6813736807,0,267.946501488
R07,143360,3.25079365079,536,82.276119403,0.0315886368138,0,0.0833695992693,11.0968891283,0.107527297511,0,267.946501488
R07,143872,3.26240362812,133,331.578947368,0.408186197242,0,19.2419054124,2.1007565403,0.116543015092,10.9576727009,268.030072795
R07,143872,3.26240362812,268,164.552238806,0.0167146436713,1,10.9589860674,20.6299667065,0.354285955844,0.127249218403,268.030072795
R07,143872,3.26240362812,402,109.701492537,0.399602525988,0,0.697585572448,0.259768315256,20.6299667065,0,268.030072795
R07,143872,3.26240362812,536,82.276119403,0.0284507134018,0,0.127249218403,10.9589860674,0.177025243503,0,268.030072795
R07,144384,3.27401360544,133,331.578947368,0.41222546972,0,17.7496367693,2.21957635155,0.174533988172,10.4243359283,268.078719821
R07,144384,3.27401360544,268,164.552238806,0.0137276023324,1,10.4784313277,19.4072684105,0.200518815265,0.09249053056,268.078719821
R07,144384,3.27401360544,402,109.701492537,0.401419690664,0,0.510117288519,0.185160749079,19.4072684105,0,268.078719821
R07,144384,3.27401360544,537,82.1229050279,0.0258631876818,0,0.0875842218242,10.4662124436,0.240786258148,0,268.078719821
R07,144896,3.28562358277,133,331.578947368,0.403833725348,0,16.7469546131,2.25929527191,0.23346621913,9.67849224806,268.405113298
R07,144896,3.28562358277,268,164.552238806,0.015230979699,1,9.78888351374,18.3414480801,0.106221775465,0.221414713283,268.405113298
R07,144896,3.28562358277,402,109.701492537,0.399456348219,0,0.250906528366,0.164257944195,18.3414480801,0,268.405113298
R07,144896,3.28562358277,537,82.1229050279,0.0263802475089,0,0.222427747626,9.79045050659,0.206189075199,0,268.405113298
R07,145408,3.29723356009,133,331.578947368,0.408962951955,0,16.2692200591,2.14404683342,0.265159361787,8.97351288445,268.621865008
R07,145408,3.29723356009,269,163.940520446,0.017314357267,1,9.08982850766,17.9381380475,0.0804946100695,0.376616700082,268.621865008
R07,145408,3.29723356009,403,109.429280397,0.400425171985,0,0.1659657548,0.177745092797,17.8853407701,0,268.621865008
R07,145408,3.29723356009,538,81.970260223,0.0268767050842,0,0.376616700082,9.08982850766,0.168806121414,0,268.621865008
R07,145920,3.30884353741,134,329.104477612,0.378874665714,0,17.4582002808,2.13776617019,0.335337216007,8.65433165084,268.376240896
R07,145920,3.30884353741,268,164.552238806,0.019851690972,1,8.65433165084,17.4582002808,0.20002623257,0.49349815394,268.376240896
R07,145920,3.30884353741,403,109.429280397,0.378362862961,0,0.181788592759,0.305045189305,17.6204243692,0,268.376240896
R07,145920,3.30884353741,537,82.1229050279,0.0323759161336,0,0.499234806731,8.64824185052,0.149592376214,0,268.376240896
R07,146432,3.32045351474,134,329.104477612,0.339048752339,0,17.792886478,1.76049956988,0.387153252024,8.43425799856,267.906488453
R07,146432,3.32045351474,268,164.552238806,0.0205021665412,1,8.43425799856,17.792886478,0.338869417822,0.527510026684,267.906488453
R07,146432,3.32045351474,402,109.701492537,0.340690823169,0,0.0775810765474,0.389517171708,17.792886478,0,267.906488453
R07,146432,3.32045351474,536,82.276119403,0.0323314392667,0,0.527510026684,8.43425799856,0.195530603963,0,267.906488453
R07,146944,3.33206349206,133,331.578947368,0.308695371612,0,17.7257262195,0.981655198409,0.356045557432,8.29683998244,267.689798869
R07,146944,3.33206349206,268,164.552238806,0.020835109293,1,8.25894128535,18.6473214396,0.494471754277,0.438873852708,267.689798869
R07,146944,3.33206349206,402,109.701492537,0.318987629253,0,0.101503276285,0.391793567571,18.6473214396,0,267.689798869
R07,146944,3.33206349206,535,82.4299065421,0.0340518782353,0,0.441761420835,8.28128856575,0.34224778741,0,267.689798869
R07,147456,3.34367346939,133,331.578947368,0.269321252135,0,19.1845650926,1.05602383806,0.37344598896,8.07814506204,267.521538308
R07,147456,3.34367346939,268,164.552238806,0.0205051589304,1,8.02168791281,19.7675904781,0.619475570614,0.268143925765,267.521538308
R07,147456,3.34367346939,401,109.975062344,0.273316088041,0,0.209459233467,0.3677176408,19.7179355572,0,267.521538308
R07,147456,3.34367346939,535,82.4299065421,0.0342124095103,0,0.273466536876,8.04802657223,0.399447984083,0,267.521538308
R07,147968,3.35528344671,133,331.578947368,0.248460084325,0,20.4197500852,1.34787114319,0.357533967617,7.59708639322,267.256986908
R07,147968,3.35528344671,267,165.168539326,0.018914377115,1,7.59771453646,20.7303039565,0.659077438699,0.277174156188,267.256986908
R07,147968,3.35528344671,401,109.975062344,0.251272771578,0,0.310120657115,0.447353826903,20.759193046,0,267.256986908
R07,147968,3.35528344671,535,82.4299065421,0.0363768539128,0,0.27581859536,7.58681127062,0.341333610791,0,267.256986908
R07,148480,3.36689342404,133,331.578947368,0.239631725354,0,20.8586414254,1.58601732116,0.289140920905,6.91852821524,267.090363242
R07,148480,3.36689342404,267,165.168539326,0.0209750671593,1,6.9401100481,21.0486116659,0.614038135317,0.278122127176,267.090363242
R07,148480,3.36689342404,400,110.25,0.241197185681,0,0.486374882538,0.471654428062,21.0218126457,0,267.090363242
R07,148480,3.36689342404,534,82.5842696629,0.0380398051341,0,0.278122127176,6.9401100481,0.250951059568,0,267.090363242
R07,148992,3.37850340136,133,331.578947368,0.22876388065,0,20.1650149046,1.67886430586,0.171937074939,6.20989645191,266.812355988
R07,148992,3.37850340136,267,165.168539326,0.0206738575859,1,6.26087827192,20.2356584475,0.523337598833,0.235271014988,266.812355988
R07,148992,3.37850340136,400,110.25,0.226966802576,0,0.614781122962,0.350114744501,20.2458683096,0,266.812355988
R07,148992,3.37850340136,534,82.5842696629,0.0393571611264,0,0.235271014988,6.26087827192,0.244287659879,0,266.812355988
R07,149504,3.39011337868,133,331.578947368,0.216920635734,0,18.2308996965,1.58892376979,0.0912317694188,5.57389558801,266.714874073
R07,149504,3.39011337868,267,165.168539326,0.0211741233098,1,5.64579690271,18.1913735864,0.468944134254,0.111191958909,266.714874073
R07,149504,3.39011337868,400,110.25,0.221565897866,0,0.587929406606,0.187650050039,18.2344420696,0,266.714874073
R07,149504,3.39011337868,533,82.7392120075,0.0389904210463,0,0.114656419575,5.61303627702,0.329276156715,0,266.714874073
R07,150016,3.40172335601,133,331.578947368,0.226385622778,0,15.3652528646,1.30967813941,0.190994395636,5.1098446858,266.713614792
R07,150016,3.40172335601,267,165.168539326,0.0217347450337,1,5.17440054082,15.2850333193,0.499742305855,0.212657349316,266.713614792
R07,150016,3.40172335601,400,110.25,0.218859924606,0,0.372872280557,0.326526998572,15.3375798451,0,266.713614792
R07,150016,3.40172335601,533,82.7392120075,0.0423522526875,0,0.216262397666,5.14487418804,0.430377562088,0,266.713614792
R07,150528,3.41333333333,133,331.578947368,0.207911134369,0,12.1769187545,0.921786780055,0.293924392285,4.79499938453,266.960825421
R07,150528,3.41333333333,267,165.168539326,0.0265300881505,1,4.83975409023,12.1808868138,0.551687829818,0.343375652266,266.960825421
R07,150528,3.41333333333,400,110.25,0.215685807547,0,0.130705269149,0.42336820257,12.2011925105,0,266.960825421
R07,150528,3.41333333333,534,82.5842696629,0.0509220183191,0,0.343375652266,4.83975409023,0.51270887581,0,266.960825421
R07,151040,3.42494331066,133,331.578947368,0.239070851117,0,9.27773031379,0.572113694546,0.342486840823,4.41937342621,266.620547141
R07,151040,3.42494331066,267,165.168539326,0.0314004808581,1,4.44143397291,9.48074156625,0.537855499157,0.402347879337,266.620547141
R07,151040,3.42494331066,400,110.25,0.254709041192,0,0.262783867307,0.430268129575,9.43085397326,0,266.620547141
R07,151040,3.42494331066,533,82.7392120075,0.0587544785556,0,0.400190698987,4.43266063348,0.518433906875,0,266.620547141
R07,151552,3.43655328798,133,331.578947368,0.28955978237,0,7.14558679748,0.451290846458,0.346585558873,3.93645728725,266.946478022
R07,151552,3.43655328798,267,165.168539326,0.038703378845,1,3.93700509516,7.56184627088,0.45174837102,0.311965939147,266.946478022
R07,151552,3.43655328798,401,109.975062344,0.304651452447,0,0.407379238621,0.43877459491,7.66905291201,0,266.946478022
R07,151552,3.43655328798,534,82.5842696629,0.0664634038919,0,0.311965939147,3.93700509516,0.614682720795,0,266.946478022
R07,152064,3.44816326531,134,329.104477612,0.306203565918,0,7.242284565,0.686250857662,0.302788273739,3.43794890032,267.680742185
R07,152064,3.44816326531,268,164.552238806,0.046052493121,1,3.43794890032,7.242284565,0.391279013283,0.201106568973,267.680742185
R07,152064,3.44816326531,402,109.701492537,0.313714405923,0,0.418221603882,0.449427325392,7.242284565,0,267.680742185
R07,152064,3.44816326531,536,82.276119403,0.0666076249179,0,0.201106568973,3.43794890032,0.638968673317,0,267.680742185
R07,152576,3.45977324263,133,331.578947368,0.273118100052,0,7.06362436705,0.524940613957,0.271603472303,3.08267680715,267.733878749
R07,152576,3.45977324263,268,164.552238806,0.0420827027194,1,3.09903897888,7.78213165155,0.324154893817,0.122092217529,267.733878749
R07,152576,3.45977324263,402,109.701492537,0.274066462452,0,0.333880657865,0.395137273296,7.78213165155,0,267.733878749
R07,152576,3.45977324263,536,82.276119403,0.0586170204064,0,0.122092217529,3.09903897888,0.543786178484,0,267.733878749
R07,153088,3.47138321995,134,329.104477612,0.230878051093,0,8.92649528031,0.602507517558,0.187599936373,2.89684911041,268.161797194
R07,153088,3.47138321995,268,164.552238806,0.0374602805282,1,2.89684911041,8.92649528031,0.295590316193,0.0747476434494,268.161797194
R07,153088,3.47138321995,402,109.701492537,0.23126425506,0,0.277275525723,0.217637738159,8.92649528031,0,268.161797194
R07,153088,3.47138321995,536,82.276119403,0.0519976980914,0,0.0747476434494,2.89684911041,0.363267599877,0,268.161797194
R07,153600,3.48299319728,134,329.104477612,0.194306964564,0,10.0867131212,0.545868095269,0.090693023994,2.83821307759,267.891405565
R07,153600,3.48299319728,268,164.552238806,0.0359181268721,1,2.83821307759,10.0867131212,0.287397770746,0.138470612801,267.891405565
R07,153600,3.48299319728,402,109.701492537,0.192082078965,0,0.218192237533,0.0595714499096,10.0867131212,0,267.891405565
R07,153600,3.48299319728,536,82.276119403,0.0489158268607,0,0.138470612801,2.83821307759,0.150304873803,0,267.891405565
R07,154112,3.4946031746,133,331.578947368,0.189042403811,0,10.6072669876,0.396025167313,0.0616061417608,2.84122378752,267.528944643
R07,154112,3.4946031746,268,164.552238806,0.0272460576137,1,2.90302747264,10.8345838537,0.304284133984,0.204242129726,267.528944643
R07,154112,3.4946031746,401,109.975062344,0.189121791123,0,0.186854646382,0.077394066368,10.8316010349,0,267.528944643
R07,154112,3.4946031746,535,82.4299065421,0.0407275911585,0,0.205540339643,2.8922650315,0.131039808896,0,267.528944643
R07,154624,3.50621315193,133,331.578947368,0.174138511734,0,10.8047171102,0.406447401776,0.0633035913319,2.98557857337,267.46328288
R07,154624,3.50621315193,267,165.168539326,0.0305874398117,1,3.00773024306,10.989235321,0.342051884264,0.192344476683,267.46328288
R07,154624,3.50621315193,401,109.975062344,0.175961465091,0,0.119710656667,0.157996034504,11.0130467353,0,267.46328288
R07,154624,3.50621315193,535,82.4299065421,0.0393890895941,0,0.191484373178,3.01400458628,0.300219443543,0,267.46328288
R07,155136,3.51782312925,133,331.578947368,0.178132244724,0,10.4890454881,0.384274965024,0.0542309056624,3.03900919941,267.402590397
R07,155136,3.51782312925,267,165.168539326,0.0289690040362,1,3.05828330238,10.6540541115,0.34055221772,0.119477196764,267.402590397
R07,155136,3.51782312925,401,109.975062344,0.179849616741,0,0.0867567958621,0.293135913514,10.6706902684,0,267.402590397
R07,155136,3.51782312925,535,82.4299065421,0.0385036704578,0,0.116070954007,3.06327132903,0.31841143121,0,267.402590397
R07,155648,3.52943310658,133,331.578947368,0.192523927658,0,9.88024758825,0.329829926125,0.0416557578668,3.00790446683,267.420041874
R07,155648,3.52943310658,267,165.168539326,0.0291432127148,1,3.03436738564,10.0250630194,0.304769711234,0.122147562496,267.420041874
R07,155648,3.52943310658,401,109.975062344,0.187458665591,0,0.171627466604,0.331809112666,10.0351720618,0,267.420041874
R07,155648,3.52943310658,535,82.4299065421,0.0406508533998,0,0.117959518144,3.04301319411,0.297516441444,0,267.420041874
R07,156160,3.5410430839,133,331.578947368,0.184053033094,0,9.28889108369,0.26608453814,0.0480010851078,2.98308071724,267.690518265
R07,156160,3.5410430839,268,164.552238806,0.0342115010895,1,3.048482319,9.43800796942,0.258828532697,0.160634615335,267.690518265
R07,156160,3.5410430839,401,109.975062344,0.190972572433,0,0.133835529218,0.220512293752,9.4638596308,0,267.690518265
R07,156160,3.5410430839,536,82.276119403,0.0444019182885,0,0.160634615335,3.048482319,0.42134000745,0,267.690518265
R07,156672,3.55265306122,133,331.578947368,0.193573422528,0,8.93155032755,0.188435069545,0.0741958841413,2.95422608789,267.683462399
R07,156672,3.55265306122,268,164.552238806,0.0402315936969,1,3.02247794747,9.22722361949,0.24107051616,0.0981395359916,267.683462399
R07,156672,3.55265306122,401,109.975062344,0.204609361802,0,0.103607831364,0.193362117348,9.20229000135,0,267.683462399
R07,156672,3.55265306122,536,82.276119403,0.0547230684116,0,0.0981395359916,3.02247794747,0.549427418185,0,267.683462399
R07,157184,3.56426303855,133,331.578947368,0.2027033985,0,8.86041731238,0.090065114216,0.110575981274,2.87051433043,267.487155148
R07,157184,3.56426303855,267,165.168539326,0.0451485361187,1,2.90617011564,9.15251851048,0.250824346402,0.125071812261,267.487155148
R07,157184,3.56426303855,401,109.975062344,0.210478298122,0,0.22927581481,0.420069545461,9.21516447288,0,267.487155148
R07,157184,3.56426303855,535,82.4299065421,0.0659513187816,0,0.122667496005,2.91978619868,0.548297661908,0,267.487155148
R07,157696,3.57587301587,133,331.578947368,0.18160108396,0,9.0080674434,0.164454851567,0.112916161963,2.69785658338,267.673577461
R07,157696,3.57587301587,268,164.552238806,0.0525529230242,1,2.77141596935,9.42031320258,0.339772319545,0.252149980501,267.673577461
R07,157696,3.57587301587,402,109.701492537,0.19145619071,0,0.372234527633,0.600342946761,9.42031320258,0,267.673577461
R07,157696,3.57587301587,536,82.276119403,0.0772646954055,0,0.252149980501,2.77141596935,0.43690491173,0,267.673577461
R07,158208,3.5874829932,133,331.578947368,0.17206305759,0,9.19935864351,0.294357790153,0.0751282127746,2.39567631095,267.651782263
R07,158208,3.5874829932,268,164.552238806,0.0630866923637,1,2.48380307933,9.50949862307,0.369049362273,0.234837120959,267.651782263
R07,158208,3.5874829932,401,109.975062344,0.195135193069,0,0.491854340925,0.629589197081,9.47430501023,0,267.651782263
R07,158208,3.5874829932,536,82.276119403,0.0960944829637,0,0.234837120959,2.48380307933,0.27080511607,0,267.651782263
R07,158720,3.59909297052,133,331.578947368,0.167133559118,0,9.23260223809,0.35464736641,0.0474722831234,2.02384981426,267.780068966
R07,158720,3.59909297052,268,164.552238806,0.0764069754045,1,2.11149251014,9.42396667551,0.344382549849,0.177631986439,267.780068966
R07,158720,3.59909297052,402,109.701492537,0.203668418681,0,0.582616648535,0.5206134217,9.42396667551,0,267.780068966
R07,158720,3.59909297052,536,82.276119403,0.115503301417,0,0.177631986439,2.11149251014,0.184327722242,0,267.780068966
R07,159232,3.61070294785,134,329.104477612,0.142365891969,1,9.19545110818,0.403368753186,0.113762014204,1.76587661815,133.661055173
R07,159232,3.61070294785,268,164.552238806,0.089539262014,0,1.76587661815,9.19545110818,0.319309720191,0.139401320081,133.661055173
R07,159232,3.61070294785,402,109.701492537,0.195567097317,0,0.58383449611,0.398824223841,9.19545110818,0,133.661055173
R07,159232,3.61070294785,536,82.276119403,0.133048785324,0,0.139401320081,1.76587661815,0.246406290726,0,133.661055173
R07,159744,3.62231292517,133,331.578947368,0.122209906165,1,8.65114313807,0.254239659256,0.116755307635,1.45687587377,133.32924406
R07,159744,3.62231292517,268,164.552238806,0.0920238715566,0,1.49990611692,8.89597555676,0.322692782218,0.0889024367056,133.32924406
R07,159744,3.62231292517,401,109.975062344,0.187420924982,0,0.490687256238,0.39882689422,8.87874427174,0,133.32924406
R07,159744,3.62231292517,536,82.276119403,0.146493183849,0,0.0889024367056,1.49990611692,0.370772336249,0,133.32924406
R07,160256,3.63392290249,134,329.104477612,0.121764689972,1,8.49664933894,0.270375049785,0.0939274306494,1.29826703315,133.533300601
R07,160256,3.63392290249,267,165.168539326,0.095717904235,0,1.2846681409,8.39324510276,0.322396200161,0.0491591756467,133.533300601
R07,160256,3.63392290249,401,109.975062344,0.184906951546,0,0.310561243116,0.471485325892,8.44310050278,0,133.533300601
R07,160256,3.63392290249,535,82.4299065421,0.15080189077,0,0.0517856494208,1.29226077211,0.490934370596,0,133.533300601
R07,160768,3.64553287982,134,329.104477612,0.150862876409,0,8.04675360273,0.226064613303,0.115800127301,1.24590943014,267.925037931
R07,160768,3.64553287982,268,164.552238806,0.104804284756,1,1.24590943014,8.04675360273,0.323464612782,0.0656600599177,267.925037931
R07,160768,3.64553287982,402,109.701492537,0.204344142815,0,0.195157375688,0.52146394465,8.04675360273,0,267.925037931
R07,160768,3.64553287982,537,82.1229050279,0.158848868438,0,0.0683545329781,1.249794492,0.448107775878,0,267.925037931
R07,161280,3.65714285714,134,329.104477612,0.174494098031,0,7.65780498674,0.235281060255,0.120026359682,1.46929914689,267.826750766
R07,161280,3.65714285714,268,164.552238806,0.119350498197,1,1.46929914689,7.65780498674,0.297528284105,0.0742757920922,267.826750766
R07,161280,3.65714285714,402,109.701492537,0.260543398845,0,0.186561136142,0.440708667792,7.65780498674,0,267.826750766
R07,161280,3.65714285714,537,82.1229050279,0.178509702867,0,0.0732178640413,1.47150547835,0.338688094904,0,267.826750766
R07,161792,3.66875283447,133,331.578947368,0.207198579252,0,6.92237234516,0.229663234473,0.0866801072942,1.87626344635,268.082187554
R07,161792,3.66875283447,268,164.552238806,0.122515714885,1,1.88753855677,7.32684475894,0.267204301506,0.137132804033,268.082187554
R07,161792,3.66875283447,402,109.701492537,0.281400633822,0,0.100863547455,0.27480992217,7.32684475894,0,268.082187554
R07,161792,3.66875283447,537,82.1229050279,0.181776105988,0,0.134047174358,1.88599283894,0.272595450193,0,268.082187554
R07,162304,3.68036281179,134,329.104477612,0.216368997828,0,7.00051843165,0.345594582091,0.0813634093334,2.27751205395,268.255100222
R07,162304,3.68036281179,268,164.552238806,0.117273190394,1,2.27751205395,7.00051843165,0.245671770999,0.189770362766,268.255100222
R07,162304,3.68036281179,403,109.429280397,0.28512380701,0,0.189960417682,0.18265355978,7.02614186116,0,268.255100222
R07,162304,3.68036281179,537,82.1229050279,0.174436786149,0,0.189291406603,2.27549942378,0.262057177362,0,268.255100222
R07,162816,3.69197278912,133,331.578947368,0.23008071499,0,6.31159830912,0.336562323304,0.0309430699266,2.38604332378,267.746823617
R07,162816,3.69197278912,268,164.552238806,0.121973509598,1,2.37832899735,6.65448541,0.234998323532,0.292478583503,267.746823617
R07,162816,3.69197278912,402,109.701492537,0.305686009977,0,0.405077078108,0.273649458134,6.65448541,0,267.746823617
R07,162816,3.69197278912,536,82.276119403,0.179417167841,0,0.292478583503,2.37832899735,0.279641887285,0,267.746823617
R07,163328,3.70358276644,133,331.578947368,0.245015348931,0,5.995963936,0.389339758679,0.013346415327,2.15252502813,267.85213964
R07,163328,3.70358276644,268,164.552238806,0.125008217103,1,2.13765233614,6.26305524371,0.221130082405,0.297854820706,267.85213964
R07,163328,3.70358276644,402,109.701492537,0.322844585047,0,0.529478006828,0.288655437731,6.26305524371,0,267.85213964
R07,163328,3.70358276644,536,82.276119403,0.18316661066,0,0.297854820706,2.13765233614,0.377123617247,0,267.85213964
R07,163840,3.71519274376,134,329.104477612,0.256244958725,0,5.89241057094,0.529592467741,0.00934967905745,1.71196679145,268.290741094
R07,163840,3.71519274376,268,164.552238806,0.137489936876,1,1.71196679145,5.89241057094,0.188485789898,0.234876404569,268.290741094
R07,163840,3.71519274376,403,109.429280397,0.325030856653,0,0.529994277802,0.280527476852,5.86430280079,0,268.290741094
R07,163840,3.71519274376,537,82.1229050279,0.193573005838,0,0.232076928153,1.70815573949,0.475343170479,0,268.290741094
R07,164352,3.72680272109,134,329.104477612,0.302708387859,0,5.59950964206,0.503469675067,0.0129235675473,1.28873179058,267.583116653
R07,164352,3.72680272109,268,164.552238806,0.14268663789,1,1.28873179058,5.59950964206,0.158475317544,0.132298322334,267.583116653
R07,164352,3.72680272109,402,109.701492537,0.328094387086,0,0.426589645455,0.1854923287,5.59950964206,0,267.583116653
R07,164352,3.72680272109,535,82.4299065421,0.200963527061,0,0.136447623658,1.28098744518,0.509632264855,0,267.583116653
R07,164864,3.73841269841,134,329.104477612,0.253179707094,0,5.29647441436,0.439878589279,0.0395410479576,1.1236630777,267.86096372
R07,164864,3.73841269841,268,164.552238806,0.133859518498,1,1.1236630777,5.29647441436,0.160692243506,0.125935152959,267.86096372
R07,164864,3.73841269841,402,109.701492537,0.289082777832,0,0.348193471345,0.132097198471,5.29647441436,0,267.86096372
R07,164864,3.73841269841,536,82.276119403,0.196848426144,0,0.125935152959,1.1236630777,0.462758465057,0,267.86096372
R07,166400,3.77324263039,134,329.104477612,0.254630725282,0,4.1094623169,0.347235990899,0.0458775327601,1.44340350118,268.60285102
R07,166400,3.77324263039,269,163.940520446,0.128587802795,1,1.44041814867,4.08898790653,0.212962974896,0.0757406765117,268.60285102
R07,166400,3.77324263039,402,109.701492537,0.305505873826,0,0.449464425642,0.118028809732,4.1094623169,0,268.60285102
R07,166400,3.77324263039,536,82.276119403,0.185646352983,0,0.0746864487641,1.44340350118,0.204041294331,0,268.60285102
R07,166912,3.78485260771,134,329.104477612,0.323330280401,0,3.72417985426,0.351071466067,0.0430151243101,1.47808943976,268.85946323
R07,166912,3.78485260771,269,163.940520446,0.123682035762,1,1.48803075297,3.65141089721,0.224529082831,0.0156253779673,268.85946323
R07,166912,3.78485260771,402,109.701492537,0.333418891117,0,0.299832802409,0.261438605461,3.72417985426,0,268.85946323
R07,166912,3.78485260771,537,82.1229050279,0.193235396982,0,0.0185653250622,1.4837798482,0.205741432795,0,268.85946323
R07,167424,3.79646258503,133,331.578947368,0.364593978521,0,3.58054378907,0.294917465059,0.0473204325266,1.43249555897,267.710585768
R07,167424,3.79646258503,268,164.552238806,0.133309497688,1,1.49809567665,3.54871636537,0.233659595833,0.0382599089224,267.710585768
R07,167424,3.79646258503,401,109.975062344,0.387268762079,0,0.217259650807,0.26374610626,3.58986244517,0,267.710585768
R07,167424,3.79646258503,535,82.4299065421,0.187621213655,0,0.0383022400099,1.48429688528,0.229674696477,0,267.710585768
R07,167936,3.80807256236,133,331.578947368,0.43514818316,0,3.65847340632,0.263881364375,0.0308137828189,1.51307530934,267.845514471
R07,167936,3.80807256236,268,164.552238806,0.125719459167,1,1.57517230682,3.62613919688,0.223149981171,0.0272615682194,267.845514471
R07,167936,3.80807256236,402,109.701492537,0.415763594355,0,0.265278258695,0.199337528381,3.62613919688,0,267.845514471
R07,167936,3.80807256236,536,82.276119403,0.166375932425,0,0.0272615682194,1.57517230682,0.324625458876,0,267.845514471
R07,168448,3.81968253968,133,331.578947368,0.439603820312,0,3.87629568732,0.182101447578,0.0151612573371,1.76154020693,267.369614575
R07,168448,3.81968253968,267,165.168539326,0.114035765259,1,1.77820255141,3.93095380826,0.200511420507,0.183966620948,267.369614575
R07,168448,3.81968253968,402,109.701492537,0.448119354379,0,0.315421010062,0.1187093116,3.91949551396,0,267.369614575
R07,168448,3.81968253968,535,82.4299065421,0.151951730057,0,0.185363328262,1.78364508665,0.362525369735,0,267.369614575
R07,168960,3.83129251701,133,331.578947368,0.441350685834,0,4.22106113951,0.0722105133892,0.00763911527178,2.05794161557,267.101664805
R07,168960,3.83129251701,267,165.168539326,0.121665313393,1,2.04411243718,4.30820632622,0.166526397166,0.294289872634,267.101664805
R07,168960,3.83129251701,400,110.25,0.43951400875,0,0.272693264017,0.15046903078,4.28683024018,0,267.101664805
R07,168960,3.83129251701,535,82.4299065421,0.168048900463,0,0.295956316848,2.03424790783,0.255535450276,0,267.101664805
R07,169472,3.84290249433,133,331.578947368,0.440690923459,0,4.56049703226,0.14016974386,0.0151927625267,2.26835227894,267.339847804
R07,169472,3.84290249433,267,165.168539326,0.119930095239,1,2.23916305717,4.64872408668,0.144648170242,0.309671528834,267.339847804
R07,169472,3.84290249433,402,109.701492537,0.408927849086,0,0.0940969869307,0.354857162483,4.66092642137,0,267.339847804
R07,169472,3.84290249433,535,82.4299065421,0.161991011099,0,0.312621999963,2.22164565842,0.193537596051,0,267.339847804
R07,169984,3.85451247166,133,331.578947368,0.468600584465,0,4.72792762965,0.270835403322,0.0334563818669,2.30176546561,267.421539498
R07,169984,3.85451247166,267,165.168539326,0.124739104206,1,2.27853175919,4.81459003312,0.132024318479,0.245307900766,267.421539498
R07,169984,3.85451247166,401,109.975062344,0.423698887111,0,0.251588114061,0.623578108521,4.82667643404,0,267.421539498
R07,169984,3.85451247166,535,82.4299065421,0.172241940294,0,0.247786750943,2.26418427526,0.207059212732,0,267.421539498
R07,170496,3.86612244898,134,329.104477612,0.652504735645,0,4.72797605752,0.32208397045,0.0574022691356,2.18934755481,0
R07,170496,3.86612244898,267,165.168539326,0.302152718829,0,2.18746018298,4.70904979388,0.117985834092,0.156512969579,0
R07,170496,3.86612244898,401,109.975062344,0.542385236087,0,0.339951407585,0.791502394635,4.72288838282,0,0
R07,170496,3.86612244898,535,82.4299065421,0.251449720708,0,0.152733023845,2.18944455217,0.230277206717,0,0
R07,171008,3.8777324263,133,331.578947368,1.02719533679,0,4.09106095803,0.331228888442,0.0695312304396,1.92789114854,0
R07,171008,3.8777324263,268,164.552238806,0.506587549678,0,2.04405128947,4.17364128466,0.123890163214,0.338944044563,0
R07,171008,3.8777324263,401,109.975062344,0.785104232346,0,0.189005437096,0.884490882987,4.16830597674,0,0
R07,171008,3.8777324263,533,82.7392120075,0.524567301718,0,0.350982663598,1.96077538474,0.4060490398,0,0
R07,171520,3.88934240363,133,331.578947368,1.2202666582,0,3.26817083898,0.347519858332,0.092730656801,2.14991545235,0
R07,171520,3.88934240363,271,162.730627306,0.552736931636,0,2.50796008817,3.06520394803,0.255364546284,0.509583857693,0
R07,171520,3.88934240363,398,110.804020101,0.945817487438,0,0.975741459768,0.846346117805,3.2180067334,0,0
R07,171520,3.88934240363,536,82.276119403,0.730902258208,0,0.477559426482,2.33289941696,0.603424810716,0,0
R07,172544,3.91256235828,134,329.104477612,1.42231529417,0,2.07002527261,0.400565685653,0.1430789993,3.66043224372,0
R07,172544,3.91256235828,273,161.538461538,0.6707090234,0,3.79542801637,1.62943005724,0.415376000569,0.908629092262,0
R07,172544,3.91256235828,399,110.526315789,0.98781890474,0,2.73283747617,0.521409660985,1.88176810878,0,0
R07,172544,3.91256235828,535,82.4299065421,0.898080679849,0,0.79141347969,3.63763713375,0.799513773528,0,0
R07,173056,3.9241723356,289,152.595155709,0.589008117432,0,3.50963567466,1.03159308814,0.138933592689,0,0
R07,173056,3.9241723356,543,81.2154696133,0.926873629486,0,0.733656156618,3.25482767599,0.847163647633,0,0
R07,173568,3.93578231293,288,153.125,0.606747007942,0,3.80100600289,0.769376146035,0.0721055323481,0,0
R07,174080,3.94739229025,283,155.830388693,0.642190946747,0,3.45132329393,0.28901640298,0.243331939606,0,0
R08,15872,0.359909297052,60,735,1.23102950984,0,0.0643297964148,0.00664332961114,0,0.0326658691786,0
R08,15872,0.359909297052,150,294,0.990922764985,0,0.247003215244,0.0675320546019,0.0983389905549,0.222215863116,0
R08,15872,0.359909297052,206,214.077669903,0.559834680128,0,0.260087496015,0.0647516630305,0.0527700000877,0.147215498192,0
R08,15872,0.359909297052,266,165.789473684,0.789654172921,0,0.318307174723,0.117419415062,0.0607404152571,0.113810945501,0
R08,15872,0.359909297052,305,144.590163934,0.83798359907,0,0.256675341959,0.200636146357,0.0523523411923,0,0
R08,15872,0.359909297052,355,124.225352113,0.810404338674,0,0.513501873379,0.538657665594,0.0164025535299,0,0
R08,15872,0.359909297052,398,110.804020101,0.762374473736,0,0.24507335143,0.205133613913,0.119105076097,0,0
R08,16384,0.371519274376,61,722.950819672,1.07791984209,0,0.126170989511,0.0951412690307,0,0.19641505591,0
R08,16384,0.371519274376,140,315,0.984220275453,0,0.281206800366,0.482849542162,0.220303124867,0.226840159874,0
R08,16384,0.371519274376,199,221.608040201,0.5485044061,0,0.667359271287,0.452906785845,0.467964676699,0.318417204601,0
R08,16384,0.371519274376,264,167.045454545,0.92657793189,0,0.515211730887,0.0628111665708,0.265214000569,0.0157360572878,0
R08,16384,0.371519274376,332,132.831325301,0.867683807082,0,0.430281860047,0.60731193512,0.200218484633,0,0
R08,16384,0.371519274376,393,112.213740458,0.67856041901,0,0.337141603326,0.725042183672,0.032282727735,0,0
R08,16384,0.371519274376,531,83.0508474576,0.851428385974,0,0.0313040362607,0.520761109351,0.577699352964,0,0
R08,16896,0.383129251701,79,558.227848101,1.10063295256,0,0.47723065649,0.235388157348,0.157235187819,0.570966513628,0
R08,16896,0.383129251701,119,370.588235294,0.925598101886,0,0.79081112117,0.305920057074,0.273568578016,0.876240160266,0
R08,16896,0.383129251701,200,220.5,0.70063092006,0,1.82458417043,1.0295955001,1.42774401264,0.344452131645,0
R08,16896,0.383129251701,260,169.615384615,0.86934451156,0,0.931928515295,0.350349521746,0.832561490955,0.111935610184,0
R08,16896,0.383129251701,340,129.705882353,0.840041726436,0,0.318337116446,0.934986534699,0.777165527808,0,0
R08,16896,0.383129251701,359,122.841225627,0.803832824034,0,0.0608311809843,1.52812745218,0.770146256039,0,0
R08,16896,0.383129251701,456,96.7105263158,0.703796518594,0,0.149466280073,0.964192387447,0.539457676243,0,0
R08,17408,0.394739229025,71,621.126760563,1.05382575855,0,1.40726966339,0.21924162389,0.124435171095,0.339564566173,0
R08,17408,0.394739229025,125,352.8,0.880232966654,0,0.563933222747,1.48405970628,0.383430956095,1.27497130101,0
R08,17408,0.394739229025,196,225,0.635708481351,0,2.80182327799,1.44042402988,2.95026125358,0.296187892158,0
R08,17408,0.394739229025,262,168.320610687,0.937629698563,0,1.24931723203,0.800261713209,1.69648718921,0.247782796358,0
R08,17408,0.394739229025,336,131.25,0.790066777225,0,0.403968902846,1.44314133928,1.32360500965,0,0
R08,17408,0.394739229025,388,113.659793814,0.940123924847,0,0.274248104423,2.82211981983,0.692431975248,0,0
R08,17408,0.394739229025,457,96.4989059081,0.781718045129,0,0.104896561129,1.79321843072,0.737334832918,0,0
R08,17920,0.406349206349,73,604.109589041,1.04893816322,0,0.163916092845,0.426188104159,0.269999767621,0.338165082935,0
R08,17920,0.406349206349,128,344.53125,0.850232548885,0,0.775146085662,2.65928389151,0.139837054188,1.10099974927,0
R08,17920,0.406349206349,197,223.85786802,0.712648236367,0,2.86910720579,1.13881840959,4.06662956103,0.28071939769,0
R08,17920,0.406349206349,270,163.333333333,0.920561613373,0,1.3126132782,1.60169314223,2.07700074354,0.393807005245,0
R08,17920,0.406349206349,338,130.473372781,0.784173907616,0,0.484743674724,2.0563202517,3.10347004132,0,0
R08,17920,0.406349206349,411,107.299270073,0.930391351456,0,0.408603760017,3.50635481544,1.27723207748,0,0
R08,17920,0.406349206349,549,80.3278688525,0.777225977446,0,0.394952562654,1.40274239055,3.61878136572,0,0
R08,18432,0.417959183673,71,621.126760563,1.09502629028,0,1.38183535826,0.19303805036,0.230948530006,0.148628736829,0
R08,18432,0.417959183673,128,344.53125,0.879896594546,0,1.58271914543,1.90732318634,0.44662332496,0.769042646284,0
R08,18432,0.417959183673,197,223.85786802,0.761212257817,0,2.10180259715,0.517733043187,3.91623715595,0.577544106996,0
R08,18432,0.417959183673,271,162.730627306,0.90224203526,0,0.873424438259,2.16299841781,3.22384440558,0.322163702722,0
R08,18432,0.417959183673,335,131.641791045,0.785874815756,0,0.605987845909,1.70036339327,4.21062985938,0,0
R08,18432,0.417959183673,413,106.779661017,0.975123076473,0,0.646603267135,3.26925340527,1.51963390131,0,0
R08,18432,0.417959183673,549,80.3278688525,0.82572815572,0,0.339209157057,1.08781609705,3.73875921593,0,0
R08,18944,0.429569160998,73,604.109589041,1.0987147741,0,0.956210155223,0.3525703404,0.304339777879,1.47661234986,0
R08,18944,0.429569160998,127,347.244094488,0.897968689041,0,2.27855356505,1.69969362796,0.819929440064,0.573860058405,0
R08,18944,0.429569160998,196,225,0.764241754883,0,1.19619236183,0.898699573633,1.94861989539,0.969211551085,0
R08,18944,0.429569160998,272,162.132352941,0.912046120405,0,0.43964231975,2.37873623726,3.46076539613,0.0778315062483,0
R08,18944,0.429569160998,336,131.25,0.813689707269,0,1.08342031687,1.06130265958,4.75487366088,0,0
R08,18944,0.429569160998,413,106.779661017,0.979822895149,0,0.734968783429,2.31116737747,2.00891973967,0,0
R08,18944,0.429569160998,551,80.0362976407,0.839323970588,0,0.136206078471,0.861013765225,3.0940022683,0,0
R08,19456,0.441179138322,73,604.109589041,1.10415258342,0,1.00484227101,0.335374783177,0.234319829824,2.3458152294,0
R08,19456,0.441179138322,127,347.244094488,0.911000347814,0,2.4752705054,1.53933621777,1.00896189328,1.03816179624,0
R08,19456,0.441179138322,196,225,0.76874663842,0,1.58807767496,0.875714977651,0.456463740859,1.2428198339,0
R08,19456,0.441179138322,273,161.538461538,0.907741050779,0,1.44109619409,2.13801284809,2.79734612996,0.383480131269,0
R08,19456,0.441179138322,336,131.25,0.777384512323,0,1.81018111991,0.301304889141,4.18089954081,0,0
R08,19456,0.441179138322,412,107.038834951,0.977043879265,0,0.812873394992,1.23653835679,2.11235324522,0,0
R08,19456,0.441179138322,551,80.0362976407,0.790054641852,0,0.401044052881,1.59398902372,2.2503961913,0,0
R08,19968,0.452789115646,78,565.384615385,1.08361088626,0,0.249958968143,0.49627735962,0.588523637985,3.30983442555,0
R08,19968,0.452789115646,127,347.244094488,0.914184053646,0,1.77666468982,1.69087465536,0.944784443312,1.80468406274,0
R08,19968,0.452789115646,195,226.153846154,0.795856446301,0,1.71155838297,0.594220379535,0.478395946888,1.38984036151,0
R08,19968,0.452789115646,275,160.363636364,0.839999040856,0,1.8475621183,1.59306204691,1.85942964186,0.811927680518,0
R08,19968,0.452789115646,336,131.25,0.789361808504,0,2.28681954757,0.604389523033,2.89930675665,0,0
R08,19968,0.452789115646,434,101.612903226,0.960274800326,0,0.512867827586,0.4590721891,2.45639406929,0,0
R08,20480,0.464399092971,79,558.227848101,1.08802709051,0,0.330739545814,0.608944718773,0.507221643057,2.46736127964,0
R08,20480,0.464399092971,127,347.244094488,0.903933785779,0,0.74232438187,1.2875672258,0.702115185317,2.56292848998,0
R08,20480,0.464399092971,197,223.85786802,0.806168073607,0,1.19347743183,0.715750823947,1.50249438546,1.15389466454,0
R08,20480,0.464399092971,233,189.270386266,1.04528557687,0,0.661642526276,0.173798619139,0.501448853138,0.573626004914,0
R08,20480,0.464399092971,278,158.633093525,0.794292940059,0,0.89307304545,1.0466990177,2.27797174271,0,0
R08,20480,0.464399092971,336,131.25,0.763918375851,0,1.92264993768,0.668145053117,1.65133691361,0,0
R08,20480,0.464399092971,550,80.1818181818,0.682219163475,0,0.874554722992,1.19274991156,0.477156968487,0,0
R08,20992,0.476009070295,73,604.109589041,1.16535899584,0,0.341994767089,0.388291076068,0.0572153224077,1.44616757563,0
R08,20992,0.476009070295,133,331.578947368,0.944656050985,0,0.590531844279,0.733349430734,0.889979585443,2.59948015624,0
R08,20992,0.476009070295,197,223.85786802,0.846144867696,0,0.565226714084,1.28180770166,1.31971747421,0.942231906269,0
R08,20992,0.476009070295,277,159.205776173,0.774149874285,0,0.990929953662,0.190507161855,1.78563948458,0,0
R08,20992,0.476009070295,333,132.432432432,0.792099690533,0,1.39533010047,0.52534179758,0.671273393567,0,0
R08,20992,0.476009070295,426,103.521126761,0.905454590177,0,0.336458475524,1.27162573505,1.05878394294,0,0
R08,21504,0.487619047619,129,341.860465116,1.09840903611,0,1.09415954322,0.836263414116,0.457187429654,3.59729746129,0
R08,21504,0.487619047619,193,228.497409326,0.862800097745,0,0.747264342855,1.15611276641,0.805824386501,0.702579920119,0
R08,21504,0.487619047619,279,158.064516129,0.74785934279,0,2.10378489689,0.591135914718,1.06621050438,0,0
R08,21504,0.487619047619,329,134.042553191,0.83630927046,0,1.27704038087,1.07851412888,0.700972102231,0,0
R08,21504,0.487619047619,389,113.367609254,1.11306000714,0,0.727349229968,0.604573336047,1.04871396553,0,0
R08,21504,0.487619047619,473,93.2346723044,0.857962940968,0,0.82319399368,1.58579388872,1.70653828752,0,0
R08,21504,0.487619047619,534,82.5842696629,0.813722539439,0,0.429658812846,2.99908486635,1.26898362109,0,0
R08,22016,0.499229024943,53,832.075471698,1.47933847446,0,0.244491879388,0.0350990149416,0,2.65792631844,0
R08,22016,0.499229024943,99,445.454545455,1.16047702164,0,0.748125888306,0.401507034857,0.091691881257,0.403885126932,0
R08,22016,0.499229024943,193,228.497409326,0.942143559255,0,0.677991788817,0.321058972139,1.16657344911,0.560397888775,0
R08,22016,0.499229024943,233,189.270386266,0.89972658826,0,1.58238161811,0.772174334351,0.825757106553,0.847944144076,0
R08,22016,0.499229024943,280,157.5,0.782439767117,0,1.94021161448,0.594994283958,1.08248953246,0,0
R08,22016,0.499229024943,323,136.53250774,0.95443413939,0,1.38346614452,1.17429921321,2.48057417506,0,0
R08,22016,0.499229024943,550,80.1818181818,0.738623318424,0,0.880469973035,2.46345115847,1.41578453798,0,0
R08,22016,0.499229024943,525,84,0.751830289714,0,0.755309601552,3.6810091967,0.731639760558,0,0
R08,22528,0.510839002268,101,436.633663366,1.15224790518,0,0.215237775607,0.112351562238,0.139601316826,0.389912172324,0
R08,22528,0.510839002268,196,225,0.892348240242,0,0.390294375977,0.319657121071,0.943442171644,0.897133193982,0
R08,22528,0.510839002268,230,191.739130435,0.869442046274,0,1.21196820686,0.918501776536,0.374346050298,0.790326016957,0
R08,22528,0.510839002268,275,160.363636364,0.842114074801,0,1.79255720464,0.966319027452,1.43740454865,0.735001881212,0
R08,22528,0.510839002268,312,141.346153846,0.972095782294,0,0.952424636056,0.732879156329,1.88795875283,0,0
R08,22528,0.510839002268,317,139.116719243,0.972492357246,0,0.892202328091,0.748361827138,2.67663581724,0,0
R08,22528,0.510839002268,533,82.7392120075,0.723687965077,0,0.754540250233,3.28978696523,1.03813150361,0,0
R08,23040,0.522448979592,92,479.347826087,1.3246728464,0,1.62509062634,0.386573126548,0.106400544391,0.641466702136,0
R08,23040,0.522448979592,105,420,1.33010804151,0,2.30925700979,0.0955207097249,0.0502732740655,0.86306715631,0
R08,23040,0.522448979592,136,324.264705882,1.37201651303,0,1.08232794024,0.565109080194,0.506135461892,2.44162933045,0
R08,23040,0.522448979592,197,223.85786802,0.925648845417,0,0.258809108937,0.197616196745,0.566826583758,1.07565394328,0
R08,23040,0.522448979592,242,182.231404959,0.819334604608,0,1.28851681915,0.359232976262,0.523098565902,0.664126099487,0
R08,23040,0.522448979592,274,160.948905109,0.874151128407,0,2.1522901529,0.961812668914,1.48672952501,0.335909612964,0
R08,23040,0.522448979592,523,84.3212237094,0.691366005211,0,0.583128400895,3.56388395104,0.99550785278,0,0
R08,23552,0.534058956916,91,484.615384615,1.34356402075,0,1.30946811574,0.446315793106,0.106944918595,0.2777731778,0
R08,23552,0.534058956916,107,412.14953271,1.35265898634,0,1.73210399341,0.231729432323,0.0868264060919,0.554533859503,0
R08,23552,0.534058956916,133,331.578947368,1.38306565179,0,0.789002007557,0.137158772873,0.298533471256,3.01974568308,0
R08,23552,0.534058956916,201,219.402985075,0.916828939334,0,0.471022012096,0.17768484192,0.34522871187,0.818020078013,0
R08,23552,0.534058956916,243,181.481481481,0.81485672389,0,1.91855043864,0.572904218882,0.65365825454,0.28121646282,0
R08,23552,0.534058956916,310,142.258064516,0.895442978149,0,0.732322700818,0.523938499662,1.35112112928,0,0
R08,23552,0.534058956916,533,82.7392120075,0.727239739715,0,0.385440742289,3.00262797652,0.708627250505,0,0
R08,23552,0.534058956916,441,100,0.888691541139,0,0.164043840897,0.170602567299,0.433736793759,0,0
R08,24576,0.557278911565,32,1378.125,1.83144428139,0,0.0172113001894,0,0,0.422439386578,0
R08,24576,0.557278911565,92,479.347826087,1.33637739071,0,0.621372226061,0.284145672319,0.0297346767684,0.338943525796,0
R08,24576,0.557278911565,106,416.037735849,1.36673327912,0,1.03592051348,0.218925179015,0.179259336752,0.736297932544,0
R08,24576,0.557278911565,138,319.565217391,1.4313304429,0,0.121232868503,0.821187595314,0.284145672319,2.00456685849,0
R08,24576,0.557278911565,198,222.727272727,1.08133624493,0,0.2698556384,0.205595160479,0.204810613249,1.12438732359,0
R08,24576,0.557278911565,200,220.5,1.08136143295,0,0.325513568213,0.157481037514,0.189062318574,1.01543512846,0
R08,24576,0.557278911565,302,146.026490066,0.830568457315,0,0.554094894041,1.05387342396,0.258083955084,0,0
R08,24576,0.557278911565,289,152.595155709,0.833719170435,0,1.67681639676,0.445445239897,0.602278114886,0,0
R08,24576,0.557278911565,550,80.1818181818,0.870885756783,0,0.351787462101,1.9801165901,0.362441796841,0,0
R08,25088,0.568888888889,23,1917.39130435,1.84979975843,0,0.0713700103818,0,0,0.203769545118,0
R08,25088,0.568888888889,31,1422.58064516,1.7945182492,0,0.0757707932019,0,0,0.54666654341,0
R08,25088,0.568888888889,66,668.181818182,1.52059154422,0,0.11365188481,0.0835973113588,0,0.408051748881,0
R08,25088,0.568888888889,78,565.384615385,1.4459112758,0,0.426503551799,0.184414561792,0.127590563619,1.22298599134,0
R08,25088,0.568888888889,87,506.896551724,1.43330427244,0,0.569097384481,0.195716044506,0.155528343196,0.565631913756,0
R08,25088,0.568888888889,90,490,1.43444488704,0,0.829553409397,0.175768611652,0.254688964937,0.53700806901,0
R08,25088,0.568888888889,309,142.718446602,0.82743810815,0,1.42046731614,1.27163085066,0.691568196709,0,0
R08,25088,0.568888888889,288,153.125,0.85887779942,0,1.57196584481,0.55230478287,0.607625233522,0,0
R08,25088,0.568888888889,254,173.622047244,0.904592342084,0,0.110783958075,0.364737369854,0.434670478699,0.232278908267,0
R08,47104,1.06811791383,80,551.25,1.07775471939,0,0.0111299809993,0.0426646258545,0.0223703011623,0.233853470991,0
R08,47104,1.06811791383,169,260.946745562,0.822253067626,0,0.448923165862,0.0376247711299,0.0278459541054,0.645728270237,0
R08,47104,1.06811791383,276,159.782608696,0.884116376762,0,0.558110258027,0.291852219009,0.0239555776556,0,0
R08,47104,1.06811791383,371,118.867924528,0.974924122903,0,0.307747007093,0.505131305956,0.164095035719,0,0
R08,47104,1.06811791383,497,88.7323943662,1.05736994905,0,0.28185804789,0.234412760939,0.4702545689,0,0
R08,47616,1.07972789116,175,252,0.565059028639,0,0.451698765162,0.0787279018117,0.0888591721658,0.701359748414,0
R08,47616,1.07972789116,416,106.009615385,0.836428917068,0,0.244913452077,0.410170492937,0.360606043788,0,0
R08,47616,1.07972789116,525,84,0.868716619068,0,0.321466147606,0.705923663755,0.451698765162,0,0
R08,48128,1.09133786848,159,277.358490566,0.367578933537,0,8.04877898709,0.499161926569,0.54237431209,0.910178437395,0
R08,48128,1.09133786848,312,141.346153846,0.377257181944,0,0.910352279622,8.06785260076,1.63098399976,0,0
R08,48128,1.09133786848,474,93.0379746835,0.43509159223,0,1.94571420203,4.08848737674,8.06486698583,0,0
R08,48640,1.1029478458,158,279.113924051,0.63532411212,0,36.6446972781,1.12868885071,1.66092510602,7.06201696661,0
R08,48640,1.1029478458,313,140.89456869,0.456840615198,0,6.8016894713,36.3487050873,5.01607593076,0,0
R08,48640,1.1029478458,486,90.7407407407,0.814134459591,0,6.17638455442,15.5141982093,37.0717618744,0,0
R08,49152,1.11455782313,164,268.902439024,0.841973509185,0,73.3252740026,2.76006111873,2.50685495324,27.6535850736,0
R08,49152,1.11455782313,315,140,0.560217443597,0,24.1272154201,69.3954601141,8.18956787645,0,0
R08,49152,1.11455782313,486,90.7407407407,0.819865514207,0,6.33682602015,34.3188395801,72.3043002076,0,0
R08,49664,1.12616780045,164,268.902439024,0.897663712086,0,92.8026304113,3.27225120619,3.97508137581,54.7138152564,0
R08,49664,1.12616780045,316,139.556962025,0.556567785121,0,43.7378777369,85.02580256,10.9808010851,0,0
R08,49664,1.12616780045,486,90.7407407407,0.971981704531,0,4.51278210571,57.8586296485,89.1409417243,0,0
R08,50176,1.13777777778,167,264.071856287,0.958073924682,0,94.7389772915,4.05846272647,1.68660867767,89.1104115424,0
R08,50176,1.13777777778,316,139.556962025,0.547231566055,0,59.5846796392,74.9302241869,12.5607573097,0,0
R08,50176,1.13777777778,486,90.7407407407,0.984686737328,0,7.40901117015,73.919939389,77.1711999924,0,0
R08,50688,1.1493877551,166,265.662650602,0.978398850201,0,60.9565847247,3.69886155967,3.46856782826,105.726538847,0
R08,50688,1.1493877551,317,139.116719243,0.580888207912,0,68.1870356653,44.1647179539,11.2066384958,0,0
R08,50688,1.1493877551,485,90.9278350515,1.03379705554,0,10.0566846092,74.1345767058,43.3082262462,0,0
R08,51200,1.16099773243,163,270.552147239,1.02104313585,0,13.3404894268,2.08938653581,2.48660951489,97.5985594206,0
R08,51200,1.16099773243,318,138.679245283,0.595042767621,0,72.1399873124,11.3832962157,8.20092845733,0,0
R08,51200,1.16099773243,493,89.4523326572,1.0057422537,0,10.6756411868,74.6382518281,19.6915765858,0,0
R08,51712,1.17260770975,158,279.113924051,1.13111584725,0,6.9286803302,1.3677919547,0.68905552141,67.5430349647,0
R08,51712,1.17260770975,315,140,0.564250106263,0,64.0450516994,6.59750645124,4.65585138767,0,0
R08,51712,1.17260770975,521,84.6449136276,0.990371141668,0,9.4204322172,51.7593111397,27.8589152348,0,0
R08,52224,1.18421768707,271,162.730627306,0.720201693672,0,22.9127915682,12.8948501232,2.04202476179,5.61817093879,0
R08,52224,1.18421768707,371,118.867924528,0.496082142384,0,31.9534985737,27.2174835961,36.898309012,0,0
R08,52224,1.18421768707,510,86.4705882353,1.17129032195,0,5.06947555886,35.7029548326,9.38174472175,0,0
R08,52736,1.1958276644,269,163.940520446,0.501582586757,0,10.3199295543,17.1473320081,1.57144517771,3.28902519404,0
R08,52736,1.1958276644,368,119.836956522,0.438982829759,0,29.2281491606,13.5320754438,33.141737509,0,0
R08,52736,1.1958276644,515,85.6310679612,1.09397646606,0,3.16529374745,16.260903045,0.642473090409,0,0
R08,53248,1.20743764172,125,352.8,1.34156622308,0,63.0844921563,2.74441906063,1.46715853558,10.1267191217,0
R08,53248,1.20743764172,263,167.680608365,0.545438196323,0,4.38542718391,46.8595569556,1.34156101291,0.950007849085,0
R08,53248,1.20743764172,375,117.6,0.346534017047,0,25.9227927232,10.4422857415,63.0844921563,0,0
R08,53248,1.20743764172,507,86.9822485207,1.15115693048,0,0.957852288956,8.85873256102,2.68680536078,0,0
R08,53760,1.21904761905,125,352.8,1.28717198317,0,64.5921714688,2.88607217907,1.43608920034,8.02285012303,0
R08,53760,1.21904761905,259,170.27027027,0.464391175913,0,4.96029753229,69.0516457561,1.19563418676,1.24378840812,0
R08,53760,1.21904761905,376,117.287234043,0.30261613845,0,27.9174334594,6.93498528017,68.6591089517,0,0
R08,53760,1.21904761905,506,87.1541501976,1.05975136284,0,0.985288217589,7.48236185607,3.48487889167,0,0
R08,54272,1.23065759637,123,358.536585366,1.1320513235,0,35.7991284386,2.45959018871,1.25683409225,14.5490122545,0
R08,54272,1.23065759637,257,171.595330739,0.457233204576,0,9.56898168752,72.2486753821,1.94735489466,0.803969576193,0
R08,54272,1.23065759637,376,117.287234043,0.287629293979,0,25.9798072529,4.1992898482,69.3911113551,0,0
R08,54272,1.23065759637,506,87.1541501976,0.978084243494,0,0.824484867071,11.5689882265,2.9124241583,0,0
R08,54784,1.2422675737,125,352.8,1.18660523526,0,66.6848650586,2.21946180616,3.13269237593,21.4082485858,0
R08,54784,1.2422675737,256,172.265625,0.420413428674,0,17.5676880831,67.8781921465,1.70574947112,0.944151518059,0
R08,54784,1.2422675737,376,117.287234043,0.377400158034,0,26.5986152803,5.1385178421,69.4041598851,0,0
R08,54784,1.2422675737,505,87.3267326733,0.909017735879,0,1.04288230719,19.9436071594,2.05334498059,0,0
R08,55296,1.25387755102,124,355.64516129,1.26548932508,0,56.7074813042,4.84387032088,2.53612262624,34.9583853221,0
R08,55296,1.25387755102,254,173.622047244,0.406261742106,0,29.3724361626,66.5201730489,2.42432130054,2.04548580875,0
R08,55296,1.25387755102,375,117.6,0.51482544609,0,29.6886016272,7.7596305754,64.9600728226,0,0
R08,55296,1.25387755102,504,87.5,0.841163335241,0,2.14011735908,31.7538725505,2.91722741897,0,0
R08,55808,1.26548752834,126,350,1.37456367747,0,60.3683456057,9.57970132185,5.1161106467,46.095790091,0
R08,55808,1.26548752834,254,173.622047244,0.346580253193,0,43.6411827078,58.3048360024,4.29784836393,2.04181189279,0
R08,55808,1.26548752834,373,118.230563003,0.69499023599,0,29.7792570399,8.05127905507,54.6660565609,0,0
R08,55808,1.26548752834,504,87.5,0.73208720182,0,1.97200042886,46.095790091,3.60733240503,0,0
R08,56320,1.27709750567,127,347.244094488,1.47418336327,0,46.4646250154,8.53988765469,2.08862693703,58.1975275822,0
R08,56320,1.27709750567,148,297.972972973,1.48040986453,0,2.43118222318,0.0755415137015,1.33671873003,7.23796591548,0
R08,56320,1.27709750567,158,279.113924051,1.47889147837,0,3.40160771702,0.890992552199,0.342802240147,38.3675137133,0
R08,56320,1.27709750567,253,174.308300395,0.299461530299,0,59.5986178886,47.1172121743,7.19283572251,1.75455612893,0
R08,56320,1.27709750567,367,120.163487738,0.919384728444,0,28.3913951894,4.185359487,32.0740821553,0,0
R08,56320,1.27709750567,504,87.5,0.584509659073,0,1.69901215408,60.7960827889,3.34764444892,0,0
R08,56832,1.28870748299,253,174.308300395,0.21691847646,0,75.2481708624,28.1434592281,10.0894775512,0.621814114514,0
R08,56832,1.28870748299,345,127.826086957,1.12130919955,0,39.5172518507,1.2110307214,0.558531408578,0,0
R08,56832,1.28870748299,366,120.491803279,1.11261425668,0,19.2310960361,1.88411232075,25.5202062179,0,0
R08,56832,1.28870748299,376,117.287234043,1.11435800462,0,11.9236790145,5.20505230493,28.6066042306,0,0
R08,56832,1.28870748299,397,111.083123426,1.13940341559,0,5.97826548337,7.6233716449,20.8539239704,0,0
R08,56832,1.28870748299,503,87.6739562624,0.433525068507,0,0.487995822445,76.6662709162,1.98850225974,0,0
R08,57344,1.30031746032,47,938.29787234,2.24322499466,0,0.277505839862,0.384113007796,0,0.675702282206,0
R08,57344,1.30031746032,253,174.308300395,0.153889511545,0,89.6422645135,4.70308353575,13.065970686,1.65301380756,0
R08,57344,1.30031746032,367,120.163487738,1.35149462973,0,9.26595336902,2.73381110753,23.1533988143,0,0
R08,57344,1.30031746032,504,87.5,0.310969737432,0,1.56690887638,90.6044877921,1.31011576031,0,0
R08,57856,1.31192743764,253,174.308300395,0.109409836123,1,104.35907199,18.1281180836,15.4609463043,2.23433384907,252.670558807
R08,57856,1.31192743764,504,87.5,0.229392648704,0,2.23291109575,105.114453595,1.59834754548,0,252.670558807
R08,58368,1.32353741497,253,174.308300395,0.0684917838727,1,118.689611029,35.9612384527,16.5298802294,1.6921353294,252.727057279
R08,58368,1.32353741497,505,87.3267326733,0.155502568196,0,1.69109140123,119.06814245,1.39637221207,0,252.727057279
R08,58880,1.33514739229,253,174.308300395,0.0481695833796,1,132.098917248,52.726320158,16.0416605042,0.974444650018,252.725059061
R08,58880,1.33514739229,403,109.429280397,1.22754631198,0,6.400526816,1.75349194446,24.838015392,0,252.725059061
R08,58880,1.33514739229,505,87.3267326733,0.112372609549,0,0.974263370459,132.440481468,1.15865686457,0,252.725059061
R08,59392,1.34675736961,134,329.104477612,1.21866715512,0,23.072693104,0.0678796750459,0.122818191065,76.2626912491,252.940626156
R08,59392,1.34675736961,253,174.308300395,0.0330148909254,1,141.68224007,76.3016963577,14.3811089008,0.533959481233,252.940626156
R08,59392,1.34675736961,390,113.076923077,1.165929277,0,9.22351831928,1.43837613291,78.5337905894,0,252.940626156
R08,59392,1.34675736961,506,87.1541501976,0.0768950730701,0,0.533959481233,141.68224007,1.25519836913,0,252.940626156
R08,59904,1.35836734694,128,344.53125,1.11563127024,0,111.265000239,1.89871164039,0.632771596197,141.396023825,252.843677466
R08,59904,1.35836734694,253,174.308300395,0.0257375994614,1,147.096817666,106.395626368,12.4731910285,0.479019901973,252.843677466
R08,59904,1.35836734694,383,115.143603133,1.07032407962,0,8.2741809794,0.722195441053,111.689444232,0,252.843677466
R08,59904,1.35836734694,506,87.1541501976,0.0608644944145,0,0.479019901973,147.096817666,1.67028910502,0,252.843677466
R08,60416,1.36997732426,127,347.244094488,1.03703257236,0,137.337512558,7.48408496667,4.9832955856,147.205724089,252.953817762
R08,60416,1.36997732426,253,174.308300395,0.0193794660634,1,148.422258657,135.481808589,10.8464604366,0.513528796105,252.953817762
R08,60416,1.36997732426,381,115.748031496,0.987749500136,0,4.96436563026,0.731165786895,137.337512558,0,252.953817762
R08,60416,1.36997732426,506,87.1541501976,0.0426412496452,0,0.513528796105,148.422258657,1.63717605152,0,252.953817762
R08,60928,1.38158730159,127,347.244094488,0.938253179365,0,158.091284436,8.52660671293,5.48034035873,146.175735347,252.842668573
R08,60928,1.38158730159,253,174.308300395,0.0135902935575,1,147.260530503,157.41294614,9.46766464779,0.411963923485,252.842668573
R08,60928,1.38158730159,381,115.748031496,0.906688493446,0,3.21918458166,0.818038452776,158.091284436,0,252.842668573
R08,60928,1.38158730159,506,87.1541501976,0.0298086847448,0,0.411963923485,147.260530503,1.36883743346,0,252.842668573
R08,61440,1.39319727891,126,350,0.881032219597,0,167.166863551,13.1071232268,8.88681105125,144.367372473,252.82872342
R08,61440,1.39319727891,253,174.308300395,0.00874511836416,1,144.188322097,170.452731775,8.66327490905,0.32839443133,252.82872342
R08,61440,1.39319727891,380,116.052631579,0.843069609429,0,4.01547238701,1.18078468838,170.807343142,0,252.82872342
R08,61440,1.39319727891,506,87.1541501976,0.0209646028227,0,0.32839443133,144.188322097,0.886376996707,0,252.82872342
R08,61952,1.40480725624,126,350,0.817209940396,0,173.062665773,13.7554524609,7.38359267572,140.734804854,252.651236042
R08,61952,1.40480725624,253,174.308300395,0.00667228090295,1,140.719985812,176.024800211,9.48544477493,0.661979297922,252.651236042
R08,61952,1.40480725624,379,116.35883905,0.787538726309,0,2.93743496255,0.471298581576,175.437025363,0,252.651236042
R08,61952,1.40480725624,505,87.3267326733,0.0158796794297,0,0.661158937559,140.822402921,0.283158805612,0,252.651236042
R08,62464,1.41641723356,126,350,0.78159062138,0,174.185104445,14.9822199181,5.34101853026,137.699556003,252.688701923
R08,62464,1.41641723356,253,174.308300395,0.00544116043525,1,137.678717162,176.669285345,12.1179811759,0.594409480967,252.688701923
R08,62464,1.41641723356,379,116.35883905,0.750941247233,0,1.8838844274,1.00572283315,176.249330764,0,252.688701923
R08,62464,1.41641723356,506,87.1541501976,0.0130658159783,0,0.594409480967,137.678717162,0.374491786153,0,252.688701923
R08,62976,1.42802721088,126,350,0.747412534366,0,173.002321635,14.8247915699,3.59078971962,135.326607831,252.748233594
R08,62976,1.42802721088,253,174.308300395,0.00503211456604,1,135.221744197,175.080601705,15.4707291555,0.390842131734,252.748233594
R08,62976,1.42802721088,379,116.35883905,0.7275967163,0,1.78776078376,1.01501459977,174.796545064,0,252.748233594
R08,62976,1.42802721088,506,87.1541501976,0.0116014886218,0,0.390842131734,135.221744197,0.817028697175,0,252.748233594
R08,63488,1.43963718821,126,350,0.743019639213,0,170.338701315,12.0735444062,2.82186538491,132.538012674,252.924773224
R08,63488,1.43963718821,253,174.308300395,0.00524440845622,1,132.343382141,172.542557396,18.3592416385,0.086542392284,252.924773224
R08,63488,1.43963718821,380,116.052631579,0.719953349417,0,3.11212152319,0.673564123332,172.469248403,0,252.924773224
R08,63488,1.43963718821,506,87.1541501976,0.0135628074317,0,0.086542392284,132.343382141,1.1271392454,0,252.924773224
R08,64000,1.45124716553,126,350,0.753169474624,0,164.65792775,7.48377367891,2.75158497679,128.885088119,252.995781369
R08,64000,1.45124716553,253,174.308300395,0.00556936088967,1,128.62401727,167.809656925,19.7534918552,0.254755730028,252.995781369
R08,64000,1.45124716553,380,116.052631579,0.734196616121,0,4.17805133227,0.73161479711,168.101143828,0,252.995781369
R08,64000,1.45124716553,506,87.1541501976,0.0151229647344,0,0.254755730028,128.62401727,1.13052238471,0,252.995781369
R08,64512,1.46285714286,126,350,0.773592954337,0,153.839774179,2.84294844391,2.40601716627,123.982304263,253.109363818
R08,64512,1.46285714286,253,174.308300395,0.0061985159613,1,123.670128078,158.264385983,18.9754646257,0.348782394349,253.109363818
R08,64512,1.46285714286,381,115.748031496,0.752383486597,0,3.48926248894,0.29454553271,159.673884698,0,253.109363818
R08,64512,1.46285714286,506,87.1541501976,0.0177157899881,0,0.348782394349,123.670128078,0.784812983796,0,253.109363818
R08,65024,1.47446712018,126,350,0.794750941712,0,136.943671186,3.26781987834,1.44893902784,118.014279743,253.21443511
R08,65024,1.47446712018,253,174.308300395,0.00688156777213,1,117.659835806,142.27993306,15.8977712095,0.439180039555,253.21443511
R08,65024,1.47446712018,381,115.748031496,0.774627947202,0,1.49991959521,1.00354393356,145.061255858,0,253.21443511
R08,65024,1.47446712018,507,86.9822485207,0.0197857455237,0,0.436008335018,117.255933054,0.466068677414,0,253.21443511
R08,65536,1.48607709751,126,350,0.834477572442,0,115.080099729,7.09356016837,1.12454846707,111.034333197,253.502414077
R08,65536,1.48607709751,254,173.622047244,0.00719232699966,1,109.648122306,124.426824723,10.6794638575,0.421981002035,253.502414077
R08,65536,1.48607709751,382,115.445026178,0.80592409113,0,0.328241463299,0.675827221368,125.55873953,0,253.502414077
R08,65536,1.48607709751,508,86.811023622,0.0203085804272,0,0.421981002035,109.648122306,0.602015516408,0,253.502414077
R08,66048,1.49768707483,127,347.244094488,0.856680634508,0,101.971618913,10.5718642338,2.03196679594,102.452394102,253.515217694
R08,66048,1.49768707483,254,173.622047244,0.00788048212959,1,102.452394102,101.971618913,4.92795484069,0.407845799552,253.515217694
R08,66048,1.49768707483,382,115.445026178,0.834810753156,0,0.973637764141,0.364671499657,103.366857475,0,253.515217694
R08,66048,1.49768707483,508,86.811023622,0.0219801107214,0,0.407845799552,102.452394102,1.13651022826,0,253.515217694
R08,66560,1.50929705215,127,347.244094488,0.928414390353,0,82.9461429767,14.7840733809,2.52726777131,95.3133278557,253.606645393
R08,66560,1.50929705215,254,173.622047244,0.00909229743649,1,95.3133278557,82.9461429767,1.27408750815,0.442957807722,253.606645393
R08,66560,1.50929705215,382,115.445026178,0.904251272304,0,1.2526892458,0.909157688489,83.9583844841,0,253.606645393
R08,66560,1.50929705215,508,86.811023622,0.026613221438,0,0.442957807722,95.3133278557,1.35662037382,0,253.606645393
R08,67072,1.52090702948,127,347.244094488,1.04063908059,0,69.1027530958,17.5702981383,2.30844160022,88.6092616533,253.205089808
R08,67072,1.52090702948,253,174.308300395,0.00970603057576,1,88.9891259603,67.7313895953,6.65021899922,0.328226275775,253.205089808
R08,67072,1.52090702948,381,115.748031496,1.01883484162,0,0.934486683953,1.59107390641,69.1027530958,0,253.205089808
R08,67072,1.52090702948,507,86.9822485207,0.0282663516071,0,0.33747847595,88.8566037016,1.31156634644,0,253.205089808
R08,67584,1.5325170068,128,344.53125,1.18520594069,0,54.4099534795,14.7152047183,1.74481890608,81.4128601583,252.971527763
R08,67584,1.5325170068,253,174.308300395,0.0105239084337,1,82.9386095575,58.8053421399,11.1355674926,0.362361079563,252.971527763
R08,67584,1.5325170068,381,115.748031496,1.15001365503,0,0.971660543804,1.44457029963,58.4406564386,0,252.971527763
R08,67584,1.5325170068,506,87.1541501976,0.0286627474998,0,0.362361079563,82.9386095575,1.21589842356,0,252.971527763
R08,68096,1.54412698413,129,341.860465116,1.29438171408,0,35.5971509064,7.7965240597,1.16283522498,75.0528632595,252.704697093
R08,68096,1.54412698413,137,321.897810219,1.29647462025,0,1.68103011912,0.649651919654,0.0419136907205,26.5319251,252.704697093
R08,68096,1.54412698413,253,174.308300395,0.0105746847687,1,78.6413333672,50.1809603368,14.5608388092,0.434023952594,252.704697093
R08,68096,1.54412698413,380,116.052631579,1.26088693279,0,0.710457492709,0.421590579053,49.7841657881,0,252.704697093
R08,68096,1.54412698413,506,87.1541501976,0.0249197148748,0,0.434023952594,78.6413333672,0.832982934473,0,252.704697093
R08,68608,1.55573696145,252,175,0.0109626869024,1,75.9587237586,42.6664601002,15.6331657788,0.455013671048,252.372521338
R08,68608,1.55573696145,379,116.35883905,1.35961037514,0,0.755991374725,0.215306212299,42.0133903138,0,252.372521338
R08,68608,1.55573696145,505,87.3267326733,0.0263185638037,0,0.456174102881,76.2910199471,0.566514887021,0,252.372521338
R08,69120,1.56734693878,252,175,0.0115809026979,1,76.5323671629,34.373952078,16.1132047768,0.563341036038,251.901642622
R08,69120,1.56734693878,378,116.666666667,1.46204844198,0,1.0419875211,0.934656571375,34.373952078,0,251.901642622
R08,69120,1.56734693878,504,87.5,0.0313103716373,0,0.563341036038,76.5323671629,0.880772094772,0,251.901642622
R08,69632,1.5789569161,22,2004.54545455,2.08050566119,0,0,0,0,0.0345690813782,251.670216238
R08,69632,1.5789569161,67,658.208955224,2.08240176288,0,0.343823765072,0.0276553436798,0.1820509023,1.8231719531,251.670216238
R08,69632,1.5789569161,252,175,0.0121293842345,1,79.2810493012,25.8198829332,15.3091059816,0.627945778347,251.670216238
R08,69632,1.5789569161,377,116.976127321,1.56231441593,0,0.953727380867,1.31255711654,26.0755954867,0,251.670216238
R08,69632,1.5789569161,503,87.6739562624,0.0333188677689,0,0.628485487278,79.0321158185,1.01486644325,0,251.670216238
R08,70144,1.59056689342,23,1917.39130435,2.0218769662,0,2.73551130229,0,0,0.0746644807111,251.496352194
R08,70144,1.59056689342,63,700,2.13182580945,0,4.17399942819,3.63111901452,0,17.1956895289,251.496352194
R08,70144,1.59056689342,251,175.697211155,0.0120638695585,1,83.1370763403,17.4448883436,11.7759235387,0.729965436209,251.496352194
R08,70144,1.59056689342,378,116.666666667,1.65875656045,0,0.951197319739,0.59034216192,17.1956895289,0,251.496352194
R08,70144,1.59056689342,503,87.6739562624,0.0313488293476,0,0.727815228968,83.3741931144,0.879703162084,0,251.496352194
R08,70656,1.60217687075,23,1917.39130435,2.00229881941,0,3.04113690175,0,0,0.0877445938653,251.410136969
R08,70656,1.60217687075,61,722.950819672,2.18507731791,0,1.51583536201,0.53754244263,0,9.56088115401,251.410136969
R08,70656,1.60217687075,251,175.697211155,0.011279854959,1,88.7357663695,9.34982619679,11.7175278888,0.770201386216,251.410136969
R08,70656,1.60217687075,379,116.35883905,1.73195035657,0,0.923980945134,0.371382639017,9.1707504911,0,251.410136969
R08,70656,1.60217687075,503,87.6739562624,0.030072814196,0,0.764498447081,88.8630589519,0.704464455361,0,251.410136969
R08,71168,1.61378684807,23,1917.39130435,1.97142397124,0,2.65328217319,0,0,0.0782649688868,251.247109231
R08,71168,1.61378684807,61,722.950819672,2.22503414862,0,1.17627880742,0.696288243826,0,6.77364445818,251.247109231
R08,71168,1.61378684807,251,175.697211155,0.0097474956876,1,95.23441896,2.2887059998,13.1958347627,0.681680302494,251.247109231
R08,71168,1.61378684807,502,87.8486055777,0.0264588356353,0,0.681680302494,95.23441896,0.735431436671,0,251.247109231
R08,71680,1.6253968254,23,1917.39130435,1.97217332051,0,2.4061399701,0,0,0.0533014224253,251.206777094
R08,71680,1.6253968254,61,722.950819672,2.27166642937,0,0.757931448646,0.881465499224,0,6.2413817366,251.206777094
R08,71680,1.6253968254,251,175.697211155,0.00951261565321,1,101.797633192,3.66265960428,14.2995560759,0.548669385475,251.206777094
R08,71680,1.6253968254,502,87.8486055777,0.0247312953826,0,0.548669385475,101.797633192,0.854298191542,0,251.206777094
R08,72192,1.63700680272,61,722.950819672,2.2977409867,0,0.699604116858,0.668225672324,0,7.07650774564,251.271719187
R08,72192,1.63700680272,251,175.697211155,0.00913489780354,1,107.46458515,7.10680924063,13.542465115,0.535771071512,251.271719187
R08,72192,1.63700680272,502,87.8486055777,0.0227316077831,0,0.535771071512,107.46458515,0.82049495148,0,251.271719187
R08,72704,1.64861678005,63,700,2.28981964366,0,13.8241764514,6.25949079718,0,6.33020735701,251.484544186
R08,72704,1.64861678005,251,175.697211155,0.00938740456406,1,111.489168473,6.41421986826,10.648200851,0.86193741519,251.484544186
R08,72704,1.64861678005,503,87.6739562624,0.023115889153,0,0.862245528779,111.427042627,0.649182482638,0,251.484544186
R08,73216,1.66022675737,252,175,0.00968888251989,1,113.228868111,1.38387463523,6.48013850078,0.943022594631,251.611412776
R08,73216,1.66022675737,503,87.6739562624,0.0275313680377,0,0.949146876353,113.45279952,0.726915766515,0,251.611412776
R08,73728,1.67183673469,252,175,0.0105425022067,1,113.778503664,17.6316504776,1.69587108421,0.784214825786,252.004596468
R08,73728,1.67183673469,504,87.5,0.0311719272259,0,0.784214825786,113.778503664,0.774433996841,0,252.004596468
R08,74240,1.68344671202,136,324.264705882,1.26044771397,0,5.06266151507,0.245614419285,0.0667174577029,38.2010311459,252.204492598
R08,74240,1.68344671202,252,175,0.00902713197774,1,113.266036921,41.9242979956,3.10307798356,0.60134548795,252.204492598
R08,74240,1.68344671202,387,113.953488372,1.25220320735,0,2.08070727287,0.96035148974,41.3969233931,0,252.204492598
R08,74240,1.68344671202,504,87.5,0.0283875492654,0,0.60134548795,113.266036921,0.614733462671,0,252.204492598
R08,74752,1.69505668934,127,347.244094488,1.06820095537,0,72.4591134518,10.2485367611,3.79545463064,110.565264069,252.345687844
R08,74752,1.69505668934,252,175,0.00798934537537,1,111.70183554,71.0930398224,4.78111856364,0.408374685575,252.345687844
R08,74752,1.69505668934,380,116.052631579,1.05719093355,0,2.17760796383,2.09773355926,72.4160959363,0,252.345687844
R08,74752,1.69505668934,505,87.3267326733,0.0249780601431,0,0.411546632195,111.633223374,0.427799441921,0,252.345687844
R08,75264,1.70666666667,126,350,0.895980603642,0,101.336634904,12.5099452343,5.58056670933,109.361553049,252.430724023
R08,75264,1.70666666667,252,175,0.00699010316469,1,109.361553049,101.336634904,3.76418897849,0.258155307778,252.430724023
R08,75264,1.70666666667,379,116.35883905,0.880105086281,0,2.29799329202,1.83647156118,102.515195898,0,252.430724023
R08,75264,1.70666666667,505,87.3267326733,0.0213737760962,0,0.258704660345,109.468245558,0.618224593925,0,252.430724023
R08,75776,1.71827664399,126,350,0.766604197109,0,129.157330092,11.3357786621,4.91998438235,107.344935146,252.417569683
R08,75776,1.71827664399,252,175,0.00595202328029,1,107.344935146,129.157330092,0.711994030596,0.205452901037,252.417569683
R08,75776,1.71827664399,379,116.35883905,0.749927511536,0,1.67687639141,2.10668571173,130.347414685,0,252.417569683
R08,75776,1.71827664399,505,87.3267326733,0.0171694973225,0,0.198736354836,107.572202325,1.19486249194,0,252.417569683
R08,76288,1.72988662132,126,350,0.685329540308,0,151.717285671,10.6386903461,4.60099119306,106.722852429,252.391828445
R08,76288,1.72988662132,252,175,0.00509870515797,1,106.722852429,151.717285671,2.93600705381,0.328944265641,252.391828445
R08,76288,1.72988662132,379,116.35883905,0.664798898147,0,1.35630008206,1.95849904887,152.635053544,0,252.391828445
R08,76288,1.72988662132,505,87.3267326733,0.0140803498283,0,0.323306616047,106.948542746,1.18057454282,0,252.391828445
R08,76800,1.74149659864,126,350,0.629542978898,0,166.921121236,10.8437551683,5.86592265839,107.858511632,252.41138672
R08,76800,1.74149659864,252,175,0.00411775692074,1,107.858511632,166.921121236,5.52132183672,0.456345173853,252.41138672
R08,76800,1.74149659864,379,116.35883905,0.608614105845,0,1.0878438085,2.07465134445,167.455049898,0,252.41138672
R08,76800,1.74149659864,505,87.3267326733,0.0106744574486,0,0.453405441416,107.966089694,0.83047836688,0,252.41138672
R08,77312,1.75310657596,126,350,0.608246936286,0,174.160958645,11.5493748672,6.89296537049,110.159385025,252.238708079
R08,77312,1.75310657596,252,175,0.0033542989984,1,110.159385025,174.160958645,6.25389713794,0.463908630185,252.238708079
R08,77312,1.75310657596,379,116.35883905,0.590063265049,0,0.800892727548,3.13378579394,174.432930205,0,252.238708079
R08,77312,1.75310657596,505,87.3267326733,0.00844910801165,0,0.465342622212,110.132715414,1.02638453221,0,252.238708079
R08,77824,1.76471655329,125,352.8,0.632972421374,0,164.537332983,11.4959683465,4.80060184566,111.724563508,252.123436277
R08,77824,1.76471655329,252,175,0.00357724489715,1,112.83591174,173.986898252,5.31071961075,0.322334545809,252.123436277
R08,77824,1.76471655329,379,116.35883905,0.612775525914,0,1.14480044309,3.08617300699,174.040288766,0,252.123436277
R08,77824,1.76471655329,504,87.5,0.00925279551698,0,0.322334545809,112.83591174,1.2136057987,0,252.123436277
R08,78336,1.77632653061,125,352.8,0.682711124141,0,157.911910932,10.7565405229,2.28503780388,114.51697061,252.058218978
R08,78336,1.77632653061,252,175,0.00424427633614,1,115.524810521,166.263477925,3.49911976083,0.325395664483,252.058218978
R08,78336,1.77632653061,378,116.666666667,0.666511730012,0,0.540319352266,2.65836033401,166.263477925,0,252.058218978
R08,78336,1.77632653061,504,87.5,0.011826159105,0,0.325395664483,115.524810521,1.10826274731,0,252.058218978
R08,78848,1.78793650794,126,350,0.760605468995,0,150.484935307,11.2156667367,4.2064618311,117.853178386,251.99281997
R08,78848,1.78793650794,252,175,0.00463736905149,1,117.853178386,150.484935307,1.73454895596,0.337390336364,251.99281997
R08,78848,1.78793650794,378,116.666666667,0.745332986743,0,1.04090820646,2.638220218,150.484935307,0,251.99281997
R08,78848,1.78793650794,504,87.5,0.0143591557133,0,0.337390336364,117.853178386,0.769406748839,0,251.99281997
R08,79360,1.79954648526,126,350,0.862314762252,0,127.100028465,10.2945043908,5.12097329843,119.40037462,251.952138518
R08,79360,1.79954648526,252,175,0.00525449738626,1,119.40037462,127.100028465,0.585144865704,0.453176356957,251.952138518
R08,79360,1.79954648526,378,116.666666667,0.850156343124,0,1.11075870274,2.31774626443,127.100028465,0,251.952138518
R08,79360,1.79954648526,504,87.5,0.0168903380695,0,0.453176356957,119.40037462,0.429147170943,0,251.952138518
R08,79872,1.81115646259,127,347.244094488,1.00436215933,0,97.5154160755,8.51174353661,3.88967316941,118.096937787,251.902911869
R08,79872,1.81115646259,252,175,0.00577220988327,1,119.824758499,98.753518685,1.22955032196,0.469262125709,251.902911869
R08,79872,1.81115646259,379,116.35883905,0.989026555951,0,1.64257802154,1.27980780476,99.0661269828,0,251.902911869
R08,79872,1.81115646259,504,87.5,0.0189498698535,0,0.469262125709,119.824758499,0.214256674152,0,251.902911869
R08,80384,1.82276643991,128,344.53125,1.16113633275,0,64.3757798435,5.51939053571,1.02762046778,113.972178217,251.768278909
R08,80384,1.82276643991,252,175,0.00667084892724,1,119.396835885,70.2697990691,3.02812994811,0.517188861727,251.768278909
R08,80384,1.82276643991,379,116.35883905,1.14935137961,0,1.81374170999,0.796550284172,70.5448043726,0,251.768278909
R08,80384,1.82276643991,504,87.5,0.0223392511346,0,0.517188861727,119.396835885,0.0878504950343,0,251.768278909
R08,80896,1.83437641723,252,175,0.00746465915388,1,118.54352993,46.978695777,4.9210968856,0.531815520822,251.829704864
R08,80896,1.83437641723,381,115.748031496,1.32304771069,0,1.02369843339,0.157527453206,44.4735138615,0,251.829704864
R08,80896,1.83437641723,504,87.5,0.0253955140824,0,0.531815520822,118.54352993,0.286056671036,0,251.829704864
R08,81408,1.84598639456,252,175,0.00783056425823,1,118.123061407,31.8908522934,5.91994991543,0.516445485975,251.860498833
R08,81408,1.84598639456,504,87.5,0.0255666768623,0,0.516445485975,118.123061407,0.346086093754,0,251.860498833
R08,81920,1.85759637188,252,175,0.00710683764299,1,118.614303087,28.0755217561,5.37475026788,0.44588999536,251.909181856
R08,81920,1.85759637188,504,87.5,0.0207317784757,0,0.44588999536,118.614303087,0.402478042812,0,251.909181856
R08,82432,1.86920634921,252,175,0.00633886577884,1,119.493059316,34.7368002201,3.85234794561,0.298527305307,251.979375886
R08,82432,1.86920634921,504,87.5,0.0182172736543,0,0.298527305307,119.493059316,0.605471318447,0,251.979375886
R08,82944,1.88081632653,252,175,0.00648082577181,1,120.218017288,42.0672187642,3.98597329455,0.326561363401,251.974934584
R08,82944,1.88081632653,504,87.5,0.019489446037,0,0.326561363401,120.218017288,0.766190012536,0,251.974934584
R08,83456,1.89242630385,252,175,0.0068089367324,1,120.295605428,42.9532229232,6.51278987836,0.478988917088,251.997222912
R08,83456,1.89242630385,504,87.5,0.0208338292141,0,0.478988917088,120.295605428,0.683913877443,0,251.997222912
R08,83968,1.90403628118,252,175,0.0068144250545,1,119.151637408,36.2172940278,9.04727665678,0.588232089685,252.023998741
R08,83968,1.90403628118,504,87.5,0.0200622592686,0,0.588232089685,119.151637408,0.424252629989,0,252.023998741
R08,84480,1.9156462585,252,175,0.0071671058837,1,116.830387374,25.2170450676,10.6837608075,0.691784783626,251.88592603
R08,84480,1.9156462585,504,87.5,0.0205196295922,0,0.691784783626,116.830387374,0.258913499207,0,251.88592603
R08,84992,1.92725623583,64,689.0625,2.30229644249,0,7.35617747716,3.19365009958,0,14.2285721431,251.931616133
R08,84992,1.92725623583,252,175,0.00794960093849,1,114.707604614,14.9245324236,11.0619819927,0.623476027243,251.931616133
R08,84992,1.92725623583,504,87.5,0.02332361434,0,0.623476027243,114.707604614,0.346742539943,0,251.931616133
R08,85504,1.93886621315,64,689.0625,2.28134265756,0,5.52142469053,2.46890143245,0,11.9012139141,251.887541219
R08,85504,1.93886621315,252,175,0.00924467990483,1,113.765254277,9.31459512417,9.82413989412,0.454897660218,251.887541219
R08,85504,1.93886621315,504,87.5,0.0299336328534,0,0.454897660218,113.765254277,0.511064418282,0,251.887541219
R08,86016,1.95047619048,252,175,0.00939033821766,1,113.926169917,14.778858166,7.05255008416,0.248059519742,251.872333118
R08,86016,1.95047619048,504,87.5,0.0305404941053,0,0.248059519742,113.926169917,0.57873042243,0,251.872333118
R08,86528,1.9620861678,252,175,0.00841238570526,1,114.443315894,30.3923473265,4.38526699048,0.242334758626,251.953475952
R08,86528,1.9620861678,380,116.052631579,1.47352500426,0,0.546102613491,0.478540120754,32.1664678868,0,251.953475952
R08,86528,1.9620861678,504,87.5,0.02762734962,0,0.242334758626,114.443315894,0.690127636314,0,251.953475952
R08,87040,1.97369614512,142,310.563380282,1.3700855049,0,1.52100276938,0.124536468017,0.461490602294,6.41846354198,252.080603094
R08,87040,1.97369614512,252,175,0.00793262035456,1,114.046598949,51.6443089358,6.84054471278,0.396597539318,252.080603094
R08,87040,1.97369614512,379,116.35883905,1.34622011404,0,0.922635144731,0.692277399249,52.8105771272,0,252.080603094
R08,87040,1.97369614512,504,87.5,0.0257087316919,0,0.396597539318,114.046598949,0.79124327381,0,252.080603094
R08,87552,1.98530612245,129,341.860465116,1.29356717099,0,68.0894414836,2.87986995673,0.360371141364,102.318028134,252.174809013
R08,87552,1.98530612245,252,175,0.00759693496918,1,111.954741071,73.537036978,11.6870705861,0.566090393344,252.174809013
R08,87552,1.98530612245,379,116.35883905,1.25956814209,0,1.06223166307,0.153095349634,74.8161205954,0,252.174809013
R08,87552,1.98530612245,505,87.3267326733,0.0250797845735,0,0.572995894372,111.896446922,0.732747872728,0,252.174809013
R08,88064,1.99691609977,129,341.860465116,1.23235894091,0,78.6555953258,3.08129865115,0.366117868813,99.4219935385,252.417535482
R08,88064,1.99691609977,252,175,0.00781504082309,1,108.747258291,89.8647352719,15.7388724323,0.626421008365,252.417535482
R08,88064,1.99691609977,380,116.052631579,1.18981160383,0,0.800253222823,0.270483039265,91.7059569604,0,252.417535482
R08,88064,1.99691609977,505,87.3267326733,0.0238646570067,0,0.632447901007,108.706056201,0.560172208589,0,252.417535482
R08,88576,2.0085260771,128,344.53125,1.16799185338,0,93.341109623,5.5136574446,1.34318454742,101.73738132,252.627912367
R08,88576,2.0085260771,253,174.308300395,0.00716948844469,1,105.604880853,98.4132646914,19.6667907759,0.6599724914,252.627912367
R08,88576,2.0085260771,381,115.748031496,1.1200742683,0,0.824446609068,0.273866735923,98.4214730116,0,252.627912367
R08,88576,2.0085260771,505,87.3267326733,0.0211968835825,0,0.650254107908,105.775330178,0.479307660949,0,252.627912367
R08,89088,2.02013605442,127,347.244094488,1.08950044347,0,98.1477372512,8.44478070809,3.7329784804,103.11908727,252.802013295
R08,89088,2.02013605442,253,174.308300395,0.00594941906066,1,103.88692774,97.5602037777,21.5467768752,0.804702825046,252.802013295
R08,89088,2.02013605442,381,115.748031496,1.04689026062,0,0.621886072687,0.673753877864,98.1477372512,0,252.802013295
R08,89088,2.02013605442,506,87.1541501976,0.0173394848349,0,0.804702825046,103.88692774,0.664660881045,0,252.802013295
R08,89600,2.03174603175,126,350,0.993498161189,0,90.7966275942,9.15488112481,6.22192949449,103.850762755,252.860897207
R08,89600,2.03174603175,253,174.308300395,0.00605120472987,1,103.618339631,94.6433771357,22.5007186565,0.815505575604,252.860897207
R08,89600,2.03174603175,380,116.052631579,0.960893396532,0,1.81138101656,0.411486987358,95.446845468,0,252.860897207
R08,89600,2.03174603175,506,87.1541501976,0.016708722488,0,0.815505575604,103.618339631,0.872729910497,0,252.860897207
R08,90112,2.04335600907,125,352.8,0.895610736002,0,76.7761183349,5.94449641128,4.75690204866,103.365950395,252.837286296
R08,90112,2.04335600907,253,174.308300395,0.0056840130167,1,104.322647192,97.1467037681,22.5832488997,0.681823627423,252.837286296
R08,90112,2.04335600907,379,116.35883905,0.873220343906,0,1.99250122848,0.751831681538,95.8269520818,0,252.837286296
R08,90112,2.04335600907,506,87.1541501976,0.0171293936128,0,0.681823627423,104.322647192,0.907347345296,0,252.837286296
R08,90624,2.05496598639,125,352.8,0.806667563225,0,89.9669232751,6.77032527171,3.09143824469,103.988187058,252.803142632
R08,90624,2.05496598639,253,174.308300395,0.00557906822408,1,104.91224888,109.340726498,21.6829872514,0.489311447836,252.803142632
R08,90624,2.05496598639,379,116.35883905,0.790641376972,0,1.7795917428,1.03786080866,108.159500427,0,252.803142632
R08,90624,2.05496598639,506,87.1541501976,0.0166109160108,0,0.489311447836,104.91224888,0.937578229357,0,252.803142632
R08,91136,2.06657596372,125,352.8,0.750304264762,0,111.656486676,8.62097360175,0.902157757556,103.703666609,252.77281066
R08,91136,2.06657596372,253,174.308300395,0.00572626928017,1,104.513714877,128.417192967,19.7401864514,0.685206293219,252.77281066
R08,91136,2.06657596372,379,116.35883905,0.730019453507,0,1.9409864145,0.996804944059,127.602741907,0,252.77281066
R08,91136,2.06657596372,506,87.1541501976,0.0170052703569,0,0.685206293219,104.513714877,0.948520133705,0,252.77281066
R08,91648,2.07818594104,125,352.8,0.706226552728,0,131.87714013,10.5854808433,1.69165636785,102.798037263,252.570237998
R08,91648,2.07818594104,253,174.308300395,0.0058640283874,1,103.358973887,147.031710485,16.6730418276,0.981102261131,252.570237998
R08,91648,2.07818594104,378,116.666666667,0.68232226495,0,1.43398630047,1.29605852692,144.559921271,0,252.570237998
R08,91648,2.07818594104,505,87.3267326733,0.0168142479021,0,0.987570248025,103.614742742,0.935006138876,0,252.570237998
R08,92160,2.08979591837,125,352.8,0.668434047453,0,144.392363669,12.2763178597,2.94478585208,102.214696228,252.450263247
R08,92160,2.08979591837,252,175,0.00563159074608,1,102.997442654,156.933508848,12.3922426121,0.994286358805,252.450263247
R08,92160,2.08979591837,378,116.666666667,0.64466415409,0,0.98201568329,1.61364730271,156.933508848,0,252.450263247
R08,92160,2.08979591837,505,87.3267326733,0.0161698099445,0,0.991817619327,102.835895426,0.947874795897,0,252.450263247
R08,92672,2.10140589569,125,352.8,0.644112894339,0,147.729766705,13.353313467,2.80035296718,102.493963535,252.21211248
R08,92672,2.10140589569,252,175,0.00510135569061,1,103.136206524,159.876620907,7.63706188437,0.690805221327,252.21211248
R08,92672,2.10140589569,378,116.666666667,0.620254666818,0,1.04645213404,1.87910514939,159.876620907,0,252.21211248
R08,92672,2.10140589569,505,87.3267326733,0.0150968242954,0,0.688411851927,102.941984276,1.07976025639,0,252.21211248
R08,93184,2.11301587302,125,352.8,0.642001798402,0,144.390816157,13.5388459652,1.73972840015,103.539584218,252.102179088
R08,93184,2.11301587302,252,175,0.00471426188851,1,104.056304634,154.8809826,3.75072343817,0.223995841704,252.102179088
R08,93184,2.11301587302,378,116.666666667,0.615567206759,0,0.898544385295,2.24903478025,154.8809826,0,252.102179088
R08,93184,2.11301587302,504,87.5,0.0131775268305,0,0.223995841704,104.056304634,1.12722655709,0,252.102179088
R08,93696,2.12462585034,125,352.8,0.668999238313,0,137.74801998,13.1094399068,0.716094684448,105.049596859,251.920888941
R08,93696,2.12462585034,252,175,0.00391661749077,1,105.517487072,145.57046653,4.39345512041,0.268241269095,251.920888941
R08,93696,2.12462585034,377,116.976127321,0.64702105088,0,0.508104800691,2.76355313899,144.317010906,0,251.920888941
R08,93696,2.12462585034,504,87.5,0.0113730618109,0,0.268241269095,105.517487072,1.09692271766,0,251.920888941
R08,94208,2.13623582766,125,352.8,0.725783754396,0,130.084145892,13.0671952992,0.138214184725,106.500264263,251.847791012
R08,94208,2.13623582766,252,175,0.0038473154627,1,107.019831021,135.345688045,7.46164542057,0.300242352089,251.847791012
R08,94208,2.13623582766,377,116.976127321,0.703433698281,0,0.873595217107,2.44910320806,134.888812268,0,251.847791012
R08,94208,2.13623582766,504,87.5,0.010684463918,0,0.300242352089,107.019831021,0.967798818154,0,251.847791012
R08,94720,2.14784580499,125,352.8,0.80978036822,0,122.129171617,14.0514162701,1.21986856405,107.600600493,251.657266223
R08,94720,2.14784580499,252,175,0.00345927373698,1,108.198246522,125.908564456,10.7082677974,0.0737168379073,251.657266223
R08,94720,2.14784580499,377,116.976127321,0.784647289887,0,0.889806476889,1.88727814054,125.856695151,0,251.657266223
R08,94720,2.14784580499,503,87.6739562624,0.00926779833852,0,0.0655918910878,108.268539481,0.943848586538,0,251.657266223
R08,95232,2.15945578231,125,352.8,0.893695892581,0,113.650604095,15.5257310936,2.45552655803,107.926650751,251.618042904
R08,95232,2.15945578231,252,175,0.00373468188687,1,108.611645412,116.861721628,13.7823497681,0.337229019896,251.618042904
R08,95232,2.15945578231,377,116.976127321,0.863448531066,0,0.783786556947,1.5487177444,116.883574837,0,251.618042904
R08,95232,2.15945578231,503,87.6739562624,0.00997612935154,0,0.332026909663,108.655997028,0.966247596442,0,251.618042904
R08,95744,2.17106575964,125,352.8,0.981935608499,0,103.670151748,16.5265791437,3.26123351098,106.96525471,251.493318518
R08,95744,2.17106575964,251,175.697211155,0.00393252619426,1,107.630731478,106.170513203,14.7647988638,0.613089418806,251.493318518
R08,95744,2.17106575964,376,117.287234043,0.950850106802,0,1.24768942495,0.681493419013,105.573177406,0,251.493318518
R08,95744,2.17106575964,503,87.6739562624,0.0105561777075,0,0.614285643916,107.749156794,0.862916494261,0,251.493318518
R08,96256,2.18267573696,126,350,1.07872500575,0,93.7345682718,17.2183884472,4.26043979783,105.578035254,251.494994484
R08,96256,2.18267573696,251,175.697211155,0.00422434417601,1,105.435234424,93.7286390081,15.737784325,0.576652328416,251.494994484
R08,96256,2.18267573696,376,117.287234043,1.04591029433,0,1.83189517704,0.365273129772,93.3171726042,0,251.494994484
R08,96256,2.18267573696,503,87.6739562624,0.01167734339,0,0.572004558982,105.577641224,0.730718272056,0,251.494994484
R08,96768,2.19428571429,127,347.244094488,1.14991319461,0,73.1156971795,11.7416003088,3.31283100117,101.649146978,251.636886252
R08,96768,2.19428571429,252,175,0.00450352198862,1,103.046503868,79.3911237123,18.2321280395,0.241267733706,251.636886252
R08,96768,2.19428571429,376,117.287234043,1.11386365718,0,1.70338817726,0.518652311006,80.1538533159,0,251.636886252
R08,96768,2.19428571429,503,87.6739562624,0.0129022371762,0,0.250949832411,103.050521838,0.458587738956,0,251.636886252
R08,97280,2.20589569161,127,347.244094488,1.19822723623,0,59.5892035658,7.07076161032,3.51073231257,99.8846258042,251.70389497
R08,97280,2.20589569161,252,175,0.00476469878243,1,101.41559118,67.6362467426,20.0007805982,0.251053854082,251.70389497
R08,97280,2.20589569161,377,116.976127321,1.16638670725,0,1.63138634363,0.40892246118,68.98755363,0,251.70389497
R08,97280,2.20589569161,503,87.6739562624,0.0142347263098,0,0.261743982544,101.455911996,0.13815956005,0,251.70389497
R08,97792,2.21750566893,128,344.53125,1.18169499446,0,42.6714665888,5.45169579142,3.49974633924,95.8264121355,251.909612275
R08,97792,2.21750566893,252,175,0.00595763625162,1,101.220629488,63.7448253433,23.0855690017,0.769803188741,251.909612275
R08,97792,2.21750566893,377,116.976127321,1.16432034195,0,1.39696969951,0.555050404385,65.0843937774,0,251.909612275
R08,97792,2.21750566893,504,87.5,0.018342956936,0,0.769803188741,101.220629488,0.159233321605,0,251.909612275
R08,98304,2.22911564626,127,347.244094488,1.10124937113,0,64.6548917451,5.11277031998,6.64121877277,100.057395052,252.128364116
R08,98304,2.22911564626,252,175,0.00690724450302,1,101.818237481,70.091077048,26.722328569,1.11473200282,252.128364116
R08,98304,2.22911564626,379,116.35883905,1.09012223455,0,1.39932216169,0.384592781182,68.9560878009,0,252.128364116
R08,98304,2.22911564626,504,87.5,0.0220582090989,0,1.11473200282,101.818237481,0.445884896898,0,252.128364116
R08,98816,2.24072562358,126,350,0.991396132241,0,84.3994442861,11.1484889993,9.70643744542,102.419907597,252.185217285
R08,98816,2.24072562358,252,175,0.00619023013824,1,102.419907597,84.3994442861,29.6175539467,1.21975579842,252.185217285
R08,98816,2.24072562358,379,116.35883905,0.977486088732,0,1.22727962235,0.436063627827,84.6035197038,0,252.185217285
R08,98816,2.24072562358,504,87.5,0.0201242463077,0,1.21975579842,102.419907597,0.615930111954,0,252.185217285
R08,99328,2.25233560091,126,350,0.879057834315,0,103.118977656,14.3256079815,9.73885703594,102.427050853,252.156492161
R08,99328,2.25233560091,252,175,0.00524211087923,1,102.427050853,103.118977656,30.8267684766,0.925266275237,252.156492161
R08,99328,2.25233560091,379,116.35883905,0.863468065772,0,1.0602256043,0.812154800438,104.355182591,0,252.156492161
R08,99328,2.25233560091,505,87.3267326733,0.0169101360338,0,0.922885737536,102.209327075,0.628908494079,0,252.156492161
R08,99840,2.26394557823,126,350,0.785848840278,0,122.779919005,16.2059395028,8.17144639619,101.705931497,252.165973052
R08,99840,2.26394557823,252,175,0.00477309380165,1,101.705931497,122.779919005,30.1485755453,0.421590511896,252.165973052
R08,99840,2.26394557823,379,116.35883905,0.771571944433,0,0.761604788851,0.934915630207,124.377135953,0,252.165973052
R08,99840,2.26394557823,505,87.3267326733,0.0151003267829,0,0.419329536294,101.509700508,0.548088824642,0,252.165973052
R08,100352,2.27555555556,126,350,0.706944585822,0,139.477091229,17.4376324999,5.78232585645,100.144376169,252.053966642
R08,100352,2.27555555556,252,175,0.00449717778624,1,100.144376169,139.477091229,27.8418577434,0.117067390372,252.053966642
R08,100352,2.27555555556,378,116.666666667,0.69095961732,0,0.600828941746,0.327287298307,139.477091229,0,252.053966642
R08,100352,2.27555555556,504,87.5,0.0143961289871,0,0.117067390372,100.144376169,0.467470848227,0,252.053966642
R08,100864,2.28716553288,125,352.8,0.652210095172,0,141.05949441,15.6656816213,4.79886101498,96.9418553546,251.960457281
R08,100864,2.28716553288,252,175,0.00442118708149,1,97.9056167297,149.966553779,24.3504814913,0.167024305716,251.960457281
R08,100864,2.28716553288,378,116.666666667,0.63224908645,0,0.565483726128,0.303234679847,149.966553779,0,251.960457281
R08,100864,2.28716553288,504,87.5,0.013823911913,0,0.167024305716,97.9056167297,0.526074916026,0,251.960457281
R08,101376,2.2987755102,125,352.8,0.625752563868,0,146.290719677,17.1313290374,3.11826942637,94.1916629323,251.802040237
R08,101376,2.2987755102,252,175,0.00445016037928,1,95.4823593233,152.633678003,20.559384904,0.34579804687,251.802040237
R08,101376,2.2987755102,378,116.666666667,0.607779170953,0,0.945762735058,0.506551339103,152.633678003,0,251.802040237
R08,101376,2.2987755102,504,87.5,0.0135177256871,0,0.34579804687,95.4823593233,0.543813694027,0,251.802040237
R08,101888,2.31038548753,125,352.8,0.635008239618,0,144.286799514,18.2123735321,2.16647018978,92.159499794,251.583736476
R08,101888,2.31038548753,252,175,0.00467756540781,1,93.6533740118,147.890335978,17.4717214008,0.579524253405,251.583736476
R08,101888,2.31038548753,377,116.976127321,0.61861272427,0,0.920206492553,0.0604644366628,148.02622799,0,251.583736476
R08,101888,2.31038548753,503,87.6739562624,0.0128099328964,0,0.577260050067,93.477442895,0.713890676884,0,251.583736476
R08,102400,2.32199546485,125,352.8,0.678270908779,0,135.453585912,18.0513522117,2.10809240148,91.6563441868,251.39837714
R08,102400,2.32199546485,251,175.697211155,0.00582933102858,1,92.6437627102,137.300501091,13.1717485745,0.745825765574,251.39837714
R08,102400,2.32199546485,376,117.287234043,0.660905343383,0,0.564995304227,0.617253214789,136.985749742,0,251.39837714
R08,102400,2.32199546485,503,87.6739562624,0.0172411611189,0,0.743482049724,92.9422547604,0.807029783627,0,251.39837714
R08,102912,2.33360544218,125,352.8,0.748760180137,0,119.365605858,16.4226655465,2.42356540055,92.3426770821,251.139347805
R08,102912,2.33360544218,251,175.697211155,0.00771000688563,1,93.2521257744,119.627745984,11.2571433001,0.686858117193,251.139347805
R08,102912,2.33360544218,376,117.287234043,0.736480172857,0,0.974420042782,1.00163913626,119.783803592,0,251.139347805
R08,102912,2.33360544218,502,87.8486055777,0.0258217429156,0,0.686858117193,93.2521257744,0.736088305371,0,251.139347805
R08,103424,2.3452154195,125,352.8,0.820357224937,0,96.0210313417,13.5573864909,2.80182915268,93.1324262869,250.913353835
R08,103424,2.3452154195,251,175.697211155,0.0103053500041,1,94.030799658,94.1267209112,8.19213410818,0.60692054749,250.913353835
R08,103424,2.3452154195,375,117.6,0.817193648782,0,1.83800764171,1.7910145343,96.0210313417,0,250.913353835
R08,103424,2.3452154195,502,87.8486055777,0.0356251527872,0,0.60692054749,94.030799658,0.514777474059,0,250.913353835
R08,103936,2.35682539683,125,352.8,0.867482358778,0,69.1311014826,9.98607962302,3.2580828922,93.3145904971,250.815538143
R08,103936,2.35682539683,251,175.697211155,0.011505016256,1,94.294804752,63.6812968991,5.34929717906,0.579123777847,250.815538143
R08,103936,2.35682539683,375,117.6,0.87199020356,0,1.91408945521,1.94312841761,69.1311014826,0,250.815538143
R08,103936,2.35682539683,501,88.0239520958,0.0414281100558,0,0.587558207548,93.86872881,0.337232794103,0,250.815538143
R08,104448,2.36843537415,125,352.8,0.879070761201,0,53.8087874445,6.23788923869,3.59198992156,93.2549537043,250.668679864
R08,104448,2.36843537415,251,175.697211155,0.0116021607624,1,94.307093097,44.5311102081,6.04121755275,0.526146221635,250.668679864
R08,104448,2.36843537415,375,117.6,0.883699939017,0,1.87919637509,1.39066492379,53.8087874445,0,250.668679864
R08,104448,2.36843537415,501,88.0239520958,0.0421069345378,0,0.530731603937,93.8462865468,0.415951041757,0,250.668679864
R08,104960,2.38004535147,125,352.8,0.872954793261,0,69.003214816,3.09310294002,3.24201250048,93.6263739277,250.755436124
R08,104960,2.38004535147,251,175.697211155,0.011031093265,1,94.6574711956,62.726682874,8.48239127447,0.325927518305,250.755436124
R08,104960,2.38004535147,375,117.6,0.868135296244,0,1.85597114821,1.45573428681,69.003214816,0,250.755436124
R08,104960,2.38004535147,501,88.0239520958,0.0394609821401,0,0.331733854348,94.2075292146,0.603580007619,0,250.755436124
R08,105472,2.3916553288,125,352.8,0.858524368841,0,97.8404069971,3.53845838326,1.83543798959,94.884919402,250.91045072
R08,105472,2.3916553288,251,175.697211155,0.0105203566578,1,95.7971787091,95.2057842746,9.89890505896,0.169578625459,250.91045072
R08,105472,2.3916553288,375,117.6,0.850659605932,0,1.14395896153,1.22027458064,97.8404069971,0,250.91045072
R08,105472,2.3916553288,502,87.8486055777,0.037016789573,0,0.169578625459,95.7971787091,0.749575089924,0,250.91045072
R08,105984,2.40326530612,125,352.8,0.852706645881,0,120.56980033,6.8104812846,0.814768269751,96.6541398044,251.023739087
R08,105984,2.40326530612,251,175.697211155,0.00965130737239,1,97.4425208883,120.032528904,9.63619979384,0.332440504743,251.023739087
R08,105984,2.40326530612,375,117.6,0.832273732806,0,1.18126161391,0.874309512832,120.56980033,0,251.023739087
R08,105984,2.40326530612,502,87.8486055777,0.0323389528807,0,0.332440504743,97.4425208883,0.783674985792,0,251.023739087
R08,106496,2.41487528345,125,352.8,0.855571881627,0,129.45704696,10.525556453,3.18139504576,98.2497414298,251.110876522
R08,106496,2.41487528345,251,175.697211155,0.00854823692079,1,99.0360792799,129.955548395,8.05598225412,0.439850637208,251.110876522
R08,106496,2.41487528345,375,117.6,0.82973664201,0,0.989786894542,1.00491888421,129.45704696,0,251.110876522
R08,106496,2.41487528345,502,87.8486055777,0.0277841572322,0,0.439850637208,99.0360792799,0.872779966437,0,251.110876522
R08,107008,2.42648526077,125,352.8,0.873483064626,0,123.258636009,14.2882805076,5.05185663807,99.1236609003,251.169554198
R08,107008,2.42648526077,251,175.697211155,0.00761105097978,1,100.075625953,123.946008556,6.07730414299,0.437431562026,251.169554198
R08,107008,2.42648526077,375,117.6,0.845565983417,0,1.59255736796,0.711358639661,123.258636009,0,251.169554198
R08,107008,2.42648526077,502,87.8486055777,0.024432183721,0,0.437431562026,100.075625953,1.0300871872,0,251.169554198
R08,107520,2.4380952381,125,352.8,0.923875660681,0,104.828333819,17.6226022951,5.61474956315,99.1214173834,251.248060489
R08,107520,2.4380952381,251,175.697211155,0.00756724048178,1,100.373681074,104.96485322,4.5865760613,0.311692532529,251.248060489
R08,107520,2.4380952381,375,117.6,0.895236070371,0,1.65894192688,0.117513546785,104.828333819,0,251.248060489
R08,107520,2.4380952381,502,87.8486055777,0.0246420930574,0,0.311692532529,100.373681074,0.93082046945,0,251.248060489
R08,108032,2.44970521542,125,352.8,1.01840331115,0,78.5397740322,19.8932485966,4.69113352588,98.7259350902,251.332202533
R08,108032,2.44970521542,251,175.697211155,0.00839993286465,1,100.312513941,77.6822500041,3.86856158331,0.206691057978,251.332202533
R08,108032,2.44970521542,376,117.287234043,0.993928173631,0,1.35785175935,0.741269436882,78.0862065648,0,251.332202533
R08,108032,2.44970521542,503,87.6739562624,0.0287404785586,0,0.208332884097,100.900048851,0.588320597685,0,251.332202533
R08,108544,2.46131519274,126,350,1.15732455368,0,44.3588830308,18.0551632038,7.11651473843,102.171690012,251.411772292
R08,108544,2.46131519274,251,175.697211155,0.00981398870757,1,100.970273998,46.6850409158,3.99635501869,0.140211858486,251.411772292
R08,108544,2.46131519274,376,117.287234043,1.1365938533,0,1.52275734736,1.02054775685,47.474657737,0,251.411772292
R08,108544,2.46131519274,503,87.6739562624,0.0334505976862,0,0.13610369388,101.641314938,0.566703005368,0,251.411772292
R08,109056,2.47292517007,128,344.53125,1.30768664378,0,17.7419171924,1.8692976025,0.254752119223,103.335887898,251.504012729
R08,109056,2.47292517007,252,175,0.0105493172787,1,104.361682889,14.2052942417,5.38949742523,0.157676326234,251.504012729
R08,109056,2.47292517007,377,116.976127321,1.28835802955,0,1.26524322096,1.58695719823,17.4174617968,0,251.504012729
R08,109056,2.47292517007,503,87.6739562624,0.0350882103194,0,0.167519513464,103.857100094,0.794529167224,0,251.504012729
R08,109568,2.48453514739,130,339.230769231,1.44346895965,0,24.6342504254,1.02800012758,0.294373734065,95.9366589556,251.666767174
R08,109568,2.48453514739,252,175,0.0108599435464,1,107.970388523,19.9494438361,5.69549639324,0.288429128198,251.666767174
R08,109568,2.48453514739,378,116.666666667,1.42492199327,0,1.21977446419,1.94014326613,19.9494438361,0,251.666767174
R08,109568,2.48453514739,503,87.6739562624,0.0353478182993,0,0.298167260698,107.573748218,0.702028531058,0,251.666767174
R08,110080,2.49614512472,252,175,0.0111750132622,1,112.47700783,41.0070170535,5.22473238912,0.434862943366,251.986101572
R08,110080,2.49614512472,380,116.052631579,1.49451274326,0,1.82829031397,1.67430113842,39.7693196913,0,251.986101572
R08,110080,2.49614512472,504,87.5,0.0339931835882,0,0.434862943366,112.47700783,0.331493716827,0,251.986101572
R08,110592,2.50775510204,252,175,0.00983009154211,1,116.898992822,53.4725202863,3.79926531885,0.373357236797,252.15949444
R08,110592,2.50775510204,381,115.748031496,1.48586519787,0,1.60911756176,1.84164582576,54.1277712355,0,252.15949444
R08,110592,2.50775510204,505,87.3267326733,0.0312622004272,0,0.373830219701,116.896268918,0.334845591101,0,252.15949444
R08,111104,2.51936507937,33,1336.36363636,2.41478686672,0,0.0744332948556,0,0,0.604995377189,252.13779806
R08,111104,2.51936507937,252,175,0.00855483999382,1,119.837506616,57.5608420827,1.71427948674,0.154169492043,252.13779806
R08,111104,2.51936507937,381,115.748031496,1.42719492823,0,1.80427841368,2.00379926005,62.1588837849,0,252.13779806
R08,111104,2.51936507937,505,87.3267326733,0.0264174483282,0,0.157762435425,119.754828513,0.452940624922,0,252.13779806
R08,111616,2.53097505669,131,336.641221374,1.38908408065,0,46.4615752189,0.992873456657,0.210266598438,92.968802531,252.159389165
R08,111616,2.53097505669,252,175,0.00717450495041,1,120.311923458,59.4274697023,2.33655055786,0.161398946622,252.159389165
R08,111616,2.53097505669,381,115.748031496,1.36074915275,0,1.55969122606,1.8410334302,66.9950702087,0,252.159389165
R08,111616,2.53097505669,505,87.3267326733,0.0216825941677,0,0.165468338515,120.136210149,0.70556668747,0,252.159389165
R08,112128,2.54258503401,129,341.860465116,1.32633399398,0,68.9225165746,3.24827305433,0.719495225036,105.44907702,251.98572244
R08,112128,2.54258503401,252,175,0.00717224231019,1,117.662930377,66.0500607939,5.2131624864,0.338952384345,251.98572244
R08,112128,2.54258503401,380,116.052631579,1.30241675036,0,1.16148519549,1.70796270767,71.1645989041,0,251.98572244
R08,112128,2.54258503401,504,87.5,0.0223011195379,0,0.338952384345,117.662930377,0.971651865772,0,251.98572244
R08,112640,2.55419501134,129,341.860465116,1.27056914364,0,67.1832966632,3.49025800943,0.967174342418,98.7530714858,252.010050166
R08,112640,2.55419501134,252,175,0.00719436897443,1,111.424039863,75.8809451819,7.40610055484,0.379867595684,252.010050166
R08,112640,2.55419501134,380,116.052631579,1.24053500578,0,1.47800517905,1.64774711393,78.2938868588,0,252.010050166
R08,112640,2.55419501134,504,87.5,0.0231803733586,0,0.379867595684,111.424039863,1.04175718976,0,252.010050166
R08,113152,2.56580498866,128,344.53125,1.21359650525,0,72.9873778657,3.54300670755,4.18048339166,95.8353892181,251.899411875
R08,113152,2.56580498866,252,175,0.00750920660206,1,102.355258183,82.8943531021,8.24547570336,0.290144791583,251.899411875
R08,113152,2.56580498866,379,116.35883905,1.17762329592,0,1.40859782897,1.05899816009,82.9148298438,0,251.899411875
R08,113152,2.56580498866,504,87.5,0.0237240076019,0,0.290144791583,102.355258183,0.956780385687,0,251.899411875
R08,113664,2.57741496599,127,347.244094488,1.15702702975,0,79.2237725326,7.85479916656,7.29122042153,89.8538736452,251.786096774
R08,113664,2.57741496599,252,175,0.00860863163968,1,91.9313964671,84.2596266272,7.82280551819,0.0318532267868,251.786096774
R08,113664,2.57741496599,378,116.666666667,1.10599398502,0,1.43177012174,0.686766948475,84.2596266272,0,251.786096774
R08,113664,2.57741496599,503,87.6739562624,0.0241182567828,0,0.0220928065062,92.1621274208,0.9510703017,0,251.786096774
R08,114176,2.58902494331,126,350,1.10605707446,0,79.9486861104,9.65040645693,8.43643798341,81.5023687409,251.599796298
R08,114176,2.58902494331,252,175,0.00932086592712,1,81.5023687409,79.9486861104,6.73050085328,0.0420502319329,251.599796298
R08,114176,2.58902494331,377,116.976127321,1.05790380622,0,1.39106170313,0.568234431549,80.4854604744,0,251.599796298
R08,114176,2.58902494331,503,87.6739562624,0.0266720207121,0,0.0421959704689,81.6079553598,0.664317113304,0,251.599796298
R08,114688,2.60063492063,125,352.8,1.06673722501,0,69.6966779391,6.31430039789,7.0198424347,70.9357651999,251.46542137
R08,114688,2.60063492063,251,175.697211155,0.012039967347,1,71.5956833152,70.1322153854,5.32386907682,0.0830149614266,251.46542137
R08,114688,2.60063492063,376,117.287234043,1.01963373401,0,0.529877587324,0.605384111033,70.1177309121,0,251.46542137
R08,114688,2.60063492063,503,87.6739562624,0.0368123187023,0,0.0869651444458,71.7793428038,0.342950393868,0,251.46542137
R08,115200,2.61224489796,125,352.8,1.00026479714,0,54.7350552589,6.08879531842,6.04213198009,61.976909569,251.527672762
R08,115200,2.61224489796,252,175,0.0163815179361,1,63.7438226442,51.8436160969,3.68426465196,0.205900481571,251.527672762
R08,115200,2.61224489796,375,117.6,0.960774729993,0,0.681184264273,0.526682432992,54.7350552589,0,251.527672762
R08,115200,2.61224489796,503,87.6739562624,0.0516259180793,0,0.199317870561,63.4311037721,0.162132018089,0,251.527672762
R08,115712,2.62385487528,125,352.8,0.857967185363,0,40.1134895385,6.88855264384,5.36066015893,55.4193809217,251.58088975
R08,115712,2.62385487528,252,175,0.0183703010452,1,57.8689835799,30.8481655115,3.1655522632,0.338657370907,251.58088975
R08,115712,2.62385487528,376,117.287234043,0.848891670332,0,1.26520660299,0.423559173824,37.3076018705,0,251.58088975
R08,115712,2.62385487528,503,87.6739562624,0.0607325763144,0,0.331918472701,57.3790755286,0.224417414656,0,251.58088975
R08,116224,2.63546485261,125,352.8,0.707837414111,0,40.8415852039,8.83240951093,5.03863136579,52.6406675301,251.666204063
R08,116224,2.63546485261,252,175,0.0177361346609,1,55.2194862558,29.8176555144,3.95933001346,0.331344312135,251.666204063
R08,116224,2.63546485261,376,117.287234043,0.702449454196,0,1.15468303361,0.0785498739896,37.5430356355,0,251.666204063
R08,116224,2.63546485261,503,87.6739562624,0.0615683854191,0,0.322755958161,54.6952087378,0.577989114329,0,251.666204063
R08,116736,2.64707482993,125,352.8,0.575523335736,0,61.8622065838,10.9172758754,4.64087858221,54.0974911561,251.534782945
R08,116736,2.64707482993,252,175,0.0152815289043,1,56.2910435227,58.0397536526,4.27781606479,0.18306038345,251.534782945
R08,116736,2.64707482993,376,117.287234043,0.568640756892,0,0.689470249786,0.784644222599,60.9183714227,0,251.534782945
R08,116736,2.64707482993,503,87.6739562624,0.0524576248198,0,0.173915201034,55.861657879,0.707310061693,0,251.534782945
R08,117248,2.65868480726,125,352.8,0.483789831999,0,90.3173872215,12.1764661899,3.69630660499,58.3560106006,251.3762704
R08,117248,2.65868480726,251,175.697211155,0.0120148548315,1,59.3707444236,91.4608836627,3.96117804696,0.234388622326,251.3762704
R08,117248,2.65868480726,376,117.287234043,0.474842818863,0,0.894321932141,1.51266407225,91.2376467113,0,251.3762704
R08,117248,2.65868480726,503,87.6739562624,0.0400316371014,0,0.238425325941,59.7563694218,0.666690103664,0,251.3762704
R08,117760,2.67029478458,125,352.8,0.42601530247,0,118.49045436,12.4068022446,2.31985846995,63.7098562619,251.369975755
R08,117760,2.67029478458,251,175.697211155,0.00914344883207,1,64.5580487185,120.945009724,3.42888144299,0.201658751026,251.369975755
R08,117760,2.67029478458,376,117.287234043,0.418668631604,0,1.36731820746,1.72571138878,120.360497156,0,251.369975755
R08,117760,2.67029478458,503,87.6739562624,0.0292079495383,0,0.203542487882,64.852523685,0.695384546886,0,251.369975755
R08,118272,2.6819047619,125,352.8,0.39417244782,0,141.663152042,12.2347117838,2.17037065059,68.990288903,251.438874635
R08,118272,2.6819047619,251,175.697211155,0.00696263224072,1,69.7377211719,144.542758218,4.80443570719,0.213369411691,251.438874635
R08,118272,2.6819047619,376,117.287234043,0.385373922168,0,1.02911451842,1.59424150405,143.883237713,0,251.438874635
R08,118272,2.6819047619,503,87.6739562624,0.0205374459251,0,0.21616476773,69.972476479,0.752263323797,0,251.438874635
R08,118784,2.69351473923,125,352.8,0.369606199906,0,156.680233474,12.5206122158,3.35581843739,73.5374043621,251.579264608
R08,118784,2.69351473923,252,175,0.00551632758449,1,74.5187603377,159.961713169,6.60883325204,0.167322797522,251.579264608
R08,118784,2.69351473923,377,116.976127321,0.362344204241,0,0.445117166603,1.52900499172,160.271456843,0,251.579264608
R08,118784,2.69351473923,503,87.6739562624,0.0153788020076,0,0.161753175645,74.4209228042,0.497547871604,0,251.579264608
R08,119296,2.70512471655,125,352.8,0.358031961079,0,163.29582277,13.2929269428,3.87808200501,76.8565917765,251.732488121
R08,119296,2.70512471655,252,175,0.00437337839807,1,77.7969368795,167.944816916,8.01749781378,0.228978401289,251.732488121
R08,119296,2.70512471655,377,116.976127321,0.347951635313,0,0.390547775274,1.34356731905,167.926980737,0,251.732488121
R08,119296,2.70512471655,503,87.6739562624,0.0117936648287,0,0.225855345561,77.7160112659,0.349289730817,0,251.732488121
R08,119808,2.71673469388,125,352.8,0.367656358967,0,163.756526782,13.6921853392,3.41213164885,79.091549987,251.969545195
R08,119808,2.71673469388,252,175,0.00430190546507,1,80.1868979682,171.06052881,7.61342823249,0.187494193496,251.969545195
R08,119808,2.71673469388,378,116.666666667,0.355534724298,0,0.950024568542,1.40187068861,171.06052881,0,251.969545195
R08,119808,2.71673469388,504,87.5,0.011511658006,0,0.187494193496,80.1868979682,0.267792354672,0,251.969545195
R08,120320,2.7283446712,125,352.8,0.393693393323,0,160.334871294,12.9599379436,2.70421129376,81.2174606013,252.145413447
R08,120320,2.7283446712,252,175,0.00471723602032,1,82.4641100599,170.854510629,5.79056376043,0.0823404597863,252.145413447
R08,120320,2.7283446712,378,116.666666667,0.380620785356,0,0.961528141311,1.17038319776,170.854510629,0,252.145413447
R08,120320,2.7283446712,504,87.5,0.0123509268365,0,0.0823404597863,82.4641100599,0.517222406023,0,252.145413447
R08,120832,2.73995464853,125,352.8,0.444382186543,0,153.840206255,10.9881128193,2.87841701708,83.8966103679,252.353132227
R08,120832,2.73995464853,252,175,0.00536759219933,1,85.2988611855,166.846855058,4.10064233039,0.112981131021,252.353132227
R08,120832,2.73995464853,378,116.666666667,0.428953988249,0,1.81394288352,0.308435454686,166.846855058,0,252.353132227
R08,120832,2.73995464853,505,87.3267326733,0.0130808915104,0,0.110354135143,85.3541464967,1.32485317811,0,252.353132227
R08,121344,2.75156462585,125,352.8,0.513847130429,0,143.932702756,8.05750569508,3.53595865501,87.7828519101,252.626530505
R08,121344,2.75156462585,253,174.308300395,0.0054749098007,1,89.3404952533,161.000291061,5.08429601919,0.219281000852,252.626530505
R08,121344,2.75156462585,379,116.35883905,0.493393000323,0,2.27867642003,0.258003067695,160.449664851,0,252.626530505
R08,121344,2.75156462585,505,87.3267326733,0.0126268401523,0,0.222623610952,89.3858762917,2.30324779139,0,252.626530505
R08,121856,2.76317460317,125,352.8,0.581096736819,0,130.705864182,4.76451677581,3.65204097961,92.8216984823,252.769750394
R08,121856,2.76317460317,253,174.308300395,0.00600569063439,1,94.2383052951,148.189041137,5.72184506932,0.196828740392,252.769750394
R08,121856,2.76317460317,379,116.35883905,0.565679991524,0,2.87478128496,0.831031203859,147.478288547,0,252.769750394
R08,121856,2.76317460317,506,87.1541501976,0.0151008010375,0,0.196828740392,94.2383052951,2.88827459015,0,252.769750394
R08,122368,2.7747845805,125,352.8,0.666521299447,0,114.821413106,3.10651482762,2.95534156882,97.2849729535,252.802677563
R08,122368,2.7747845805,253,174.308300395,0.00789003962005,1,98.1841076149,130.534512208,5.97312101799,0.0324854844155,252.802677563
R08,122368,2.7747845805,379,116.35883905,0.652632512755,0,3.36286676734,1.56894353021,129.874953281,0,252.802677563
R08,122368,2.7747845805,506,87.1541501976,0.0183781910955,0,0.0324854844155,98.1841076149,3.01091826581,0,252.802677563
R08,122880,2.78639455782,126,350,0.804286749039,0,107.961907382,6.1651391065,1.45207866156,100.245643608,253.084764786
R08,122880,2.78639455782,253,174.308300395,0.0217339005473,1,99.6992504039,110.346690627,5.96875217489,0.650312674887,253.084764786
R08,122880,2.78639455782,380,116.052631579,0.771973124327,0,3.68450085164,2.39389816685,110.662264024,0,253.084764786
R08,122880,2.78639455782,506,87.1541501976,0.0296261514773,0,0.650312674887,99.6992504039,2.30606900009,0,253.084764786
R08,123392,2.79800453515,128,344.53125,0.909080382487,0,87.5426818962,2.83309698491,3.3079213574,93.1657873662,253.206215555
R08,123392,2.79800453515,253,174.308300395,0.130081966382,1,98.7601311697,90.6505636199,6.11168775402,1.71442415796,253.206215555
R08,123392,2.79800453515,380,116.052631579,0.902696454687,0,6.52356483574,4.5945662282,91.1112151575,0,253.206215555
R08,123392,2.79800453515,506,87.1541501976,0.0868878477221,0,1.71442415796,98.7601311697,1.71503631167,0,253.206215555
R08,123904,2.80961451247,130,339.230769231,1.02364699924,0,56.0977863275,0.307867387846,1.00591422551,75.4368747164,0
R08,123904,2.80961451247,255,172.941176471,0.205156368136,0,91.4671612873,72.8791883551,6.99262523927,2.21080282674,0
R08,123904,2.80961451247,382,115.445026178,1.07508585444,0,12.6074648908,5.70645448447,72.9613216385,0,0
R08,123904,2.80961451247,505,87.3267326733,0.240684750755,0,2.3631423575,96.0540392392,11.6192903827,0,0
R08,124416,2.8212244898,136,324.264705882,1.11626447193,0,16.8943825264,0.498520009058,1.83875753985,25.8269841669,0
R08,124416,2.8212244898,256,172.265625,0.278612710342,0,83.7580851409,55.2069901722,8.32400189979,3.08920394655,0
R08,124416,2.8212244898,504,87.5,0.36701576784,0,3.31425229781,91.3842430985,21.0113857136,0,0
R08,124928,2.83283446712,147,300,1.17044638057,0,35.2255657914,3.8411162135,0.967383023628,1.83532245178,0
R08,124928,2.83283446712,259,170.27027027,0.335347949999,0,69.3063382841,33.3265126276,7.05925392859,2.90632727084,0
R08,124928,2.83283446712,505,87.3267326733,0.485435219774,0,3.34647690732,84.9787009,24.8184234104,0,0
R08,125440,2.84444444444,165,267.272727273,1.1610711973,0,18.0045403285,7.67349066774,1.00365134049,37.9951203613,0
R08,125440,2.84444444444,263,167.680608365,0.385518969913,0,52.0002668651,5.95776896147,4.68970117361,2.36928511464,0
R08,125440,2.84444444444,504,87.5,0.592853566872,0,2.8908503947,79.2517939509,20.1996545078,0,0
R08,125952,2.85605442177,270,163.333333333,0.410583068772,0,28.0064730723,24.7895671903,4.5730782358,1.34739163388,0
R08,125952,2.85605442177,505,87.3267326733,0.667023697729,0,1.77827814943,72.5019933508,11.2336524214,0,0
R08,126464,2.86766439909,169,260.946745562,1.15221219204,0,5.13713896828,8.6936692545,0.819770637824,46.9524135599,0
R08,126464,2.86766439909,273,161.538461538,0.434934994786,0,19.5431052366,21.7768944451,2.90186049048,0.643000391345,0
R08,126464,2.86766439909,503,87.6739562624,0.763810265397,0,0.647411821129,67.1387153955,3.27845299734,0,0
R08,126976,2.87927437642,164,268.902439024,1.1457138961,0,3.62313764531,0.558905565951,0.399267297011,42.7044770438,0
R08,126976,2.87927437642,276,159.782608696,0.376168154372,0,13.006443966,11.4942034076,1.4395982326,0,0
R08,126976,2.87927437642,503,87.6739562624,0.784507106582,0,0.0533023035913,61.6492164412,2.45373954409,0,0
R08,126976,2.87927437642,525,84,0.797634883533,0,0.296716857427,46.0412988467,10.4643960267,0,0
R08,127488,2.89088435374,267,165.168539326,0.354182721172,0,31.5401988692,5.00342497478,1.14647763575,0.603078753885,0
R08,127488,2.89088435374,505,87.3267326733,0.654109833355,0,0.762102715996,55.9572905654,4.04163701381,0,0
R08,128000,2.90249433107,256,172.265625,0.285754841751,0,46.8477774662,9.52096792389,6.94333728353,1.51423083543,0
R08,128000,2.90249433107,507,86.9822485207,0.497499570814,0,1.44740658882,49.4369604591,6.79377519018,0,0
R08,128512,2.91410430839,253,174.308300395,0.296547574388,0,44.4833985217,19.1096777918,7.28002995354,1.53407958058,0
R08,128512,2.91410430839,376,117.287234043,1.15567835804,0,2.54527214554,10.4370705324,18.7467551321,0,0
R08,128512,2.91410430839,504,87.5,0.448985426629,0,1.52670439964,44.996721691,5.32954504479,0,0
R08,129024,2.92571428571,253,174.308300395,0.227747043262,0,39.215748069,28.4019018394,6.94725013563,1.52094529741,0
R08,129024,2.92571428571,374,117.914438503,1.07652275008,0,6.30217221438,9.0159390576,24.9361404379,0,0
R08,129024,2.92571428571,505,87.3267326733,0.36006120746,0,1.50504830939,39.4685019858,5.2905960977,0,0
R08,129536,2.93732426304,129,341.860465116,1.10441303898,0,29.1417340811,1.0408713334,0.296087266872,31.6511766739,0
R08,129536,2.93732426304,252,175,0.223718176515,0,34.910302436,34.9076376657,6.04040855723,0.972545825622,0
R08,129536,2.93732426304,378,116.666666667,0.861264746265,0,7.66603841496,3.62379160924,34.9076376657,0,0
R08,129536,2.93732426304,504,87.5,0.329543972638,0,0.972545825622,34.910302436,5.01914146442,0,0
R08,130048,2.94893424036,127,347.244094488,0.903091002108,0,39.6739049899,2.89535550522,1.03531645241,29.6834481289,0
R08,130048,2.94893424036,253,174.308300395,0.18627956951,0,29.9060117944,40.3790326285,5.84767703485,0.782842034078,0
R08,130048,2.94893424036,378,116.666666667,0.700509584408,0,9.25279353456,1.38536413654,40.2683191841,0,0
R08,130048,2.94893424036,505,87.3267326733,0.234662922878,0,0.759540458581,29.9602080083,4.56466955876,0,0
R08,130560,2.96054421769,126,350,0.690962924861,0,44.9780749097,3.16536250858,1.89912197538,25.9931048977,252.524825181
R08,130560,2.96054421769,253,174.308300395,0.142081150898,1,25.9574316996,44.6494231421,5.72299087006,1.42720836473,252.524825181
R08,130560,2.96054421769,379,116.35883905,0.542164355284,0,9.68883792228,3.73442832438,44.8661057139,0,252.524825181
R08,130560,2.96054421769,504,87.5,0.212626943415,0,1.41939727879,25.9931048977,2.53299169339,0,252.524825181
R08,131072,2.97215419501,125,352.8,0.58010230256,0,47.1111382759,2.417268041,1.74086758906,23.2010810968,253.330521364
R08,131072,2.97215419501,253,174.308300395,0.109538646068,1,23.4686867397,48.7144018816,5.96374176331,2.03328463148,253.330521364
R08,131072,2.97215419501,378,116.666666667,0.455608638268,0,9.13426451982,3.54096848381,49.1971510402,0,253.330521364
R08,131072,2.97215419501,505,87.3267326733,0.16082753766,0,2.04038936705,23.5132680844,1.07600767127,0,253.330521364
R08,131584,2.98376417234,125,352.8,0.459738060012,0,50.1310483189,1.76947266506,1.313436319,22.2970606593,252.397777023
R08,131584,2.98376417234,252,175,0.082775120764,1,22.6942957604,52.6063851689,5.65509013605,2.20506374225,252.397777023
R08,131584,2.98376417234,378,116.666666667,0.364141083541,0,7.24326207575,2.05660917142,52.6063851689,0,252.397777023
R08,131584,2.98376417234,504,87.5,0.124884897411,0,2.20506374225,22.6942957604,0.381140492219,0,252.397777023
R08,132096,2.99537414966,125,352.8,0.441530742036,0,51.2804098142,1.14134656249,0.910630089687,22.3704249052,252.503435431
R08,132096,2.99537414966,253,174.308300395,0.06064304774,1,22.6251840083,54.0576342777,5.35216982701,1.83876657528,252.503435431
R08,132096,2.99537414966,377,116.976127321,0.340974057086,0,5.85672360422,1.0349053247,53.6894717436,0,252.503435431
R08,132096,2.99537414966,504,87.5,0.0950883075958,0,1.87406536831,22.6580794148,0.310475888637,0,252.503435431
R08,132608,3.00698412698,126,350,0.327674742073,0,53.5814776133,0.270558029363,1.26375000597,22.7346989191,252.208609955
R08,132608,3.00698412698,252,175,0.0422559677906,1,22.7346989191,53.5814776133,4.21471727812,1.35946830264,252.208609955
R08,132608,3.00698412698,378,116.666666667,0.288464981008,0,5.22567491845,1.27133766431,53.5814776133,0,252.208609955
R08,132608,3.00698412698,504,87.5,0.058682967211,0,1.35946830264,22.7346989191,0.462026103873,0,252.208609955
R08,133120,3.01859410431,125,352.8,0.322499736263,0,48.9909884782,0.884484067403,0.283625803515,21.4920667047,251.983940883
R08,133120,3.01859410431,252,175,0.0275829808945,1,21.7365784347,51.4879236262,3.06848419597,0.885251057977,251.983940883
R08,133120,3.01859410431,378,116.666666667,0.291207770877,0,5.15096423997,1.22370172763,51.4879236262,0,251.983940883
R08,133120,3.01859410431,504,87.5,0.0444177191742,0,0.885251057977,21.7365784347,0.887563019328,0,251.983940883
R08,133632,3.03020408163,125,352.8,0.289211401178,0,47.3705651961,1.39065239058,0.671514981819,19.5317082439,251.949024443
R08,133632,3.03020408163,252,175,0.0266649026593,1,19.7924692135,49.1089257992,1.94523101962,0.699699405542,251.949024443
R08,133632,3.03020408163,378,116.666666667,0.258485260512,0,4.58743396817,0.857801479294,49.1089257992,0,251.949024443
R08,133632,3.03020408163,504,87.5,0.0449454744455,0,0.699699405542,19.7924692135,1.11295251165,0,251.949024443
R08,134144,3.04181405896,125,352.8,0.263139563915,0,46.1794392358,1.7715148215,0.854806162141,17.0677306118,251.967281492
R08,134144,3.04181405896,252,175,0.0302554771176,1,17.2688371878,47.349896943,1.18601349708,0.408790173306,251.967281492
R08,134144,3.04181405896,378,116.666666667,0.240419649484,0,3.45490190387,0.349879798171,47.349896943,0,251.967281492
R08,134144,3.04181405896,504,87.5,0.0490939239963,0,0.408790173306,17.2688371878,1.18168747216,0,251.967281492
R08,134656,3.05342403628,125,352.8,0.255290182232,0,45.0315735388,1.91545637084,0.702413138082,14.3539247219,252.073889374
R08,134656,3.05342403628,252,175,0.0310594279732,1,14.4349139299,46.1706092897,1.04582766098,0.101807139198,252.073889374
R08,134656,3.05342403628,378,116.666666667,0.209218943638,0,2.64615238692,0.321883149249,46.1706092897,0,252.073889374
R08,134656,3.05342403628,504,87.5,0.0511847534838,0,0.101807139198,14.4349139299,0.954946486952,0,252.073889374
R08,135168,3.06503401361,125,352.8,0.206591919459,0,43.1322517058,1.83985449155,0.325175770165,11.9574357966,251.864597659
R08,135168,3.06503401361,252,175,0.0276813773091,1,11.9066408498,44.8069620847,1.11820606102,0.181566950915,251.864597659
R08,135168,3.06503401361,378,116.666666667,0.184086910613,0,2.02098192043,0.569864425622,44.8069620847,0,251.864597659
R08,135168,3.06503401361,504,87.5,0.0493844924881,0,0.181566950915,11.9066408498,0.600779086627,0,251.864597659
R08,135680,3.07664399093,126,350,0.183599695368,0,42.2122047096,1.59397149349,0.665868692595,9.87909875321,252.210501972
R08,135680,3.07664399093,252,175,0.024512749812,1,9.87909875321,42.2122047096,0.897728865179,0.34640168959,252.210501972
R08,135680,3.07664399093,378,116.666666667,0.152462854326,0,2.13987819995,0.381394776406,42.2122047096,0,252.210501972
R08,135680,3.07664399093,504,87.5,0.0442080093906,0,0.34640168959,9.87909875321,0.372523518104,0,252.210501972
R08,136192,3.08825396825,126,350,0.147691157033,1,38.1689608842,1.16253786712,0.738085560007,8.57719728622,125.805323598
R08,136192,3.08825396825,252,175,0.0216144552026,0,8.57719728622,38.1689608842,0.474147259484,0.341392371565,125.805323598
R08,136192,3.08825396825,379,116.35883905,0.140051284113,0,2.32987617657,0.199611182373,38.6236222265,0,125.805323598
R08,136192,3.08825396825,505,87.3267326733,0.0398339757529,0,0.336616048171,8.52710852229,0.226886880673,0,125.805323598
R08,136704,3.09986394558,126,350,0.134890591095,1,33.5280962759,0.753279474126,0.799047898679,7.84269616196,126.140414922
R08,136704,3.09986394558,253,174.308300395,0.0204521441882,0,7.74817117645,34.4654654041,1.03272013718,0.383047938096,126.140414922
R08,136704,3.09986394558,379,116.35883905,0.124594694181,0,2.20875524864,0.102178043422,34.2325093266,0,126.140414922
R08,136704,3.09986394558,506,87.1541501976,0.0389167119377,0,0.383047938096,7.74817117645,0.278776052221,0,126.140414922
R08,137216,3.1114739229,126,350,0.126484022544,1,29.4921491734,0.300382952673,0.890696183562,7.48514438077,126.294145893
R08,137216,3.1114739229,253,174.308300395,0.0195467956815,0,7.39521288374,30.5600346962,1.79959559975,0.323007413515,126.294145893
R08,137216,3.1114739229,380,116.052631579,0.127677086466,0,1.60060517132,0.0659836027168,30.7689775467,0,126.294145893
R08,137216,3.1114739229,507,86.9822485207,0.0358970432474,0,0.316455306353,7.33625812164,0.452756506367,0,126.294145893
R08,137728,3.12308390023,126,350,0.130625154007,1,26.7149540297,0.227809337634,1.08924384703,7.13634073138,126.481538678
R08,137728,3.12308390023,254,173.622047244,0.0212832471894,0,6.96045708786,28.0808704829,2.55327402529,0.197178027084,126.481538678
R08,137728,3.12308390023,381,115.748031496,0.133257652177,0,0.925890164639,0.161915958585,28.0808704829,0,126.481538678
R08,137728,3.12308390023,507,86.9822485207,0.0369071776257,0,0.207652946884,7.01719303439,0.60403329413,0,126.481538678
R08,138240,3.13469387755,126,350,0.153118999914,0,25.0218158091,0.664014086645,1.27886609174,6.6638724643,253.697420636
R08,138240,3.13469387755,254,173.622047244,0.0242621063678,1,6.52856110454,26.1416398908,2.9865746612,0.347677373126,253.697420636
R08,138240,3.13469387755,381,115.748031496,0.151234450639,0,0.711192150684,0.202772750535,26.1416398908,0,253.697420636
R08,138240,3.13469387755,508,86.811023622,0.0368009046917,0,0.347677373126,6.52856110454,0.777339142884,0,253.697420636
R08,138752,3.14630385488,126,350,0.172107079417,0,24.0035775513,0.833529986296,1.31336304085,6.22818016696,253.514920948
R08,138752,3.14630385488,254,173.622047244,0.0417465466149,1,6.1428948215,24.8974278408,3.18578902043,0.404562546959,253.514920948
R08,138752,3.14630385488,381,115.748031496,0.175118066828,0,0.685285396366,0.250157930294,24.8974278408,0,253.514920948
R08,138752,3.14630385488,507,86.9822485207,0.0449439851438,0,0.407571980417,6.17678099475,1.00433759561,0,253.514920948
R08,139264,3.1579138322,126,350,0.237961689853,0,23.3770639474,0.601420464533,1.11490489358,5.96687509144,253.800520651
R08,139264,3.1579138322,254,173.622047244,0.0680658287056,1,5.87033733516,24.0062660756,3.22889838088,0.453509758177,253.800520651
R08,139264,3.1579138322,381,115.748031496,0.213266595413,0,0.433490304124,0.254118827508,24.0062660756,0,253.800520651
R08,139264,3.1579138322,507,86.9822485207,0.0779004553024,0,0.457163439441,5.90752771182,1.25016246864,0,253.800520651
R08,139776,3.16952380952,125,352.8,0.311977075796,0,20.528705716,1.06874746469,0.267846603828,6.11307204918,506.622320631
R08,139776,3.16952380952,254,173.622047244,0.151617006006,0,6.00989085842,23.0986186451,3.23725226221,0.567732739127,506.622320631
R08,139776,3.16952380952,379,116.35883905,0.278428100513,0,0.439759282022,0.12833775117,23.0614775298,0,506.622320631
R08,139776,3.16952380952,507,86.9822485207,0.132615345191,1,0.573749631219,6.05410423462,1.59880411492,0,506.622320631
R08,140288,3.18113378685,124,355.64516129,0.358511763454,0,16.7963546268,0.84826433691,0.373639070275,6.37397350102,0
R08,140288,3.18113378685,254,173.622047244,0.19487541299,0,6.57205964785,21.8458506845,3.00775667715,0.540856157698,0
R08,140288,3.18113378685,379,116.35883905,0.335457958383,0,1.52425823297,0.417046498199,21.9822262386,0,0
R08,140288,3.18113378685,506,87.1541501976,0.198491317331,0,0.56277581255,6.62626979194,2.04579400759,0,0
R08,140800,3.19274376417,123,358.536585366,0.445075610257,0,12.4577360523,0.491361830687,0.281388464087,6.4280145402,0
R08,140800,3.19274376417,254,173.622047244,0.23909897386,0,7.37827640861,19.8729117636,2.8023672217,0.465837162068,0
R08,140800,3.19274376417,379,116.35883905,0.404875682116,0,2.89416931776,0.789317160902,20.1805500426,0,0
R08,140800,3.19274376417,506,87.1541501976,0.241213981656,0,0.483512605485,7.39071717119,2.34130419908,0,0
R08,141312,3.2043537415,123,358.536585366,0.514808359382,0,11.6757613296,0.676644246389,0.479144804043,6.72565645075,0
R08,141312,3.2043537415,254,173.622047244,0.290123561325,0,8.13076735882,16.9999421782,2.65664525427,0.393041310393,0
R08,141312,3.2043537415,378,116.666666667,0.465963201724,0,4.12959346441,0.815516656494,17.4890132048,0,0
R08,141312,3.2043537415,505,87.3267326733,0.291607562817,0,0.405564734124,8.06382718363,1.99969166027,0,0
R08,141824,3.21596371882,122,361.475409836,0.595689863782,0,7.8490154562,0.758014311693,0.365985890108,6.31922962712,0
R08,141824,3.21596371882,254,173.622047244,0.338169503248,0,8.4789940549,13.4943595675,2.25694400124,0.295140374275,0
R08,141824,3.21596371882,377,116.976127321,0.534660429103,0,4.83716689818,0.400542770346,14.3269737519,0,0
R08,141824,3.21596371882,504,87.5,0.335830481246,0,0.325237388063,8.34565270521,1.11851110792,0,0
R08,142336,3.22757369615,122,361.475409836,0.708687293602,0,6.87355603561,0.684016380778,0.272589428296,6.53537762449,0
R08,142336,3.22757369615,254,173.622047244,0.392121184263,0,8.38460701852,10.0503617709,1.49727516899,0.419602636482,0
R08,142336,3.22757369615,377,116.976127321,0.630206781581,0,4.7751267032,0.328642292864,11.2872163311,0,0
R08,142336,3.22757369615,504,87.5,0.389062889936,0,0.44903324107,8.31356517358,0.683728812742,0,0
R08,142848,3.23918367347,121,364.462809917,0.811830160725,0,3.68628805978,0.219962194358,0.20936353841,5.6091592506,0
R08,142848,3.23918367347,254,173.622047244,0.446927322732,0,7.95342420354,7.47266931473,0.69306825189,0.546995299939,0
R08,142848,3.23918367347,376,117.287234043,0.719505925806,0,3.98899049948,0.875106042649,9.00633518278,0,0
R08,142848,3.23918367347,501,88.0239520958,0.389430592291,0,0.579428724098,7.84303131652,0.586814201848,0,0
R08,143360,3.25079365079,124,355.64516129,0.816703803809,0,7.1790529641,1.25593063505,0.515231684386,7.03096121636,0
R08,143360,3.25079365079,253,174.308300395,0.375937246732,0,7.39770375588,6.90243396218,0.303133116648,0.531971103496,0
R08,143360,3.25079365079,377,116.976127321,0.783794066802,0,2.82679222601,0.982984741129,7.51778268972,0,0
R08,143360,3.25079365079,502,87.8486055777,0.371418034484,0,0.557179670095,7.37822282697,0.0615970742697,0,0
R08,143872,3.26240362812,123,358.536585366,0.918284865441,0,5.32969903411,0.540622490324,0.131295851215,6.28190442755,0
R08,143872,3.26240362812,251,175.697211155,0.388184484607,0,6.94752081313,7.23951672122,0.182365065077,0.586392539002,0
R08,143872,3.26240362812,374,117.914438503,0.836721360563,0,1.65999235242,1.09082030334,7.05293656836,0,0
R08,143872,3.26240362812,501,88.0239520958,0.320416420544,0,0.594865434179,6.92486255828,0.946875776372,0,0
R08,144384,3.27401360544,26,1696.15384615,2.25444507852,0,0.0597178183059,0,0,0.157585895237,0
R08,144384,3.27401360544,123,358.536585366,0.940791614452,0,5.33447503781,0.429164902119,0.138080871567,6.02285105056,0
R08,144384,3.27401360544,251,175.697211155,0.350167806864,0,6.69744993673,7.48215823754,0.389812087952,0.587914814198,0
R08,144384,3.27401360544,374,117.914438503,0.819392937429,0,2.03277556781,0.854594189974,7.17590351337,0,0
R08,144384,3.27401360544,501,88.0239520958,0.296781078639,0,0.593197097259,6.66959906894,1.50117765199,0,0
R08,144896,3.28562358277,26,1696.15384615,2.27307909247,0,0.0758876545399,0,0,0.102051746764,0
R08,144896,3.28562358277,123,358.536585366,0.853401218644,0,5.72228529433,0.34397337945,0.0517129446063,5.70196347841,0
R08,144896,3.28562358277,251,175.697211155,0.32683182781,0,6.49171633638,7.97559824559,0.620897638509,0.449416173314,0
R08,144896,3.28562358277,375,117.6,0.754617093375,0,2.77241406384,0.499280951034,7.82506512464,0,0
R08,144896,3.28562358277,502,87.8486055777,0.276800366261,0,0.449416173314,6.49171633638,1.33052865173,0,0
R08,145408,3.29723356009,27,1633.33333333,2.30340510436,0,0.0368312365666,0,0,0.0435724280388,0
R08,145408,3.29723356009,124,355.64516129,0.7974196032,0,7.53787969393,0.449384799084,0.510929533191,5.68599341178,0
R08,145408,3.29723356009,251,175.697211155,0.28457081141,0,6.09858415814,8.47927531222,0.739477406653,0.239264018617,0
R08,145408,3.29723356009,375,117.6,0.755209663759,0,3.10950084515,0.223905057112,8.33308738919,0,0
R08,145408,3.29723356009,503,87.6739562624,0.275129908727,0,0.237253993121,6.14131491012,0.830871410347,0,0
R08,145920,3.30884353741,26,1696.15384615,2.35458400367,0,0.0783316362551,0,0,0.108729843504,0
R08,145920,3.30884353741,123,358.536585366,0.747987740357,0,6.42612917272,0.330645825743,0.245147621548,4.80943637436,0
R08,145920,3.30884353741,251,175.697211155,0.28150928193,0,5.56897912744,8.72052035052,0.746570270505,0.145184525865,0
R08,145920,3.30884353741,375,117.6,0.689257818299,0,3.03220004247,0.218091773979,8.56911468146,0,0
R08,145920,3.30884353741,503,87.6739562624,0.289898347038,0,0.146783676002,5.61017841446,0.367542639355,0,0
R08,146432,3.32045351474,123,358.536585366,0.705203359958,0,6.25405075947,0.355465368594,0.263324729222,4.20066943611,0
R08,146432,3.32045351474,251,175.697211155,0.284856359299,0,4.84905238502,8.57751162154,0.766202286932,0.119089486486,0
R08,146432,3.32045351474,375,117.6,0.690058908528,0,2.6753344344,0.285462951672,8.40679885962,0,0
R08,146432,3.32045351474,503,87.6739562624,0.337253698616,0,0.116473593579,4.88275560356,0.0869514620446,0,0
R08,146944,3.33206349206,123,358.536585366,0.696801737546,0,5.74648339777,0.269981955484,0.181627278961,3.53124038862,0
R08,146944,3.33206349206,252,175,0.297870076056,0,4.00288980135,8.06216397635,1.01775053163,0.150385103625,0
R08,146944,3.33206349206,376,117.287234043,0.660483544126,0,2.29088100372,0.292309692865,8.0110713285,0,0
R08,146944,3.33206349206,503,87.6739562624,0.365343957364,0,0.152434845998,3.99045525904,0.377493206911,0,0
R08,147456,3.34367346939,23,1917.39130435,2.43189770901,0,0.118809960521,0,0,0.116534562011,0
R08,147456,3.34367346939,124,355.64516129,0.539546760579,0,6.49983929584,0.303923249327,0.281140796475,3.09849245901,0
R08,147456,3.34367346939,252,175,0.279329924863,0,3.13921509406,7.29112631983,1.10924425142,0.0917937461881,0
R08,147456,3.34367346939,376,117.287234043,0.598367201143,0,1.95149180612,0.223129141318,7.30944175606,0,0
R08,147456,3.34367346939,503,87.6739562624,0.368193535153,0,0.0892979990458,3.14857297439,0.445812102466,0,0
R08,147968,3.35528344671,124,355.64516129,0.461319724212,0,6.23799798375,0.173746514697,0.203333126347,2.54007100935,0
R08,147968,3.35528344671,251,175.697211155,0.252779820449,0,2.50406094953,6.79360316713,1.03840633924,0.147964439151,0
R08,147968,3.35528344671,376,117.287234043,0.531704023281,0,1.53940607766,0.160427093845,6.80600277119,0,0
R08,147968,3.35528344671,503,87.6739562624,0.36190814734,0,0.148222864692,2.48480277697,0.292257492034,0,0
R08,148480,3.36689342404,124,355.64516129,0.425418398497,0,6.33031366789,0.0831177720598,0.14861238751,2.10058447096,0
R08,148480,3.36689342404,251,175.697211155,0.232314643089,0,2.13677391562,6.72461230573,0.927694793898,0.256946033866,0
R08,148480,3.36689342404,377,116.976127321,0.462015522296,0,1.06143487235,0.212164964506,6.67485158235,0,0
R08,148480,3.36689342404,503,87.6739562624,0.328366521985,0,0.253837784629,2.13069689796,0.093929190702,0,0
R08,148992,3.37850340136,124,355.64516129,0.401641337738,0,6.62866797884,0.0993627752825,0.105744856071,1.805633436,0
R08,148992,3.37850340136,252,175,0.235461512945,0,2.07997628185,7.00260101032,0.90978954545,0.144040423299,0
R08,148992,3.37850340136,376,117.287234043,0.455960610529,0,0.720511408537,0.2186168185,7.15876504165,0,0
R08,148992,3.37850340136,503,87.6739562624,0.344841440185,0,0.14717740492,2.0569257041,0.257078535621,0,0
R08,149504,3.39011337868,125,352.8,0.381877117655,0,7.57671871226,0.280194910034,0.10580968033,2.07601264276,0
R08,149504,3.39011337868,252,175,0.238923920949,0,2.23551045823,7.63819996847,0.797772434025,0.117437950414,0
R08,149504,3.39011337868,376,117.287234043,0.412328408072,0,1.15189074997,0.209609369535,7.66336704202,0,0
R08,149504,3.39011337868,503,87.6739562624,0.320714273245,0,0.116317849804,2.19968384177,0.324367576297,0,0
R08,150016,3.40172335601,124,355.64516129,0.34684660457,0,7.03372290977,0.19717646653,0.147742729039,2.20233413327,0
R08,150016,3.40172335601,251,175.697211155,0.193770255655,0,2.39273628895,7.93121601998,0.635878288378,0.206675652753,0
R08,150016,3.40172335601,376,117.287234043,0.376967849497,0,1.69361442256,0.185433097612,7.89635943885,0,0
R08,150016,3.40172335601,502,87.8486055777,0.270677126529,0,0.206675652753,2.39273628895,0.257608686097,0,0
R08,150528,3.41333333333,124,355.64516129,0.324680219098,0,6.88938252268,0.135755909824,0.157473717117,2.33328332332,0
R08,150528,3.41333333333,251,175.697211155,0.163456899008,0,2.446505289,7.69644319861,0.809754123625,0.108223982001,0
R08,150528,3.41333333333,376,117.287234043,0.32651202228,0,1.96695761613,0.196279731777,7.67331247339,0,0
R08,150528,3.41333333333,502,87.8486055777,0.232802337904,0,0.108223982001,2.446505289,0.109152715354,0,0
R08,151040,3.42494331066,124,355.64516129,0.332873131537,0,6.52595752774,0.0222784377944,0.153405881741,2.17512841047,0
R08,151040,3.42494331066,251,175.697211155,0.170258404333,0,2.27465981021,7.08746759335,0.942077079265,0.083294971395,0
R08,151040,3.42494331066,376,117.287234043,0.335564482101,0,1.91381647765,0.186454323921,7.09121605913,0,0
R08,151040,3.42494331066,502,87.8486055777,0.22595810839,0,0.083294971395,2.27465981021,0.0770179319373,0,0
R08,151552,3.43655328798,124,355.64516129,0.391971847997,0,6.03030484837,0.163055669839,0.172144999283,1.9687403953,0
R08,151552,3.43655328798,251,175.697211155,0.187967006898,0,2.03965593368,6.35078019939,0.977711296763,0.187562310695,0
R08,151552,3.43655328798,376,117.287234043,0.370412667966,0,1.5675646171,0.16192547258,6.37812427841,0,0
R08,151552,3.43655328798,502,87.8486055777,0.258108321278,0,0.187562310695,2.03965593368,0.23912031434,0,0
R08,152064,3.44816326531,23,1917.39130435,2.37103626144,0,0.0343368838655,0,0,0.0848540519425,0
R08,152064,3.44816326531,124,355.64516129,0.42550692581,0,5.48583350547,0.267598919816,0.184952160723,1.91368558062,0
R08,152064,3.44816326531,251,175.697211155,0.23102939109,0,1.91564006381,5.67262538328,0.946395811746,0.280848978897,0
R08,152064,3.44816326531,375,117.6,0.388742435762,0,1.24626683979,0.144935285075,5.73660903642,0,0
R08,152064,3.44816326531,500,88.2,0.298111025887,0,0.282527920138,1.92670272025,0.338276567156,0,0
R08,152576,3.45977324263,26,1696.15384615,2.28490626551,0,0.0606431400936,0,0,0.0415783532107,0
R08,152576,3.45977324263,124,355.64516129,0.448954388652,0,4.96792318383,0.300538113436,0.15777293041,1.93966977289,0
R08,152576,3.45977324263,250,176.4,0.267874748478,0,1.93431371564,5.18152295901,0.79474694877,0.466350810891,0
R08,152576,3.45977324263,374,117.914438503,0.46511260064,0,1.22445515867,0.152361850256,5.16057918538,0,0
R08,152576,3.45977324263,499,88.376753507,0.3358851396,0,0.470717078196,1.93944817615,0.322855483047,0,0
R08,153088,3.47138321995,25,1764,2.22225797883,0,0.0505915943962,0,0,0.257089364691,0
R08,153088,3.47138321995,124,355.64516129,0.537127067621,0,4.50789824451,0.294138331686,0.117449612999,1.99891122376,0
R08,153088,3.47138321995,250,176.4,0.268945327205,0,2.00834683396,4.69378742002,0.701186699571,0.518737314749,0
R08,153088,3.47138321995,374,117.914438503,0.549526071541,0,1.28837470185,0.275527516454,4.67795465648,0,0
R08,153088,3.47138321995,499,88.376753507,0.357713757066,0,0.52293893579,2.01033336671,0.227745209715,0,0
R08,153600,3.48299319728,25,1764,2.15510759782,0,0.00816687577665,0,0,0.328539432605,0
R08,153600,3.48299319728,124,355.64516129,0.624746431883,0,4.12607611685,0.2688202677,0.111683158658,2.16382219474,0
R08,153600,3.48299319728,250,176.4,0.264761180414,0,2.21669883985,4.29149906987,0.507911190125,0.453002553074,0
R08,153600,3.48299319728,374,117.914438503,0.654318654173,0,1.21876618973,0.456627143815,4.28001647778,0,0
R08,153600,3.48299319728,500,88.2,0.346560737034,0,0.453002553074,2.21669883985,0.165424423038,0,0
R08,154624,3.50621315193,25,1764,2.05371855952,0,0.115778234067,0,0,0.304615748098,0
R08,154624,3.50621315193,124,355.64516129,0.721371077782,0,3.55926728516,0.164796016994,0.108644749478,2.64635855353,0
R08,154624,3.50621315193,250,176.4,0.307473945994,0,2.71978517821,3.79991767436,0.0895469329236,0.456121198636,0
R08,154624,3.50621315193,374,117.914438503,0.698354244001,0,0.881702677756,0.576642865876,3.75595222871,0,0
R08,154624,3.50621315193,500,88.2,0.396606023236,0,0.456121198636,2.71978517821,0.121567765385,0,0
R08,156672,3.55265306122,24,1837.5,2.0878293032,0,0.00822163540642,0,0,0.0346223283765,0
R08,156672,3.55265306122,125,352.8,0.918318352322,0,2.03288850889,0.114979660389,0.181791679527,1.71595654003,0
R08,156672,3.55265306122,251,175.697211155,0.347716890817,0,1.77053931022,2.22847501911,0.501945066847,0.0837371550548,0
R08,156672,3.55265306122,376,117.287234043,0.904585228944,0,0.836882445344,0.25781753171,2.16604422635,0,0
R08,156672,3.55265306122,503,87.6739562624,0.478980983127,0,0.0882608935038,1.79394983295,0.217842955368,0,0
R08,164864,3.73841269841,24,1837.5,2.49320615765,0,0.0180017221523,0,0,0.0373696320871,0
R08,164864,3.73841269841,136,324.264705882,0.413836073966,0,0.0735534978309,0.0446082921543,0.0273362161733,0.44945124828,0
R08,164864,3.73841269841,252,175,0.61123900923,0,0.180888995275,1.21846335008,0.30743435342,0.165212937952,0
R08,164864,3.73841269841,359,122.841225627,0.674699580995,0,0.652712547418,0.314719178269,0.101704801221,0,0
R08,164864,3.73841269841,495,89.0909090909,0.699817997023,0,0.179874947436,0.100700962137,0.216623025226,0,0
R08,165376,3.75002267574,23,1917.39130435,2.50622365413,0,0.0336478458426,0,0,0.00883243365523,0
R08,165376,3.75002267574,144,306.25,0.711679124684,0,0.919286569595,0.337452938718,0.0669416357586,0.511065970502,0
R08,165376,3.75002267574,251,175.697211155,0.89097287496,0,0.351312815852,2.18242887975,0.489146743129,0.337937808197,0
R08,165376,3.75002267574,410,107.56097561,0.720807025356,0,0.311080974683,0.549487652118,0.903908444657,0,0
R08,165888,3.76163265306,23,1917.39130435,2.5050371503,0,0.0343230344304,0,0,0.0422156967247,0
R08,165888,3.76163265306,146,302.054794521,0.725712045269,0,2.87795511648,0.917060656101,0.164613995543,0.793114386277,0
R08,165888,3.76163265306,221,199.547511312,0.953827674157,0,1.63496709254,1.57738645985,0.963425802839,0.112065607214,0
R08,165888,3.76163265306,246,179.268292683,0.946529231789,0,1.28399253061,2.94497069471,0.70986604971,0.486985409734,0
R08,165888,3.76163265306,407,108.353808354,0.784926471047,0,0.36616278437,2.04557145776,2.65229074284,0,0
R08,166400,3.77324263039,23,1917.39130435,2.50097366032,0,0.0408682491681,0,0,0.0581465549381,0
R08,166400,3.77324263039,145,304.137931034,0.716383562749,0,4.65344806232,1.43556387651,0.347816746539,1.05598820475,0
R08,166400,3.77324263039,220,200.454545455,0.945163978194,0,3.18055094451,2.27808272467,1.43949048351,0.290139061546,0
R08,166400,3.77324263039,227,194.273127753,0.945328587848,0,2.95429702232,2.39301291516,1.34911279405,0.361325004439,0
R08,166400,3.77324263039,240,183.75,0.944842068855,0,2.52596661343,2.83431149361,1.33274601665,0.56119676634,0
R08,166400,3.77324263039,403,109.429280397,0.789670161724,0,0.425785649466,4.11927904197,4.00547044411,0,0
R08,166912,3.78485260771,22,2004.54545455,2.50471892584,0,0,0,0,0.208652452164,0
R08,166912,3.78485260771,145,304.137931034,0.716906028069,0,5.23514966678,1.66491607305,0.430182810876,1.42490835986,0
R08,166912,3.78485260771,249,177.108433735,0.940547259632,0,2.75277133991,4.48573762375,1.53334562736,0.673189349098,0
R08,166912,3.78485260771,402,109.701492537,0.794208924114,0,0.359734988604,5.2320090825,4.2064279725,0,0
R08,167424,3.79646258503,22,2004.54545455,2.50813141322,0,0,0,0,0.150953911103,0
R08,167424,3.79646258503,145,304.137931034,0.712153096819,0,4.02636234283,1.5367866625,0.374073197893,1.77780006749,0
R08,167424,3.79646258503,249,177.108433735,0.947866644881,0,2.39673385861,3.75706516021,1.37864974218,0.541387392878,0
R08,167424,3.79646258503,401,109.975062344,0.797309682172,0,0.296997801553,4.67842818473,2.8340353357,0,0
R08,167936,3.80807256236,22,2004.54545455,2.50924023119,0,0,0,0,0.0807349148427,0
R08,167936,3.80807256236,144,306.25,0.745261085613,0,1.32069610798,1.14973074593,0.32494440193,2.03630844266,0
R08,167936,3.80807256236,249,177.108433735,0.930832960563,0,1.50514667761,3.19749997255,0.934272038579,0.393572865736,0
R08,167936,3.80807256236,399,110.526315789,0.79781374793,0,0.503372199522,2.68885496454,0.687207270932,0,0
R08,168448,3.81968253968,253,174.308300395,0.696181307677,0,0.635636307377,3.45712792747,0.47525645253,0.264609353573,0
R08,168448,3.81968253968,406,108.620689655,0.713792573735,0,0.753876798618,1.74112543197,1.15869170807,0,0
R08,168448,3.81968253968,544,81.0661764706,0.669066250602,0,0.395873788753,0.849365707597,3.34791383094,0,0
R08,168960,3.83129251701,23,1917.39130435,2.37516367421,0,0.0900248664382,0,0,0.223876016644,0
R08,168960,3.83129251701,270,163.333333333,0.702481210338,0,2.12288829872,0.932864147813,0.235523839566,1.21631888029,0
R08,169472,3.84290249433,22,2004.54545455,2.36634818382,0,0,0,0,0.509445743659,0
R08,169472,3.84290249433,273,161.538461538,0.704956210189,0,6.42123055133,0.841279995562,0.936683305814,2.44065765164,0
R08,169472,3.84290249433,532,82.8947368421,0.921697326181,0,2.47626859748,6.34558723309,2.2244751185,0,0
R08,169984,3.85451247166,273,161.538461538,0.702234534361,0,9.70991052504,1.56644070351,1.24113850018,3.51981497932,0
R08,169984,3.85451247166,536,82.276119403,0.915833119177,0,3.46306720409,9.60771876189,4.21962639014,0,0
R08,170496,3.86612244898,32,1378.125,2.29469978389,0,0.46523554096,0,0,1.32848341021,0
R08,170496,3.86612244898,272,162.132352941,0.697732777447,0,9.99954975759,1.47955450873,1.23043813814,3.6370390522,0
R08,170496,3.86612244898,534,82.5842696629,0.923042603261,0,3.45741739465,10.0830296262,4.36943923738,0,0
R08,171520,3.88934240363,30,1470,2.27186659516,0,0.12954675627,0,0,0.356442604774,0
R08,171520,3.88934240363,47,938.29787234,2.26065010814,0,0.293451227208,0.0468096501058,0,0.402528904499,0
R08,171520,3.88934240363,272,162.132352941,0.690467666035,0,2.74255169659,0.19331285188,0.49158583622,1.50726248648,0
R08,171520,3.88934240363,533,82.7392120075,0.913979006805,0,1.20004333859,3.54315467685,2.03442372406,0,0
R08,172032,3.90095238095,29,1520.68965517,2.27310824172,0,0.114186947435,0,0,0.196662261306,0
R08,172032,3.90095238095,47,938.29787234,2.26659807128,0,0.0470013146973,0.0878177445075,0,0.130659960019,0
R08,172032,3.90095238095,309,142.718446602,0.564159190667,0,1.59126483814,0.63721764446,0.251484097644,0,0
R08,172544,3.91256235828,41,1075.6097561,2.23259884526,0,0.122941164623,0,0,0.136530226455,0
R08,172544,3.91256235828,44,1002.27272727,2.23043798948,0,0.129602498788,0,0,0.103919330856,0
R08,172544,3.91256235828,278,158.633093525,0.656812765777,0,2.24674424637,0.355058794346,0.272852278272,0,0
R08,172544,3.91256235828,325,135.692307692,0.769664094872,0,0.636652988609,0.72613144225,0.290178089237,0,0
R08,172544,3.91256235828,332,132.831325301,0.771951767135,0,0.179246159731,0.812723230802,0.389366250578,0,0
R08,172544,3.91256235828,336,131.25,0.771513193202,0,0.468982073567,0.799099544741,0.344934330288,0,0
R08,172544,3.91256235828,343,128.571428571,0.766749860308,0,0.908270549559,0.641032753776,0.240497781008,0,0
R08,172544,3.91256235828,351,125.641025641,0.767420449201,0,1.05136103064,0.605571148423,0.316155079772,0,0
R08,173056,3.9241723356,44,1002.27272727,2.11600427832,0,0.154823796173,0,0,0.141874757026,0
R08,173056,3.9241723356,258,170.930232558,0.673370935755,0,1.65403490431,1.45787116015,0.234566551311,0.896915388179,0
R08,173056,3.9241723356,261,168.965517241,0.673808990717,0,1.63607960701,0.93371469697,0.0545071161084,0.946574101789,0
R08,173056,3.9241723356,339,130.088495575,1.01959539088,0,1.71799119563,0.483208627905,0.204862846788,0,0
R08,173056,3.9241723356,351,125.641025641,1.03660012761,0,1.49971912958,0.153133943478,0.267707063655,0,0
R08,173056,3.9241723356,516,85.4651162791,0.839464751612,0,0.896915388179,1.65403490431,0.277296777968,0,0
R08,173056,3.9241723356,520,84.8076923077,0.837826457165,0,0.931231472007,1.6105029066,0.131031658827,0,0
R08,174592,3.95900226757,38,1160.52631579,1.93580708211,0,0.10005246244,0,0,0.899284426985,0
R08,174592,3.95900226757,41,1075.6097561,1.94256645031,0,0.084974752977,0,0,0.791643867766,0
R08,174592,3.95900226757,45,980,1.93600878861,0,0.0820323089634,0.0603117577399,0,0.11006093218,0
R08,174592,3.95900226757,55,801.818181818,1.91348023655,0,0.0632854439916,0.142850754072,0,0.190466713601,0
R08,174592,3.95900226757,72,612.5,1.8965163182,0,0.190166304512,0.127961046735,0.0953551221277,0.890634956795,0
R08,174592,3.95900226757,83,531.325301205,1.89754270974,0,0.569436840731,0.178659230743,0.207281761975,0.439200482018,0
R08,174592,3.95900226757,263,167.680608365,0.676570042369,0,2.22171411099,0.419468164629,0.424529364201,1.23974092821,0
R08,174592,3.95900226757,270,163.333333333,0.683394328601,0,2.53088857667,0.408923203368,0.11006093218,1.48235244568,0
R08,174592,3.95900226757,536,82.276119403,0.901628725455,0,1.41738179962,2.47222408228,0.30651274871,0,0
R08,175616,3.98222222222,38,1160.52631579,1.68379900238,0,0.159176820071,0,0,0.804250162726,0
R08,175616,3.98222222222,44,1002.27272727,1.71563130714,0,0.332652701202,0,0,0.251863278038,0
R08,175616,3.98222222222,56,787.5,1.72165788097,0,0.0994516228267,0.2403519651,0,0.148482257698,0
R08,175616,3.98222222222,61,722.950819672,1.72514734417,0,0.349507052376,0.0793317823633,0,0.218901074022,0
R08,175616,3.98222222222,63,700,1.72394095755,0,0.182633477436,0.0922280436167,0,0.961243445232,0
R08,175616,3.98222222222,70,630,1.74642493172,0,0.452468223784,0.129543499218,0.0918851919411,0.739264985069,0
R08,175616,3.98222222222,285,154.736842105,0.636534345335,0,0.807848393044,0.881205521773,0.320952386808,0,0
R08,175616,3.98222222222,266,165.789473684,0.640429380105,0,0.901655159697,0.253939547686,0.25941366686,0.977185672381,0
R08,175616,3.98222222222,274,160.948905109,0.641103220392,0,0.525025273635,0.366949075323,0.215568549508,0.900721507756,0
R08,176128,3.99383219955,23,1917.39130435,1.3642238333,0,0.145234684841,0,0,0.186069161587,0
R08,176128,3.99383219955,29,1520.68965517,1.39558039571,0,0.143620204013,0,0,0.301544837057,0
R08,176128,3.99383219955,32,1378.125,1.39290682068,0,0.0719461202548,0,0,0.157319724001,0
R08,176128,3.99383219955,35,1260,1.41492290444,0,0.173149970958,0,0,0.480238406792,0
R08,176128,3.99383219955,40,1102.5,1.37679760211,0,0.0416984298259,0,0,0.115671857813,0
R08,176128,3.99383219955,44,1002.27272727,1.39925695522,0,0.396956515637,0,0,0.198405642661,0
R08,176128,3.99383219955,549,80.3278688525,0.911168025745,0,0.451651350814,0.915664126822,0.619932598426,0,0
R08,176128,3.99383219955,543,81.2154696133,0.933204999065,0,0.523725793744,0.85917547955,0.49883746837,0,0
R08,176128,3.99383219955,285,154.736842105,0.958215398879,0,1.17881343853,0.747456003181,0.297863864142,0,0
R08,176640,4.00544217687,24,1837.5,1.36473428469,0,0.0232953636962,0,0,0.189240557532,0
R08,176640,4.00544217687,29,1520.68965517,1.39972306101,0,0.0549195848236,0,0,0.259770235012,0
R08,176640,4.00544217687,32,1378.125,1.39794416493,0,0.223580346287,0,0,0.223660325712,0
R08,176640,4.00544217687,40,1102.5,1.37150190368,0,0.126655779635,0,0,0.0753104304994,0
R08,176640,4.00544217687,44,1002.27272727,1.40213051619,0,0.42014859942,0,0,0.170947462269,0
R08,176640,4.00544217687,47,938.29787234,1.40784361342,0,0.30944808725,0.111445269737,0,0.174873823727,0
R08,176640,4.00544217687,249,177.108433735,0.886412165762,0,0.735567358434,0.921037220336,0.624860433189,0.713650562523,0
R08,176640,4.00544217687,255,172.941176471,0.904684506576,0,0.611128533809,0.761411095215,0.436119229975,0.694032105406,0
R08,176640,4.00544217687,263,167.680608365,0.911382412881,0,0.48773286074,0.266778211973,0.174710512965,0.630215967404,0
R08,177664,4.02866213152,25,1764,1.41101931525,0,0.107400818815,0,0,0.266597630051,0
R08,177664,4.02866213152,29,1520.68965517,1.44729372421,0,0.0897195949932,0,0,0.2186273911,0
R08,177664,4.02866213152,31,1422.58064516,1.45759944766,0,0.316457167665,0,0,0.321609870112,0
R08,177664,4.02866213152,40,1102.5,1.43270196003,0,0.257445203828,0,0,0.11518759528,0
R08,177664,4.02866213152,44,1002.27272727,1.46589811996,0,0.390418490336,0,0,0.227006150673,0
R08,177664,4.02866213152,48,918.75,1.479660174,0,0.16204006274,0.126409625811,0,0.151716721378,0
R08,177664,4.02866213152,284,155.281690141,0.825567352476,0,0.281925854177,0.354771340095,0.0940190116552,0,0
R08,177664,4.02866213152,274,160.948905109,0.845081480438,0,0.675929752273,0.524284234503,0.112446390158,0.571017699619,0
R08,177664,4.02866213152,267,165.168539326,0.863095442014,0,0.7214999123,0.313487351738,0.130526600336,0.640302323792,0
R08,178176,4.04027210884,25,1764,1.52296682803,0,0.133185192433,0,0,0.269904466214,0
R08,178176,4.04027210884,29,1520.68965517,1.54166653087,0,0.0980000273396,0,0,0.286543095384,0
R08,178176,4.04027210884,32,1378.125,1.54860792482,0,0.351305182605,0,0,0.0852441286444,0
R08,178176,4.04027210884,38,1160.52631579,1.54234100036,0,0.204228832038,0,0,0.138390739973,0
R08,178176,4.04027210884,40,1102.5,1.53732663909,0,0.291771936678,0,0,0.0247739502997,0
R08,178176,4.04027210884,55,801.818181818,1.59736271991,0,0.159582161423,0.179338836349,0,0.196728732301,0
R08,178176,4.04027210884,352,125.284090909,0.751931718451,0,0.849780845825,0.160568629059,0.212887507243,0,0
R08,178176,4.04027210884,345,127.826086957,0.752969902651,0,1.12344735,0.10963878801,0.264395605705,0,0
R08,178176,4.04027210884,349,126.361031519,0.753294334993,0,0.927414525933,0.151620720719,0.259296687055,0,0
R08,179200,4.06349206349,24,1837.5,1.6504022112,0,0.0423134925531,0,0,0.292949319589,0
R08,179200,4.06349206349,29,1520.68965517,1.66643691836,0,0.0758522181248,0,0,0.365580488467,0
R08,179200,4.06349206349,31,1422.58064516,1.66646933393,0,0.123811696157,0,0,0.5329632637,0
R08,179200,4.06349206349,40,1102.5,1.66614881726,0,0.383344163479,0,0,0.0376144146689,0
R08,179200,4.06349206349,47,938.29787234,1.71997145088,0,0.0847498742242,0.0527408993192,0,0.31380929183,0
R08,179200,4.06349206349,55,801.818181818,1.71504549638,0,0.151181301211,0.185502508314,0,0.340999904116,0
R08,179200,4.06349206349,346,127.456647399,0.867305548609,0,2.96882869691,0.441398276886,0.331275497313,0,0
R08,179200,4.06349206349,352,125.284090909,0.869470142025,0,2.82626834509,0.418166886407,0.227307537405,0,0
R08,179200,4.06349206349,284,155.281690141,0.875452069268,0,0.358794231914,0.316483241173,0.354885224784,0,0
R08,179712,4.07510204082,26,1696.15384615,1.84590259319,0,0.0653215041965,0,0,0.295069175197,0
R08,179712,4.07510204082,34,1297.05882353,1.84967171773,0,0.109376145831,0,0,0.534466722363,0
R08,179712,4.07510204082,54,816.666666667,1.88354474296,0,0.250862502162,0.0551313997253,0,0.272310364933,0
R08,179712,4.07510204082,64,689.0625,1.89250076969,0,0.33056168447,0.164482278381,0,1.14577146343,0
R08,179712,4.07510204082,86,512.790697674,1.98419459258,0,0.370870485438,0.296573116547,0.194590134181,0.573773299343,0
R08,179712,4.07510204082,88,501.136363636,1.98412078095,0,0.390538893018,0.258726373789,0.0523167496619,0.645321801554,0
R08,179712,4.07510204082,285,154.736842105,0.836551010718,0,1.44669774114,0.254089862171,0.362092687651,0,0
R08,179712,4.07510204082,345,127.826086957,0.877708377116,0,3.90029428181,0.583673630051,0.396567958872,0,0
R08,179712,4.07510204082,338,130.473372781,0.879141187485,0,3.88219157251,0.512523458037,0.492778465413,0,0
R08,180224,4.08671201814,25,1764,2.23134510923,0,0.0531579864867,0,0,0.175391730127,0
R08,180224,4.08671201814,28,1575,2.2341531933,0,0.145308743866,0,0,0.369596474107,0
R08,180224,4.08671201814,38,1160.52631579,2.21714843551,0,0.126142465524,0,0,0.447228569328,0
R08,180224,4.08671201814,289,152.595155709,0.832598172494,0,1.86526795498,0.334682205952,0.234276067593,0,0
R08,180224,4.08671201814,328,134.451219512,0.862912310241,0,3.2072703732,0.434936382517,0.359411539435,0,0
R08,180736,4.09832199546,341,129.325513196,0.608927643752,0,2.37865962692,0.761855122893,0.308434352238,0,0
R08,181248,4.10993197279,329,134.042553191,0.687205214867,0,5.97243177716,1.49415387283,0.0965326812646,0,0
R08,181760,4.12154195011,327,134.862385321,0.732492697769,0,14.3922792976,2.66866186603,0.0696989325473,0,0
R08,182784,4.14476190476,327,134.862385321,0.7364416041,0,20.1312160888,2.57573759647,0.243521063574,0,0
R08,183296,4.15637188209,323,136.53250774,0.730391978855,0,14.2537443988,1.97736798277,0.150245254518,0,0
R08,183808,4.16798185941,325,135.692307692,0.733101334737,0,4.54542345443,1.61815823291,0.123789354009,0,0
R08,184320,4.17959183673,333,132.432432432,0.58947059911,0,5.29960358286,2.25189125862,0.660249366498,0,0
R08,184832,4.19120181406,313,140.89456869,0.897383002967,0,8.73657571061,2.20205327883,0.921201144398,0,0
