caseId,sample,timestamp,pitchHz,confidence,rms,energy,peak,clipping,onsetStrength,onsetCandidate,isSilent,isPartial
R01,0,0,0,0,0,0,0,0,0,0,1,0
R01,512,0.0116099773243,0,0,0,0,0,0,0,0,1,0
R01,1024,0.0232199546485,0,0,0,0,0,0,0,0,1,0
R01,1536,0.0348299319728,0,0,0,0,0,0,0,0,1,0
R01,2048,0.0464399092971,0,0,0,0,0,0,0,0,1,0
R01,2560,0.0580498866213,0,0,0,0,0,0,0,0,1,0
R01,3072,0.0696598639456,0,0,0,0,0,0,0,0,1,0
R01,3584,0.0812698412698,0,0,2.13248063119e-06,4.54747350886e-12,1.52587890625e-05,0,0,0,1,0
R01,4096,0.0928798185941,0,0,8.99694532563e-06,8.09450284578e-11,3.0517578125e-05,0,0,0,1,0
R01,4608,0.104489795918,0,0,1.21007706184e-05,1.46428646985e-10,3.0517578125e-05,0,0,0,1,0
R01,5120,0.116099773243,0,0,1.39184185173e-05,1.93722371478e-10,4.57763671875e-05,0,0,0,1,0
R01,5632,0.127709750567,0,0,1.41613409141e-05,2.00543581741e-10,4.57763671875e-05,0,0,0,1,0
R01,6144,0.139319727891,0,0,3.30431284965e-05,1.09184838948e-09,0.000228881835938,0,0,0,1,0
R01,6656,0.150929705215,0,0,0.000116160510515,1.34932633955e-08,0.000259399414062,0,0,0,1,0
R01,7168,0.16253968254,0,0,0.000161120158737,2.59597072727e-08,0.000350952148438,0,0,0,1,0
R01,7680,0.174149659864,0,0,0.000372745154891,1.38938958116e-07,0.000823974609375,0,0,0,1,0
R01,8192,0.185759637188,0,0,0.000437885551946,1.91743765754e-07,0.000900268554688,0,0,0,1,0
R01,8704,0.197369614512,0,0,0.000471487059258,2.22300059249e-07,0.00105285644531,0,0,0,1,0
R01,9216,0.208979591837,0,0,0.000400097342208,1.60077888722e-07,0.000778198242188,0,0,0,1,0
R01,9728,0.220589569161,0,0,0.000935114978347,8.74440047482e-07,0.00205993652344,0,0,0,1,0
R01,10240,0.232199546485,0,0,0.000829352647997,6.87825831847e-07,0.00210571289062,0,0,0,1,0
R01,10752,0.24380952381,0,0,0.000855676829815,7.32182797947e-07,0.00169372558594,0,0,0,1,0
R01,11264,0.255419501134,0,0,0.00108721386641,1.18203388411e-06,0.00204467773438,0,0,0,1,0
R01,11776,0.267029478458,0,0,0.00119014177471,1.41643749885e-06,0.00288391113281,0,0,0,1,0
R01,12288,0.278639455782,0,0,0.00201640417799,4.06588560509e-06,0.00361633300781,0,0,0,1,0
R01,12800,0.290249433107,0,0,0.00166198215447,2.762184522e-06,0.00343322753906,0,0,0,1,0
R01,13312,0.301859410431,0,0,0.00190119748004,3.61455204256e-06,0.0042724609375,0,0,0,1,0
R01,13824,0.313469387755,0,0,0.00131328229327,1.72471027327e-06,0.00282287597656,0,0,0,1,0
R01,14336,0.325079365079,0,0,0.00110519619193,1.22145866044e-06,0.00267028808594,0,0,0,1,0
R01,14848,0.336689342404,0,0,0.000900400860701,8.10721758171e-07,0.00209045410156,0,0,0,1,0
R01,15360,0.348299319728,0,0,0.00120821129531,1.45977446664e-06,0.00315856933594,0,0,0,1,0
R01,15872,0.359909297052,0,0,0.000718812050764,5.16690761287e-07,0.00154113769531,0,0,0,1,0
R01,16384,0.371519274376,0,0,0.00180199195165,3.24717484546e-06,0.00343322753906,0,0,0,1,0
R01,16896,0.383129251701,0,0,0.00119779724628,1.43471834235e-06,0.00309753417969,0,0,0,1,0
R01,17408,0.394739229025,0,0,0.00137531140354,1.89148158825e-06,0.00344848632812,0,0,0,1,0
R01,17920,0.406349206349,0,0,0.000896458397619,8.03637703939e-07,0.00221252441406,0,0,0,1,0
R01,18432,0.417959183673,0,0,0.00205242540687,4.21245022153e-06,0.0040283203125,0,0,0,1,0
R01,18944,0.429569160998,0,0,0.000860353000462,7.402072697e-07,0.0023193359375,0,0,0,1,0
R01,19456,0.441179138322,0,0,0.000902256811969,8.14067334431e-07,0.00204467773438,0,0,0,1,0
R01,19968,0.452789115646,0,0,0.0017635038821,3.10994573738e-06,0.00320434570312,0,0,0,1,0
R01,20480,0.464399092971,0,0,0.00113342073746,1.28464262161e-06,0.00242614746094,0,0,0,1,0
R01,20992,0.476009070295,0,0,0.000909194815904,8.26635186968e-07,0.0023193359375,0,0,0,1,0
R01,21504,0.487619047619,0,0,0.00150723871775,2.2717686079e-06,0.00337219238281,0,0,0,1,0
R01,22016,0.499229024943,0,0,0.00152396666817,2.32247430176e-06,0.0035400390625,0,0,0,1,0
R01,22528,0.510839002268,0,0,0.00185780075844,3.45142370861e-06,0.00450134277344,0,0,0,1,0
R01,23040,0.522448979592,0,0,0.0011646032799,1.35630079967e-06,0.00265502929688,0,0,0,1,0
R01,23552,0.534058956916,0,0,0.00161383813247,2.60447359324e-06,0.00314331054688,0,0,0,1,0
R01,24064,0.54566893424,0,0,0.00154747872148,2.39469045482e-06,0.00326538085938,0,0,0,1,0
R01,24576,0.557278911565,0,0,0.0019361654995,3.74873661713e-06,0.0037841796875,0,0,0,1,0
R01,25088,0.568888888889,0,0,0.0017087275628,2.91974993161e-06,0.00337219238281,0,0,0,1,0
R01,25600,0.580498866213,0,0,0.00197418709286,3.89741444451e-06,0.00494384765625,0,0,0,1,0
R01,26112,0.592108843537,0,0,0.00241129333153,5.81433505431e-06,0.00611877441406,0,0,0,1,0
R01,26624,0.603718820862,0,0,0.00122245459352,1.49439529196e-06,0.00221252441406,0,0,0,1,0
R01,27136,0.615328798186,0,0,0.00206406740472,4.2603746806e-06,0.00482177734375,0,0,0,1,0
R01,27648,0.62693877551,0,0,0.00185837037861,3.45354055753e-06,0.00302124023438,0,0,0,1,0
R01,28160,0.638548752834,0,0,0.00134647113737,1.81298446478e-06,0.00250244140625,0,0,0,1,0
R01,28672,0.650158730159,0,0,0.00195227412041,3.81137442673e-06,0.00421142578125,0,0,0,1,0
R01,29184,0.661768707483,0,0,0.00136695615947,1.86856914297e-06,0.00271606445312,0,0,0,1,0
R01,29696,0.673378684807,0,0,0.00090286746854,8.1516964201e-07,0.00190734863281,0,0,0,1,0
R01,30208,0.684988662132,0,0,0.00130600482225,1.70564862856e-06,0.0035400390625,0,0,0,1,0
R01,30720,0.696598639456,0,0,0.00135664304253,1.8404803086e-06,0.002685546875,0,0,0,1,0
R01,31232,0.70820861678,0,0,0.00202322099358,4.09342283092e-06,0.00387573242188,0,0,0,1,0
R01,31744,0.719818594104,0,0,0.00153875397518,2.36776395468e-06,0.003173828125,0,0,0,1,0
R01,32256,0.731428571429,0,0,0.00142969645094,2.04403204407e-06,0.00291442871094,0,0,0,1,0
R01,32768,0.743038548753,0,0,0.00173773872666,3.01973568639e-06,0.00480651855469,0,0,0,1,0
R01,33280,0.754648526077,0,0,0.00194598943926,3.7868749132e-06,0.00447082519531,0,0,0,1,0
R01,33792,0.766258503401,0,0,0.00237808376551,5.65528262086e-06,0.0042724609375,0,0,0,1,0
R01,34304,0.777868480726,0,0,0.00171392597258,2.93754237646e-06,0.00349426269531,0,0,0,1,0
R01,34816,0.78947845805,0,0,0.00135022622999,1.82311077879e-06,0.00260925292969,0,0,0,1,0
R01,35328,0.801088435374,0,0,0.00114276492968,1.30591160996e-06,0.00291442871094,0,0,0,1,0
R01,35840,0.812698412698,0,0,0.00107524567284,1.15615330287e-06,0.00375366210938,0,0,0,1,0
R01,36352,0.824308390023,0,0,0.00127626513131,1.62885271493e-06,0.00276184082031,0,0,0,1,0
R01,36864,0.835918367347,0,0,0.00149818544742,2.24455970965e-06,0.00270080566406,0,0,0,1,0
R01,37376,0.847528344671,0,0,0.00114363781177,1.30790749608e-06,0.00303649902344,0,0,0,1,0
R01,37888,0.859138321995,0,0,0.00122166739311,1.49247125592e-06,0.00306701660156,0,0,0,1,0
R01,38400,0.87074829932,0,0,0.00126989604905,1.61263596965e-06,0.00338745117188,0,0,0,1,0
R01,38912,0.882358276644,0,0,0.00201203837059,4.04829825129e-06,0.00418090820312,0,0,0,1,0
R01,39424,0.893968253968,0,0,0.00200717733242,4.02876048611e-06,0.003662109375,0,0,0,1,0
R01,39936,0.905578231293,0,0,0.000931453250814,8.67605194799e-07,0.00230407714844,0,0,0,1,0
R01,40448,0.917188208617,0,0,0.00123699393589,1.53015389515e-06,0.00265502929688,0,0,0,1,0
R01,40960,0.928798185941,0,0,0.00133693101816,1.78738446266e-06,0.00318908691406,0,0,0,1,0
R01,41472,0.940408163265,0,0,0.000995267066173,9.905566003e-07,0.00250244140625,0,0,0,1,0
R01,41984,0.95201814059,0,0,0.00173271156382,3.00228930428e-06,0.00386047363281,0,0,0,1,0
R01,42496,0.963628117914,0,0,0.00133463868406,1.78126038008e-06,0.00230407714844,0,0,0,1,0
R01,43008,0.975238095238,0,0,0.00111883413047,1.251789854e-06,0.00216674804688,0,0,0,1,0
R01,43520,0.986848072562,0,0,0.00137602945324,1.89345701074e-06,0.00277709960938,0,0,0,1,0
R01,44032,0.998458049887,0,0,0.00180637952872,3.26300687448e-06,0.00447082519531,0,0,0,1,0
R01,44544,1.01006802721,0,0,0.00215872772969,4.66010578748e-06,0.00474548339844,0,0,0,1,0
R01,45056,1.02167800454,0,0,0.0018721394008,3.5049060898e-06,0.00413513183594,0,0,0,1,0
R01,45568,1.03328798186,0,0,0.00258401222527,6.67711947244e-06,0.00459289550781,0,0,0,1,0
R01,46080,1.04489795918,0,0,0.00121217826381,1.46937600221e-06,0.00302124023438,0,0,0,1,0
R01,46592,1.05650793651,0,0,0.00150873465464,2.27628015637e-06,0.00444030761719,0,0,0,1,0
R01,47104,1.06811791383,0,0,0.00230893096887,5.33116235601e-06,0.00569152832031,0,0,0,1,0
R01,47616,1.07972789116,0,0,0.00366079830565,1.34014444484e-05,0.0081787109375,0,1,0,0,0
R01,48128,1.09133786848,0,0,0.00322891795076,1.04259115687e-05,0.00822448730469,0,0.355591088533,0,0,0
R01,48640,1.1029478458,0,0,0.0784374177456,0.00615242868662,0.198028564453,0,0.906734704971,1,0,0
R01,49152,1.11455782313,0,0,0.282075345516,0.0795665085316,0.582214355469,0,0.684123039246,0,0,0
R01,49664,1.12616780045,0,0,0.203437969089,0.0413870066404,0.518188476562,0,0.304042577744,0,0,0
R01,50176,1.13777777778,0,0,0.182581484318,0.0333359986544,0.474502563477,0,0.199483558536,0,0,0
R01,50688,1.1493877551,0,0,0.173869639635,0.0302306525409,0.427368164062,0,0.176444470882,0,0,0
R01,51200,1.16099773243,0,0,0.20457752049,0.0418519638479,0.420715332031,0,0.17218464613,0,0,0
R01,51712,1.17260770975,0,0,0.153206527233,0.0234722401947,0.394714355469,0,0.144357964396,0,0,0
R01,52224,1.18421768707,0,0,0.167536169291,0.0280683692545,0.374008178711,0,0.123551301658,0,0,0
R01,52736,1.1958276644,0,0,0.152578130364,0.0232800878584,0.428482055664,0,0.136667847633,0,0,0
R01,53248,1.20743764172,0,0,0.168540924788,0.0284060426056,0.439041137695,0,0.110338829458,0,0,0
R01,53760,1.21904761905,0,0,0.139468461275,0.0194514505565,0.379837036133,0,0.137780949473,0,0,0
R01,54272,1.23065759637,175.200958252,0.864844322205,0.162255704403,0.0263269152492,0.406478881836,0,0.0960378944874,0,0,0
R01,54784,1.2422675737,175.277008057,0.891251981258,0.14755371213,0.0217720977962,0.347915649414,0,0.129748687148,0,0,0
R01,55296,1.25387755102,175.343338013,0.908525705338,0.137943193316,0.0190283246338,0.33137512207,0,0.0830338895321,0,0,0
R01,55808,1.26548752834,175.406692505,0.926631987095,0.119343355298,0.0142428372055,0.263259887695,0,0.116238050163,0,0,0
R01,56320,1.27709750567,175.336471558,0.936233878136,0.121452324092,0.0147506678477,0.259201049805,0,0.0903989523649,0,0,0
R01,56832,1.28870748299,175.554077148,0.948917031288,0.111252434552,0.012377104722,0.264129638672,0,0.112910374999,0,0,0
R01,57344,1.30031746032,175.463989258,0.958562791348,0.123633727431,0.0152852991596,0.285568237305,0,0.0654449015856,0,0,0
R01,57856,1.31192743764,175.569564819,0.96817356348,0.110305085778,0.0121672125533,0.257476806641,0,0.113291479647,0,0,0
R01,58368,1.32353741497,175.43019104,0.971840381622,0.118859514594,0.0141275841743,0.281692504883,0,0.0726859197021,0,0,0
R01,58880,1.33514739229,175.525863647,0.974168121815,0.11112125963,0.0123479347676,0.242614746094,0,0.083981141448,0,0,0
R01,59392,1.34675736961,175.497955322,0.981130838394,0.117890745401,0.0138982282951,0.262145996094,0,0.0784940496087,0,0,0
R01,59904,1.35836734694,175.548156738,0.982677221298,0.112582981586,0.0126749277115,0.274475097656,0,0.0939154103398,0,0,0
R01,60416,1.36997732426,175.540863037,0.982864975929,0.113049268723,0.0127801364288,0.287017822266,0,0.0668625086546,0,0,0
R01,60928,1.38158730159,175.524032593,0.983541488647,0.108408354223,0.0117523707449,0.265197753906,0,0.0759263336658,0,0,0
R01,61440,1.39319727891,175.496414185,0.985501527786,0.112576916814,0.0126735623926,0.258361816406,0,0.070417702198,0,0,0
R01,61952,1.40480725624,175.503417969,0.987596392632,0.108197554946,0.0117067107931,0.244323730469,0,0.0659209117293,0,0,0
R01,62464,1.41641723356,175.513092041,0.989712417126,0.110928662121,0.0123051675037,0.241058349609,0,0.0785227864981,0,0,0
R01,62976,1.42802721088,175.508071899,0.990421831608,0.104388102889,0.010896875523,0.23030090332,0,0.0599986389279,0,0,0
R01,63488,1.43963718821,175.496398926,0.991026461124,0.109362520278,0.0119601609185,0.253295898438,0,0.0722789987922,0,0,0
R01,64000,1.45124716553,175.472869873,0.991717278957,0.109423704445,0.0119735468179,0.259994506836,0,0.0865717530251,0,0,0
R01,64512,1.46285714286,175.451278687,0.993911504745,0.113841928542,0.0129599850625,0.276168823242,0,0.0421398282051,0,0,0
R01,65024,1.47446712018,175.463195801,0.994679808617,0.10926322639,0.0119384527206,0.243698120117,0,0.0711489021778,0,0,0
R01,65536,1.48607709751,175.443740845,0.994898080826,0.106067255139,0.01125026308,0.216903686523,0,0.0593086965382,0,0,0
R01,66048,1.49768707483,175.416946411,0.995088398457,0.104816406965,0.0109864799306,0.227294921875,0,0.0727291330695,0,0,0
R01,66560,1.50929705215,175.40020752,0.995145499706,0.104521259665,0.0109246941283,0.222091674805,0,0.0622299537063,0,0,0
R01,67072,1.52090702948,175.38923645,0.995481193066,0.104488864541,0.0109179224819,0.214935302734,0,0.0600064843893,0,0,0
R01,67584,1.5325170068,175.40222168,0.995771110058,0.102512180805,0.0105087477714,0.226135253906,0,0.0559067986906,0,0,0
R01,68096,1.54412698413,175.374328613,0.995770633221,0.101527966559,0.0103079276159,0.229370117188,0,0.0711520463228,0,0,0
R01,68608,1.55573696145,175.374053955,0.995877206326,0.100939050317,0.010188691318,0.22216796875,0,0.0447925552726,0,0,0
R01,69120,1.56734693878,175.369613647,0.996073126793,0.10100774467,0.0102025652304,0.21711730957,0,0.0722824111581,0,0,0
R01,69632,1.5789569161,175.351074219,0.996114969254,0.100209712982,0.0100419865921,0.20361328125,0,0.0550194792449,0,0,0
R01,70144,1.59056689342,175.360305786,0.996237039566,0.0983604490757,0.00967477727681,0.209854125977,0,0.0564035773277,0,0,0
R01,70656,1.60217687075,175.333480835,0.99634540081,0.098816037178,0.00976460892707,0.215209960938,0,0.0584727972746,0,0,0
R01,71168,1.61378684807,175.310928345,0.996373772621,0.0980954617262,0.00962271913886,0.211090087891,0,0.0427619181573,0,0,0
R01,71680,1.6253968254,175.296447754,0.996433854103,0.0970279797912,0.00941442884505,0.203155517578,0,0.0484223924577,0,0,0
R01,72192,1.63700680272,175.296310425,0.996614217758,0.0917189568281,0.00841236673295,0.180679321289,0,0.0331419818103,0,0,0
R01,72704,1.64861678005,175.269012451,0.996471405029,0.093363262713,0.00871669873595,0.190643310547,0,0.0460998676717,0,0,0
R01,73216,1.66022675737,175.245162964,0.9963580966,0.0899380072951,0.00808884482831,0.186340332031,0,0.0341022573411,0,0,0
R01,73728,1.67183673469,175.207672119,0.996278166771,0.0879470780492,0.00773468799889,0.18977355957,0,0.0359737575054,0,0,0
R01,74240,1.68344671202,175.22744751,0.996431827545,0.0915936529636,0.0083893975243,0.201156616211,0,0.0445903688669,0,0,0
R01,74752,1.69505668934,175.180328369,0.996397554874,0.0922736376524,0.00851442478597,0.198837280273,0,0.0535264089704,0,0,0
R01,75264,1.70666666667,175.192565918,0.996590912342,0.0905239805579,0.00819459091872,0.188354492188,0,0.0348137952387,0,0,0
R01,75776,1.71827664399,175.146408081,0.996701478958,0.0899273827672,0.00808693468571,0.16845703125,0,0.048059515655,0,0,0
R01,76288,1.72988662132,175.176528931,0.996897578239,0.0850020423532,0.00722534721717,0.162857055664,0,0.0446487143636,0,0,0
R01,76800,1.74149659864,175.131378174,0.996925055981,0.0866725817323,0.00751213589683,0.164901733398,0,0.0451479479671,0,0,0
R01,77312,1.75310657596,175.085479736,0.996945798397,0.0870203077793,0.00757253356278,0.158676147461,0,0.0482577160001,0,0,0
R01,77824,1.76471655329,175.094680786,0.997221469879,0.0877707600594,0.00770370662212,0.17024230957,0,0.0765027329326,0,0,0
R01,78336,1.77632653061,175.080276489,0.997047960758,0.0842005237937,0.00708972848952,0.168411254883,0,0.0649082660675,0,0,0
R01,78848,1.78793650794,175.061965942,0.997089266777,0.0841617211699,0.00708319526166,0.171310424805,0,0.049355622381,0,0,0
R01,79360,1.79954648526,175.036621094,0.997002840042,0.0821700170636,0.00675191171467,0.16015625,0,0.0603573545814,0,0,0
R01,79872,1.81115646259,174.969589233,0.99734389782,0.0831246972084,0.00690971501172,0.154678344727,0,0.0542759075761,0,0,0
R01,80384,1.82276643991,174.948394775,0.99743783474,0.084262534976,0.00710017466918,0.154479980469,0,0.0586336664855,0,0,0
R01,80896,1.83437641723,174.956222534,0.997530758381,0.0855300873518,0.00731539586559,0.157333374023,0,0.057469483465,0,0,0
R01,81408,1.84598639456,174.96282959,0.9975887537,0.083729930222,0.00701070064679,0.148818969727,0,0.0335732214153,0,0,0
R01,81920,1.85759637188,174.926513672,0.997541129589,0.0843631327152,0.00711713824421,0.147232055664,0,0.0691601485014,0,0,0
R01,82432,1.86920634921,174.867462158,0.997516155243,0.0805873721838,0.00649432418868,0.136596679688,0,0.0544911287725,0,0,0
R01,82944,1.88081632653,174.896911621,0.997696995735,0.0811553299427,0.00658618751913,0.140975952148,0,0.0567261837423,0,0,0
R01,83456,1.89242630385,174.865661621,0.997697174549,0.0790926814079,0.0062556527555,0.137969970703,0,0.0479870997369,0,0,0
R01,83968,1.90403628118,174.845596313,0.997681796551,0.0816167145967,0.0066612875089,0.146942138672,0,0.0593737885356,0,0,0
R01,84480,1.9156462585,174.81640625,0.997607886791,0.0812568441033,0.00660267472267,0.146560668945,0,0.0519430376589,0,0,0
R01,84992,1.92725623583,174.804336548,0.997573196888,0.0791087076068,0.00625818734989,0.136825561523,0,0.0386754088104,0,0,0
R01,85504,1.93886621315,174.807998657,0.997717916965,0.0777925997972,0.00605168845505,0.138763427734,0,0.0519092381001,0,0,0
R01,86016,1.95047619048,174.783569336,0.997936725616,0.079585634172,0.0063338726759,0.144012451172,0,0.0632371753454,0,0,0
R01,86528,1.9620861678,174.774124146,0.997902870178,0.0807169005275,0.00651521747932,0.142715454102,0,0.058456890285,0,0,0
R01,87040,1.97369614512,174.73298645,0.997594952583,0.0774047598243,0.00599149661139,0.133972167969,0,0.0564870014787,0,0,0
R01,87552,1.98530612245,174.784439087,0.99762737751,0.0779163241386,0.00607095379382,0.14306640625,0,0.0538377277553,0,0,0
R01,88064,1.99691609977,174.720870972,0.997504234314,0.0801650583744,0.00642643636093,0.144165039062,0,0.0531429760158,0,0,0
R01,88576,2.0085260771,174.729217529,0.997617185116,0.0785361155868,0.00616792170331,0.147323608398,0,0.0541410520673,0,0,0
R01,89088,2.02013605442,174.684814453,0.997423350811,0.0763762369752,0.00583332963288,0.137680053711,0,0.0448677316308,0,0,0
R01,89600,2.03174603175,174.682159424,0.997412741184,0.0768096148968,0.00589971709996,0.142120361328,0,0.054269939661,0,0,0
R01,90112,2.04335600907,174.715515137,0.997459948063,0.0764050260186,0.0058377282694,0.141098022461,0,0.0550731904805,0,0,0
R01,90624,2.05496598639,174.743499756,0.997529804707,0.0751950964332,0.00565430289134,0.136917114258,0,0.0487524755299,0,0,0
R01,91136,2.06657596372,174.705993652,0.997417867184,0.0712499469519,0.00507655506954,0.128448486328,0,0.0444193817675,0,0,0
R01,91648,2.07818594104,174.686340332,0.997565865517,0.0694994404912,0.00483017181978,0.130706787109,0,0.0520017184317,0,0,0
R01,92160,2.08979591837,174.67868042,0.997736990452,0.0688019171357,0.00473370356485,0.132766723633,0,0.0400198400021,0,0,0
R01,92672,2.10140589569,174.638442993,0.997625768185,0.0723145976663,0.00522940140218,0.145126342773,0,0.0406327396631,0,0,0
R01,93184,2.11301587302,174.638931274,0.997499465942,0.0688707083464,0.00474317418411,0.142974853516,0,0.0400154851377,0,0,0
R01,93696,2.12462585034,174.672607422,0.997399151325,0.0700311362743,0.00490435957909,0.135925292969,0,0.0445418767631,0,0,0
R01,94208,2.13623582766,174.660995483,0.997562944889,0.0704222917557,0.00495929876342,0.137649536133,0,0.0408318862319,0,0,0
R01,94720,2.14784580499,174.614562988,0.997707247734,0.0656579062343,0.00431096041575,0.131942749023,0,0.0308232884854,0,0,0
R01,95232,2.15945578231,174.588607788,0.997477948666,0.066768206656,0.00445799296722,0.130554199219,0,0.0424629598856,0,0,0
R01,95744,2.17106575964,174.64755249,0.997320055962,0.0656662881374,0.0043120617047,0.125610351562,0,0.0494186729193,0,0,0
R01,96256,2.18267573696,174.606338501,0.997630238533,0.0675779283047,0.00456677656621,0.130737304688,0,0.0696264430881,0,0,0
R01,96768,2.19428571429,174.685836792,0.997809171677,0.0651786774397,0.00424825958908,0.12370300293,0,0.0538241416216,0,0,0
R01,97280,2.20589569161,174.594985962,0.997940182686,0.0640261024237,0.00409934204072,0.122421264648,0,0.0625932142138,0,0,0
R01,97792,2.21750566893,174.608322144,0.99801659584,0.0650273114443,0.00422855140641,0.126281738281,0,0.0666496902704,0,0,0
R01,98304,2.22911564626,174.592956543,0.998031139374,0.0626458674669,0.00392450485379,0.123443603516,0,0.0592748895288,0,0,0
R01,98816,2.24072562358,174.631469727,0.998377203941,0.0653662383556,0.00427274499089,0.128753662109,0,0.0665734410286,0,0,0
R01,99328,2.25233560091,174.525085449,0.998800218105,0.0663793757558,0.00440622121096,0.130905151367,0,0.0539644099772,0,0,0
R01,99840,2.26394557823,174.535446167,0.998292326927,0.0663745179772,0.00440557673573,0.130889892578,0,0.0501868277788,0,0,0
R01,100352,2.27555555556,174.527999878,0.998045623302,0.0647376701236,0.00419096602127,0.126327514648,0,0.035729881376,0,0,0
R01,100864,2.28716553288,174.550476074,0.997917413712,0.0656022280455,0.00430365279317,0.129196166992,0,0.0457239821553,0,0,0
R01,101376,2.2987755102,174.492599487,0.997759997845,0.0628411620855,0.00394901167601,0.12532043457,0,0.0499980486929,0,0,0
R01,101888,2.31038548753,174.521270752,0.997116744518,0.0604684688151,0.00365643575788,0.128967285156,0,0.0627443343401,0,0,0
R01,102400,2.32199546485,174.557662964,0.995327949524,0.0565175116062,0.00319422921166,0.121459960938,0,0.0744263231754,0,0,0
R01,102912,2.33360544218,174.567077637,0.994598984718,0.0446255505085,0.00199143961072,0.0938873291016,0,0.0787626579404,0,0,0
R01,103424,2.3452154195,174.502365112,0.974096000195,0.0367282927036,0.00134896754753,0.0885162353516,0,0.113452725112,0,0,0
R01,103936,2.35682539683,0,0,0.0845427885652,0.00714748259634,0.154708862305,0,0.325909048319,0,0,0
R01,104448,2.36843537415,0,0,0.0513307712972,0.00263484823518,0.111801147461,0,0.156198978424,0,0,0
R01,104960,2.38004535147,0,0,0.0421013198793,0.0017725211801,0.0756072998047,0,0.116266474128,0,0,0
R01,105472,2.3916553288,0,0,0.0222850497812,0.000496623455547,0.0462951660156,0,0.10981926322,0,0,0
R01,105984,2.40326530612,0,0,0.030784657225,0.000947695109062,0.0517578125,0,0.115075960755,0,0,0
R01,106496,2.41487528345,0,0,0.0153344683349,0.000235145926126,0.0345916748047,0,0.0898403227329,0,0,0
R01,107008,2.42648526077,0,0,0.0207583662122,0.000430909771239,0.0350646972656,0,0.116121850908,0,0,0
R01,107520,2.4380952381,0,0,0.0165863372386,0.000275106605841,0.0383453369141,0,0.103795975447,0,0,0
R01,108032,2.44970521542,0,0,0.0215526167303,0.000464515265776,0.0478210449219,0,0.162011280656,0,0,0
R01,108544,2.46131519274,0,0,0.0162129029632,0.000262858200585,0.0265960693359,0,0.100265078247,0,0,0
R01,109056,2.47292517007,0,0,0.0239472277462,0.000573469675146,0.0464172363281,0,0.0853374972939,0,0,0
R01,109568,2.48453514739,0,0,0.0252297967672,0.000636542623397,0.0691680908203,0,0.241436600685,0,0,0
R01,110080,2.49614512472,0,0,0.0263488609344,0.000694262504112,0.0530853271484,0,0.111945413053,0,0,0
R01,110592,2.50775510204,0,0,0.00902010500431,8.1362290075e-05,0.0167083740234,0,0.104503169656,0,0,0
R01,111104,2.51936507937,0,0,0.00737649295479,5.44126451132e-05,0.0150756835938,0,0.0976314991713,0,0,0
R01,111616,2.53097505669,0,0,0.00466839084402,2.17938722926e-05,0.009521484375,0,0.129616186023,0,0,0
R01,112128,2.54258503401,0,0,0.00616681249812,3.80295750801e-05,0.0107574462891,0,0.131825998425,0,0,0
R01,112640,2.55419501134,0,0,0.00382304610685,1.46156817209e-05,0.00810241699219,0,0.133838370442,0,0,0
R01,113152,2.56580498866,0,0,0.00759604247287,5.76998645556e-05,0.0152893066406,0,0.154534250498,0,0,0
R01,113664,2.57741496599,0,0,0.00476087955758,2.26659722102e-05,0.00889587402344,0,0.13388466835,0,0,0
R01,114176,2.58902494331,0,0,0.0041054552421,1.68547612702e-05,0.00869750976562,0,0.0846789479256,0,0,0
R01,114688,2.60063492063,0,0,0.00335981091484,1.12883299153e-05,0.00700378417969,0,0.175507172942,0,0,0
R01,115200,2.61224489796,0,0,0.00427701883018,1.82928888535e-05,0.00857543945312,0,0.136281311512,0,0,0
R01,115712,2.62385487528,0,0,0.00130129931495,1.69337999978e-06,0.00263977050781,0,0,0,1,0
R01,116224,2.63546485261,0,0,0.00148147740401,2.19477533392e-06,0.00321960449219,0,0,0,1,0
R01,116736,2.64707482993,0,0,0.00065779266879,4.32691194874e-07,0.00146484375,0,0,0,1,0
R01,117248,2.65868480726,0,0,0.00105029577389,1.10312112156e-06,0.00245666503906,0,0,0,1,0
R01,117760,2.67029478458,0,0,0.00137919362169,1.9021749722e-06,0.00300598144531,0,0,0,1,0
R01,118272,2.6819047619,0,0,0.00128578860313,1.65325218404e-06,0.00274658203125,0,0,0,1,0
R01,118784,2.69351473923,0,0,0.000994520494714,9.89070940705e-07,0.00250244140625,0,0,0,1,0
R01,119296,2.70512471655,0,0,0.00191120954696,3.65272171621e-06,0.00364685058594,0,0,0,1,0
R01,119808,2.71673469388,0,0,0.00205468107015,4.22171387982e-06,0.00444030761719,0,0,0,1,0
R01,120320,2.7283446712,0,0,0.00186987302732,3.49642505171e-06,0.00390625,0,0,0,1,0
R01,120832,2.73995464853,0,0,0.00137984647881,1.90397622646e-06,0.00350952148438,0,0,0,1,0
R01,121344,2.75156462585,0,0,0.00104857585393,1.09951133709e-06,0.00189208984375,0,0,0,1,0
R01,121856,2.76317460317,0,0,0.00100148539059,1.00297302197e-06,0.00259399414062,0,0,0,1,0
R01,122368,2.7747845805,0,0,0.0014903532574,2.22115295401e-06,0.00273132324219,0,0,0,1,0
R01,122880,2.78639455782,0,0,0.00106344523374,1.13091573439e-06,0.00193786621094,0,0,0,1,0
R01,123392,2.79800453515,0,0,0.000637915101834,4.06935669162e-07,0.001708984375,0,0,0,1,0
R01,123904,2.80961451247,0,0,0.000988775864244,9.77677700575e-07,0.00273132324219,0,0,0,1,0
R01,124416,2.8212244898,0,0,0.0013899988262,1.93209689314e-06,0.00309753417969,0,0,0,1,0
R01,124928,2.83283446712,0,0,0.00155252206605,2.41032466874e-06,0.00279235839844,0,0,0,1,0
R01,125440,2.84444444444,0,0,0.0013618611265,1.85466569746e-06,0.00389099121094,0,0,0,1,0
R01,125952,2.85605442177,0,0,0.00185542390682,3.44259797203e-06,0.00384521484375,0,0,0,1,0
R01,126464,2.86766439909,0,0,0.00208190875128,4.33434388469e-06,0.00364685058594,0,0,0,1,0
R01,126976,2.87927437642,0,0,0.00128383550327,1.64823359228e-06,0.00286865234375,0,0,0,1,0
R01,127488,2.89088435374,0,0,0.00205240002833,4.21234608439e-06,0.00450134277344,0,0,0,1,0
R01,128000,2.90249433107,0,0,0.00184111332055,3.38969812219e-06,0.00338745117188,0,0,0,1,0
R01,128512,2.91410430839,0,0,0.000959753000643,9.21125774767e-07,0.001953125,0,0,0,1,0
R01,129024,2.92571428571,0,0,0.00043500305037,1.89227648661e-07,0.00123596191406,0,0,0,1,0
R01,129536,2.93732426304,0,0,0.00137683819048,1.89568345377e-06,0.00314331054688,0,0,0,1,0
R01,130048,2.94893424036,0,0,0.00110597815365,1.22318760987e-06,0.00202941894531,0,0,0,1,0
R01,130560,2.96054421769,0,0,0.000929735135287,8.64407411427e-07,0.00180053710938,0,0,0,1,0
R01,131072,2.97215419501,0,0,0.00126879045274,1.609829269e-06,0.00239562988281,0,0,0,1,0
R01,131584,2.98376417234,0,0,0.00118899380323,1.41370628626e-06,0.00257873535156,0,0,0,1,0
R01,132096,2.99537414966,0,0,0.00165478955023,2.73832847597e-06,0.00308227539062,0,0,0,1,0
R01,132608,3.00698412698,0,0,0.0016494311858,2.72062334261e-06,0.00347900390625,0,0,0,1,0
R01,133120,3.01859410431,0,0,0.00141521124169,2.00282283913e-06,0.00303649902344,0,0,0,1,0
R01,133632,3.03020408163,0,0,0.00110612227581,1.22350638776e-06,0.00254821777344,0,0,0,1,0
R01,134144,3.04181405896,0,0,0.00190510950051,3.62944228982e-06,0.00425720214844,0,0,0,1,0
R01,134656,3.05342403628,0,0,0.00126325187739,1.59580531545e-06,0.0028076171875,0,0,0,1,0
R01,135168,3.06503401361,0,0,0.00101504847407,1.03032334664e-06,0.00201416015625,0,0,0,1,0
R01,135680,3.07664399093,0,0,0.0009687889833,9.38552148e-07,0.00216674804688,0,0,0,1,0
R01,136192,3.08825396825,0,0,0.000999375828542,9.98752057058e-07,0.00199890136719,0,0,0,1,0
R01,136704,3.09986394558,0,0,0.00163093360607,2.65994458459e-06,0.00325012207031,0,0,0,1,0
R01,137216,3.1114739229,0,0,0.001863436657,3.47239620169e-06,0.00396728515625,0,0,0,1,0
R01,137728,3.12308390023,0,0,0.00214399909601,4.59673219666e-06,0.00425720214844,0,0,0,1,0
R01,138240,3.13469387755,0,0,0.00246020988561,6.05263267062e-06,0.00466918945312,0,0,0,1,0
R01,138752,3.14630385488,0,0,0.0021842548158,4.7709690989e-06,0.00408935546875,0,0,0,1,0
R01,139264,3.1579138322,0,0,0.00250428705476,6.27145391263e-06,0.00494384765625,0,0,0,1,0
R01,139776,3.16952380952,0,0,0.00282496772707,7.98044220574e-06,0.005126953125,0,0,0,1,0
R01,140288,3.18113378685,0,0,0.00217631226406,4.73633463116e-06,0.00396728515625,0,0,0,1,0
R01,140800,3.19274376417,0,0,0.00272652506828,7.43393957237e-06,0.00595092773438,0,0,0,1,0
R01,141312,3.2043537415,0,0,0.00154595065396,2.38996335611e-06,0.00320434570312,0,0,0,1,0
R01,141824,3.21596371882,0,0,0.0015829980839,2.50588300332e-06,0.00299072265625,0,0,0,1,0
R01,142336,3.22757369615,0,0,0.00150916643906,2.27758346227e-06,0.00286865234375,0,0,0,1,0
R01,142848,3.23918367347,0,0,0.00170266604982,2.89907166007e-06,0.00405883789062,0,0,0,1,0
R01,143360,3.25079365079,0,0,0.0019622084219,3.85026214644e-06,0.00347900390625,0,0,0,1,0
R01,143872,3.26240362812,0,0,0.00225697108544,5.09391838932e-06,0.00450134277344,0,0,0,1,0
R01,144384,3.27401360544,0,0,0.00189989630599,3.60960575563e-06,0.00335693359375,0,0,0,1,0
R01,144896,3.28562358277,0,0,0.00141807715409,2.01094280783e-06,0.00340270996094,0,0,0,1,0
R01,145408,3.29723356009,0,0,0.00302525353618,9.15215878194e-06,0.00621032714844,0,0.167763769627,0,0,0
R01,145920,3.30884353741,0,0,0.00226018438116,5.10843347001e-06,0.00447082519531,0,0,0,1,0
R01,146432,3.32045351474,0,0,0.0022598458454,5.10690324518e-06,0.0040283203125,0,0,0,1,0
R01,146944,3.33206349206,0,0,0.00216815620661,4.70090162707e-06,0.00450134277344,0,0,0,1,0
R01,147456,3.34367346939,0,0,0.00208834535442,4.36118625657e-06,0.00471496582031,0,0,0,1,0
R01,147968,3.35528344671,0,0,0.00306097511202,9.36956803343e-06,0.00482177734375,0,0.266704916954,0,0,0
R01,148480,3.36689342404,0,0,0.00191652262583,3.67305892723e-06,0.00416564941406,0,0,0,1,0
R01,148992,3.37850340136,0,0,0.00121839670464,1.48449043991e-06,0.00273132324219,0,0,0,1,0
R01,149504,3.39011337868,0,0,0.00123732467182,1.53097244038e-06,0.00308227539062,0,0,0,1,0
R01,150016,3.40172335601,0,0,0.00161117967218,2.59589978668e-06,0.00309753417969,0,0,0,1,0
R01,150528,3.41333333333,0,0,0.00175795925315,3.09042070512e-06,0.00411987304688,0,0,0,1,0
R01,151040,3.42494331066,0,0,0.00121731043328,1.48184471982e-06,0.00285339355469,0,0,0,1,0
R01,151552,3.43655328798,0,0,0.00148033676669,2.19139701585e-06,0.00325012207031,0,0,0,1,0
R01,152064,3.44816326531,0,0,0.00126839778386,1.60883291755e-06,0.00248718261719,0,0,0,1,0
R01,152576,3.45977324263,0,0,0.00144657702185,2.09258496398e-06,0.00321960449219,0,0,0,1,0
R01,153088,3.47138321995,0,0,0.00117319438141,1.37638517117e-06,0.00247192382812,0,0,0,1,0
R01,153600,3.48299319728,0,0,0.00160241581034,2.56773637375e-06,0.00358581542969,0,0,0,1,0
R01,154112,3.4946031746,0,0,0.00131490989588,1.7289880816e-06,0.00302124023438,0,0,0,1,0
R01,154624,3.50621315193,0,0,0.00104189000558,1.08553467726e-06,0.00270080566406,0,0,0,1,0
R01,155136,3.51782312925,0,0,0.0012787876185,1.63529784913e-06,0.00320434570312,0,0,0,1,0
R01,155648,3.52943310658,0,0,0.00105296249967,1.10872997539e-06,0.00241088867188,0,0,0,1,0
R01,156160,3.5410430839,0,0,0.00160639698151,2.58051113633e-06,0.00346374511719,0,0,0,1,0
R01,156672,3.55265306122,0,0,0.00105086539406,1.10431801659e-06,0.00270080566406,0,0,0,1,0
R01,157184,3.56426303855,0,0,0.00118502241094,1.40427800943e-06,0.00279235839844,0,0,0,1,0
R01,157696,3.57587301587,0,0,0.00188876723405,3.56744158125e-06,0.00381469726562,0,0,0,1,0
R01,158208,3.5874829932,0,0,0.00135384092573,1.83288511835e-06,0.00251770019531,0,0,0,1,0
R01,158720,3.59909297052,0,0,0.00254475208931,6.47576325719e-06,0.00531005859375,0,0,0,1,0
R01,159232,3.61070294785,0,0,0.00231593311764,5.36354627911e-06,0.00433349609375,0,0,0,1,0
R01,159744,3.62231292517,0,0,0.00194030848797,3.76479692932e-06,0.00396728515625,0,0,0,1,0
R01,160256,3.63392290249,0,0,0.0024478007108,5.99172790317e-06,0.00509643554688,0,0,0,1,0
R01,160768,3.64553287982,0,0,0.0016255894443,2.64254094873e-06,0.00360107421875,0,0,0,1,0
R01,161280,3.65714285714,0,0,0.00234619528055,5.50463255422e-06,0.00405883789062,0,0,0,1,0
R01,161792,3.66875283447,0,0,0.00301402853802,9.08436777536e-06,0.00575256347656,0,0.19380171597,0,0,0
R01,162304,3.68036281179,0,0,0.00179589167237,3.22522691931e-06,0.00370788574219,0,0,0,1,0
R01,162816,3.69197278912,0,0,0.00169332278892,2.86734211841e-06,0.00395202636719,0,0,0,1,0
R01,163328,3.70358276644,0,0,0.00244259298779,5.96626023253e-06,0.00572204589844,0,0,0,1,0
R01,163840,3.71519274376,0,0,0.00184009142686,3.3859364521e-06,0.00407409667969,0,0,0,1,0
R01,164352,3.72680272109,0,0,0.0022837750148,5.2156287893e-06,0.00503540039062,0,0,0,1,0
R01,164864,3.73841269841,0,0,0.00169875193387,2.88575802188e-06,0.00369262695312,0,0,0,1,0
R01,165376,3.75002267574,0,0,0.00296789826825,8.80841980688e-06,0.006591796875,0,0,0,1,0
R01,165888,3.76163265306,0,0,0.00446293922141,1.99178284674e-05,0.0122985839844,0,0.460162252188,1,0,0
R01,166400,3.77324263039,0,0,0.00339580699801,1.15315051517e-05,0.00741577148438,0,0.167479261756,0,0,0
R01,166912,3.78485260771,0,0,0.00254193693399,6.46144280836e-06,0.00630187988281,0,0,0,1,0
R01,167424,3.79646258503,0,0,0.00185676477849,3.44757563653e-06,0.00410461425781,0,0,0,1,0
R01,167936,3.80807256236,0,0,0.00216241902672,4.67605605081e-06,0.00506591796875,0,0,0,1,0
R01,168448,3.81968253968,0,0,0.00203363969922,4.13569068769e-06,0.00386047363281,0,0,0,1,0
R01,168960,3.83129251701,0,0,0.00135591858998,1.8385153453e-06,0.00323486328125,0,0,0,1,0
R01,169472,3.84290249433,0,0,0.00146822887473,2.15569616557e-06,0.0029296875,0,0,0,1,0
R01,169984,3.85451247166,0,0,0.00172546354588,2.97722453979e-06,0.00343322753906,0,0,0,1,0
R01,170496,3.86612244898,0,0,0.00213175523095,4.54438031738e-06,0.00480651855469,0,0,0,1,0
R01,171008,3.8777324263,0,0,0.00272056413814,7.40146879252e-06,0.00537109375,0,0,0,1,0
R01,171520,3.88934240363,0,0,0.056907042861,0.00323841138743,0.187881469727,0,0.89289021492,1,0,0
R01,172032,3.90095238095,0,0,0.0280546862632,0.000787065422628,0.0706634521484,0,0.146782889962,0,0,0
R01,172544,3.91256235828,0,0,0.0173005182296,0.000299307925161,0.0512237548828,0,0.0839333236217,0,0,0
R01,173056,3.9241723356,0,0,0.00266895722598,7.12333303454e-06,0.00689697265625,0,0,0,1,0
R01,173568,3.93578231293,0,0,0.00378847541288,1.43525467138e-05,0.0139312744141,0,0.0310981608927,0,0,0
R01,174080,3.94739229025,0,0,0.00550056109205,3.02561711578e-05,0.012939453125,0,0.0242448356003,0,0,0
R01,174592,3.95900226757,0,0,0.00366106396541,1.34033889481e-05,0.00765991210938,0,0.0206377562135,0,0,0
R01,175104,3.9706122449,0,0,0.00490830512717,2.40914596361e-05,0.00985717773438,0,0.0189240500331,0,0,0
R01,175616,3.98222222222,0,0,0.0019935274031,3.97415124098e-06,0.00428771972656,0,0,0,1,0
R01,176128,3.99383219955,0,0,0.00193797191605,3.75573517886e-06,0.00456237792969,0,0,0,1,0
R01,176640,4.00544217687,0,0,0.00355337723158,1.26264903884e-05,0.00990295410156,0,0.025213830173,0,0,0
R01,177152,4.0170521542,0,0,0.00861364975572,7.41949552321e-05,0.0161590576172,0,0.245244041085,0,0,0
R01,177664,4.02866213152,0,0,0.032912556082,0.00108323630411,0.0750122070312,0,0.622491538525,1,0,0
R01,178176,4.04027210884,0,0,0.0206006895751,0.000424388446845,0.052734375,0,0.206034630537,0,0,0
R01,178688,4.05188208617,0,0,0,0,0,0,0,0,1,0
R02,0,0,0,0,0,0,0,0,0,0,1,0
R02,512,0.0116099773243,0,0,0,0,0,0,0,0,1,0
R02,1024,0.0232199546485,0,0,0,0,0,0,0,0,1,0
R02,1536,0.0348299319728,0,0,0,0,0,0,0,0,1,0
R02,2048,0.0464399092971,0,0,0,0,0,0,0,0,1,0
R02,2560,0.0580498866213,0,0,0,0,0,0,0,0,1,0
R02,3072,0.0696598639456,0,0,0,0,0,0,0,0,1,0
R02,3584,0.0812698412698,0,0,1.65181234024e-06,2.72848410532e-12,1.52587890625e-05,0,0,0,1,0
R02,4096,0.0928798185941,0,0,7.20008301869e-06,5.18411980011e-11,3.0517578125e-05,0,0,0,1,0
R02,4608,0.104489795918,0,0,1.29713735078e-05,1.68256519828e-10,3.0517578125e-05,0,0,0,1,0
R02,5120,0.116099773243,0,0,1.35542586577e-05,1.83717929758e-10,4.57763671875e-05,0,0,0,1,0
R02,5632,0.127709750567,0,0,1.37706083478e-05,1.8962964532e-10,3.0517578125e-05,0,0,0,1,0
R02,6144,0.139319727891,0,0,1.65868059412e-05,2.75122147286e-10,7.62939453125e-05,0,0,0,1,0
R02,6656,0.150929705215,0,0,0.000138589908602,1.92071638594e-08,0.000350952148438,0,0,0,1,0
R02,7168,0.16253968254,0,0,0.000135436857818,1.83431438927e-08,0.000274658203125,0,0,0,1,0
R02,7680,0.174149659864,0,0,0.000285672809696,8.16089595901e-08,0.000762939453125,0,0,0,1,0
R02,8192,0.185759637188,0,0,0.000383703736588,1.47228547576e-07,0.000823974609375,0,0,0,1,0
R02,8704,0.197369614512,0,0,0.000390025990782,1.52120264829e-07,0.000900268554688,0,0,0,1,0
R02,9216,0.208979591837,0,0,0.000479221576825,2.29653323913e-07,0.00120544433594,0,0,0,1,0
R02,9728,0.220589569161,0,0,0.000614587042946,3.77717242372e-07,0.00125122070312,0,0,0,1,0
R02,10240,0.232199546485,0,0,0.000697660492733,4.86730186822e-07,0.00144958496094,0,0,0,1,0
R02,10752,0.24380952381,0,0,0.000908328103833,8.25059942144e-07,0.00210571289062,0,0,0,1,0
R02,11264,0.255419501134,0,0,0.00161960185505,2.62311004917e-06,0.00447082519531,0,0,0,1,0
R02,11776,0.267029478458,0,0,0.00218861317262,4.79002801512e-06,0.00425720214844,0,0,0,1,0
R02,12288,0.278639455782,0,0,0.00141830299981,2.01158354685e-06,0.00347900390625,0,0,0,1,0
R02,12800,0.290249433107,0,0,0.00117253279313,1.37483311846e-06,0.00495910644531,0,0,0,1,0
R02,13312,0.301859410431,0,0,0.00148875231389,2.21638356379e-06,0.003173828125,0,0,0,1,0
R02,13824,0.313469387755,0,0,0.0014448488364,2.08758820008e-06,0.00350952148438,0,0,0,1,0
R02,14336,0.325079365079,0,0,0.00162787991576,2.64999289357e-06,0.00326538085938,0,0,0,1,0
R02,14848,0.336689342404,0,0,0.00148834649008,2.21517530008e-06,0.00306701660156,0,0,0,1,0
R02,15360,0.348299319728,0,0,0.00174423237331,3.04234663417e-06,0.00320434570312,0,0,0,1,0
R02,15872,0.359909297052,0,0,0.00141368538607,1.99850637728e-06,0.00302124023438,0,0,0,1,0
R02,16384,0.371519274376,0,0,0.00103945692535,1.08047061076e-06,0.00247192382812,0,0,0,1,0
R02,16896,0.383129251701,0,0,0.00126318109687,1.59562659974e-06,0.00302124023438,0,0,0,1,0
R02,17408,0.394739229025,0,0,0.000636296288576,4.04872935178e-07,0.00192260742188,0,0,0,1,0
R02,17920,0.406349206349,0,0,0.000949802168179,9.0212415671e-07,0.00186157226562,0,0,0,1,0
R02,18432,0.417959183673,0,0,0.000559548439924,3.1309446058e-07,0.0020751953125,0,0,0,1,0
R02,18944,0.429569160998,0,0,0.00123218039516,1.51826861838e-06,0.00248718261719,0,0,0,1,0
R02,19456,0.441179138322,0,0,0.00109302846249,1.19471133075e-06,0.00265502929688,0,0,0,1,0
R02,19968,0.452789115646,0,0,0.00113850377966,1.29619093059e-06,0.0028076171875,0,0,0,1,0
R02,20480,0.464399092971,0,0,0.00107778154779,1.16161299957e-06,0.00241088867188,0,0,0,1,0
R02,20992,0.476009070295,0,0,0.0011950355256,1.42810995385e-06,0.002685546875,0,0,0,1,0
R02,21504,0.487619047619,0,0,0.00128020206466,1.6389171833e-06,0.00238037109375,0,0,0,1,0
R02,22016,0.499229024943,0,0,0.00209557404742,4.39143059339e-06,0.00395202636719,0,0,0,1,0
R02,22528,0.510839002268,0,0,0.0112117119133,0.000125702485093,0.0333709716797,0,1,0,0,0
R02,23040,0.522448979592,0,0,0.0220965258777,0.000488256424433,0.0349731445312,0,0.442883133888,1,0,0
R02,23552,0.534058956916,0,0,0.0072255874984,5.22091140738e-05,0.0153961181641,0,0.117783486843,0,0,0
R02,24064,0.54566893424,0,0,0.00572898145765,3.28212263412e-05,0.00961303710938,0,0.0862734615803,0,0,0
R02,24576,0.557278911565,0,0,0.003849679837,1.48200342664e-05,0.0072021484375,0,0.0725156888366,0,0,0
R02,25088,0.568888888889,0,0,0.00298896222375,8.93389551493e-06,0.00587463378906,0,0,0,1,0
R02,25600,0.580498866213,0,0,0.00175208738074,3.06981019094e-06,0.00588989257812,0,0,0,1,0
R02,26112,0.592108843537,0,0,0.00241750921123,5.84435065321e-06,0.00607299804688,0,0,0,1,0
R02,26624,0.603718820862,0,0,0.00188144377898,3.53983068635e-06,0.00332641601562,0,0,0,1,0
R02,27136,0.615328798186,0,0,0.00197131116875,3.88606758861e-06,0.00434875488281,0,0,0,1,0
R02,27648,0.62693877551,0,0,0.00139014818706,1.93251207747e-06,0.00271606445312,0,0,0,1,0
R02,28160,0.638548752834,0,0,0.00175733515061,3.0882270039e-06,0.00413513183594,0,0,0,1,0
R02,28672,0.650158730159,0,0,0.00208620494232,4.35225092588e-06,0.00433349609375,0,0,0,1,0
R02,29184,0.661768707483,0,0,0.002567660762,6.59288161842e-06,0.00434875488281,0,0,0,1,0
R02,29696,0.673378684807,0,0,0.00275175599381,7.57216048441e-06,0.00596618652344,0,0,0,1,0
R02,30208,0.684988662132,0,0,0.00158933526836,2.52598647421e-06,0.00332641601562,0,0,0,1,0
R02,30720,0.696598639456,0,0,0.00174160208553,3.03317801809e-06,0.00447082519531,0,0,0,1,0
R02,31232,0.70820861678,0,0,0.00169796787668,2.88309502139e-06,0.00381469726562,0,0,0,1,0
R02,31744,0.719818594104,0,0,0.0020652601961,4.26529959441e-06,0.00521850585938,0,0,0,1,0
R02,32256,0.731428571429,0,0,0.00129601114895,1.67964481079e-06,0.00289916992188,0,0,0,1,0
R02,32768,0.743038548753,0,0,0.00144247303251,2.0807283363e-06,0.00294494628906,0,0,0,1,0
R02,33280,0.754648526077,0,0,0.00128568452783,1.6529847926e-06,0.00321960449219,0,0,0,1,0
R02,33792,0.766258503401,0,0,0.00104979029857,1.10205974124e-06,0.00248718261719,0,0,0,1,0
R02,34304,0.777868480726,0,0,0.00158195954282,2.50259608947e-06,0.00328063964844,0,0,0,1,0
R02,34816,0.78947845805,0,0,0.000780889240559,6.09788003203e-07,0.00198364257812,0,0,0,1,0
R02,35328,0.801088435374,0,0,0.000991923268884,9.83911832009e-07,0.0025634765625,0,0,0,1,0
R02,35840,0.812698412698,0,0,0.00118419888895,1.4023271433e-06,0.0023193359375,0,0,0,1,0
R02,36352,0.824308390023,0,0,0.00133528246079,1.78297932507e-06,0.00294494628906,0,0,0,1,0
R02,36864,0.835918367347,0,0,0.00151457893662,2.29394936468e-06,0.00332641601562,0,0,0,1,0
R02,37376,0.847528344671,0,0,0.00107606733218,1.15792090583e-06,0.00209045410156,0,0,0,1,0
R02,37888,0.859138321995,0,0,0.000798571447376,6.37716311758e-07,0.00230407714844,0,0,0,1,0
R02,38400,0.87074829932,0,0,0.00170574523509,2.90956677418e-06,0.00390625,0,0,0,1,0
R02,38912,0.882358276644,0,0,0.00117230881006,1.37430788527e-06,0.00270080566406,0,0,0,1,0
R02,39424,0.893968253968,0,0,0.00203330651857,4.13433554058e-06,0.00431823730469,0,0,0,1,0
R02,39936,0.905578231293,0,0,0.00154521432705,2.38768734562e-06,0.00297546386719,0,0,0,1,0
R02,40448,0.917188208617,0,0,0.00147980207112,2.18981404032e-06,0.00350952148438,0,0,0,1,0
R02,40960,0.928798185941,0,0,0.00165903253946,2.75238880931e-06,0.00382995605469,0,0,0,1,0
R02,41472,0.940408163265,0,0,0.00213328003883,4.550884114e-06,0.00480651855469,0,0,0,1,0
R02,41984,0.95201814059,0,0,0.00170156243257,2.89531453745e-06,0.00372314453125,0,0,0,1,0
R02,42496,0.963628117914,0,0,0.00118254614063,1.39841540658e-06,0.002685546875,0,0,0,1,0
R02,43008,0.975238095238,0,0,0.00129726994783,1.68290944202e-06,0.0028076171875,0,0,0,1,0
R02,43520,0.986848072562,0,0,0.00114631885663,1.31404704007e-06,0.00326538085938,0,0,0,1,0
R02,44032,0.998458049887,0,0,0.00112153275404,1.25783572003e-06,0.002685546875,0,0,0,1,0
R02,44544,1.01006802721,0,0,0.00111349578947,1.23987274492e-06,0.00241088867188,0,0,0,1,0
R02,45056,1.02167800454,0,0,0.00216407957487,4.68324060421e-06,0.00514221191406,0,0,0,1,0
R02,45568,1.03328798186,0,0,0.00219014356844,4.79672917209e-06,0.00411987304688,0,0,0,1,0
R02,46080,1.04489795918,0,0,0.0022925385274,5.25573250343e-06,0.00434875488281,0,0,0,1,0
R02,46592,1.05650793651,0,0,0.00175908138044,3.09436745738e-06,0.00492858886719,0,0,0,1,0
R02,47104,1.06811791383,0,0,0.00259208376519,6.71889847581e-06,0.00643920898438,0,0,0,1,0
R02,47616,1.07972789116,0,0,0.00165066088084,2.72468150797e-06,0.00382995605469,0,0,0,1,0
R02,48128,1.09133786848,0,0,0.00101429666393,1.02879766928e-06,0.00259399414062,0,0,0,1,0
R02,48640,1.1029478458,0,0,0.00134846544825,1.81835912372e-06,0.00326538085938,0,0,0,1,0
R02,49152,1.11455782313,0,0,0.00103082926944,1.06260904431e-06,0.00222778320312,0,0,0,1,0
R02,49664,1.12616780045,0,0,0.00105250009801,1.10775636131e-06,0.00247192382812,0,0,0,1,0
R02,50176,1.13777777778,0,0,0.00140449241735,1.97259896595e-06,0.00302124023438,0,0,0,1,0
R02,50688,1.1493877551,0,0,0.0013659276301,1.8657583496e-06,0.00294494628906,0,0,0,1,0
R02,51200,1.16099773243,0,0,0.00213717366569,4.56751149613e-06,0.00529479980469,0,0,0,1,0
R02,51712,1.17260770975,0,0,0.00218078889884,4.75584010928e-06,0.00407409667969,0,0,0,1,0
R02,52224,1.18421768707,0,0,0.00232680118643,5.41400368093e-06,0.00418090820312,0,0,0,1,0
R02,52736,1.1958276644,0,0,0.0026171549689,6.84950055074e-06,0.00614929199219,0,0,0,1,0
R02,53248,1.20743764172,0,0,0.0027940152213,7.8065213529e-06,0.00648498535156,0,0,0,1,0
R02,53760,1.21904761905,0,0,0.0040570627898,1.64597586263e-05,0.0126190185547,0,0.305944502354,0,0,0
R02,54272,1.23065759637,0,0,0.0211832802743,0.000448731327197,0.0632629394531,0,0.731658697128,1,0,0
R02,54784,1.2422675737,0,0,0.211490556598,0.0447282530367,0.490600585938,0,0.892256498337,1,0,0
R02,55296,1.25387755102,0,0,0.245436355472,0.0602390058339,0.548736572266,0,0.367231488228,0,0,0
R02,55808,1.26548752834,0,0,0.279931664467,0.0783617347479,0.578033447266,0,0.231493189931,0,0,0
R02,56320,1.27709750567,0,0,0.204855903983,0.0419659428298,0.418640136719,0,0.186354592443,0,0,0
R02,56832,1.28870748299,0,0,0.215919062495,0.0466210432351,0.373733520508,0,0.157928586006,0,0,0
R02,57344,1.30031746032,0,0,0.180734977126,0.0326651334763,0.344192504883,0,0.137909531593,0,0,0
R02,57856,1.31192743764,0,0,0.161567792296,0.0261041522026,0.263061523438,0,0.102190129459,0,0,0
R02,58368,1.32353741497,0,0,0.150531306863,0.0226596724242,0.264694213867,0,0.121691033244,0,0,0
R02,58880,1.33514739229,347.918670654,0.878534018993,0.149725347757,0.0224176775664,0.238311767578,0,0.149754554033,0,0,0
R02,59392,1.34675736961,348.767059326,0.918037354946,0.162677496672,0.0264639686793,0.279647827148,0,0.160559892654,0,0,0
R02,59904,1.35836734694,349.880126953,0.926093697548,0.155896887183,0.0243038386106,0.259323120117,0,0.0718049183488,0,0,0
R02,60416,1.36997732426,349.916687012,0.953011393547,0.148015469313,0.0219085793942,0.251556396484,0,0.135847702622,0,0,0
R02,60928,1.38158730159,349.767333984,0.969477772713,0.144082427025,0.0207597445697,0.226043701172,0,0.0599840097129,0,0,0
R02,61440,1.39319727891,350.309906006,0.978992700577,0.141348600388,0.0199794266373,0.229827880859,0,0.117614582181,0,0,0
R02,61952,1.40480725624,350.091430664,0.980907082558,0.147106066346,0.0216401964426,0.238174438477,0,0.0531763583422,0,0,0
R02,62464,1.41641723356,350.346557617,0.984742939472,0.154117897153,0.0237523280084,0.25569152832,0,0.103702560067,0,0,0
R02,62976,1.42802721088,349.970733643,0.984745144844,0.145061999559,0.0210429858416,0.234588623047,0,0.0703255012631,0,0,0
R02,63488,1.43963718821,350.137329102,0.988125741482,0.142207458615,0.0202229619026,0.23030090332,0,0.0684342235327,0,0,0
R02,64000,1.45124716553,349.952941895,0.988944172859,0.136719658971,0.0186922643334,0.219314575195,0,0.0645878463984,0,0,0
R02,64512,1.46285714286,349.917877197,0.989090740681,0.135865703225,0.0184594877064,0.2197265625,0,0.0705085992813,0,0,0
R02,65024,1.47446712018,349.77166748,0.990079283714,0.138012647629,0.0190474912524,0.215286254883,0,0.0651036277413,0,0,0
R02,65536,1.48607709751,349.657226562,0.992766022682,0.132769107819,0.0176276341081,0.208602905273,0,0.0883491709828,0,0,0
R02,66048,1.49768707483,349.725158691,0.993514358997,0.133704289794,0.0178768355399,0.206420898438,0,0.0686669424176,0,0,0
R02,66560,1.50929705215,349.85345459,0.994300842285,0.131173208356,0.0172064118087,0.195404052734,0,0.0746487304568,0,0,0
R02,67072,1.52090702948,349.666625977,0.995596051216,0.121693611145,0.0148093346506,0.185638427734,0,0.0431850887835,0,0,0
R02,67584,1.5325170068,349.67199707,0.996242463589,0.119112886488,0.0141878798604,0.18798828125,0,0.0515931434929,0,0,0
R02,68096,1.54412698413,349.614349365,0.996209800243,0.117173306644,0.013729583472,0.182983398438,0,0.0516615621746,0,0,0
R02,68608,1.55573696145,349.647125244,0.996923565865,0.117974817753,0.0139180570841,0.184829711914,0,0.0589871406555,0,0,0
R02,69120,1.56734693878,349.519470215,0.997291564941,0.117089785635,0.0137100182474,0.185272216797,0,0.0366301685572,0,0,0
R02,69632,1.5789569161,349.59677124,0.997162163258,0.11823246628,0.0139789162204,0.186340332031,0,0.0553112439811,0,0,0
R02,70144,1.59056689342,349.470123291,0.997397840023,0.111740469933,0.0124859325588,0.173141479492,0,0.0677577704191,0,0,0
R02,70656,1.60217687075,349.508239746,0.997659981251,0.108397513628,0.0117500210181,0.166076660156,0,0.0670583993196,0,0,0
R02,71168,1.61378684807,349.450714111,0.997834444046,0.111496038735,0.0124313663691,0.17008972168,0,0.0460941642523,0,0,0
R02,71680,1.6253968254,349.49520874,0.998032808304,0.115442924201,0.0133270695806,0.170028686523,0,0.0456351526082,0,0,0
R02,72192,1.63700680272,349.556182861,0.998307287693,0.109992742538,0.0120984027162,0.166442871094,0,0.053035594523,0,0,0
R02,72704,1.64861678005,349.42477417,0.99857801199,0.104779914021,0.010978830047,0.164459228516,0,0.0433963686228,0,0,0
R02,73216,1.66022675737,349.475006104,0.998928308487,0.102023273706,0.0104087479413,0.160690307617,0,0.0572516210377,0,0,0
R02,73728,1.67183673469,349.377716064,0.99902588129,0.100486032665,0.0100974421948,0.164611816406,0,0.0325110629201,0,0,0
R02,74240,1.68344671202,349.384002686,0.999012053013,0.102180667222,0.0104408888146,0.159683227539,0,0.0577494688332,0,0,0
R02,74752,1.69505668934,349.332336426,0.999009907246,0.0993160307407,0.00986367464066,0.151443481445,0,0.0722174793482,0,0,0
R02,75264,1.70666666667,349.528656006,0.999050140381,0.100175194442,0.0100350696594,0.151351928711,0,0.0785488635302,0,0,0
R02,75776,1.71827664399,349.400726318,0.99908965826,0.0996541380882,0.00993094686419,0.152145385742,0,0.0451858118176,0,0,0
R02,76288,1.72988662132,349.438446045,0.999119877815,0.098616912961,0.00972529500723,0.146957397461,0,0.0340104661882,0,0,0
R02,76800,1.74149659864,349.320861816,0.999088048935,0.0940205305815,0.00883986055851,0.145477294922,0,0.0452961623669,0,0,0
R02,77312,1.75310657596,349.36819458,0.999134600163,0.0904390662909,0.00817922409624,0.138427734375,0,0.0584048442543,0,0,0
R02,77824,1.76471655329,349.416870117,0.999187886715,0.0889973193407,0.00792052317411,0.133941650391,0,0.0467597991228,0,0,0
R02,78336,1.77632653061,349.415893555,0.999181747437,0.0884690061212,0.00782676506788,0.132080078125,0,0.0359207168221,0,0,0
R02,78848,1.78793650794,349.284942627,0.99915766716,0.0846232026815,0.00716108689085,0.126098632812,0,0.048862606287,0,0,0
R02,79360,1.79954648526,349.379211426,0.999253153801,0.0869282707572,0.00755652412772,0.127471923828,0,0.0793452113867,0,0,0
R02,79872,1.81115646259,349.35723877,0.999203264713,0.0866305604577,0.00750485435128,0.125625610352,0,0.0790357962251,0,0,0
R02,80384,1.82276643991,349.291687012,0.999167978764,0.0859779939055,0.0073922155425,0.125640869141,0,0.0442746840417,0,0,0
R02,80896,1.83437641723,349.393371582,0.999202251434,0.0834926664829,0.00697102537379,0.127136230469,0,0.0296652633697,0,0,0
R02,81408,1.84598639456,349.403717041,0.999155700207,0.0792866274714,0.00628636963665,0.122817993164,0,0.0350080430508,0,0,0
R02,81920,1.85759637188,349.29864502,0.999115228653,0.0772185847163,0.00596270943061,0.118774414062,0,0.0564904808998,0,0,0
R02,82432,1.86920634921,349.452911377,0.999135673046,0.0782900601625,0.00612933328375,0.117980957031,0,0.0495787933469,0,0,0
R02,82944,1.88081632653,349.373443604,0.99912661314,0.0731115937233,0.00534530542791,0.116134643555,0,0.0486320629716,0,0,0
R02,83456,1.89242630385,349.415313721,0.999078333378,0.0705597177148,0.00497867353261,0.111602783203,0,0.0417218394578,0,0,0
R02,83968,1.90403628118,349.211212158,0.99895876646,0.0691308751702,0.00477907760069,0.110137939453,0,0.0952932611108,0,0,0
R02,84480,1.9156462585,349.354980469,0.998853206635,0.0717783644795,0.00515213329345,0.11100769043,0,0.0631072372198,0,0,0
R02,84992,1.92725623583,349.295654297,0.998877108097,0.0691055878997,0.00477558234707,0.107177734375,0,0.0564132668078,0,0,0
R02,85504,1.93886621315,349.318511963,0.998880803585,0.0669228434563,0.00447866739705,0.10432434082,0,0.0383796878159,0,0,0
R02,86016,1.95047619048,349.252960205,0.998920857906,0.0651468709111,0.00424411520362,0.103668212891,0,0.0542684681714,0,0,0
R02,86528,1.9620861678,349.39453125,0.998735249043,0.0638588070869,0.00407794769853,0.101226806641,0,0.0485210195184,0,0,0
R02,87040,1.97369614512,349.31060791,0.998673737049,0.0633501559496,0.00401324266568,0.0983428955078,0,0.0484792292118,0,0,0
R02,87552,1.98530612245,349.285705566,0.99872636795,0.0596305280924,0.00355579983443,0.0956420898438,0,0.0330527424812,0,0,0
R02,88064,1.99691609977,349.337432861,0.998709261417,0.0586048737168,0.00343453139067,0.0957946777344,0,0.0661345347762,0,0,0
R02,88576,2.0085260771,349.337310791,0.998632609844,0.0595140531659,0.00354192266241,0.0945587158203,0,0.0704355835915,0,0,0
R02,89088,2.02013605442,349.319854736,0.998405873775,0.0576167181134,0.0033196862787,0.0884094238281,0,0.0739849805832,0,0,0
R02,89600,2.03174603175,349.310913086,0.998299241066,0.0572043582797,0.00327233877033,0.088623046875,0,0.0537837035954,0,0,0
R02,90112,2.04335600907,349.286987305,0.998304307461,0.0575925521553,0.00331690208986,0.0899200439453,0,0.0455178841949,0,0,0
R02,90624,2.05496598639,349.324798584,0.99844712019,0.0552892051637,0.00305689615197,0.0895538330078,0,0.0371050871909,0,0,0
R02,91136,2.06657596372,349.372589111,0.99836063385,0.0524342134595,0.00274934689514,0.080810546875,0,0.0445924252272,0,0,0
R02,91648,2.07818594104,349.369720459,0.998378872871,0.0530538670719,0.00281471270137,0.0832977294922,0,0.0587004050612,0,0,0
R02,92160,2.08979591837,349.231628418,0.99840259552,0.0530737414956,0.00281682191417,0.0838775634766,0,0.0573159083724,0,0,0
R02,92672,2.10140589569,349.283599854,0.99839246273,0.0530234538019,0.00281148659997,0.0828094482422,0,0.0533207915723,0,0,0
R02,93184,2.11301587302,349.296020508,0.998459875584,0.0516986362636,0.00267274910584,0.0844879150391,0,0.0632149204612,0,0,0
R02,93696,2.12462585034,349.301635742,0.998541772366,0.0503452047706,0.00253463978879,0.0810546875,0,0.0668901726604,0,0,0
R02,94208,2.13623582766,349.254730225,0.99851757288,0.0504156053066,0.00254173320718,0.0824890136719,0,0.0588227435946,0,0,0
R02,94720,2.14784580499,349.235900879,0.998570621014,0.0499455817044,0.00249456125312,0.0804595947266,0,0.0549635328352,0,0,0
R02,95232,2.15945578231,349.184326172,0.998590230942,0.0493293702602,0.00243338663131,0.0821380615234,0,0.055704317987,0,0,0
R02,95744,2.17106575964,349.307830811,0.998413443565,0.0480618439615,0.0023099409882,0.0806884765625,0,0.0510896854103,0,0,0
R02,96256,2.18267573696,349.207458496,0.998519361019,0.0471768118441,0.00222565140575,0.0775756835938,0,0.0482432097197,0,0,0
R02,96768,2.19428571429,349.324188232,0.998588681221,0.0474647134542,0.00225289911032,0.0789947509766,0,0.0433665886521,0,0,0
R02,97280,2.20589569161,349.291259766,0.998362362385,0.0465833246708,0.0021700062789,0.0728149414062,0,0.0371020920575,0,0,0
R02,97792,2.21750566893,349.315704346,0.998145401478,0.0457938946784,0.00209708069451,0.0763092041016,0,0.0616613514721,0,0,0
R02,98304,2.22911564626,349.281646729,0.99791008234,0.044498514384,0.00198011775501,0.0733795166016,0,0.0788446962833,0,0,0
R02,98816,2.24072562358,349.315734863,0.997342467308,0.0464916341007,0.00216147187166,0.0785522460938,0,0.0686443969607,0,0,0
R02,99328,2.25233560091,349.248046875,0.997407674789,0.0464389286935,0.00215657404624,0.0757598876953,0,0.0442088097334,0,0,0
R02,99840,2.26394557823,349.339752197,0.997330904007,0.0446058660746,0.00198968336917,0.0738677978516,0,0.0473945103586,0,0,0
R02,100352,2.27555555556,349.33013916,0.997394382954,0.0441672243178,0.00195074384101,0.0701904296875,0,0.0499528795481,0,0,0
R02,100864,2.28716553288,349.397094727,0.997553229332,0.0438695624471,0.00192453840282,0.0706481933594,0,0.0535260364413,0,0,0
R02,101376,2.2987755102,349.326141357,0.997381031513,0.0436574071646,0.00190596934408,0.0710601806641,0,0.0666017532349,0,0,0
R02,101888,2.31038548753,349.318054199,0.997185230255,0.0421590991318,0.00177738978527,0.0648803710938,0,0.0473992154002,0,0,0
R02,102400,2.32199546485,349.417724609,0.997246325016,0.0405735895038,0.00164621602744,0.0661163330078,0,0.0736425146461,0,0,0
R02,102912,2.33360544218,349.349975586,0.997576534748,0.0406113229692,0.00164927949663,0.0628814697266,0,0.06810349226,0,0,0
R02,103424,2.3452154195,349.201202393,0.997282207012,0.040287822485,0.00162310851738,0.0675201416016,0,0.0605224817991,0,0,0
R02,103936,2.35682539683,349.292205811,0.997338831425,0.0426550470293,0.00181945308577,0.0667572021484,0,0.0715897157788,0,0,0
R02,104448,2.36843537415,349.246734619,0.997194468975,0.041333694011,0.00170847412664,0.0665588378906,0,0.0511531196535,0,0,0
R02,104960,2.38004535147,349.441986084,0.997227787971,0.0397158712149,0.0015773504274,0.0652618408203,0,0.0452444702387,0,0,0
R02,105472,2.3916553288,349.295715332,0.997271299362,0.0388424284756,0.00150873430539,0.0650024414062,0,0.0533515736461,0,0,0
R02,105984,2.40326530612,349.342102051,0.997308373451,0.0381500758231,0.00145542819519,0.0630645751953,0,0.0464922674,0,0,0
R02,106496,2.41487528345,349.340637207,0.997568786144,0.0376023128629,0.00141393393278,0.0601348876953,0,0.0569220781326,0,0,0
R02,107008,2.42648526077,349.273620605,0.99764585495,0.0358301848173,0.00128380209208,0.0586090087891,0,0.0618150793016,0,0,0
R02,107520,2.4380952381,349.414733887,0.997169315815,0.0369802452624,0.00136753858533,0.0636901855469,0,0.0936375781894,0,0,0
R02,108032,2.44970521542,349.367858887,0.996779859066,0.0349318236113,0.00122023234144,0.0600738525391,0,0.0724987611175,0,0,0
R02,108544,2.46131519274,349.407806396,0.996598482132,0.0355056487024,0.0012606511591,0.0619659423828,0,0.0662611201406,0,0,0
R02,109056,2.47292517007,349.162200928,0.99654173851,0.0346166566014,0.00119831296615,0.0595397949219,0,0.0472977161407,0,0,0
R02,109568,2.48453514739,349.241271973,0.99630522728,0.0343405939639,0.0011792764999,0.0579528808594,0,0.0506443679333,0,0,0
R02,110080,2.49614512472,349.341674805,0.995801150799,0.0337857529521,0.00114147714339,0.0599365234375,0,0.0468612499535,0,0,0
R02,110592,2.50775510204,349.365875244,0.995567321777,0.033342782408,0.00111174117774,0.0552673339844,0,0.0535472109914,0,0,0
R02,111104,2.51936507937,349.491027832,0.995183289051,0.0328009128571,0.00107589992695,0.0557708740234,0,0.0630208551884,0,0,0
R02,111616,2.53097505669,349.289916992,0.995549142361,0.032461412251,0.00105374318082,0.0545196533203,0,0.0610819607973,0,0,0
R02,112128,2.54258503401,349.432983398,0.995555341244,0.0319815650582,0.00102282059379,0.0536499023438,0,0.0848639085889,0,0,0
R02,112640,2.55419501134,349.347351074,0.99549138546,0.0327286683023,0.00107116578147,0.0530548095703,0,0.0771593898535,0,0,0
R02,113152,2.56580498866,349.521057129,0.995506107807,0.0309996139258,0.000960976060014,0.0515899658203,0,0.0645045042038,0,0,0
R02,113664,2.57741496599,349.257751465,0.995393931866,0.0311807561666,0.000972239533439,0.0490875244141,0,0.073909573257,0,0,0
R02,114176,2.58902494331,349.289245605,0.996015191078,0.0305405836552,0.000932727241889,0.0487213134766,0,0.0490762293339,0,0,0
R02,114688,2.60063492063,349.424987793,0.996171593666,0.0306674521416,0.000940492609516,0.0455017089844,0,0.0561565160751,0,0,0
R02,115200,2.61224489796,349.202941895,0.996387064457,0.0299678724259,0.000898073369171,0.0506439208984,0,0.0547188408673,0,0,0
R02,115712,2.62385487528,349.256713867,0.995815932751,0.0281206071377,0.000790768535808,0.0448913574219,0,0.0560534968972,0,0,0
R02,116224,2.63546485261,349.307098389,0.995564103127,0.027550527826,0.000759031623602,0.0489196777344,0,0.0623180493712,0,0,0
R02,116736,2.64707482993,349.208892822,0.994644165039,0.0270421411842,0.000731277395971,0.0425109863281,0,0.0861767008901,0,0,0
R02,117248,2.65868480726,349.4246521,0.994517028332,0.0279431622475,0.000780820322689,0.0474548339844,0,0.0780417919159,0,0,0
R02,117760,2.67029478458,349.325256348,0.99450057745,0.0270779132843,0.000733213382773,0.0420684814453,0,0.0646280869842,0,0,0
R02,118272,2.6819047619,349.554138184,0.993405103683,0.0277591068298,0.000770567974541,0.0454254150391,0,0.0666874200106,0,0,0
R02,118784,2.69351473923,349.252166748,0.993195295334,0.0272891372442,0.000744696997572,0.0453948974609,0,0.0636702179909,0,0,0
R02,119296,2.70512471655,349.341125488,0.99295514822,0.0256794113666,0.000659432145767,0.0428771972656,0,0.0535155721009,0,0,0
R02,119808,2.71673469388,349.328674316,0.992051661015,0.0265891421586,0.000706982507836,0.0496520996094,0,0.0778140053153,0,0,0
R02,120320,2.7283446712,349.348602295,0.991443872452,0.0224985592067,0.000506185169797,0.0397491455078,0,0.0801847949624,0,0,0
R02,120832,2.73995464853,347.881713867,0.865783333778,0.0366050228477,0.00133992766496,0.0813903808594,0,0.384095311165,1,0,0
R02,121344,2.75156462585,0,0,0.0369100011885,0.00136234832462,0.0947113037109,0,0.337629556656,0,0,0
R02,121856,2.76317460317,0,0,0.0372075885534,0.00138440460432,0.0811157226562,0,0.188371241093,0,0,0
R02,122368,2.7747845805,0,0,0.0172507595271,0.000297588703688,0.0390777587891,0,0.130106925964,0,0,0
R02,122880,2.78639455782,0,0,0.028593622148,0.000817595224362,0.0580749511719,0,0.147091910243,0,0,0
R02,123392,2.79800453515,0,0,0.0196165647358,0.000384809623938,0.0343780517578,0,0.113460801542,0,0,0
R02,123904,2.80961451247,0,0,0.0134057989344,0.000179715440026,0.0282440185547,0,0.0984923392534,0,0,0
R02,124416,2.8212244898,0,0,0.0155797721818,0.000242729307502,0.0313262939453,0,0.099077872932,0,0,0
R02,124928,2.83283446712,0,0,0.0149039067328,0.000222126443987,0.0313110351562,0,0.133177161217,0,0,0
R02,125440,2.84444444444,0,0,0.014634821564,0.000214177998714,0.0349426269531,0,0.128904998302,0,0,0
R02,125952,2.85605442177,0,0,0.00897133629769,8.04848677944e-05,0.0205688476562,0,0.0939125493169,0,0,0
R02,126464,2.86766439909,0,0,0.00777017418295,6.03756088822e-05,0.0150756835938,0,0.117379128933,0,0,0
R02,126976,2.87927437642,0,0,0.00917787663639,8.42334120534e-05,0.0183410644531,0,0.133800283074,0,0,0
R02,127488,2.89088435374,0,0,0.0082726245746,6.84363185428e-05,0.0167999267578,0,0.109601266682,0,0,0
R02,128000,2.90249433107,0,0,0.00475484738126,2.26085739996e-05,0.00929260253906,0,0.12765853107,0,0,0
R02,128512,2.91410430839,0,0,0.00212723365985,4.52512267657e-06,0.00486755371094,0,0,0,1,0
R02,129024,2.92571428571,0,0,0.00313140079379,9.80567165243e-06,0.00637817382812,0,0.139902547002,0,0,0
R02,129536,2.93732426304,0,0,0.0047503663227,2.25659787247e-05,0.010498046875,0,0.119518317282,0,0,0
R02,130048,2.94893424036,0,0,0.00339369708672,1.15171806101e-05,0.00691223144531,0,0.143342375755,0,0,0
R02,130560,2.96054421769,0,0,0.00199781288393,3.99125610784e-06,0.00399780273438,0,0,0,1,0
R02,131072,2.97215419501,0,0,0.00186224514619,3.46795695805e-06,0.003662109375,0,0,0,1,0
R02,131584,2.98376417234,0,0,0.00150771357585,2.27320015256e-06,0.00311279296875,0,0,0,1,0
R02,132096,2.99537414966,0,0,0.00122569780797,1.5023351807e-06,0.00274658203125,0,0,0,1,0
R02,132608,3.00698412698,0,0,0.00191566383,3.66976792066e-06,0.00508117675781,0,0,0,1,0
R02,133120,3.01859410431,0,0,0.00231196777895,5.34519540452e-06,0.00469970703125,0,0,0,1,0
R02,133632,3.03020408163,0,0,0.00208049686626,4.32846763943e-06,0.00456237792969,0,0,0,1,0
R02,134144,3.04181405896,0,0,0.00164928857703,2.7201526791e-06,0.00332641601562,0,0,0,1,0
R02,134656,3.05342403628,0,0,0.00176926818676,3.1303097785e-06,0.00328063964844,0,0,0,1,0
R02,135168,3.06503401361,0,0,0.00128125981428,1.64162656802e-06,0.00253295898438,0,0,0,1,0
R02,135680,3.07664399093,0,0,0.00120738730766,1.45778403748e-06,0.00228881835938,0,0,0,1,0
R02,136192,3.08825396825,0,0,0.000941266887821,8.85983354237e-07,0.00199890136719,0,0,0,1,0
R02,136704,3.09986394558,0,0,0.00115736213047,1.33948697112e-06,0.00242614746094,0,0,0,1,0
R02,137216,3.1114739229,0,0,0.00103115150705,1.06327343019e-06,0.00241088867188,0,0,0,1,0
R02,137728,3.12308390023,0,0,0.00109381997027,1.19644209917e-06,0.00297546386719,0,0,0,1,0
R02,138240,3.13469387755,0,0,0.00117765518371,1.38687164508e-06,0.00236511230469,0,0,0,1,0
R02,138752,3.14630385488,0,0,0.000604872766417,3.65871073882e-07,0.00149536132812,0,0,0,1,0
R02,139264,3.1579138322,0,0,0.00115449377336,1.33285584525e-06,0.00192260742188,0,0,0,1,0
R02,139776,3.16952380952,0,0,0.00125095027033,1.56487658387e-06,0.00236511230469,0,0,0,1,0
R02,140288,3.18113378685,0,0,0.00150093599223,2.2528088266e-06,0.00370788574219,0,0,0,1,0
R02,140800,3.19274376417,0,0,0.00204699509777,4.19018897446e-06,0.00440979003906,0,0,0,1,0
R02,141312,3.2043537415,0,0,0.0012753730407,1.62657624969e-06,0.00288391113281,0,0,0,1,0
R02,141824,3.21596371882,0,0,0.000893909309525,7.99073859525e-07,0.00177001953125,0,0,0,1,0
R02,142336,3.22757369615,0,0,0.00143648043741,2.0634761313e-06,0.00352478027344,0,0,0,1,0
R02,142848,3.23918367347,0,0,0.000787615193985,6.20337686996e-07,0.00155639648438,0,0,0,1,0
R02,143360,3.25079365079,0,0,0.000830418197438,6.89594344294e-07,0.00199890136719,0,0,0,1,0
R02,143872,3.26240362812,0,0,0.00100630626548,1.01265231933e-06,0.00225830078125,0,0,0,1,0
R02,144384,3.27401360544,0,0,0.00128783751279,1.65852543432e-06,0.0029296875,0,0,0,1,0
R02,144896,3.28562358277,0,0,0.00203622458503,4.14621081291e-06,0.00437927246094,0,0,0,1,0
R02,145408,3.29723356009,0,0,0.00187700847164,3.52316101271e-06,0.00376892089844,0,0,0,1,0
R02,145920,3.30884353741,0,0,0.00183331687003,3.36105085808e-06,0.00314331054688,0,0,0,1,0
R02,146432,3.32045351474,0,0,0.0017228636425,2.96825919577e-06,0.00361633300781,0,0,0,1,0
R02,146944,3.33206349206,0,0,0.00232298579067,5.39626262253e-06,0.00483703613281,0,0,0,1,0
R02,147456,3.34367346939,0,0,0.00237136590295,5.62337618248e-06,0.00440979003906,0,0,0,1,0
R02,147968,3.35528344671,0,0,0.0024570284877,6.03698845225e-06,0.0045166015625,0,0,0,1,0
R02,148480,3.36689342404,0,0,0.00251239980571,6.31215334579e-06,0.00469970703125,0,0,0,1,0
R02,148992,3.37850340136,0,0,0.00254885805771,6.49667708785e-06,0.00566101074219,0,0,0,1,0
R02,149504,3.39011337868,0,0,0.00215748860501,4.65475659439e-06,0.00437927246094,0,0,0,1,0
R02,150016,3.40172335601,0,0,0.00126445363276,1.59884302775e-06,0.00260925292969,0,0,0,1,0
R02,150528,3.41333333333,0,0,0.00110074714758,1.21164430311e-06,0.00300598144531,0,0,0,1,0
R02,151040,3.42494331066,0,0,0.00175475829747,3.07917662212e-06,0.00392150878906,0,0,0,1,0
R02,151552,3.43655328798,0,0,0.00121255905833,1.47029959408e-06,0.00338745117188,0,0,0,1,0
R02,152064,3.44816326531,0,0,0.00140379660297,1.97064491658e-06,0.00341796875,0,0,0,1,0
R02,152576,3.45977324263,0,0,0.00195217947476,3.81100471714e-06,0.00473022460938,0,0,0,1,0
R02,153088,3.47138321995,0,0,0.0019398095319,3.76286106984e-06,0.00471496582031,0,0,0,1,0
R02,153600,3.48299319728,0,0,0.00188050663564,3.53630503014e-06,0.00372314453125,0,0,0,1,0
R02,154112,3.4946031746,0,0,0.00204063719139,4.16419970861e-06,0.00462341308594,0,0,0,1,0
R02,154624,3.50621315193,0,0,0.0175433140248,0.000307767855702,0.0425567626953,0,0.409674942493,1,0,0
R02,155136,3.51782312925,0,0,0.0120158577338,0.000144380843267,0.0311737060547,0,0.21160903573,0,0,0
R02,155648,3.52943310658,0,0,0.0038122094702,1.45329404404e-05,0.007568359375,0,0.0719523951411,0,0,0
R02,156160,3.5410430839,0,0,0.00217806897126,4.74398484585e-06,0.00495910644531,0,0,0,1,0
R02,156672,3.55265306122,0,0,0.00155369774438,2.41397674472e-06,0.00326538085938,0,0,0,1,0
R02,157184,3.56426303855,0,0,0.00133236625697,1.77519996214e-06,0.00321960449219,0,0,0,1,0
R02,157696,3.57587301587,0,0,0.0009416352259,8.86676843947e-07,0.00276184082031,0,0,0,1,0
R02,158208,3.5874829932,0,0,0.00143208284862,2.05086143978e-06,0.00262451171875,0,0,0,1,0
R02,158720,3.59909297052,0,0,0.00185771635734,3.45110993294e-06,0.00350952148438,0,0,0,1,0
R02,159232,3.61070294785,0,0,0.00238475482911,5.68705581827e-06,0.00521850585938,0,0,0,1,0
R02,159744,3.62231292517,0,0,0.00215465552174,4.64254026156e-06,0.00370788574219,0,0,0,1,0
R02,160256,3.63392290249,0,0,0.00251832348295,6.34195339444e-06,0.00503540039062,0,0,0,1,0
R02,160768,3.64553287982,0,0,0.00188570877071,3.555897365e-06,0.00469970703125,0,0,0,1,0
R02,161280,3.65714285714,0,0,0.0031071617268,9.65445360634e-06,0.00666809082031,0,0.149239659309,0,0,0
R02,161792,3.66875283447,0,0,0.00351033662446,1.232246359e-05,0.00608825683594,0,0.185734987259,0,0,0
R02,162304,3.68036281179,0,0,0.00207811547443,4.31856415162e-06,0.00376892089844,0,0,0,1,0
R02,162816,3.69197278912,0,0,0.00204733014107,4.19156094722e-06,0.00448608398438,0,0,0,1,0
R02,163328,3.70358276644,0,0,0.000843807531055,7.12011114956e-07,0.00212097167969,0,0,0,1,0
R02,163840,3.71519274376,0,0,0.00132561300416,1.75724971996e-06,0.00328063964844,0,0,0,1,0
R02,164352,3.72680272109,0,0,0.00134367309511,1.80545748663e-06,0.00314331054688,0,0,0,1,0
R02,164864,3.73841269841,0,0,0.00210640649311,4.43694807473e-06,0.00416564941406,0,0,0,1,0
R02,165376,3.75002267574,0,0,0.00143814121839,2.06825006899e-06,0.00279235839844,0,0,0,1,0
R02,165888,3.76163265306,0,0,0.00222776853479,4.96295251651e-06,0.00398254394531,0,0,0,1,0
R02,166400,3.77324263039,0,0,0.00304389744997,9.26531174628e-06,0.00599670410156,0,0.314800232649,0,0,0
R02,166912,3.78485260771,0,0,0.00305959861726,9.36114429351e-06,0.00537109375,0,0.182484418154,0,0,0
R02,167424,3.79646258503,0,0,0.00335786514916,1.12752586574e-05,0.00593566894531,0,0.252491652966,0,0,0
R02,167936,3.80807256236,0,0,0.00323246838525,1.04488517536e-05,0.00730895996094,0,0.149238079786,0,0,0
R02,168448,3.81968253968,0,0,0.00227680592798,5.18384513271e-06,0.00473022460938,0,0,0,1,0
R02,168960,3.83129251701,0,0,0.00127091992181,1.61523757924e-06,0.00283813476562,0,0,0,1,0
R02,169472,3.84290249433,0,0,0.00166537903715,2.7734872674e-06,0.00440979003906,0,0,0,1,0
R02,169984,3.85451247166,0,0,0.00116381270345,1.35445998239e-06,0.00283813476562,0,0,0,1,0
R02,170496,3.86612244898,0,0,0.00101960625034,1.03959700937e-06,0.00245666503906,0,0,0,1,0
R02,171008,3.8777324263,0,0,0.00128037377726,1.63935692399e-06,0.00247192382812,0,0,0,1,0
R02,171520,3.88934240363,0,0,0.00143097364344,2.04768548429e-06,0.00299072265625,0,0,0,1,0
R02,172032,3.90095238095,0,0,0.00119563261978,1.42953740578e-06,0.00282287597656,0,0,0,1,0
R02,172544,3.91256235828,0,0,0.00141581147909,2.00452222998e-06,0.00300598144531,0,0,0,1,0
R02,173056,3.9241723356,0,0,0.00305532896891,9.3350354291e-06,0.00709533691406,0,0.180967435241,0,0,0
R02,173568,3.93578231293,0,0,0.0567634515464,0.00322208926082,0.175491333008,0,0.937865316868,1,0,0
R02,174080,3.94739229025,0,0,0.0221200175583,0.000489295169245,0.0741271972656,0,0.123577699065,0,0,0
R02,174592,3.95900226757,0,0,0.00791236013174,6.26054388704e-05,0.0181732177734,0,0.0321248807013,0,0,0
R03,0,0,0,0,0,0,0,0,0,0,1,0
R03,512,0.0116099773243,0,0,0,0,0,0,0,0,1,0
R03,1024,0.0232199546485,0,0,0,0,0,0,0,0,1,0
R03,1536,0.0348299319728,0,0,0,0,0,0,0,0,1,0
R03,2048,0.0464399092971,0,0,0,0,0,0,0,0,1,0
R03,2560,0.0580498866213,0,0,0,0,0,0,0,0,1,0
R03,3072,0.0696598639456,0,0,0,0,0,0,0,0,1,0
R03,3584,0.0812698412698,0,0,9.53674316406e-07,9.09494701773e-13,1.52587890625e-05,0,0,0,1,0
R03,4096,0.0928798185941,0,0,6.28991392659e-06,3.95630195271e-11,3.0517578125e-05,0,0,0,1,0
R03,4608,0.104489795918,0,0,1.29010668388e-05,1.66437530424e-10,4.57763671875e-05,0,0,0,1,0
R03,5120,0.116099773243,0,0,1.36378757816e-05,1.85991666513e-10,3.0517578125e-05,0,0,0,1,0
R03,5632,0.127709750567,0,0,1.36711796586e-05,1.86901161214e-10,3.0517578125e-05,0,0,0,1,0
R03,6144,0.139319727891,0,0,3.29949252773e-05,1.08866515802e-09,0.000213623046875,0,0,0,1,0
R03,6656,0.150929705215,0,0,0.000108842192276,1.18466232379e-08,0.000228881835938,0,0,0,1,0
R03,7168,0.16253968254,0,0,0.000161528892932,2.60915840045e-08,0.000335693359375,0,0,0,1,0
R03,7680,0.174149659864,0,0,0.000154683511937,2.39269866142e-08,0.000411987304688,0,0,0,1,0
R03,8192,0.185759637188,0,0,0.000279025931377,7.78554749559e-08,0.000747680664062,0,0,0,1,0
R03,8704,0.197369614512,0,0,0.000335401971824,1.12494490168e-07,0.000640869140625,0,0,0,1,0
R03,9216,0.208979591837,0,0,0.000578082399443,3.34179276251e-07,0.00132751464844,0,0,0,1,0
R03,9728,0.220589569161,0,0,0.000664873106871,4.42056261818e-07,0.00137329101562,0,0,0,1,0
R03,10240,0.232199546485,0,0,0.000592325406615,3.5084940464e-07,0.00138854980469,0,0,0,1,0
R03,10752,0.24380952381,0,0,0.000813948048744,6.62511411065e-07,0.00166320800781,0,0,0,1,0
R03,11264,0.255419501134,0,0,0.00104161538184,1.08496260509e-06,0.00187683105469,0,0,0,1,0
R03,11776,0.267029478458,0,0,0.00131917931139,1.74023398358e-06,0.00247192382812,0,0,0,1,0
R03,12288,0.278639455782,0,0,0.00152433244511,2.32358934227e-06,0.00372314453125,0,0,0,1,0
R03,12800,0.290249433107,0,0,0.00130991544574,1.71587862496e-06,0.00347900390625,0,0,0,1,0
R03,13312,0.301859410431,0,0,0.00103541126009,1.07207642941e-06,0.00210571289062,0,0,0,1,0
R03,13824,0.313469387755,0,0,0.00165217695758,2.72968873105e-06,0.00361633300781,0,0,0,1,0
R03,14336,0.325079365079,0,0,0.00200961064547,4.03853482567e-06,0.00447082519531,0,0,0,1,0
R03,14848,0.336689342404,0,0,0.00161970406771,2.62344110524e-06,0.00302124023438,0,0,0,1,0
R03,15360,0.348299319728,0,0,0.00251796748489,6.34016078038e-06,0.00540161132812,0,0,0,1,0
R03,15872,0.359909297052,0,0,0.00281909224577,7.94728111941e-06,0.005126953125,0,0,0,1,0
R03,16384,0.371519274376,0,0,0.0028214037884,7.96031872596e-06,0.00590515136719,0,0,0,1,0
R03,16896,0.383129251701,0,0,0.00226139905863,5.11392590852e-06,0.00445556640625,0,0,0,1,0
R03,17408,0.394739229025,0,0,0.0025769493077,6.64066828904e-06,0.0050048828125,0,0,0,1,0
R03,17920,0.406349206349,0,0,0.00250651687384,6.28262705504e-06,0.00485229492188,0,0,0,1,0
R03,18432,0.417959183673,0,0,0.00140227994416,1.96638893613e-06,0.00299072265625,0,0,0,1,0
R03,18944,0.429569160998,0,0,0.000875540019479,7.66570337873e-07,0.00262451171875,0,0,0,1,0
R03,19456,0.441179138322,0,0,0.00179333635606,3.21605511999e-06,0.0042724609375,0,0,0,1,0
R03,19968,0.452789115646,0,0,0.00207806448452,4.3183517846e-06,0.00418090820312,0,0,0,1,0
R03,20480,0.464399092971,0,0,0.00194604333956,3.78708455173e-06,0.00398254394531,0,0,0,1,0
R03,20992,0.476009070295,0,0,0.00179339118768,3.2162520256e-06,0.00355529785156,0,0,0,1,0
R03,21504,0.487619047619,0,0,0.00240180594847,5.76867205382e-06,0.00605773925781,0,0,0,1,0
R03,22016,0.499229024943,0,0,0.00287102442235,8.24278140499e-06,0.0054931640625,0,0,0,1,0
R03,22528,0.510839002268,0,0,0.00274256011471,7.52163577999e-06,0.00509643554688,0,0,0,1,0
R03,23040,0.522448979592,0,0,0.00186974671669,3.49595256921e-06,0.00444030761719,0,0,0,1,0
R03,23552,0.534058956916,0,0,0.00203628255986,4.14644637203e-06,0.00444030761719,0,0,0,1,0
R03,24064,0.54566893424,0,0,0.00188027799595,3.53544555765e-06,0.00456237792969,0,0,0,1,0
R03,24576,0.557278911565,0,0,0.00163337949198,2.66792858383e-06,0.00373840332031,0,0,0,1,0
R03,25088,0.568888888889,0,0,0.00167398515623,2.80222639049e-06,0.00367736816406,0,0,0,1,0
R03,25600,0.580498866213,0,0,0.00130038848147,1.69101031133e-06,0.00314331054688,0,0,0,1,0
R03,26112,0.592108843537,0,0,0.00146535946988,2.14727833736e-06,0.0030517578125,0,0,0,1,0
R03,26624,0.603718820862,0,0,0.0016031175619,2.56998600889e-06,0.00311279296875,0,0,0,1,0
R03,27136,0.615328798186,0,0,0.00221241475083,4.8947790674e-06,0.00459289550781,0,0,0,1,0
R03,27648,0.62693877551,0,0,0.00133880542126,1.79239987119e-06,0.00363159179688,0,0,0,1,0
R03,28160,0.638548752834,0,0,0.00182840006892,3.34304695571e-06,0.00382995605469,0,0,0,1,0
R03,28672,0.650158730159,0,0,0.0027602580376,7.61902447266e-06,0.00408935546875,0,0,0,1,0
R03,29184,0.661768707483,0,0,0.00287067587487,8.24077960715e-06,0.00607299804688,0,0,0,1,0
R03,29696,0.673378684807,0,0,0.00201636180282,4.06571507483e-06,0.00387573242188,0,0,0,1,0
R03,30208,0.684988662132,0,0,0.00235562492162,5.54896860194e-06,0.00445556640625,0,0,0,1,0
R03,30720,0.696598639456,0,0,0.00224378681742,5.03457886225e-06,0.00466918945312,0,0,0,1,0
R03,31232,0.70820861678,0,0,0.00156525895,2.45003548116e-06,0.00308227539062,0,0,0,1,0
R03,31744,0.719818594104,0,0,0.000780596863478,6.09331436863e-07,0.00239562988281,0,0,0,1,0
R03,32256,0.731428571429,0,0,0.00157010788098,2.4652385946e-06,0.00291442871094,0,0,0,1,0
R03,32768,0.743038548753,0,0,0.00103844772093,1.07837377072e-06,0.0028076171875,0,0,0,1,0
R03,33280,0.754648526077,0,0,0.00145028543193,2.10332791539e-06,0.00308227539062,0,0,0,1,0
R03,33792,0.766258503401,0,0,0.00113961147144,1.29871432364e-06,0.0023193359375,0,0,0,1,0
R03,34304,0.777868480726,0,0,0.00104074727278,1.08315498437e-06,0.00205993652344,0,0,0,1,0
R03,34816,0.78947845805,0,0,0.00182406662498,3.32721901941e-06,0.00361633300781,0,0,0,1,0
R03,35328,0.801088435374,0,0,0.00135054055136,1.82395979209e-06,0.00334167480469,0,0,0,1,0
R03,35840,0.812698412698,0,0,0.00175890093669,3.09373263008e-06,0.00379943847656,0,0,0,1,0
R03,36352,0.824308390023,0,0,0.0202956218272,0.000411912275013,0.0366973876953,0,1,0,0,0
R03,36864,0.835918367347,0,0,0.00683809537441,4.6759545512e-05,0.0136260986328,0,0.103043571115,0,0,0
R03,37376,0.847528344671,0,0,0.00397982820868,1.58390321303e-05,0.00872802734375,0,0.0755917578936,0,0,0
R03,37888,0.859138321995,0,0,0.00240545184352,5.78619892622e-06,0.00602722167969,0,0,0,1,0
R03,38400,0.87074829932,0,0,0.00345979817212,1.19702026495e-05,0.0110778808594,0,0.185063883662,0,0,0
R03,38912,0.882358276644,0,0,0.00869674794376,7.56334266043e-05,0.0326843261719,0,0.247769370675,0,0,0
R03,39424,0.893968253968,0,0,0.137011811137,0.0187722370028,0.374053955078,0,0.830441594124,1,0,0
R03,39936,0.905578231293,0,0,0.11253464967,0.0126640480012,0.295471191406,0,0.360961347818,0,0,0
R03,40448,0.917188208617,0,0,0.160303920507,0.0256973467767,0.381195068359,0,0.32195147872,0,0,0
R03,40960,0.928798185941,0,0,0.145006358624,0.0210268422961,0.348449707031,0,0.228806123137,0,0,0
R03,41472,0.940408163265,0,0,0.171140998602,0.0292892400175,0.451889038086,0,0.231246575713,0,0,0
R03,41984,0.95201814059,0,0,0.13011033833,0.0169287007302,0.271591186523,0,0.164411008358,0,0,0
R03,42496,0.963628117914,0,0,0.153264418244,0.0234899818897,0.399887084961,0,0.159732609987,0,0,0
R03,43008,0.975238095238,0,0,0.113279365003,0.0128322141245,0.281524658203,0,0.139622092247,0,0,0
R03,43520,0.986848072562,0,0,0.14883993566,0.0221533272415,0.37141418457,0,0.139367848635,0,0,0
R03,44032,0.998458049887,0,0,0.119872100651,0.0143693201244,0.320098876953,0,0.13903029263,0,0,0
R03,44544,1.01006802721,0,0,0.139087587595,0.0193453580141,0.360290527344,0,0.11451972276,0,0,0
R03,45056,1.02167800454,174.975341797,0.860916793346,0.115942053497,0.0134425600991,0.292694091797,0,0.16590051353,0,0,0
R03,45568,1.03328798186,175.1121521,0.875567793846,0.121259950101,0.0147039759904,0.325866699219,0,0.10072991997,0,0,0
R03,46080,1.04489795918,175.228515625,0.918911755085,0.10847312212,0.0117664188147,0.252075195312,0,0.106926076114,0,0,0
R03,46592,1.05650793651,175.323760986,0.945488929749,0.106622368097,0.0113683296368,0.240356445312,0,0.100426018238,0,0,0
R03,47104,1.06811791383,175.37600708,0.953660547733,0.0988419800997,0.00976973772049,0.220672607422,0,0.107629321516,0,0,0
R03,47616,1.07972789116,175.455871582,0.967983007431,0.109570279717,0.0120056467131,0.241790771484,0,0.0767820626497,0,0,0
R03,48128,1.09133786848,175.388748169,0.976363480091,0.107230596244,0.0114984009415,0.253128051758,0,0.103025078773,0,0,0
R03,48640,1.1029478458,175.396286011,0.979572355747,0.107780233026,0.0116165783256,0.266235351562,0,0.0581827312708,0,0,0
R03,49152,1.11455782313,175.450256348,0.981383979321,0.100017108023,0.0100034214556,0.248382568359,0,0.104242198169,0,0,0
R03,49664,1.12616780045,175.397628784,0.98564094305,0.108911693096,0.011861756444,0.247756958008,0,0.0611410439014,0,0,0
R03,50176,1.13777777778,175.422622681,0.988889217377,0.0997325927019,0.00994659028947,0.250152587891,0,0.0890977084637,0,0,0
R03,50688,1.1493877551,175.433624268,0.990148484707,0.101961202919,0.0103960875422,0.26139831543,0,0.0613979175687,0,0,0
R03,51200,1.16099773243,175.440368652,0.989794433117,0.0998203381896,0.0099641000852,0.265350341797,0,0.0796064212918,0,0,0
R03,51712,1.17260770975,175.415786743,0.989380061626,0.0975627228618,0.00951848458499,0.246612548828,0,0.0659463182092,0,0,0
R03,52224,1.18421768707,175.412612915,0.990127205849,0.09550113976,0.00912046711892,0.227905273438,0,0.0969522744417,0,0,0
R03,52736,1.1958276644,175.43359375,0.991446793079,0.0983293876052,0.00966866780072,0.242233276367,0,0.0667319372296,0,0,0
R03,53248,1.20743764172,175.420394897,0.992395460606,0.0954543873668,0.00911154039204,0.228302001953,0,0.0901691764593,0,0,0
R03,53760,1.21904761905,175.395935059,0.992450118065,0.0963859111071,0.00929024349898,0.221221923828,0,0.062830016017,0,0,0
R03,54272,1.23065759637,175.382507324,0.991948604584,0.0906262993813,0.0082131261006,0.224685668945,0,0.0547275729477,0,0,0
R03,54784,1.2422675737,175.408569336,0.993317306042,0.0886964201927,0.00786705501378,0.224411010742,0,0.0658827722073,0,0,0
R03,55296,1.25387755102,175.409042358,0.994362711906,0.0855748727918,0.00732305925339,0.219665527344,0,0.0471187829971,0,0,0
R03,55808,1.26548752834,175.395095825,0.994295060635,0.0838400349021,0.00702915107831,0.206359863281,0,0.0476081594825,0,0,0
R03,56320,1.27709750567,175.375045776,0.994274139404,0.0837645977736,0.00701650744304,0.187561035156,0,0.0572705045342,0,0,0
R03,56832,1.28870748299,175.374710083,0.994410574436,0.083590619266,0.00698739103973,0.190704345703,0,0.0418762043118,0,0,0
R03,57344,1.30031746032,175.354232788,0.994859993458,0.0848858132958,0.00720560178161,0.190673828125,0,0.0483551695943,0,0,0
R03,57856,1.31192743764,175.389160156,0.995226860046,0.0817954391241,0.00669049378484,0.179229736328,0,0.0474742725492,0,0,0
R03,58368,1.32353741497,175.348190308,0.995630800724,0.0812606140971,0.00660328753293,0.189102172852,0,0.0371923334897,0,0,0
R03,58880,1.33514739229,175.342056274,0.99579757452,0.0805969461799,0.00649586785585,0.188949584961,0,0.0521314181387,0,0,0
R03,59392,1.34675736961,175.337265015,0.995732247829,0.0781695023179,0.00611047120765,0.191665649414,0,0.0423038378358,0,0,0
R03,59904,1.35836734694,175.35345459,0.99592590332,0.0759197473526,0.00576380779967,0.173767089844,0,0.0510020293295,0,0,0
R03,60416,1.36997732426,175.341964722,0.995883226395,0.0763674378395,0.0058319857344,0.167221069336,0,0.0446422807872,0,0,0
R03,60928,1.38158730159,175.353302002,0.996174931526,0.0779315978289,0.00607333425432,0.181488037109,0,0.0556503348053,0,0,0
R03,61440,1.39319727891,175.311187744,0.996033489704,0.0781948119402,0.00611442839727,0.190002441406,0,0.0567811094224,0,0,0
R03,61952,1.40480725624,175.291854858,0.996079087257,0.0778676122427,0.00606336537749,0.183151245117,0,0.0508537180722,0,0,0
R03,62464,1.41641723356,175.273193359,0.996105670929,0.0778264775872,0.00605696067214,0.176391601562,0,0.0597268380225,0,0,0
R03,62976,1.42802721088,175.256774902,0.995915591717,0.0736766085029,0.00542824296281,0.157440185547,0,0.0510885305703,0,0,0
R03,63488,1.43963718821,175.243392944,0.996060371399,0.0744245499372,0.00553901353851,0.150650024414,0,0.0489061661065,0,0,0
R03,64000,1.45124716553,175.239929199,0.996197342873,0.0743431448936,0.00552690308541,0.150009155273,0,0.0607018359005,0,0,0
R03,64512,1.46285714286,175.161499023,0.996188044548,0.0720614269376,0.00519284978509,0.157409667969,0,0.0477219000459,0,0,0
R03,65024,1.47446712018,175.176330566,0.99641430378,0.0739731192589,0.00547202210873,0.16423034668,0,0.048623919487,0,0,0
R03,65536,1.48607709751,175.182327271,0.996340811253,0.0699109062552,0.00488753523678,0.15998840332,0,0.040056437254,0,0,0
R03,66048,1.49768707483,175.177505493,0.996200144291,0.0699499472976,0.00489299464971,0.155075073242,0,0.0701955035329,0,0,0
R03,66560,1.50929705215,175.172729492,0.996246755123,0.0687304362655,0.00472387252375,0.141494750977,0,0.0649060457945,0,0,0
R03,67072,1.52090702948,175.091766357,0.996099829674,0.0736813470721,0.00542894145474,0.143798828125,0,0.0593105368316,0,0,0
R03,67584,1.5325170068,175.097732544,0.996110439301,0.0713849961758,0.00509581714869,0.136032104492,0,0.0512407496572,0,0,0
R03,68096,1.54412698413,175.09211731,0.995909392834,0.0726856589317,0.00528320530429,0.140579223633,0,0.0548051893711,0,0,0
R03,68608,1.55573696145,175.062393188,0.995989918709,0.0710087418556,0.00504224188626,0.135360717773,0,0.0670091211796,0,0,0
R03,69120,1.56734693878,175.027603149,0.996013402939,0.0699418261647,0.00489185936749,0.136962890625,0,0.0580749511719,0,0,0
R03,69632,1.5789569161,175.018569946,0.996019899845,0.0690146163106,0.00476301740855,0.142074584961,0,0.0603533014655,0,0,0
R03,70144,1.59056689342,174.99357605,0.996514201164,0.0683817267418,0.00467606028542,0.13346862793,0,0.0589852109551,0,0,0
R03,70656,1.60217687075,175.012237549,0.9969856143,0.0673093646765,0.00453055091202,0.127639770508,0,0.0715433955193,0,0,0
R03,71168,1.61378684807,174.985671997,0.996921598911,0.0668570026755,0.00446985848248,0.130996704102,0,0.0596600659192,0,0,0
R03,71680,1.6253968254,175.00869751,0.997034728527,0.0659467503428,0.00434897420928,0.121643066406,0,0.0659168288112,0,0,0
R03,72192,1.63700680272,174.967575073,0.997038602829,0.0646847486496,0.00418411660939,0.124847412109,0,0.0494689904153,0,0,0
R03,72704,1.64861678005,174.984283447,0.995069265366,0.0664344578981,0.0044135376811,0.122055053711,0,0.0647074729204,0,0,0
R03,73216,1.66022675737,174.893920898,0.993769109249,0.0660480260849,0.00436234148219,0.116607666016,0,0.0625972002745,0,0,0
R03,73728,1.67183673469,174.911773682,0.993326842785,0.0626448839903,0.00392438191921,0.1103515625,0,0.0620193332434,0,0,0
R03,74240,1.68344671202,174.953643799,0.992725789547,0.0554629303515,0.00307613681071,0.102401733398,0,0.0561696849763,0,0,0
R03,74752,1.69505668934,174.941818237,0.991615653038,0.0471379943192,0.00222199037671,0.0917510986328,0,0.0630910694599,0,0,0
R03,75264,1.70666666667,174.862503052,0.988708198071,0.044012401253,0.00193709146697,0.0918273925781,0,0.105966962874,0,0,0
R03,75776,1.71827664399,174.486572266,0.901670694351,0.0721339434385,0.00520330527797,0.156478881836,0,0.213103935122,0,0,0
R03,76288,1.72988662132,0,0,0.0379206351936,0.00143797451165,0.0921173095703,0,0.156982302666,0,0,0
R03,76800,1.74149659864,0,0,0.0310550518334,0.000964416190982,0.0728302001953,0,0.122045181692,0,0,0
R03,77312,1.75310657596,0,0,0.0251202899963,0.000631028960925,0.0535125732422,0,0.122400783002,0,0,0
R03,77824,1.76471655329,0,0,0.0233268365264,0.000544141337741,0.0582580566406,0,0.109491229057,0,0,0
R03,78336,1.77632653061,0,0,0.0174359865487,0.000304013607092,0.0438690185547,0,0.110573217273,0,0,0
R03,78848,1.78793650794,0,0,0.0155840218067,0.000242861744482,0.0329437255859,0,0.117801122367,0,0,0
R03,79360,1.79954648526,0,0,0.0240295305848,0.000577418308239,0.0693969726562,0,0.160924017429,0,0,0
R03,79872,1.81115646259,0,0,0.242446869612,0.0587804876268,0.637710571289,0,0.685638725758,1,0,0
R03,80384,1.82276643991,0,0,0.196529120207,0.0386236943305,0.47184753418,0,0.292894601822,0,0,0
R03,80896,1.83437641723,0,0,0.235628649592,0.0555208586156,0.533920288086,0,0.259436398745,0,0,0
R03,81408,1.84598639456,0,0,0.194747015834,0.0379263982177,0.402099609375,0,0.16501930356,0,0,0
R03,81920,1.85759637188,0,0,0.204604700208,0.0418630838394,0.376037597656,0,0.168556809425,0,0,0
R03,82432,1.86920634921,0,0,0.160716816783,0.0258298963308,0.334060668945,0,0.103420190513,0,0,0
R03,82944,1.88081632653,0,0,0.141089618206,0.0199062786996,0.25520324707,0,0.106850147247,0,0,0
R03,83456,1.89242630385,0,0,0.135726824403,0.0184217691422,0.2685546875,0,0.103578187525,0,0,0
R03,83968,1.90403628118,175.487335205,0.860866963863,0.134050101042,0.017969429493,0.235977172852,0,0.153250738978,0,0,0
R03,84480,1.9156462585,350.293792725,0.871732473373,0.148728355765,0.0221201237291,0.291107177734,0,0.132442757487,0,0,0
R03,84992,1.92725623583,351.311859131,0.897103965282,0.143791645765,0.0206760391593,0.259780883789,0,0.1196077317,0,0,0
R03,85504,1.93886621315,350.911499023,0.931382417679,0.135832473636,0.018450461328,0.246383666992,0,0.0858205705881,0,0,0
R03,86016,1.95047619048,351.256652832,0.951011002064,0.130727380514,0.0170896463096,0.232681274414,0,0.0885052457452,0,0,0
R03,86528,1.9620861678,350.998565674,0.964088022709,0.132261782885,0.017493179068,0.233840942383,0,0.0935733616352,0,0,0
R03,87040,1.97369614512,351.146331787,0.96759468317,0.13012470305,0.0169324371964,0.222122192383,0,0.0986399650574,0,0,0
R03,87552,1.98530612245,350.889831543,0.974337816238,0.13316552341,0.0177330579609,0.239547729492,0,0.0762513279915,0,0,0
R03,88064,1.99691609977,350.882263184,0.978343009949,0.133342713118,0.0177802797407,0.22590637207,0,0.0956724435091,0,0,0
R03,88576,2.0085260771,350.685058594,0.983250081539,0.132700279355,0.0176093634218,0.234008789062,0,0.0434023812413,0,0,0
R03,89088,2.02013605442,350.782165527,0.984686672688,0.12588314712,0.0158465653658,0.212020874023,0,0.0754019916058,0,0,0
R03,89600,2.03174603175,350.562164307,0.985446810722,0.127622038126,0.0162873845547,0.215362548828,0,0.061228569597,0,0,0
R03,90112,2.04335600907,350.550811768,0.986997187138,0.124638520181,0.0155347604305,0.221405029297,0,0.0618496909738,0,0,0
R03,90624,2.05496598639,350.435546875,0.991455614567,0.116751968861,0.0136310216039,0.206939697266,0,0.0556356459856,0,0,0
R03,91136,2.06657596372,350.448303223,0.99317997694,0.115634538233,0.0133713455871,0.192321777344,0,0.0700395256281,0,0,0
R03,91648,2.07818594104,350.263824463,0.994012832642,0.116833150387,0.0136499842629,0.192581176758,0,0.0508661828935,0,0,0
R03,92160,2.08979591837,350.227508545,0.995563864708,0.1115597561,0.0124455783516,0.176452636719,0,0.0731490254402,0,0,0
R03,92672,2.10140589569,350.11618042,0.99613815546,0.113528713584,0.0128887696192,0.179901123047,0,0.057766225189,0,0,0
R03,93184,2.11301587302,350.140838623,0.996964752674,0.111461445689,0.0124236540869,0.182830810547,0,0.0631972774863,0,0,0
R03,93696,2.12462585034,349.987579346,0.997392833233,0.111736319959,0.0124850058928,0.183547973633,0,0.0478492043912,0,0,0
R03,94208,2.13623582766,350.049438477,0.997706472874,0.111099682748,0.0123431393877,0.185302734375,0,0.0438808277249,0,0,0
R03,94720,2.14784580499,350.079437256,0.997464418411,0.105573169887,0.0111456941813,0.184860229492,0,0.0406287759542,0,0,0
R03,95232,2.15945578231,349.899291992,0.997965872288,0.103494405746,0.0107110925019,0.175888061523,0,0.0522969663143,0,0,0
R03,95744,2.17106575964,349.992858887,0.997194945812,0.100906215608,0.0101820649579,0.18132019043,0,0.0550460517406,0,0,0
R03,96256,2.18267573696,349.984100342,0.996838212013,0.0998838692904,0.00997678749263,0.167343139648,0,0.0526426769793,0,0,0
R03,96768,2.19428571429,349.957336426,0.996543049812,0.10206579417,0.010417426005,0.171585083008,0,0.0810375735164,0,0,0
R03,97280,2.20589569161,350.005340576,0.996626734734,0.100170083344,0.0100340461358,0.150909423828,0,0.0761084780097,0,0,0
R03,97792,2.21750566893,349.86730957,0.996731221676,0.0992695838213,0.00985445082188,0.151947021484,0,0.0576947629452,0,0,0
R03,98304,2.22911564626,349.82019043,0.996907174587,0.0954289734364,0.00910668913275,0.152420043945,0,0.0483826063573,0,0,0
R03,98816,2.24072562358,349.837219238,0.997073888779,0.0954593271017,0.00911248382181,0.159927368164,0,0.068191818893,0,0,0
R03,99328,2.25233560091,349.7784729,0.997096478939,0.0935892760754,0.00875895190984,0.155609130859,0,0.040242832154,0,0,0
R03,99840,2.26394557823,349.770935059,0.998219430447,0.0877325385809,0.00769699783996,0.143051147461,0,0.052872966975,0,0,0
R03,100352,2.27555555556,349.7293396,0.998674333096,0.0882652029395,0.0077907461673,0.138061523438,0,0.0454798527062,0,0,0
R03,100864,2.28716553288,349.701293945,0.999053895473,0.0878127068281,0.00771107198671,0.1337890625,0,0.0586477331817,0,0,0
R03,101376,2.2987755102,349.751220703,0.999193072319,0.0903196260333,0.00815763510764,0.134521484375,0,0.0715295597911,0,0,0
R03,101888,2.31038548753,349.708404541,0.999091386795,0.0855443775654,0.00731784058735,0.127044677734,0,0.0554290823638,0,0,0
R03,102400,2.32199546485,349.607116699,0.999003589153,0.085557974875,0.00732016656548,0.13005065918,0,0.0596931241453,0,0,0
R03,102912,2.33360544218,349.669342041,0.999047160149,0.0828679800034,0.00686710234731,0.120483398438,0,0.0383167564869,0,0,0
R03,103424,2.3452154195,349.689086914,0.999114990234,0.0803721174598,0.00645967712626,0.118667602539,0,0.0331364274025,0,0,0
R03,103936,2.35682539683,349.691711426,0.999123394489,0.0811041295528,0.00657787965611,0.121002197266,0,0.0566526353359,0,0,0
R03,104448,2.36843537415,349.533691406,0.999034285545,0.0805120244622,0.00648218626156,0.122100830078,0,0.0537016317248,0,0,0
R03,104960,2.38004535147,349.630249023,0.999049127102,0.0778017118573,0.00605310639367,0.116653442383,0,0.0545950457454,0,0,0
R03,105472,2.3916553288,349.410522461,0.999008595943,0.0753903239965,0.00568370055407,0.108688354492,0,0.0672627240419,0,0,0
R03,105984,2.40326530612,349.602935791,0.998985409737,0.0735701546073,0.00541256740689,0.109115600586,0,0.0698751211166,0,0,0
R03,106496,2.41487528345,349.575469971,0.99888664484,0.0707506611943,0.0050056562759,0.107406616211,0,0.0785885304213,0,0,0
R03,107008,2.42648526077,349.463897705,0.998799443245,0.0721814110875,0.00521015608683,0.108337402344,0,0.0634028166533,0,0,0
R03,107520,2.4380952381,349.439117432,0.998768985271,0.0712295249104,0.00507364561781,0.105590820312,0,0.050415661186,0,0,0
R03,108032,2.44970521542,349.489624023,0.998752772808,0.0708606317639,0.00502122892067,0.108413696289,0,0.0656009018421,0,0,0
R03,108544,2.46131519274,349.438293457,0.998762965202,0.0693069249392,0.00480344938114,0.104934692383,0,0.0559970960021,0,0,0
R03,109056,2.47292517007,349.485198975,0.998629629612,0.0650424361229,0.00423051835969,0.101943969727,0,0.0438433922827,0,0,0
R03,109568,2.48453514739,349.483673096,0.998602986336,0.0645592212677,0.00416789343581,0.0991973876953,0,0.0365967229009,0,0,0
R03,110080,2.49614512472,349.430877686,0.998658180237,0.0612969473004,0.00375731592067,0.0965576171875,0,0.053095549345,0,0,0
R03,110592,2.50775510204,349.466156006,0.998719453812,0.0622678175569,0.00387728121132,0.0960388183594,0,0.0844703391194,0,0,0
R03,111104,2.51936507937,349.431365967,0.998725831509,0.0589565746486,0.0034758776892,0.0933074951172,0,0.0614780895412,0,0,0
R03,111616,2.53097505669,349.367980957,0.9986115098,0.0601398684084,0.00361680379137,0.0982208251953,0,0.0634793713689,0,0,0
R03,112128,2.54258503401,349.404632568,0.99849998951,0.0609066151083,0.0037096159067,0.0960998535156,0,0.0415419973433,0,0,0
R03,112640,2.55419501134,349.350463867,0.998326539993,0.0599882230163,0.00359858712181,0.0935821533203,0,0.0420282147825,0,0,0
R03,113152,2.56580498866,349.303863525,0.998432397842,0.0555574819446,0.00308663398027,0.0906982421875,0,0.0471237339079,0,0,0
R03,113664,2.57741496599,349.347259521,0.998231589794,0.0549572557211,0.00302030006424,0.0863494873047,0,0.057893358171,0,0,0
R03,114176,2.58902494331,349.431732178,0.998033165932,0.0555877573788,0.00308999861591,0.0853424072266,0,0.0534151792526,0,0,0
R03,114688,2.60063492063,349.281036377,0.998022437096,0.056685462594,0.00321324169636,0.0855255126953,0,0.0709832087159,0,0,0
R03,115200,2.61224489796,349.389068604,0.998023986816,0.0544055663049,0.00295996549539,0.0828399658203,0,0.0641678348184,0,0,0
R03,115712,2.62385487528,349.347412109,0.997915267944,0.0543666742742,0.00295573519543,0.0850524902344,0,0.083089388907,0,0,0
R03,116224,2.63546485261,349.398498535,0.997848153114,0.0560794360936,0.00314490310848,0.092529296875,0,0.0719671994448,0,0,0
R03,116736,2.64707482993,349.401275635,0.997581124306,0.0573757253587,0.00329197384417,0.0920104980469,0,0.0613426864147,0,0,0
R03,117248,2.65868480726,349.249084473,0.997301220894,0.0543559491634,0.00295456917956,0.0914916992188,0,0.0575194992125,0,0,0
R03,117760,2.67029478458,349.261749268,0.997367441654,0.0533372685313,0.00284486403689,0.0832824707031,0,0.0673674196005,0,0,0
R03,118272,2.6819047619,349.292663574,0.997371673584,0.0539073944092,0.00290600699373,0.0845489501953,0,0.0699570998549,0,0,0
R03,118784,2.69351473923,349.27432251,0.997451245785,0.0524474233389,0.00275073223747,0.0831298828125,0,0.0472193397582,0,0,0
R03,119296,2.70512471655,349.323303223,0.997353851795,0.0491052493453,0.00241132569499,0.0830841064453,0,0.0427532158792,0,0,0
R03,119808,2.71673469388,349.369445801,0.997282922268,0.0504961274564,0.00254985876381,0.0832824707031,0,0.0744734033942,0,0,0
R03,120320,2.7283446712,349.398345947,0.997391819954,0.0510460957885,0.00260570389219,0.0872802734375,0,0.089680083096,0,0,0
R03,120832,2.73995464853,349.300445557,0.997642636299,0.0499325804412,0.00249326252379,0.0854797363281,0,0.04609753564,0,0,0
R03,121344,2.75156462585,349.444244385,0.997997462749,0.0483804792166,0.00234067090787,0.0811614990234,0,0.0461607612669,0,0,0
R03,121856,2.76317460317,349.351745605,0.997950196266,0.0476269349456,0.00226832507178,0.0814208984375,0,0.0640362650156,0,0,0
R03,122368,2.7747845805,349.368682861,0.997762978077,0.0496674068272,0.00246685114689,0.0784149169922,0,0.0675360187888,0,0,0
R03,122880,2.78639455782,349.396148682,0.997774720192,0.0484320782125,0.00234566628933,0.0794830322266,0,0.0544140823185,0,0,0
R03,123392,2.79800453515,349.305419922,0.997956871986,0.0467067360878,0.00218151928857,0.072265625,0,0.0593730583787,0,0,0
R03,123904,2.80961451247,349.315307617,0.997799932957,0.0450934506953,0.00203341944143,0.0762634277344,0,0.0509127527475,0,0,0
R03,124416,2.8212244898,349.256561279,0.997865855694,0.0435273498297,0.00189463002607,0.0714721679688,0,0.0710449367762,0,0,0
R03,124928,2.83283446712,349.36416626,0.997809588909,0.0443250238895,0.00196470785886,0.0761871337891,0,0.0601599104702,0,0,0
R03,125440,2.84444444444,349.414794922,0.997773766518,0.0428051762283,0.00183228310198,0.0706634521484,0,0.0609262399375,0,0,0
R03,125952,2.85605442177,349.186065674,0.9979211092,0.0416638851166,0.00173587934114,0.0665283203125,0,0.0687644034624,0,0,0
R03,126464,2.86766439909,349.253173828,0.998108863831,0.0433934032917,0.00188298744615,0.0677490234375,0,0.0569706559181,0,0,0
R03,126976,2.87927437642,349.228088379,0.997934758663,0.0424818880856,0.00180471071508,0.0648956298828,0,0.0523168072104,0,0,0
R03,127488,2.89088435374,349.364868164,0.997776091099,0.041922904551,0.00175753002986,0.0641174316406,0,0.0524947047234,0,0,0
R03,128000,2.90249433107,349.387695312,0.998081326485,0.0425807535648,0.00181312067434,0.0662231445312,0,0.0591608248651,0,0,0
R03,128512,2.91410430839,349.386474609,0.998068332672,0.042262006551,0.00178607727867,0.0666961669922,0,0.038335558027,0,0,0
R03,129024,2.92571428571,349.259002686,0.998110771179,0.040820941329,0.00166634924244,0.0647125244141,0,0.0640883147717,0,0,0
R03,129536,2.93732426304,349.269317627,0.997366547585,0.0388276055455,0.00150758284144,0.0653533935547,0,0.0609072633088,0,0,0
R03,130048,2.94893424036,349.28918457,0.996919333935,0.0347963795066,0.00121078791562,0.0544586181641,0,0.0685472711921,0,0,0
R03,130560,2.96054421769,349.17767334,0.996097683907,0.0301199387759,0.000907210749574,0.0506591796875,0,0.0833817869425,0,0,0
R03,131072,2.97215419501,348.230743408,0.95346224308,0.041763279587,0.00174417160451,0.0952301025391,0,0.27730602026,0,0,0
R03,131584,2.98376417234,346.113555908,0.867390751839,0.0380405001342,0.00144707970321,0.0854187011719,0,0.25920766592,0,0,0
R03,132096,2.99537414966,0,0,0.032796099782,0.00107558409218,0.0787200927734,0,0.153030335903,0,0,0
R03,132608,3.00698412698,0,0,0.0188791137189,0.000356420932803,0.0421905517578,0,0.137610152364,0,0,0
R03,133120,3.01859410431,0,0,0.0253716576844,0.000643721024971,0.0508575439453,0,0.125738292933,0,0,0
R03,133632,3.03020408163,0,0,0.0176045708358,0.000309920898871,0.0332946777344,0,0.119693703949,0,0,0
R03,134144,3.04181405896,0,0,0.0140510173514,0.000197431101697,0.0266723632812,0,0.100234217942,0,0,0
R03,134656,3.05342403628,0,0,0.0185218024999,0.00034305715235,0.0330047607422,0,0.122111365199,0,0,0
R03,135168,3.06503401361,0,0,0.0171407461166,0.000293805176625,0.0385131835938,0,0.138367503881,0,0,0
R03,135680,3.07664399093,0,0,0.0144471637905,0.00020872055029,0.0324096679688,0,0.0990899950266,0,0,0
R03,136192,3.08825396825,0,0,0.011302116327,0.000127737832372,0.0208282470703,0,0.101095758379,0,0,0
R03,136704,3.09986394558,0,0,0.00742545677349,5.51374105271e-05,0.0158081054688,0,0.133783251047,0,0,0
R03,137216,3.1114739229,0,0,0.00816317182034,6.66373744025e-05,0.0181732177734,0,0.141863167286,0,0,0
R03,137728,3.12308390023,0,0,0.00511091388762,2.61214427155e-05,0.011474609375,0,0.114019237459,0,0,0
R03,138240,3.13469387755,0,0,0.00567063968629,3.21561528835e-05,0.0132598876953,0,0.128759071231,0,0,0
R03,138752,3.14630385488,0,0,0.00358937005512,1.28835781652e-05,0.00732421875,0,0.102255374193,0,0,0
R03,139264,3.1579138322,0,0,0.00627246918157,3.93438713218e-05,0.0119018554688,0,0.141510084271,0,0,0
R03,139776,3.16952380952,0,0,0.00476518133655,2.27069540415e-05,0.0104675292969,0,0.114012487233,0,0,0
R03,140288,3.18113378685,0,0,0.0039445660077,1.55596007971e-05,0.00955200195312,0,0.114762097597,0,0,0
R03,140800,3.19274376417,0,0,0.00258078426123,6.66044707032e-06,0.00465393066406,0,0,0,1,0
R03,141312,3.2043537415,0,0,0.00293995719403,8.6433483375e-06,0.00662231445312,0,0,0,1,0
R03,141824,3.21596371882,0,0,0.00170983362477,2.92353115583e-06,0.00442504882812,0,0,0,1,0
R03,142336,3.22757369615,0,0,0.00144452531822,2.08665323953e-06,0.00416564941406,0,0,0,1,0
R03,142848,3.23918367347,0,0,0.00140151777305,1.96425207832e-06,0.00288391113281,0,0,0,1,0
R03,143360,3.25079365079,0,0,0.00139308802318,1.94069434656e-06,0.00260925292969,0,0,0,1,0
R03,143872,3.26240362812,0,0,0.00157221837435,2.47187062996e-06,0.004638671875,0,0,0,1,0
R03,144384,3.27401360544,0,0,0.00166904763319,2.78571997114e-06,0.00314331054688,0,0,0,1,0
R03,144896,3.28562358277,0,0,0.00109643640462,1.20217282529e-06,0.00270080566406,0,0,0,1,0
R03,145408,3.29723356009,0,0,0.00132353778463,1.75175227923e-06,0.00352478027344,0,0,0,1,0
R03,145920,3.30884353741,0,0,0.00106752756983,1.13961505122e-06,0.00199890136719,0,0,0,1,0
R03,146432,3.32045351474,0,0,0.00118240131997,1.39807298183e-06,0.00241088867188,0,0,0,1,0
R03,146944,3.33206349206,0,0,0.00142286880873,2.02455566978e-06,0.00340270996094,0,0,0,1,0
R03,147456,3.34367346939,0,0,0.00136630027555,1.86677652891e-06,0.00340270996094,0,0,0,1,0
R03,147968,3.35528344671,0,0,0.00152916891966,2.33835771724e-06,0.00346374511719,0,0,0,1,0
R03,148480,3.36689342404,0,0,0.00100476318039,1.00954912341e-06,0.00204467773438,0,0,0,1,0
R03,148992,3.37850340136,0,0,0.000924916355871,8.5547026174e-07,0.00175476074219,0,0,0,1,0
R03,149504,3.39011337868,0,0,0.000693698588293,4.81217739434e-07,0.00143432617188,0,0,0,1,0
R03,150016,3.40172335601,0,0,0.00115539622493,1.33494040711e-06,0.00227355957031,0,0,0,1,0
R03,150528,3.41333333333,0,0,0.000616222678218,3.79730408895e-07,0.00123596191406,0,0,0,1,0
R03,151040,3.42494331066,0,0,0.000987869687378,9.7588645076e-07,0.00224304199219,0,0,0,1,0
R03,151552,3.43655328798,0,0,0.00063299771864,4.00686076318e-07,0.00143432617188,0,0,0,1,0
R03,152064,3.44816326531,0,0,0.000930881651584,8.6654063125e-07,0.00186157226562,0,0,0,1,0
R03,152576,3.45977324263,0,0,0.00119861739222,1.4366837604e-06,0.00262451171875,0,0,0,1,0
R03,153088,3.47138321995,0,0,0.000798228837084,6.37169250695e-07,0.00172424316406,0,0,0,1,0
R03,153600,3.48299319728,0,0,0.000913977797609,8.35355422169e-07,0.00259399414062,0,0,0,1,0
R03,154112,3.4946031746,0,0,0.000612951465882,3.75709532818e-07,0.00152587890625,0,0,0,1,0
R03,154624,3.50621315193,0,0,0.0012734370539,1.62164178619e-06,0.00262451171875,0,0,0,1,0
R03,155136,3.51782312925,0,0,0.0379812978208,0.00144257908687,0.0800170898438,0,0.7113956213,1,0,0
R03,155648,3.52943310658,0,0,0.0062279459089,3.8787311496e-05,0.0224304199219,0,0.05469494313,0,0,0
R03,156160,3.5410430839,0,0,0.00413641007617,1.7109887267e-05,0.0104522705078,0,0.0280178450048,0,0,0
R03,156672,3.55265306122,0,0,0.000990397296846,9.80886852631e-07,0.00276184082031,0,0,0,1,0
R03,157184,3.56426303855,0,0,0.00109277514275,1.19415744848e-06,0.00344848632812,0,0,0,1,0
R04,0,0,0,0,0,0,0,0,0,0,1,0
R04,512,0.0116099773243,0,0,0,0,0,0,0,0,1,0
R04,1024,0.0232199546485,0,0,0,0,0,0,0,0,1,0
R04,1536,0.0348299319728,0,0,0,0,0,0,0,0,1,0
R04,2048,0.0464399092971,0,0,0,0,0,0,0,0,1,0
R04,2560,0.0580498866213,0,0,0,0,0,0,0,0,1,0
R04,3072,0.0696598639456,0,0,0,0,0,0,0,0,1,0
R04,3584,0.0812698412698,0,0,9.53674316406e-07,9.09494701773e-13,1.52587890625e-05,0,0,0,1,0
R04,4096,0.0928798185941,0,0,7.04041622157e-06,4.95674612466e-11,3.0517578125e-05,0,0,0,1,0
R04,4608,0.104489795918,0,0,1.29888903757e-05,1.68711267179e-10,3.0517578125e-05,0,0,0,1,0
R04,5120,0.116099773243,0,0,1.32831464725e-05,1.76441972144e-10,3.0517578125e-05,0,0,0,1,0
R04,5632,0.127709750567,0,0,1.37044025905e-05,1.87810655916e-10,3.0517578125e-05,0,0,0,1,0
R04,6144,0.139319727891,0,0,2.49691529461e-05,6.23458618065e-10,0.000137329101562,0,0,0,1,0
R04,6656,0.150929705215,0,0,0.000113423113362,1.28648025566e-08,0.000274658203125,0,0,0,1,0
R04,7168,0.16253968254,0,0,0.000141663171235,2.0068455342e-08,0.00030517578125,0,0,0,1,0
R04,7680,0.174149659864,0,0,0.000254997779848,6.50238689559e-08,0.000503540039062,0,0,0,1,0
R04,8192,0.185759637188,0,0,0.000271098600933,7.34944478609e-08,0.000579833984375,0,0,0,1,0
R04,8704,0.197369614512,0,0,0.000267680268735,7.16527210898e-08,0.000625610351562,0,0,0,1,0
R04,9216,0.208979591837,0,0,0.000462160242023,2.13592102227e-07,0.001220703125,0,0,0,1,0
R04,9728,0.220589569161,0,0,0.000499702582601,2.49702679866e-07,0.00131225585938,0,0,0,1,0
R04,10240,0.232199546485,0,0,0.000767301069573,5.88750936004e-07,0.00189208984375,0,0,0,1,0
R04,10752,0.24380952381,0,0,0.000668455963023,4.46833382739e-07,0.0018310546875,0,0,0,1,0
R04,11264,0.255419501134,0,0,0.00126316025853,1.59557384904e-06,0.00273132324219,0,0,0,1,0
R04,11776,0.267029478458,0,0,0.00164145068265,2.69436031886e-06,0.00291442871094,0,0,0,1,0
R04,12288,0.278639455782,0,0,0.00170709588565,2.91417654807e-06,0.00401306152344,0,0,0,1,0
R04,12800,0.290249433107,0,0,0.0015241157962,2.32292904911e-06,0.00399780273438,0,0,0,1,0
R04,13312,0.301859410431,0,0,0.00166227552108,2.76315995507e-06,0.00350952148438,0,0,0,1,0
R04,13824,0.313469387755,0,0,0.00121292879339,1.47119635585e-06,0.00282287597656,0,0,0,1,0
R04,14336,0.325079365079,0,0,0.000799264991656,6.38824531052e-07,0.00234985351562,0,0,0,1,0
R04,14848,0.336689342404,0,0,0.000907294917852,8.23184109322e-07,0.00209045410156,0,0,0,1,0
R04,15360,0.348299319728,0,0,0.00119708024431,1.43300121636e-06,0.00245666503906,0,0,0,1,0
R04,15872,0.359909297052,0,0,0.000900609476957,8.11097379483e-07,0.00204467773438,0,0,0,1,0
R04,16384,0.371519274376,0,0,0.00178854889236,3.19890705214e-06,0.00370788574219,0,0,0,1,0
R04,16896,0.383129251701,0,0,0.00103097048122,1.06290008262e-06,0.00228881835938,0,0,0,1,0
R04,17408,0.394739229025,0,0,0.00159010489006,2.52843346971e-06,0.00300598144531,0,0,0,1,0
R04,17920,0.406349206349,0,0,0.00258343061432,6.67411359245e-06,0.0054931640625,0,0,0,1,0
R04,18432,0.417959183673,0,0,0.00247230590321,6.11229643255e-06,0.00483703613281,0,0,0,1,0
R04,18944,0.429569160998,0,0,0.001249377965,1.56094529302e-06,0.0030517578125,0,0,0,1,0
R04,19456,0.441179138322,0,0,0.00119024340529,1.41667942444e-06,0.00262451171875,0,0,0,1,0
R04,19968,0.452789115646,0,0,0.00141356722452,1.99817213797e-06,0.00279235839844,0,0,0,1,0
R04,20480,0.464399092971,0,0,0.00186229287647,3.46813476426e-06,0.00343322753906,0,0,0,1,0
R04,20992,0.476009070295,0,0,0.0010529034771,1.10860582936e-06,0.00262451171875,0,0,0,1,0
R04,21504,0.487619047619,0,0,0.00166926789097,2.78645529761e-06,0.00419616699219,0,0,0,1,0
R04,22016,0.499229024943,0,0,0.00102965743281,1.06019433588e-06,0.00241088867188,0,0,0,1,0
R04,22528,0.510839002268,0,0,0.00185099022929,3.42616476701e-06,0.00331115722656,0,0,0,1,0
R04,23040,0.522448979592,0,0,0.000957498734351,9.16803855944e-07,0.0025634765625,0,0,0,1,0
R04,23552,0.534058956916,0,0,0.00116104201879,1.34801848617e-06,0.0029296875,0,0,0,1,0
R04,24064,0.54566893424,0,0,0.00146942201536,2.15920090341e-06,0.00311279296875,0,0,0,1,0
R04,24576,0.557278911565,0,0,0.00172702758573,2.98262420984e-06,0.00408935546875,0,0,0,1,0
R04,25088,0.568888888889,0,0,0.00127174984664,1.61734760695e-06,0.00282287597656,0,0,0,1,0
R04,25600,0.580498866213,0,0,0.000858123821672,7.36376478017e-07,0.00222778320312,0,0,0,1,0
R04,26112,0.592108843537,0,0,0.00182143202983,3.31761475536e-06,0.00364685058594,0,0,0,1,0
R04,26624,0.603718820862,0,0,0.00170059036463,2.89200761472e-06,0.00312805175781,0,0,0,1,0
R04,27136,0.615328798186,0,0,0.00225564092398,5.08791617904e-06,0.00469970703125,0,0,0,1,0
R04,27648,0.62693877551,0,0,0.00169112929143,2.8599183679e-06,0.00347900390625,0,0,0,1,0
R04,28160,0.638548752834,0,0,0.001368353609,1.8723917492e-06,0.00361633300781,0,0,0,1,0
R04,28672,0.650158730159,0,0,0.0023710031528,5.621656328e-06,0.00531005859375,0,0,0,1,0
R04,29184,0.661768707483,0,0,0.00148431234993,2.20318315769e-06,0.00382995605469,0,0,0,1,0
R04,29696,0.673378684807,0,0,0.00119047740009,1.41723648994e-06,0.00244140625,0,0,0,1,0
R04,30208,0.684988662132,0,0,0.00255648954771,6.53563893138e-06,0.00453186035156,0,0,0,1,0
R04,30720,0.696598639456,0,0,0.00210410822183,4.4272710511e-06,0.00376892089844,0,0,0,1,0
R04,31232,0.70820861678,0,0,0.00213809218258,4.57143778476e-06,0.0040283203125,0,0,0,1,0
R04,31744,0.719818594104,0,0,0.00197229115292,3.8899320316e-06,0.00405883789062,0,0,0,1,0
R04,32256,0.731428571429,0,0,0.00171907513868,2.95521931548e-06,0.00321960449219,0,0,0,1,0
R04,32768,0.743038548753,0,0,0.00204336363822,4.17533510699e-06,0.00471496582031,0,0,0,1,0
R04,33280,0.754648526077,0,0,0.0013365522027,1.78637174031e-06,0.00347900390625,0,0,0,1,0
R04,33792,0.766258503401,0,0,0.00145792798139,2.12555414691e-06,0.0030517578125,0,0,0,1,0
R04,34304,0.777868480726,0,0,0.00234735570848,5.51007860849e-06,0.00373840332031,0,0,0,1,0
R04,34816,0.78947845805,0,0,0.00209137005731,4.37382914242e-06,0.00389099121094,0,0,0,1,0
R04,35328,0.801088435374,0,0,0.00256716669537,6.59034503769e-06,0.00521850585938,0,0,0,1,0
R04,35840,0.812698412698,0,0,0.0022022514604,4.84991142002e-06,0.00459289550781,0,0,0,1,0
R04,36352,0.824308390023,0,0,0.00220956746489,4.8821884775e-06,0.00408935546875,0,0,0,1,0
R04,36864,0.835918367347,0,0,0.00189104303718,3.57604358214e-06,0.00386047363281,0,0,0,1,0
R04,37376,0.847528344671,0,0,0.00281126867048,7.90323156252e-06,0.00660705566406,0,0,0,1,0
R04,37888,0.859138321995,0,0,0.00270882691257,7.33774322725e-06,0.00619506835938,0,0,0,1,0
R04,38400,0.87074829932,0,0,0.00185816502199,3.45277703673e-06,0.00364685058594,0,0,0,1,0
R04,38912,0.882358276644,0,0,0.00250642513856,6.28216730547e-06,0.00534057617188,0,0,0,1,0
R04,39424,0.893968253968,0,0,0.0021159471944,4.4772327783e-06,0.0054931640625,0,0,0,1,0
R04,39936,0.905578231293,0,0,0.00225115846843,5.06771493747e-06,0.00727844238281,0,0,0,1,0
R04,40448,0.917188208617,0,0,0.00368683063425,1.35927193696e-05,0.0123748779297,0,1,0,0,0
R04,40960,0.928798185941,0,0,0.179254323244,0.0321321114898,0.482925415039,0,0.958361446857,1,0,0
R04,41472,0.940408163265,0,0,0.224206447601,0.0502685308456,0.494506835938,0,0.37263956666,0,0,0
R04,41984,0.95201814059,0,0,0.267199486494,0.0713955610991,0.565368652344,0,0.266499519348,0,0,0
R04,42496,0.963628117914,0,0,0.210478439927,0.0443011708558,0.401885986328,0,0.178740173578,0,0,0
R04,43008,0.975238095238,0,0,0.205279290676,0.0421395860612,0.346145629883,0,0.163278847933,0,0,0
R04,43520,0.986848072562,0,0,0.174372047186,0.0304056107998,0.331741333008,0,0.118621267378,0,0,0
R04,44032,0.998458049887,0,0,0.151521548629,0.0229587778449,0.243255615234,0,0.108493864536,0,0,0
R04,44544,1.01006802721,0,0,0.154883831739,0.023989001289,0.250137329102,0,0.124092936516,0,0,0
R04,45056,1.02167800454,174.543762207,0.876842558384,0.149060890079,0.0222191475332,0.241912841797,0,0.175511002541,0,0,0
R04,45568,1.03328798186,348.558197021,0.902153193951,0.153225570917,0.0234780739993,0.258911132812,0,0.123181283474,0,0,0
R04,46080,1.04489795918,350.279724121,0.926884114742,0.156560212374,0.0245110988617,0.290100097656,0,0.0883854106069,0,0,0
R04,46592,1.05650793651,349.948120117,0.959868729115,0.146620795131,0.0214976575226,0.248840332031,0,0.0846010446548,0,0,0
R04,47104,1.06811791383,350.53692627,0.962823212147,0.139742136002,0.0195278637111,0.226959228516,0,0.0844717547297,0,0,0
R04,47616,1.07972789116,350.284759521,0.976317822933,0.140981033444,0.0198756530881,0.222198486328,0,0.0733501389623,0,0,0
R04,48128,1.09133786848,350.390014648,0.978344857693,0.138645380735,0.0192225426435,0.215133666992,0,0.08256547153,0,0,0
R04,48640,1.1029478458,350.1484375,0.981871545315,0.14437673986,0.0208446420729,0.237091064453,0,0.0951524525881,0,0,0
R04,49152,1.11455782313,349.973632812,0.983818888664,0.14228489995,0.0202449914068,0.232177734375,0,0.0920639112592,0,0,0
R04,49664,1.12616780045,350.238250732,0.986571311951,0.139219433069,0.0193820521235,0.225433349609,0,0.0951452404261,0,0,0
R04,50176,1.13777777778,349.966796875,0.989048838615,0.135520026088,0.0183656793088,0.210006713867,0,0.0672343075275,0,0,0
R04,50688,1.1493877551,350.072631836,0.990208208561,0.129346266389,0.0167304575443,0.203323364258,0,0.0578403063118,0,0,0
R04,51200,1.16099773243,349.919219971,0.990556716919,0.128262117505,0.0164511725307,0.205474853516,0,0.0661082491279,0,0,0
R04,51712,1.17260770975,349.929870605,0.993462920189,0.126871660352,0.0160964168608,0.200759887695,0,0.0554347075522,0,0,0
R04,52224,1.18421768707,349.836364746,0.994301140308,0.121852107346,0.0148479361087,0.189208984375,0,0.0611072033644,0,0,0
R04,52736,1.1958276644,349.70993042,0.994481921196,0.127679467201,0.0163020454347,0.201873779297,0,0.0553253851831,0,0,0
R04,53248,1.20743764172,349.703277588,0.996016800404,0.121760629117,0.0148256504908,0.187438964844,0,0.0727300196886,0,0,0
R04,53760,1.21904761905,349.665771484,0.996193170547,0.120184198022,0.0144442413002,0.186935424805,0,0.0497705824673,0,0,0
R04,54272,1.23065759637,349.831817627,0.996325671673,0.119861915708,0.0143668791279,0.183853149414,0,0.065833479166,0,0,0
R04,54784,1.2422675737,349.66229248,0.996728241444,0.1163347736,0.0135337803513,0.184143066406,0,0.0424561388791,0,0,0
R04,55296,1.25387755102,349.597473145,0.997043192387,0.114598885179,0.0131329037249,0.177017211914,0,0.0750297680497,0,0,0
R04,55808,1.26548752834,349.798828125,0.994216024876,0.110408253968,0.0121899824589,0.193344116211,0,0.0880683138967,0,0,0
R04,56320,1.27709750567,349.73260498,0.992349803448,0.104405872524,0.0109005868435,0.181167602539,0,0.0664145797491,0,0,0
R04,56832,1.28870748299,349.663330078,0.992448091507,0.103600300848,0.0107330223545,0.167770385742,0,0.0511096604168,0,0,0
R04,57344,1.30031746032,349.70703125,0.992599129677,0.104424886405,0.0109045570716,0.160827636719,0,0.0656094104052,0,0,0
R04,57856,1.31192743764,349.717926025,0.992382287979,0.102998547256,0.0106087010354,0.153884887695,0,0.0663083940744,0,0,0
R04,58368,1.32353741497,349.586181641,0.992393136024,0.100292928517,0.0100586721674,0.152648925781,0,0.104835323989,0,0,0
R04,58880,1.33514739229,349.447143555,0.992427945137,0.101729162037,0.0103488229215,0.158721923828,0,0.0512314103544,0,0,0
R04,59392,1.34675736961,349.652099609,0.992479979992,0.10323870182,0.0106582297012,0.163299560547,0,0.0392330810428,0,0,0
R04,59904,1.35836734694,349.576904297,0.997151315212,0.100837163627,0.0101681333035,0.160781860352,0,0.0444212220609,0,0,0
R04,60416,1.36997732426,349.41015625,0.998825848103,0.0984052196145,0.00968358758837,0.156219482422,0,0.05142384395,0,0,0
R04,60928,1.38158730159,349.566955566,0.999064028263,0.0931525751948,0.00867740157992,0.138626098633,0,0.0546145439148,0,0,0
R04,61440,1.39319727891,349.433685303,0.999003171921,0.092054232955,0.00847398210317,0.141479492188,0,0.0486533343792,0,0,0
R04,61952,1.40480725624,349.445526123,0.999166190624,0.0929766222835,0.00864465162158,0.145111083984,0,0.0473625287414,0,0,0
R04,62464,1.41641723356,349.556060791,0.999188244343,0.0927987918258,0.00861161574721,0.143768310547,0,0.0877764821053,0,0,0
R04,62976,1.42802721088,349.45489502,0.999165892601,0.0927764624357,0.00860747136176,0.137634277344,0,0.0633982568979,0,0,0
R04,63488,1.43963718821,349.486236572,0.999163329601,0.0920717045665,0.00847719889134,0.133209228516,0,0.0609588362277,0,0,0
R04,64000,1.45124716553,349.504455566,0.997976660728,0.0871045440435,0.00758720142767,0.135955810547,0,0.0489274971187,0,0,0
R04,64512,1.46285714286,349.544830322,0.997734904289,0.0826644450426,0.00683341082186,0.133346557617,0,0.0407072491944,0,0,0
R04,65024,1.47446712018,349.459869385,0.997626423836,0.0812755078077,0.0066057080403,0.121124267578,0,0.0539064705372,0,0,0
R04,65536,1.48607709751,349.404174805,0.997559905052,0.0806647539139,0.0065068025142,0.119995117188,0,0.0486109815538,0,0,0
R04,66048,1.49768707483,349.479003906,0.99745208025,0.0749587118626,0.00561880832538,0.107421875,0,0.0393893793225,0,0,0
R04,66560,1.50929705215,349.476135254,0.997299492359,0.0754256248474,0.00568902492523,0.110778808594,0,0.0557522177696,0,0,0
R04,67072,1.52090702948,349.404602051,0.997099876404,0.0744354203343,0.00554063171148,0.113189697266,0,0.0725815966725,0,0,0
R04,67584,1.5325170068,349.4012146,0.99737983942,0.0732727572322,0.00536889722571,0.108093261719,0,0.0733305364847,0,0,0
R04,68096,1.54412698413,349.457519531,0.99876999855,0.0705794394016,0.00498145725578,0.108322143555,0,0.0397251956165,0,0,0
R04,68608,1.55573696145,349.352386475,0.998822927475,0.0697275474668,0.00486193085089,0.107833862305,0,0.0379952639341,0,0,0
R04,69120,1.56734693878,349.499816895,0.998920559883,0.071812838316,0.00515708420426,0.110656738281,0,0.0508746020496,0,0,0
R04,69632,1.5789569161,349.387390137,0.998884618282,0.0706889256835,0.00499692419544,0.112533569336,0,0.0426544100046,0,0,0
R04,70144,1.59056689342,349.446166992,0.998680233955,0.0654307752848,0.0042811864987,0.101821899414,0,0.059231698513,0,0,0
R04,70656,1.60217687075,349.373352051,0.998681783676,0.0644695907831,0.00415632827207,0.100799560547,0,0.0574385039508,0,0,0
R04,71168,1.61378684807,349.412597656,0.998736262321,0.0635913312435,0.00404385710135,0.0975189208984,0,0.0432689040899,0,0,0
R04,71680,1.6253968254,349.349334717,0.998653948307,0.0627555325627,0.00393825676292,0.0957336425781,0,0.0751682892442,0,0,0
R04,72192,1.63700680272,349.377441406,0.998843550682,0.0601156502962,0.00361389154568,0.0948028564453,0,0.0785394385457,0,0,0
R04,72704,1.64861678005,349.300018311,0.9988322258,0.0579503029585,0.00335823744535,0.0925445556641,0,0.0557786598802,0,0,0
R04,73216,1.66022675737,349.338134766,0.998891472816,0.0611399449408,0.00373809272423,0.0952758789062,0,0.0560281984508,0,0,0
R04,73728,1.67183673469,349.351257324,0.998847007751,0.0600334480405,0.00360401510261,0.0913543701172,0,0.0448632501066,0,0,0
R04,74240,1.68344671202,349.298614502,0.999017715454,0.0556871183217,0.00310105504468,0.0867462158203,0,0.0503242276609,0,0,0
R04,74752,1.69505668934,349.355957031,0.998769044876,0.054478880018,0.00296794855967,0.0829010009766,0,0.0601518675685,0,0,0
R04,75264,1.70666666667,349.385894775,0.998637676239,0.0551432147622,0.00304077402689,0.0875091552734,0,0.0483363494277,0,0,0
R04,75776,1.71827664399,349.281219482,0.99863409996,0.0549661368132,0.00302127632312,0.0803070068359,0,0.0586146190763,0,0,0
R04,76288,1.72988662132,349.375823975,0.998509466648,0.0540828406811,0.00292495382018,0.0848999023438,0,0.0689400136471,0,0,0
R04,76800,1.74149659864,349.360290527,0.998087286949,0.0525260232389,0.00275898328982,0.0853729248047,0,0.0760024040937,0,0,0
R04,77312,1.75310657596,349.342468262,0.99783718586,0.0519817918539,0.0027021067217,0.0830230712891,0,0.0712153911591,0,0,0
R04,77824,1.76471655329,349.3175354,0.99777674675,0.0529591627419,0.00280467304401,0.0838012695312,0,0.0415631681681,0,0,0
R04,78336,1.77632653061,349.244598389,0.997753560543,0.0515773519874,0.00266022305004,0.0808410644531,0,0.0491951480508,0,0,0
R04,78848,1.78793650794,349.186828613,0.997804105282,0.0509395711124,0.00259484001435,0.0806884765625,0,0.0543739572167,0,0,0
R04,79360,1.79954648526,349.33114624,0.997920811176,0.0501945018768,0.00251948786899,0.0784454345703,0,0.0640927329659,0,0,0
R04,79872,1.81115646259,349.312591553,0.997797131538,0.0496427826583,0.00246440572664,0.0807800292969,0,0.0525627732277,0,0,0
R04,80384,1.82276643991,349.421569824,0.997762918472,0.0492092035711,0.00242154556327,0.0772247314453,0,0.0518923960626,0,0,0
R04,80896,1.83437641723,349.20880127,0.997807204723,0.0494371242821,0.00244402932003,0.080810546875,0,0.0778425335884,0,0,0
R04,81408,1.84598639456,349.270721436,0.997705638409,0.0504845939577,0.00254869414493,0.0827789306641,0,0.0763846039772,0,0,0
R04,81920,1.85759637188,349.393249512,0.997884392738,0.0497870147228,0.00247874693014,0.0802307128906,0,0.0683697089553,0,0,0
R04,82432,1.86920634921,349.359436035,0.997855186462,0.0478038787842,0.00228521088138,0.0762786865234,0,0.047376897186,0,0,0
R04,82944,1.88081632653,349.379486084,0.997767329216,0.0455503314734,0.00207483256236,0.0758361816406,0,0.0530767738819,0,0,0
R04,83456,1.89242630385,349.390899658,0.997781634331,0.0463396571577,0.00214736396447,0.0747375488281,0,0.0610956177115,0,0,0
R04,83968,1.90403628118,349.120330811,0.996117770672,0.045099388808,0.00203395495191,0.0741577148438,0,0.0721654370427,0,0,0
R04,84480,1.9156462585,349.123443604,0.993173658848,0.0449419803917,0.00201978161931,0.0836486816406,0,0.0981054008007,0,0,0
R04,84992,1.92725623583,349.347381592,0.989080429077,0.0425001867115,0.00180626579095,0.0712432861328,0,0.104239560664,0,0,0
R04,85504,1.93886621315,0,0,0.152781128883,0.0233420711011,0.366027832031,0,0.647400438786,1,0,0
R04,86016,1.95047619048,0,0,0.096947774291,0.00939887110144,0.198638916016,0,0.23137332499,0,0,0
R04,86528,1.9620861678,0,0,0.145100951195,0.0210542865098,0.321273803711,0,0.259077340364,0,0,0
R04,87040,1.97369614512,0,0,0.11619399488,0.0135010443628,0.302062988281,0,0.191516056657,0,0,0
R04,87552,1.98530612245,0,0,0.135679274797,0.0184088647366,0.342056274414,0,0.203277781606,0,0,0
R04,88064,1.99691609977,0,0,0.112897321582,0.012745806016,0.257293701172,0,0.148607566953,0,0,0
R04,88576,2.0085260771,0,0,0.118808150291,0.014115376398,0.304412841797,0,0.155748024583,0,0,0
R04,89088,2.02013605442,0,0,0.0993614271283,0.00987269263715,0.234878540039,0,0.137845054269,0,0,0
R04,89600,2.03174603175,0,0,0.118820726871,0.0141183650121,0.310211181641,0,0.144292294979,0,0,0
R04,90112,2.04335600907,0,0,0.0991078317165,0.00982236210257,0.261367797852,0,0.112840257585,0,0,0
R04,90624,2.05496598639,175.013122559,0.870282411575,0.10782456398,0.0116261364892,0.28791809082,0,0.127145513892,0,0,0
R04,91136,2.06657596372,175.251586914,0.902099490166,0.0956882089376,0.00915623269975,0.249298095703,0,0.138945803046,0,0,0
R04,91648,2.07818594104,175.311813354,0.926843643188,0.0995432436466,0.00990885682404,0.259094238281,0,0.112325839698,0,0,0
R04,92160,2.08979591837,175.38319397,0.948953866959,0.0957001596689,0.00915852095932,0.210815429688,0,0.121519997716,0,0,0
R04,92672,2.10140589569,175.362930298,0.955393970013,0.0895200744271,0.00801384355873,0.200241088867,0,0.0949350520968,0,0,0
R04,93184,2.11301587302,175.487945557,0.962242245674,0.0839066356421,0.00704032322392,0.192504882812,0,0.115212619305,0,0,0
R04,93696,2.12462585034,175.518478394,0.965217113495,0.0897721648216,0.0080590415746,0.199493408203,0,0.088605441153,0,0,0
R04,94208,2.13623582766,175.492965698,0.968764603138,0.0852909460664,0.00727454572916,0.203887939453,0,0.114643320441,0,0,0
R04,94720,2.14784580499,175.56590271,0.973645925522,0.0901542752981,0.0081277936697,0.219985961914,0,0.0890797376633,0,0,0
R04,95232,2.15945578231,175.511260986,0.977405130863,0.0857820957899,0.00735856732354,0.204330444336,0,0.102982230484,0,0,0
R04,95744,2.17106575964,175.51399231,0.977876245975,0.0857028365135,0.00734497606754,0.198608398438,0,0.0738044530153,0,0,0
R04,96256,2.18267573696,175.587341309,0.980938851833,0.0827615559101,0.00684947520494,0.213897705078,0,0.0836731344461,0,0,0
R04,96768,2.19428571429,175.575897217,0.982073366642,0.0852150246501,0.00726159987971,0.220657348633,0,0.0653235167265,0,0,0
R04,97280,2.20589569161,175.580337524,0.983212471008,0.0847605168819,0.00718434527516,0.223175048828,0,0.0986743271351,0,0,0
R04,97792,2.21750566893,175.558059692,0.983194589615,0.0882045030594,0.00778003409505,0.2236328125,0,0.0822103321552,0,0,0
R04,98304,2.22911564626,175.514572144,0.983587145805,0.0853031054139,0.0072766202502,0.20198059082,0,0.0996831133962,0,0,0
R04,98816,2.24072562358,175.557327271,0.984834969044,0.0857763588428,0.00735758338124,0.211380004883,0,0.0879344567657,0,0,0
R04,99328,2.25233560091,175.444152832,0.991433262825,0.0861303061247,0.00741842994466,0.204162597656,0,0.0772286430001,0,0,0
R04,99840,2.26394557823,175.452346802,0.99363899231,0.0849084183574,0.00720943976194,0.195037841797,0,0.0554610602558,0,0,0
R04,100352,2.27555555556,175.435424805,0.994690775871,0.0844818502665,0.00713718263432,0.201019287109,0,0.0620359964669,0,0,0
R04,100864,2.28716553288,175.411972046,0.994871020317,0.0827678367496,0.00685051456094,0.208465576172,0,0.0542845390737,0,0,0
R04,101376,2.2987755102,175.365692139,0.995145857334,0.0825506672263,0.00681461207569,0.208129882812,0,0.0543163008988,0,0,0
R04,101888,2.31038548753,175.370147705,0.995407402515,0.0822301730514,0.00676180142909,0.205718994141,0,0.0450723767281,0,0,0
R04,102400,2.32199546485,175.36555481,0.995756328106,0.0817421972752,0.00668178638443,0.181701660156,0,0.0600447058678,0,0,0
R04,102912,2.33360544218,175.332489014,0.994886755943,0.0817645564675,0.00668544322252,0.194549560547,0,0.0398018807173,0,0,0
R04,103424,2.3452154195,175.333221436,0.994641244411,0.0806652605534,0.00650688400492,0.183975219727,0,0.0527829229832,0,0,0
R04,103936,2.35682539683,175.329818726,0.994543731213,0.0786796212196,0.00619048299268,0.171600341797,0,0.0410642251372,0,0,0
R04,104448,2.36843537415,175.332351685,0.994523048401,0.0790306925774,0.0062458505854,0.193252563477,0,0.054402500391,0,0,0
R04,104960,2.38004535147,175.311294556,0.994262039661,0.0752140134573,0.00565714808181,0.180770874023,0,0.0503123402596,0,0,0
R04,105472,2.3916553288,175.320480347,0.99416333437,0.0756549015641,0.00572366453707,0.181503295898,0,0.0556642338634,0,0,0
R04,105984,2.40326530612,175.307327271,0.993730545044,0.0732192322612,0.00536105642095,0.167617797852,0,0.0509319156408,0,0,0
R04,106496,2.41487528345,175.301269531,0.99387639761,0.0726057738066,0.00527159869671,0.159729003906,0,0.0573998056352,0,0,0
R04,107008,2.42648526077,175.276138306,0.995246767998,0.0713573172688,0.00509186694399,0.165771484375,0,0.0386370830238,0,0,0
R04,107520,2.4380952381,175.262619019,0.995262145996,0.0717512071133,0.00514823524281,0.17414855957,0,0.052218966186,0,0,0
R04,108032,2.44970521542,175.283538818,0.995374262333,0.0724941641092,0.0052554034628,0.172485351562,0,0.0608849786222,0,0,0
R04,108544,2.46131519274,175.232757568,0.995455861092,0.0719770118594,0.00518069043756,0.164260864258,0,0.0591309331357,0,0,0
R04,109056,2.47292517007,175.243881226,0.995760262012,0.0700889751315,0.00491246394813,0.144866943359,0,0.0561916455626,0,0,0
R04,109568,2.48453514739,175.236022949,0.996170163155,0.0715499147773,0.00511938985437,0.147689819336,0,0.0581094101071,0,0,0
R04,110080,2.49614512472,175.219314575,0.99611312151,0.0703063011169,0.00494297593832,0.1416015625,0,0.0611145459116,0,0,0
R04,110592,2.50775510204,175.182952881,0.995989918709,0.0699288770556,0.00489004794508,0.148101806641,0,0.0485121980309,0,0,0
R04,111104,2.51936507937,175.180114746,0.996282875538,0.07415214926,0.00549854151905,0.157745361328,0,0.0611140504479,0,0,0
R04,111616,2.53097505669,175.157714844,0.996160030365,0.0697079375386,0.00485919695348,0.149261474609,0,0.0578350946307,0,0,0
R04,112128,2.54258503401,175.121398926,0.995824635029,0.0719930753112,0.00518300337717,0.154479980469,0,0.0717718377709,0,0,0
R04,112640,2.55419501134,175.11529541,0.996114194393,0.0714331939816,0.00510270148516,0.137145996094,0,0.0595402382314,0,0,0
R04,113152,2.56580498866,175.092987061,0.996219158173,0.0711182355881,0.00505780335516,0.133926391602,0,0.0622675344348,0,0,0
R04,113664,2.57741496599,175.073272705,0.996397614479,0.0710019245744,0.00504127284512,0.132995605469,0,0.066828250885,0,0,0
R04,114176,2.58902494331,175.055175781,0.996571004391,0.0715162530541,0.00511457398534,0.131851196289,0,0.0605109483004,0,0,0
R04,114688,2.60063492063,175.057434082,0.996947705746,0.0725151747465,0.0052584502846,0.138275146484,0,0.0713711455464,0,0,0
R04,115200,2.61224489796,175.055801392,0.997071504593,0.0681278407574,0.00464140297845,0.133071899414,0,0.0328640118241,0,0,0
R04,115712,2.62385487528,175.00302124,0.9972473979,0.0689613446593,0.00475566741079,0.136444091797,0,0.0646875724196,0,0,0
R04,116224,2.63546485261,175.014175415,0.997582912445,0.0669914036989,0.00448784790933,0.12727355957,0,0.0466291084886,0,0,0
R04,116736,2.64707482993,174.96295166,0.997397661209,0.0670596882701,0.00449700141326,0.12174987793,0,0.056513465941,0,0,0
R04,117248,2.65868480726,174.980438232,0.997429072857,0.0668165385723,0.00446444982663,0.122283935547,0,0.0586448162794,0,0,0
R04,117760,2.67029478458,174.971359253,0.99739831686,0.0688610821962,0.00474184844643,0.124053955078,0,0.0630390793085,0,0,0
R04,118272,2.6819047619,174.973892212,0.997204601765,0.0664463043213,0.00441511161625,0.12077331543,0,0.0420692414045,0,0,0
R04,118784,2.69351473923,174.91065979,0.997087478638,0.0655753538013,0.0043001268059,0.115509033203,0,0.0508234538138,0,0,0
R04,119296,2.70512471655,174.913269043,0.997229278088,0.0674452632666,0.00454886397347,0.11604309082,0,0.0498893521726,0,0,0
R04,119808,2.71673469388,174.898483276,0.997269332409,0.0666558668017,0.0044430042617,0.116104125977,0,0.0507905930281,0,0,0
R04,120320,2.7283446712,174.845443726,0.997358441353,0.0670070275664,0.00448994198814,0.117950439453,0,0.0557114593685,0,0,0
R04,120832,2.73995464853,174.854858398,0.997394859791,0.0666418075562,0.00444113090634,0.122421264648,0,0.0530191399157,0,0,0
R04,121344,2.75156462585,174.864074707,0.997293710709,0.067347317934,0.00453566107899,0.120269775391,0,0.0526616796851,0,0,0
R04,121856,2.76317460317,174.799194336,0.997564375401,0.0639001429081,0.00408322783187,0.115310668945,0,0.0355477817357,0,0,0
R04,122368,2.7747845805,174.823043823,0.997709810734,0.0628318339586,0.00394783914089,0.111923217773,0,0.0393383875489,0,0,0
R04,122880,2.78639455782,174.806381226,0.9977247715,0.0632634311914,0.00400226190686,0.107849121094,0,0.0436952151358,0,0,0
R04,123392,2.79800453515,174.816436768,0.997645676136,0.063618503511,0.00404731417075,0.112121582031,0,0.0435326993465,0,0,0
R04,123904,2.80961451247,174.78805542,0.997444391251,0.0599399209023,0.0035927942954,0.112014770508,0,0.0324125997722,0,0,0
R04,124416,2.8212244898,174.818023682,0.997459292412,0.0580732561648,0.00337250297889,0.115310668945,0,0.0318552963436,0,0,0
R04,124928,2.83283446712,174.744674683,0.997422873974,0.0597810186446,0.003573770402,0.117782592773,0,0.0523217245936,0,0,0
R04,125440,2.84444444444,174.752532959,0.997436285019,0.0605782195926,0.00366972084157,0.121154785156,0,0.0429778397083,0,0,0
R04,125952,2.85605442177,174.729141235,0.997308075428,0.060306686908,0.00363689637743,0.112045288086,0,0.0514218173921,0,0,0
R04,126464,2.86766439909,174.725570679,0.996972322464,0.0569498240948,0.00324328243732,0.109527587891,0,0.0523812957108,0,0,0
R04,126976,2.87927437642,174.802856445,0.996824085712,0.058705393225,0.00344632309861,0.109481811523,0,0.0603901594877,0,0,0
R04,127488,2.89088435374,174.67326355,0.987181842327,0.0620462708175,0.00384973990731,0.117492675781,0,0.0875584855676,0,0,0
R04,128000,2.90249433107,174.797622681,0.986145794392,0.0552484616637,0.00305239250883,0.100204467773,0,0.0836427137256,0,0,0
R04,128512,2.91410430839,174.759552002,0.985833466053,0.0561981499195,0.00315823196433,0.107986450195,0,0.0875138565898,0,0,0
R04,129024,2.92571428571,174.725143433,0.985505223274,0.0562752969563,0.00316690886393,0.110977172852,0,0.0795226469636,0,0,0
R04,129536,2.93732426304,174.727676392,0.98528856039,0.0579199567437,0.00335472123697,0.114959716797,0,0.0637685731053,0,0,0
R04,130048,2.94893424036,174.688751221,0.984964370728,0.0540131367743,0.00291741895489,0.109466552734,0,0.0559442229569,0,0,0
R04,130560,2.96054421769,174.582168579,0.984619677067,0.0570877790451,0.00325901433825,0.113433837891,0,0.0836721733212,0,0,0
R04,131072,2.97215419501,174.316665649,0.987695932388,0.0544913783669,0.00296931038611,0.110549926758,0,0.0742155387998,0,0,0
R04,131584,2.98376417234,174.673278809,0.995455741882,0.0553836859763,0.00306735257618,0.106842041016,0,0.0908277630806,0,0,0
R04,132096,2.99537414966,174.61882019,0.996718943119,0.0556364245713,0.00309541192837,0.110015869141,0,0.0659917220473,0,0,0
R04,132608,3.00698412698,174.641464233,0.996495962143,0.0544648654759,0.00296642142348,0.108749389648,0,0.0637912228703,0,0,0
R04,133120,3.01859410431,174.552612305,0.996543943882,0.0518014729023,0.00268339249305,0.102432250977,0,0.0475340560079,0,0,0
R04,133632,3.03020408163,174.63822937,0.996652781963,0.0520688705146,0.00271116709337,0.103408813477,0,0.0490146428347,0,0,0
R04,134144,3.04181405896,174.54586792,0.997167050838,0.0528007261455,0.00278791668825,0.106948852539,0,0.0591920800507,0,0,0
R04,134656,3.05342403628,174.603225708,0.99688911438,0.0521883405745,0.00272362306714,0.106170654297,0,0.0429794788361,0,0,0
R04,135168,3.06503401361,174.631484985,0.996694266796,0.0504042878747,0.00254059233703,0.102783203125,0,0.0517274364829,0,0,0
R04,135680,3.07664399093,174.53868103,0.996870338917,0.0504589304328,0.00254610367119,0.102874755859,0,0.0526949763298,0,0,0
R04,136192,3.08825396825,174.621551514,0.996394515038,0.0480473563075,0.00230854842812,0.0969085693359,0,0.0587081983685,0,0,0
R04,136704,3.09986394558,174.515853882,0.996710598469,0.0487481504679,0.00237638200633,0.101058959961,0,0.0446854121983,0,0,0
R04,137216,3.1114739229,174.475921631,0.996004998684,0.0468767397106,0.00219742860645,0.0977325439453,0,0.0549771338701,0,0,0
R04,137728,3.12308390023,174.57421875,0.995309531689,0.0472733005881,0.00223476486281,0.0920715332031,0,0.0616682507098,0,0,0
R04,138240,3.13469387755,174.561538696,0.994616210461,0.0424134135246,0.00179889751598,0.0902252197266,0,0.0586382672191,0,0,0
R04,138752,3.14630385488,174.594741821,0.993974030018,0.0358871631324,0.00128788838629,0.0807495117188,0,0.0472214892507,0,0,0
R04,139264,3.1579138322,174.204116821,0.973344326019,0.0462733134627,0.00214121956378,0.105270385742,0,0.183098614216,0,0,0
R04,139776,3.16952380952,0,0,0.0704445019364,0.00496242800727,0.17073059082,0,0.350469410419,0,0,0
R04,140288,3.18113378685,0,0,0.0543561056256,0.00295458640903,0.134841918945,0,0.16884085536,0,0,0
R04,140800,3.19274376417,0,0,0.0296960398555,0.000881854793988,0.0599975585938,0,0.120666824281,0,0,0
R04,141312,3.2043537415,0,0,0.0340627841651,0.00116027321201,0.0597839355469,0,0.13892160356,0,0,0
R04,141824,3.21596371882,0,0,0.0174134057015,0.000303226726828,0.0376586914062,0,0.115352489054,0,0,0
R04,142336,3.22757369615,0,0,0.0181430820376,0.000329171452904,0.0361022949219,0,0.106168299913,0,0,0
R04,142848,3.23918367347,0,0,0.0135554336011,0.000183749769349,0.0333862304688,0,0.109279058874,0,0,0
R04,143360,3.25079365079,0,0,0.0195149127394,0.000380831799703,0.0420074462891,0,0.123237542808,0,0,0
R04,143872,3.26240362812,0,0,0.0126674417406,0.000160464071087,0.0265045166016,0,0.218648806214,0,0,0
R04,144384,3.27401360544,0,0,0.0140499537811,0.000197401197511,0.0289611816406,0,0.0818845108151,0,0,0
R04,144896,3.28562358277,0,0,0.0135985603556,0.000184920849279,0.0321044921875,0,0.165743127465,0,0,0
R04,145408,3.29723356009,0,0,0.0126042161137,0.000158866270795,0.0298309326172,0,0.125935807824,0,0,0
R04,145920,3.30884353741,0,0,0.0136865517125,0.000187321697013,0.0250244140625,0,0.180159747601,0,0,0
R04,146432,3.32045351474,0,0,0.00579535122961,3.35860968335e-05,0.0116271972656,0,0.114070735872,0,0,0
R04,146944,3.33206349206,0,0,0.011004447937,0.000121097880765,0.0201568603516,0,0.146696686745,0,0,0
R04,147456,3.34367346939,0,0,0.00445303460583,1.98295165319e-05,0.0106811523438,0,0.115075044334,0,0,0
R04,147968,3.35528344671,0,0,0.00260291201994,6.77515072312e-06,0.00537109375,0,0,0,1,0
R04,148480,3.36689342404,0,0,0.00364053831436,1.32535187731e-05,0.00749206542969,0,0.122614502907,0,0,0
R04,148992,3.37850340136,0,0,0.00341598503292,1.1668953448e-05,0.00732421875,0,0.195305839181,0,0,0
R04,149504,3.39011337868,0,0,0.00316340452991,1.00071283669e-05,0.00700378417969,0,0.10140863806,0,0,0
R04,150016,3.40172335601,0,0,0.00244116061367,5.95926530877e-06,0.00563049316406,0,0,0,1,0
R04,150528,3.41333333333,0,0,0.00306083215401,9.36869400903e-06,0.00643920898438,0,0.14732645452,0,0,0
R04,151040,3.42494331066,0,0,0.00202008639462,4.080749477e-06,0.00381469726562,0,0,0,1,0
R04,151552,3.43655328798,0,0,0.00159207894467,2.53471534961e-06,0.00340270996094,0,0,0,1,0
R04,152064,3.44816326531,0,0,0.00262729078531,6.90265642334e-06,0.00674438476562,0,0,0,1,0
R04,152576,3.45977324263,0,0,0.00218637101352,4.78021866002e-06,0.00491333007812,0,0,0,1,0
R04,153088,3.47138321995,0,0,0.000925251108129,8.56089627632e-07,0.00238037109375,0,0,0,1,0
R04,153600,3.48299319728,0,0,0.00103063602,1.06221068563e-06,0.00236511230469,0,0,0,1,0
R04,154112,3.4946031746,0,0,0.000654710107483,4.28645307693e-07,0.00187683105469,0,0,0,1,0
R04,154624,3.50621315193,0,0,0.000829342519864,6.87809006195e-07,0.00250244140625,0,0,0,1,0
R04,155136,3.51782312925,0,0,0.0290478970855,0.000843780348077,0.0794525146484,0,0.677041172981,1,0,0
R04,155648,3.52943310658,0,0,0.023595418781,0.000556743820198,0.0501861572266,0,0.195885419846,0,0,0
R04,156160,3.5410430839,0,0,0.00693567283452,4.81035567645e-05,0.0132598876953,0,0.0601169727743,0,0,0
R04,156672,3.55265306122,0,0,0.00400676392019,1.60541567311e-05,0.00631713867188,0,0.0374241732061,0,0,0
R04,157184,3.56426303855,0,0,0.0022159377113,4.91037963002e-06,0.00660705566406,0,0,0,1,0
R05,0,0,0,0,0,0,0,0,0,0,1,0
R05,512,0.0116099773243,0,0,0,0,0,0,0,0,1,0
R05,1024,0.0232199546485,0,0,0,0,0,0,0,0,1,0
R05,1536,0.0348299319728,0,0,0,0,0,0,0,0,1,0
R05,2048,0.0464399092971,0,0,0,0,0,0,0,0,1,0
R05,2560,0.0580498866213,0,0,0,0,0,0,0,0,1,0
R05,3072,0.0696598639456,0,0,0,0,0,0,0,0,1,0
R05,3584,0.0812698412698,0,0,2.02304863706e-06,4.09272615798e-12,1.52587890625e-05,0,0,0,1,0
R05,4096,0.0928798185941,0,0,7.16843442206e-06,5.13864506502e-11,3.0517578125e-05,0,0,0,1,0
R05,4608,0.104489795918,0,0,1.3023853171e-05,1.69620761881e-10,3.0517578125e-05,0,0,0,1,0
R05,5120,0.116099773243,0,0,1.31627784867e-05,1.73258740688e-10,3.0517578125e-05,0,0,0,1,0
R05,5632,0.127709750567,0,0,1.37044025905e-05,1.87810655916e-10,3.0517578125e-05,0,0,0,1,0
R05,6144,0.139319727891,0,0,2.47771858994e-05,6.13908923697e-10,0.000152587890625,0,0,0,1,0
R05,6656,0.150929705215,0,0,8.3888109657e-05,7.03721525497e-09,0.000228881835938,0,0,0,1,0
R05,7168,0.16253968254,0,0,0.000160320851137,2.57027750195e-08,0.000442504882812,0,0,0,1,0
R05,7680,0.174149659864,0,0,0.000330112554366,1.08974290924e-07,0.000732421875,0,0,0,1,0
R05,8192,0.185759637188,0,0,0.000657009950373,4.31662101619e-07,0.00137329101562,0,0,0,1,0
R05,8704,0.197369614512,0,0,0.000752804917283,5.66715243622e-07,0.00152587890625,0,0,0,1,0
R05,9216,0.208979591837,0,0,0.000565831142012,3.20164872392e-07,0.00105285644531,0,0,0,1,0
R05,9728,0.220589569161,0,0,0.00054654647829,2.98713075608e-07,0.00102233886719,0,0,0,1,0
R05,10240,0.232199546485,0,0,0.000627431436442,3.93670234189e-07,0.00173950195312,0,0,0,1,0
R05,10752,0.24380952381,0,0,0.000855984748341,7.32709850126e-07,0.00181579589844,0,0,0,1,0
R05,11264,0.255419501134,0,0,0.000649586261716,4.21962340624e-07,0.00129699707031,0,0,0,1,0
R05,11776,0.267029478458,0,0,0.000790744670667,6.25277152722e-07,0.00140380859375,0,0,0,1,0
R05,12288,0.278639455782,0,0,0.000957939599175,9.17648321774e-07,0.00222778320312,0,0,0,1,0
R05,12800,0.290249433107,0,0,0.00109697075095,1.20334470921e-06,0.00253295898438,0,0,0,1,0
R05,13312,0.301859410431,0,0,0.00114224583376,1.30472562887e-06,0.00250244140625,0,0,0,1,0
R05,13824,0.313469387755,0,0,0.000740271818358,5.48002390133e-07,0.00177001953125,0,0,0,1,0
R05,14336,0.325079365079,0,0,0.00111742853187,1.24864664031e-06,0.002685546875,0,0,0,1,0
R05,14848,0.336689342404,0,0,0.00130678911228,1.70769772012e-06,0.00279235839844,0,0,0,1,0
R05,15360,0.348299319728,0,0,0.001387087279,1.9240110305e-06,0.00257873535156,0,0,0,1,0
R05,15872,0.359909297052,0,0,0.000955087831244,9.12192717806e-07,0.00212097167969,0,0,0,1,0
R05,16384,0.371519274376,0,0,0.0010451246053,1.09228540168e-06,0.00259399414062,0,0,0,1,0
R05,16896,0.383129251701,0,0,0.00126573583111,1.60208719535e-06,0.00376892089844,0,0,0,1,0
R05,17408,0.394739229025,0,0,0.0012769891182,1.63070126291e-06,0.00306701660156,0,0,0,1,0
R05,17920,0.406349206349,0,0,0.00148935883772,2.21818982027e-06,0.00413513183594,0,0,0,1,0
R05,18432,0.417959183673,0,0,0.00138112390414,1.90750324691e-06,0.00289916992188,0,0,0,1,0
R05,18944,0.429569160998,0,0,0.00111449812539,1.24210600916e-06,0.00277709960938,0,0,0,1,0
R05,19456,0.441179138322,0,0,0.0010750037618,1.1556330719e-06,0.00288391113281,0,0,0,1,0
R05,19968,0.452789115646,0,0,0.00114220287651,1.30462740344e-06,0.00234985351562,0,0,0,1,0
R05,20480,0.464399092971,0,0,0.00187251216266,3.50630170942e-06,0.0045166015625,0,0,0,1,0
R05,20992,0.476009070295,0,0,0.00108974135946,1.18753632705e-06,0.00210571289062,0,0,0,1,0
R05,21504,0.487619047619,0,0,0.00100740266498,1.01486011772e-06,0.00205993652344,0,0,0,1,0
R05,22016,0.499229024943,0,0,0.000945855979808,8.94643562788e-07,0.00225830078125,0,0,0,1,0
R05,22528,0.510839002268,0,0,0.000790847348981,6.25439497526e-07,0.0018310546875,0,0,0,1,0
R05,23040,0.522448979592,0,0,0.00124082376715,1.53964356286e-06,0.00271606445312,0,0,0,1,0
R05,23552,0.534058956916,0,0,0.0013576450292,1.84320015251e-06,0.00376892089844,0,0,0,1,0
R05,24064,0.54566893424,0,0,0.0550501719117,0.00303052156232,0.303451538086,0,1,1,0,0
R05,24576,0.557278911565,0,0,0.0106309689581,0.000113017507829,0.0294494628906,0,0.049501106143,0,0,0
R05,25088,0.568888888889,0,0,0.00451694987714,2.04028347071e-05,0.00874328613281,0,0.0153961405158,0,0,0
R05,25600,0.580498866213,0,0,0.00259749125689,6.74696048009e-06,0.00534057617188,0,0,0,1,0
R05,26112,0.592108843537,0,0,0.00187999510672,3.53438144884e-06,0.00486755371094,0,0,0,1,0
R05,26624,0.603718820862,0,0,0.00145907781553,2.12890790863e-06,0.00328063964844,0,0,0,1,0
R05,27136,0.615328798186,0,0,0.00096333026886,9.28005192691e-07,0.0028076171875,0,0,0,1,0
R05,27648,0.62693877551,0,0,0.053394317627,0.00285095325671,0.411514282227,0,0.3507181108,1,0,0
R05,28160,0.638548752834,0,0,0.0147347049788,0.000217111519305,0.0469818115234,0,0.133174240589,0,0,0
R05,28672,0.650158730159,0,0,0.00764978816733,5.85192610743e-05,0.0882263183594,0,0.0637017935514,0,0,0
R05,29184,0.661768707483,0,0,0.0233968906105,0.000547414529137,0.0991363525391,0,0.134844049811,0,0,0
R05,29696,0.673378684807,0,0,0.00445312727243,1.98303423531e-05,0.0102386474609,0,0.0178298968822,0,0,0
R05,30208,0.684988662132,0,0,0.00259101227857,6.71334464641e-06,0.00569152832031,0,0,0,1,0
R05,30720,0.696598639456,0,0,0.00229054316878,5.2465875342e-06,0.0050048828125,0,0,0,1,0
R05,31232,0.70820861678,0,0,0.00262345210649,6.8825006565e-06,0.00556945800781,0,0,0,1,0
R05,31744,0.719818594104,0,0,0.00275409314781,7.5850284702e-06,0.00750732421875,0,0,0,1,0
R05,32256,0.731428571429,0,0,0.00273549184203,7.48291586206e-06,0.00489807128906,0,0,0,1,0
R05,32768,0.743038548753,0,0,0.00282827322371,7.99912959337e-06,0.00553894042969,0,0,0,1,0
R05,33280,0.754648526077,0,0,0.00168803555425,2.84946418105e-06,0.00379943847656,0,0,0,1,0
R05,33792,0.766258503401,0,0,0.000997676863335,9.95359187073e-07,0.00282287597656,0,0,0,1,0
R05,34304,0.777868480726,0,0,0.00125595147256,1.57741396833e-06,0.00257873535156,0,0,0,1,0
R05,34816,0.78947845805,0,0,0.001632771804,2.66594361165e-06,0.00357055664062,0,0,0,1,0
R05,35328,0.801088435374,0,0,0.00123675714713,1.52956818056e-06,0.003173828125,0,0,0,1,0
R05,35840,0.812698412698,0,0,0.00119224016089,1.42143653648e-06,0.00254821777344,0,0,0,1,0
R05,36352,0.824308390023,0,0,0.00128056283575,1.63984122992e-06,0.00341796875,0,0,0,1,0
R05,36864,0.835918367347,0,0,0.00303400564007,9.20519050851e-06,0.0104827880859,0,0.00106522464193,0,0,0
R05,37376,0.847528344671,0,0,0.225807413459,0.0509889908135,0.577651977539,0,0.97381067276,1,0,0
R05,37888,0.859138321995,0,0,0.188665762544,0.0355947688222,0.44921875,0,0.232418879867,0,0,0
R05,38400,0.87074829932,0,0,0.125238969922,0.0156848002225,0.247344970703,0,0.136073350906,0,0,0
R05,38912,0.882358276644,0,0,0.153953641653,0.0237017255276,0.279342651367,0,0.159716635942,0,0,0
R05,39424,0.893968253968,0,0,0.0939126089215,0.00881957821548,0.206665039062,0,0.0955698937178,0,0,0
R05,39936,0.905578231293,0,0,0.0907116234303,0.00822859909385,0.188629150391,0,0.107311651111,0,0,0
R05,40448,0.917188208617,0,0,0.076951995492,0.00592161016539,0.149185180664,0,0.0956224426627,0,0,0
R05,40960,0.928798185941,0,0,0.0797968581319,0.00636753858998,0.17155456543,0,0.0980053469539,0,0,0
R05,41472,0.940408163265,0,0,0.0842670500278,0.00710093602538,0.176040649414,0,0.253531992435,0,0,0
R05,41984,0.95201814059,0,0,0.0662951096892,0.00439504161477,0.148284912109,0,0.105266019702,0,0,0
R05,42496,0.963628117914,0,0,0.080989651382,0.00655932398513,0.190322875977,0,0.136796146631,0,0,0
R05,43008,0.975238095238,0,0,0.0733908936381,0.00538622308522,0.162033081055,0,0.134063765407,0,0,0
R05,43520,0.986848072562,0,0,0.0646211951971,0.00417589908466,0.177856445312,0,0.14514143765,0,0,0
R05,44032,0.998458049887,0,0,0.0793481767178,0.00629613362253,0.192733764648,0,0.121654607356,0,0,0
R05,44544,1.01006802721,0,0,0.0477984808385,0.00228469469585,0.102874755859,0,0.188733950257,0,0,0
R05,45056,1.02167800454,0,0,0.0894742459059,0.00800564046949,0.178298950195,0,0.193330541253,0,0,0
R05,45568,1.03328798186,0,0,0.0978107079864,0.00956693477929,0.192199707031,0,0.169790789485,0,0,0
R05,46080,1.04489795918,0,0,0.0999925807118,0.00999851617962,0.202072143555,0,0.175723448396,0,0,0
R05,46592,1.05650793651,164.748077393,0.901803433895,0.132102012634,0.0174509417266,0.259552001953,0,0.208660051227,0,0,0
R05,47104,1.06811791383,164.859420776,0.945529997349,0.118149168789,0.0139592261985,0.217498779297,0,0.174049675465,0,0,0
R05,47616,1.07972789116,165.097595215,0.967980146408,0.138869315386,0.0192846860737,0.264770507812,0,0.191137596965,0,0,0
R05,48128,1.09133786848,164.973266602,0.980021595955,0.145412638783,0.0211448352784,0.257659912109,0,0.103651203215,0,0,0
R05,48640,1.1029478458,165.01348877,0.98467028141,0.140079349279,0.0196222253144,0.255783081055,0,0.13359130919,0,0,0
R05,49152,1.11455782313,164.885604858,0.987617433071,0.149841398001,0.0224524457008,0.259902954102,0,0.145869836211,0,0,0
R05,49664,1.12616780045,164.890411377,0.988990008831,0.137653693557,0.0189485400915,0.229904174805,0,0.120810218155,0,0,0
R05,50176,1.13777777778,164.844329834,0.992171347141,0.142175301909,0.0202138144523,0.237030029297,0,0.136533856392,0,0,0
R05,50688,1.1493877551,164.910064697,0.994287073612,0.150409728289,0.0226230844855,0.235641479492,0,0.0912925079465,0,0,0
R05,51200,1.16099773243,164.554519653,0.986707687378,0.1631090343,0.0266045592725,0.457244873047,0,0.212071180344,0,0,0
R05,51712,1.17260770975,164.874649048,0.97890329361,0.144487529993,0.0208766479045,0.23600769043,0,0.111508719623,0,0,0
R05,52224,1.18421768707,164.905670166,0.978278040886,0.137305364013,0.0188527628779,0.232421875,0,0.108471512794,0,0,0
R05,52736,1.1958276644,164.901107788,0.978374123573,0.128409013152,0.0164888761938,0.222991943359,0,0.140708506107,0,0,0
R05,53248,1.20743764172,164.995101929,0.977965533733,0.122583456337,0.0150267034769,0.214126586914,0,0.112905986607,0,0,0
R05,53760,1.21904761905,164.906021118,0.976667106152,0.115489602089,0.013337848708,0.205017089844,0,0.105361506343,0,0,0
R05,54272,1.23065759637,164.944442749,0.973971307278,0.104457467794,0.0109113622457,0.195419311523,0,0.12795522809,0,0,0
R05,54784,1.2422675737,164.7787323,0.976532816887,0.108973957598,0.0118753239512,0.192947387695,0,0.110218986869,0,0,0
R05,55296,1.25387755102,165.105285645,0.991945445538,0.0999130606651,0.00998262036592,0.167449951172,0,0.0962930843234,0,0,0
R05,55808,1.26548752834,164.985824585,0.992801010609,0.0931467413902,0.00867631565779,0.16096496582,0,0.082130946219,0,0,0
R05,56320,1.27709750567,164.875900269,0.99309027195,0.0839046090841,0.00703998329118,0.153991699219,0,0.118367321789,0,0,0
R05,56832,1.28870748299,164.8722229,0.992067456245,0.0793793871999,0.0063010873273,0.144607543945,0,0.124885320663,0,0,0
R05,57344,1.30031746032,164.947525024,0.991462469101,0.080623909831,0.00650021480396,0.145767211914,0,0.104215569794,0,0,0
R05,57856,1.31192743764,164.806182861,0.992928624153,0.0850092247128,0.00722656864673,0.148742675781,0,0.0958766639233,0,0,0
R05,58368,1.32353741497,164.837280273,0.993863224983,0.0836242884398,0.00699302181602,0.145141601562,0,0.118714690208,0,0,0
R05,58880,1.33514739229,165.070343018,0.976406157017,0.0901485309005,0.008126758039,0.215667724609,0,0.189705342054,0,0,0
R05,59392,1.34675736961,164.667724609,0.948898017406,0.0913756862283,0.00834951642901,0.206527709961,0,0.130821824074,0,0,0
R05,59904,1.35836734694,164.679672241,0.944361567497,0.0780238062143,0.00608771387488,0.156448364258,0,0.112696886063,0,0,0
R05,60416,1.36997732426,164.720153809,0.944096744061,0.0788487717509,0.00621712906286,0.156173706055,0,0.106190130115,0,0,0
R05,60928,1.38158730159,164.776733398,0.943397700787,0.076408661902,0.00583828380331,0.152206420898,0,0.1195544824,0,0,0
R05,61440,1.39319727891,164.766693115,0.942417323589,0.0748610347509,0.00560417491943,0.148208618164,0,0.125588342547,0,0,0
R05,61952,1.40480725624,164.852859497,0.940128564835,0.072123773396,0.00520183844492,0.131790161133,0,0.130234405398,0,0,0
R05,62464,1.41641723356,164.825500488,0.94170665741,0.0710139721632,0.00504298415035,0.13313293457,0,0.110086686909,0,0,0
R05,62976,1.42802721088,165.054428101,0.987171173096,0.0707402303815,0.00500418012962,0.134048461914,0,0.129085257649,0,0,0
R05,63488,1.43963718821,165.000228882,0.993027210236,0.0736751928926,0.00542803434655,0.137176513672,0,0.0802431330085,0,0,0
R05,64000,1.45124716553,165.036987305,0.994595468044,0.0744795203209,0.00554719893262,0.143615722656,0,0.118597485125,0,0,0
R05,64512,1.46285714286,164.964828491,0.994570434093,0.0779559984803,0.00607713777572,0.138916015625,0,0.107304573059,0,0,0
R05,65024,1.47446712018,164.899978638,0.994395315647,0.0819654539227,0.00671833520755,0.14697265625,0,0.1282581985,0,0,0
R05,65536,1.48607709751,164.861495972,0.994855999947,0.093044385314,0.00865725800395,0.17610168457,0,0.100513875484,0,0,0
R05,66048,1.49768707483,164.80317688,0.99492418766,0.108623869717,0.0117991445586,0.190002441406,0,0.147597700357,0,0,0
R05,66560,1.50929705215,164.745101929,0.995497703552,0.113512687385,0.0128851309419,0.195068359375,0,0.126136705279,0,0,0
R05,67072,1.52090702948,164.784744263,0.995830059052,0.117058180273,0.0137026170269,0.205963134766,0,0.107602573931,0,0,0
R05,67584,1.5325170068,164.833236694,0.995870888233,0.117176651955,0.0137303685769,0.211212158203,0,0.144587799907,0,0,0
R05,68096,1.54412698413,164.911590576,0.995829284191,0.116075351834,0.0134734874591,0.208435058594,0,0.142113655806,0,0,0
R05,68608,1.55573696145,165.06791687,0.995591938496,0.122703105211,0.0150560513139,0.21533203125,0,0.117824926972,0,0,0
R05,69120,1.56734693878,165.183120728,0.995973527431,0.126829370856,0.0160856880248,0.226776123047,0,0.114321425557,0,0,0
R05,69632,1.5789569161,165.259094238,0.996338367462,0.126087591052,0.0158980805427,0.215240478516,0,0.0987792909145,0,0,0
R05,70144,1.59056689342,165.364120483,0.996300518513,0.119898751378,0.0143757099286,0.205444335938,0,0.101850539446,0,0,0
R05,70656,1.60217687075,165.363357544,0.996174037457,0.122374713421,0.0149755710736,0.208374023438,0,0.107550755143,0,0,0
R05,71168,1.61378684807,165.411636353,0.996019423008,0.122084587812,0.0149046462029,0.213394165039,0,0.0674186125398,0,0,0
R05,71680,1.6253968254,165.366271973,0.996458292007,0.124286435544,0.0154471183196,0.223556518555,0,0.0924076214433,0,0,0
R05,72192,1.63700680272,165.300048828,0.996842861176,0.132821679115,0.0176415964961,0.236480712891,0,0.145312264562,0,0,0
R05,72704,1.64861678005,165.244812012,0.996949732304,0.130483835936,0.0170260313898,0.243865966797,0,0.0852688029408,0,0,0
R05,73216,1.66022675737,165.213302612,0.997180402279,0.128040552139,0.0163943842053,0.250366210938,0,0.0784591063857,0,0,0
R05,73728,1.67183673469,165.160522461,0.997293889523,0.128814890981,0.0165932755917,0.262054443359,0,0.0961770042777,0,0,0
R05,74240,1.68344671202,165.142333984,0.997764229774,0.132982909679,0.017684455961,0.275405883789,0,0.116048812866,0,0,0
R05,74752,1.69505668934,165.044555664,0.997911214828,0.138143137097,0.0190835278481,0.27311706543,0,0.0873511359096,0,0,0
R05,75264,1.70666666667,164.984817505,0.998053967953,0.138604655862,0.019211249426,0.253082275391,0,0.0774008259177,0,0,0
R05,75776,1.71827664399,165.001113892,0.998035609722,0.137632057071,0.0189425814897,0.240539550781,0,0.0711382105947,0,0,0
R05,76288,1.72988662132,165.056213379,0.998141586781,0.128393933177,0.0164850018919,0.236465454102,0,0.131398275495,0,0,0
R05,76800,1.74149659864,165.039093018,0.99811899662,0.125850826502,0.0158384293318,0.237777709961,0,0.101702831686,0,0,0
R05,77312,1.75310657596,165.07019043,0.998216807842,0.12884914875,0.0166021026671,0.242401123047,0,0.0820023715496,0,0,0
R05,77824,1.76471655329,165.074569702,0.998290836811,0.131136789918,0.0171968583018,0.241149902344,0,0.087726958096,0,0,0
R05,78336,1.77632653061,165.039611816,0.998372852802,0.129537984729,0.016780089587,0.227737426758,0,0.11303589493,0,0,0
R05,78848,1.78793650794,165.003128052,0.998356580734,0.129484429955,0.0167662184685,0.216384887695,0,0.0799971371889,0,0,0
R05,79360,1.79954648526,164.983383179,0.99814426899,0.126060456038,0.0158912390471,0.198791503906,0,0.0749141797423,0,0,0
R05,79872,1.81115646259,164.89793396,0.997939944267,0.118160769343,0.0139619670808,0.190719604492,0,0.0816786587238,0,0,0
R05,80384,1.82276643991,164.837982178,0.997979879379,0.119068928063,0.0141774090007,0.187561035156,0,0.12717153132,0,0,0
R05,80896,1.83437641723,164.742095947,0.998219430447,0.121171750128,0.0146825937554,0.18977355957,0,0.0860170349479,0,0,0
R05,81408,1.84598639456,164.837295532,0.997970044613,0.125665158033,0.0157917328179,0.201232910156,0,0.0895601511002,0,0,0
R05,81920,1.85759637188,164.88117981,0.997846662998,0.127033978701,0.0161376334727,0.211883544922,0,0.0817415863276,0,0,0
R05,82432,1.86920634921,164.97618103,0.997796118259,0.124934449792,0.0156086171046,0.222625732422,0,0.0967210680246,0,0,0
R05,82944,1.88081632653,165.035629272,0.997854113579,0.122728548944,0.0150622967631,0.231399536133,0,0.0834331661463,0,0,0
R05,83456,1.89242630385,165.133743286,0.998151123524,0.124055169523,0.015389685519,0.229965209961,0,0.0743558853865,0,0,0
R05,83968,1.90403628118,165.223342896,0.998358845711,0.123791009188,0.015324213542,0.226974487305,0,0.0712625831366,0,0,0
R05,84480,1.9156462585,165.276367188,0.998345017433,0.119385182858,0.0142528219149,0.214599609375,0,0.105250783265,0,0,0
R05,84992,1.92725623583,165.327865601,0.998290598392,0.121422179043,0.0147433448583,0.207458496094,0,0.0971175134182,0,0,0
R05,85504,1.93886621315,165.278610229,0.998315453529,0.122610636055,0.0150333680212,0.200057983398,0,0.0737781971693,0,0,0
R05,86016,1.95047619048,165.288604736,0.998093664646,0.118374809623,0.0140125956386,0.211578369141,0,0.116839326918,0,0,0
R05,86528,1.9620861678,165.254745483,0.997912466526,0.112483426929,0.012652521953,0.209732055664,0,0.0931587591767,0,0,0
R05,87040,1.97369614512,165.267501831,0.997834682465,0.113492250443,0.0128804901615,0.21012878418,0,0.0741832479835,0,0,0
R05,87552,1.98530612245,165.154006958,0.997670531273,0.114210255444,0.0130439829081,0.214645385742,0,0.0752363428473,0,0,0
R05,88064,1.99691609977,165.104904175,0.997617661953,0.113263584673,0.0128286397085,0.214065551758,0,0.0688108056784,0,0,0
R05,88576,2.0085260771,165.030303955,0.997642278671,0.112088918686,0.0125639261678,0.201065063477,0,0.0720335990191,0,0,0
R05,89088,2.02013605442,165.043624878,0.99762827158,0.107234612107,0.0114992624149,0.188003540039,0,0.0733253657818,0,0,0
R05,89600,2.03174603175,164.866104126,0.985694766045,0.107111357152,0.0114728426561,0.238723754883,0,0.196331262589,0,0,0
R05,90112,2.04335600907,165.124038696,0.972047805786,0.0922999680042,0.00851928442717,0.152130126953,0,0.126080438495,0,0,0
R05,90624,2.05496598639,165.242858887,0.968337595463,0.0938937887549,0.00881604291499,0.176345825195,0,0.129745662212,0,0,0
R05,91136,2.06657596372,165.308120728,0.967245221138,0.0987526699901,0.0097520891577,0.175552368164,0,0.115686953068,0,0,0
R05,91648,2.07818594104,165.423538208,0.966094076633,0.102056637406,0.0104155568406,0.181259155273,0,0.105654731393,0,0,0
R05,92160,2.08979591837,165.500259399,0.962994158268,0.0904510095716,0.00818138569593,0.181259155273,0,0.109313756227,0,0,0
R05,92672,2.10140589569,165.472335815,0.956557691097,0.116745367646,0.0136294802651,0.222457885742,0,0.152247443795,0,0,0
R05,93184,2.11301587302,165.430526733,0.955191791058,0.0977139100432,0.0095480075106,0.179885864258,0,0.117901861668,0,0,0
R05,93696,2.12462585034,165.564575195,0.983478188515,0.0950275957584,0.00903024338186,0.165267944336,0,0.0882017239928,0,0,0
R05,94208,2.13623582766,165.34828186,0.986281216145,0.101111039519,0.0102234417573,0.169799804688,0,0.120041683316,0,0,0
R05,94720,2.14784580499,165.310409546,0.9872584939,0.10257422924,0.0105214724317,0.17041015625,0,0.128745898604,0,0,0
R05,95232,2.15945578231,165.204315186,0.98733574152,0.100917086005,0.0101842582226,0.160125732422,0,0.102071970701,0,0,0
R05,95744,2.17106575964,165.239868164,0.987335205078,0.0948599800467,0.00899841636419,0.146011352539,0,0.131548628211,0,0,0
R05,96256,2.18267573696,165.087402344,0.993429005146,0.0997563228011,0.0099513232708,0.157577514648,0,0.127415403724,0,0,0
R05,96768,2.19428571429,165.191452026,0.995808064938,0.103534728289,0.0107194399461,0.149566650391,0,0.0990173369646,0,0,0
R05,97280,2.20589569161,165.108627319,0.99660474062,0.102238841355,0.0104527799413,0.156433105469,0,0.11306578666,0,0,0
R05,97792,2.21750566893,165.068099976,0.996772944927,0.103488199413,0.0107098072767,0.168319702148,0,0.133417695761,0,0,0
R05,98304,2.22911564626,165.150299072,0.996892690659,0.104950778186,0.0110146664083,0.189117431641,0,0.0849800258875,0,0,0
R05,98816,2.24072562358,165.182540894,0.996924579144,0.107568956912,0.0115710804239,0.202484130859,0,0.101963624358,0,0,0
R05,99328,2.25233560091,165.194961548,0.997204959393,0.107015445828,0.011452306062,0.215133666992,0,0.141193419695,0,0,0
R05,99840,2.26394557823,165.133346558,0.997075915337,0.105814866722,0.0111967865378,0.208984375,0,0.0931009873748,0,0,0
R05,100352,2.27555555556,165.165740967,0.997128546238,0.112787932158,0.0127211175859,0.204376220703,0,0.0943975821137,0,0,0
R05,100864,2.28716553288,165.132263184,0.997123777866,0.111565515399,0.0124468645081,0.206268310547,0,0.0998979210854,0,0,0
R05,101376,2.2987755102,165.126190186,0.997261583805,0.110517501831,0.0122141176835,0.196884155273,0,0.0951919332147,0,0,0
R05,101888,2.31038548753,165.045852661,0.997241795063,0.10341090709,0.0106938155368,0.189804077148,0,0.117531202734,0,0,0
R05,102400,2.32199546485,164.98223877,0.997189760208,0.10287540406,0.0105833495036,0.17919921875,0,0.072978630662,0,0,0
R05,102912,2.33360544218,164.941833496,0.991624414921,0.127498701215,0.0162559188902,0.25520324707,0,0.141094073653,0,0,0
R05,103424,2.3452154195,164.907562256,0.990843236446,0.105164706707,0.011059615761,0.190841674805,0,0.137308105826,0,0,0
R05,103936,2.35682539683,164.858001709,0.99041056633,0.0970743820071,0.00942343566567,0.182067871094,0,0.105258814991,0,0,0
R05,104448,2.36843537415,164.829116821,0.989219069481,0.0829638391733,0.00688299862668,0.163970947266,0,0.0990404561162,0,0,0
R05,104960,2.38004535147,164.756439209,0.98794656992,0.0642359703779,0.00412626005709,0.122192382812,0,0.102166362107,0,0,0
R05,105472,2.3916553288,164.313476562,0.894659101963,0.150298669934,0.0225896909833,0.314910888672,0,0.379761576653,0,0,0
R05,105984,2.40326530612,0,0,0.0404339656234,0.00163490569685,0.0894317626953,0,0.122250311077,0,0,0
R05,106496,2.41487528345,0,0,0.0501171797514,0.00251173158176,0.0956726074219,0,0.125489488244,0,0,0
R05,107008,2.42648526077,0,0,0.0458666346967,0.00210374803282,0.0859832763672,0,0.122977495193,0,0,0
R05,107520,2.4380952381,0,0,0.0469982847571,0.00220883870497,0.0946502685547,0,0.128401979804,0,0,0
R05,108032,2.44970521542,0,0,0.0462642498314,0.00214038067497,0.0968170166016,0,0.12599208951,0,0,0
R05,108544,2.46131519274,0,0,0.0582658089697,0.00339490454644,0.127655029297,0,0.139864265919,0,0,0
R05,109056,2.47292517007,0,0,0.065023034811,0.00422799494117,0.137939453125,0,0.12764954567,0,0,0
R05,109568,2.48453514739,164.973770142,0.934600174427,0.0690478309989,0.00476760324091,0.147109985352,0,0.103805325925,0,0,0
R05,110080,2.49614512472,165.01612854,0.983801186085,0.075707167387,0.00573157565668,0.157623291016,0,0.148233920336,0,0,0
R05,110592,2.50775510204,165.119567871,0.98933839798,0.0795884057879,0.00633431458846,0.168304443359,0,0.160795941949,0,0,0
R05,111104,2.51936507937,165.262908936,0.989212989807,0.0795162841678,0.00632283976302,0.166259765625,0,0.165260851383,0,0,0
R05,111616,2.53097505669,165.306167603,0.989679455757,0.0850240290165,0.00722908508033,0.168792724609,0,0.161735385656,0,0,0
R05,112128,2.54258503401,165.316345215,0.990573465824,0.0899472907186,0.00809051562101,0.158828735352,0,0.128735274076,0,0,0
R05,112640,2.55419501134,165.305725098,0.990524888039,0.0894621312618,0.00800347328186,0.168563842773,0,0.12231900543,0,0,0
R05,113152,2.56580498866,165.335113525,0.990475535393,0.093245908618,0.00869479961693,0.170333862305,0,0.128788053989,0,0,0
R05,113664,2.57741496599,165.277313232,0.991438508034,0.0883063450456,0.00779801001772,0.168121337891,0,0.140007436275,0,0,0
R05,114176,2.58902494331,165.237960815,0.992180168629,0.0884586051106,0.00782492477447,0.174652099609,0,0.101126760244,0,0,0
R05,114688,2.60063492063,165.192199707,0.993431270123,0.102841749787,0.0105764260516,0.196762084961,0,0.127158015966,0,0,0
R05,115200,2.61224489796,165.094345093,0.994043529034,0.0983079075813,0.00966444425285,0.197769165039,0,0.113153807819,0,0,0
R05,115712,2.62385487528,165.064254761,0.994769394398,0.102364771068,0.0104785459116,0.208999633789,0,0.116058804095,0,0,0
R05,116224,2.63546485261,165.019882202,0.995344460011,0.100774176419,0.0101554347202,0.211807250977,0,0.0926675274968,0,0,0
R05,116736,2.64707482993,165.048217773,0.996224343777,0.104489147663,0.0109179820865,0.213897705078,0,0.123118981719,0,0,0
R05,117248,2.65868480726,164.944122314,0.996665835381,0.106508612633,0.0113440845162,0.212997436523,0,0.129179015756,0,0,0
R05,117760,2.67029478458,165.003616333,0.997014582157,0.105787657201,0.0111910291016,0.203186035156,0,0.0979424491525,0,0,0
R05,118272,2.6819047619,165.05368042,0.997252166271,0.101598985493,0.0103223538026,0.181655883789,0,0.0933820679784,0,0,0
R05,118784,2.69351473923,165.071212769,0.997158288956,0.0979287102818,0.00959003251046,0.17903137207,0,0.078701429069,0,0,0
R05,119296,2.70512471655,165.207672119,0.99726074934,0.0909358412027,0.00826932769269,0.161010742188,0,0.101879119873,0,0,0
R05,119808,2.71673469388,165.199295044,0.99690246582,0.0798704773188,0.00637929327786,0.152587890625,0,0.0905203819275,0,0,0
R05,120320,2.7283446712,165.238388062,0.996815025806,0.0732820630074,0.0053702602163,0.141250610352,0,0.0644484907389,0,0,0
R05,120832,2.73995464853,165.328430176,0.996576845646,0.068813316524,0.00473527237773,0.127258300781,0,0.0830304846168,0,0,0
R05,121344,2.75156462585,165.378265381,0.995632767677,0.0571168884635,0.00326233915985,0.104232788086,0,0.129741966724,0,0,0
R05,121856,2.76317460317,165.436462402,0.91569596529,0.0775596350431,0.00601549679413,0.4892578125,0,0.38481464982,1,0,0
R05,122368,2.7747845805,165.54586792,0.897472381592,0.0392339080572,0.00153929949738,0.0755615234375,0,0.0893771573901,0,0,0
R05,122880,2.78639455782,165.39956665,0.876812934875,0.0439832471311,0.00193452602252,0.0776062011719,0,0.0865902230144,0,0,0
R05,123392,2.79800453515,165.455718994,0.851130604744,0.0412838757038,0.00170435849577,0.0746917724609,0,0.0894177034497,0,0,0
R05,123904,2.80961451247,0,0,0.0386644974351,0.0014949432807,0.0717926025391,0,0.0870548635721,0,0,0
R05,124416,2.8212244898,0,0,0.0390207469463,0.00152261881158,0.0708923339844,0,0.094410173595,0,0,0
R05,124928,2.83283446712,0,0,0.0372862145305,0.00139026169199,0.0662231445312,0,0.0709170550108,0,0,0
R05,125440,2.84444444444,165.347518921,0.852856695652,0.0355153009295,0.00126133661252,0.0625610351562,0,0.0630308538675,0,0,0
R05,125952,2.85605442177,165.092758179,0.99400383234,0.0331641994417,0.00109986413736,0.0617065429688,0,0.0641829892993,0,0,0
R05,126464,2.86766439909,165.140945435,0.977503716946,0.0397486127913,0.00157995230984,0.208419799805,0,0.315566807985,0,0,0
R05,126976,2.87927437642,165.333572388,0.883611440659,0.0733198598027,0.00537580158561,0.201995849609,0,0.34090384841,0,0,0
R05,127488,2.89088435374,0,0,0.0627586692572,0.00393865024671,0.126708984375,0,0.197888925672,0,0,0
R05,128000,2.90249433107,0,0,0.0288211051375,0.000830656092148,0.0698394775391,0,0.122930847108,0,0,0
R05,128512,2.91410430839,0,0,0.0230489950627,0.000531256140675,0.0451354980469,0,0.0994926840067,0,0,0
R05,129024,2.92571428571,0,0,0.0182514432818,0.00033311516745,0.0359191894531,0,0.0892231836915,0,0,0
R05,129536,2.93732426304,0,0,0.0157836917788,0.000249124947004,0.0339660644531,0,0.0847120657563,0,0,0
R05,130048,2.94893424036,0,0,0.0143232708797,0.000205156087759,0.0273284912109,0,0.083757661283,0,0,0
R05,130560,2.96054421769,0,0,0.0150651726872,0.000226959426072,0.0287017822266,0,0.113672189415,0,0,0
R05,131072,2.97215419501,0,0,0.0143064968288,0.000204675860004,0.025390625,0,0.115367732942,0,0,0
R05,131584,2.98376417234,82.4246520996,0.879534780979,0.0143828410655,0.000206866112421,0.0265960693359,0,0.102745085955,0,0,0
R05,132096,2.99537414966,164.971069336,0.944597780704,0.0125908050686,0.000158528375323,0.0225830078125,0,0.0982119813561,0,0,0
R05,132608,3.00698412698,164.728347778,0.965005576611,0.0126255108044,0.000159403512953,0.0254669189453,0,0.0834167823195,0,0,0
R05,133120,3.01859410431,164.800521851,0.965298175812,0.0108728827909,0.000118219584692,0.0200805664062,0,0.100021131337,0,0,0
R05,133632,3.03020408163,164.851913452,0.955422699451,0.0108020799235,0.000116684939712,0.0184326171875,0,0.129492893815,0,0,0
R05,134144,3.04181405896,164.83404541,0.955793440342,0.0110706379637,0.000122559024021,0.0186462402344,0,0.106558971107,0,0,0
R05,134656,3.05342403628,164.922012329,0.956955969334,0.00998560339212,9.97122770059e-05,0.0196990966797,0,0.118120774627,0,0,0
R05,135168,3.06503401361,164.840316772,0.961617648602,0.0109446374699,0.000119785079733,0.0180053710938,0,0.133329898119,0,0,0
R05,135680,3.07664399093,165.009338379,0.964608430862,0.00880342815071,7.75003500166e-05,0.0172424316406,0,0.123159348965,0,0,0
R05,136192,3.08825396825,164.941345215,0.95875197649,0.00879748631269,7.73957654019e-05,0.0181884765625,0,0.12983122468,0,0,0
R05,136704,3.09986394558,165.098907471,0.9584004879,0.00770522328094,5.93704680796e-05,0.0137786865234,0,0.159122899175,0,0,0
R05,137216,3.1114739229,165.205688477,0.958057940006,0.00828857626766,6.87005012878e-05,0.017822265625,0,0.134881928563,0,0,0
R05,137728,3.12308390023,165.209075928,0.954344511032,0.00672458671033,4.52200692962e-05,0.0139465332031,0,0.145031929016,0,0,0
R05,138240,3.13469387755,165.08416748,0.947516620159,0.00584500096738,3.41640370607e-05,0.0122375488281,0,0.1221299842,0,0,0
R05,138752,3.14630385488,165.10357666,0.944836735725,0.00657311081886,4.32057859143e-05,0.0117645263672,0,0.144115120173,0,0,0
R05,139264,3.1579138322,165.175521851,0.927538216114,0.00583744980395,3.40758197126e-05,0.0126037597656,0,0.154666319489,0,0,0
R05,139776,3.16952380952,165.100921631,0.924640893936,0.00519201951101,2.69570664386e-05,0.0108947753906,0,0.133664369583,0,0,0
R05,140288,3.18113378685,165.185882568,0.923773467541,0.00460385624319,2.11954902625e-05,0.0104827880859,0,0.110475897789,0,0,0
R05,140800,3.19274376417,165.04536438,0.91737985611,0.00378214824013,1.43046445373e-05,0.00875854492188,0,0.151285037398,0,0,0
R05,141312,3.2043537415,0,0,0.00287101138383,8.24270682642e-06,0.0057373046875,0,0,0,1,0
R05,141824,3.21596371882,164.916519165,0.889266073704,0.00329598668031,1.08635285869e-05,0.00643920898438,0,0.129182368517,0,0,0
R05,142336,3.22757369615,0,0,0.00270037911832,7.29204703021e-06,0.00625610351562,0,0,0,1,0
R05,142848,3.23918367347,0,0,0.00286082341336,8.18430999061e-06,0.00608825683594,0,0,0,1,0
R05,143360,3.25079365079,0,0,0.00262591079809,6.89540729581e-06,0.00668334960938,0,0,0,1,0
R05,143872,3.26240362812,0,0,0.00186337181367,3.47215473084e-06,0.00424194335938,0,0,0,1,0
R05,144384,3.27401360544,0,0,0.00327081186697,1.06982106445e-05,0.00640869140625,0,0.165757328272,0,0,0
R05,144896,3.28562358277,0,0,0.0029020414222,8.42184454086e-06,0.00653076171875,0,0,0,1,0
R05,145408,3.29723356009,0,0,0.00384330004454,1.47709561134e-05,0.00663757324219,0,0.180749222636,0,0,0
R05,145920,3.30884353741,0,0,0.00319302175194,1.01953874037e-05,0.0062255859375,0,0.148940816522,0,0,0
R05,146432,3.32045351474,0,0,0.0034455016721,1.18714815471e-05,0.0076904296875,0,0.178775176406,0,0,0
R05,146944,3.33206349206,0,0,0.00408831844106,1.67143462022e-05,0.0076904296875,0,0.156727701426,0,0,0
R05,147456,3.34367346939,0,0,0.00310542690568,9.64367609413e-06,0.00593566894531,0,0.138846904039,0,0,0
R05,147968,3.35528344671,0,0,0.00456556491554,2.08443834708e-05,0.00808715820312,0,0.190366715193,0,0,0
R05,148480,3.36689342404,0,0,0.00416234787554,1.7325141016e-05,0.0087890625,0,0.178333997726,0,0,0
R05,148992,3.37850340136,0,0,0.00353005342185,1.24612770378e-05,0.0072021484375,0,0.128846645355,0,0,0
R05,149504,3.39011337868,0,0,0.0027792151086,7.72403654992e-06,0.00709533691406,0,0,0,1,0
R05,150016,3.40172335601,0,0,0.00227850396186,5.19158038514e-06,0.00454711914062,0,0,0,1,0
R05,150528,3.41333333333,0,0,0.00318351294845,1.01347541204e-05,0.00747680664062,0,0.159665465355,0,0,0
R05,151040,3.42494331066,0,0,0.00262603233568,6.8960457611e-06,0.00517272949219,0,0,0,1,0
R05,151552,3.43655328798,0,0,0.00320684537292,1.02838575913e-05,0.00689697265625,0,0.181097596884,0,0,0
R05,152064,3.44816326531,0,0,0.00254491274245,6.47658134767e-06,0.00445556640625,0,0,0,1,0
R05,152576,3.45977324263,0,0,0.00308220670559,9.49999775912e-06,0.00666809082031,0,0.181409195065,0,0,0
R05,153088,3.47138321995,0,0,0.00316194118932,9.99787243927e-06,0.00552368164062,0,0.13430249691,0,0,0
R05,153600,3.48299319728,0,0,0.00212826277129,4.52950280305e-06,0.00537109375,0,0,0,1,0
R05,154112,3.4946031746,0,0,0.00182051421143,3.31427190758e-06,0.0042724609375,0,0,0,1,0
R05,154624,3.50621315193,0,0,0.0012244671816,1.49931975102e-06,0.00296020507812,0,0,0,1,0
R05,155136,3.51782312925,0,0,0.00174697069451,3.05190678773e-06,0.00434875488281,0,0,0,1,0
R05,155648,3.52943310658,0,0,0.00217551039532,4.73284580949e-06,0.00376892089844,0,0,0,1,0
R05,156160,3.5410430839,0,0,0.00222440995276,4.94799996886e-06,0.00509643554688,0,0,0,1,0
R05,156672,3.55265306122,0,0,0.00203767442144,4.15211661675e-06,0.00373840332031,0,0,0,1,0
R05,157184,3.56426303855,0,0,0.00271556456573,7.3742908171e-06,0.00521850585938,0,0,0,1,0
R05,157696,3.57587301587,0,0,0.018154527992,0.00032958688098,0.181198120117,0,0.829778969288,1,0,0
R05,158208,3.5874829932,0,0,0.0244220029563,0.000596434227191,0.0763397216797,0,0.396976470947,0,0,0
R05,158720,3.59909297052,0,0,0.00509037775919,2.59119442489e-05,0.0100250244141,0,0.0364724174142,0,0,0
R05,159232,3.61070294785,0,0,0.00341221201234,1.1643191101e-05,0.00656127929688,0,0.0268978960812,0,0,0
R05,159744,3.62231292517,0,0,0.00596281187609,3.55551273969e-05,0.0143890380859,0,0.0475500784814,0,0,0
R05,160256,3.63392290249,0,0,0.0439048334956,0.0019276344683,0.119842529297,0,0.362602829933,1,0,0
R05,160768,3.64553287982,0,0,0.0316583290696,0.00100224989001,0.0797271728516,0,0.165924832225,0,0,0
R05,161280,3.65714285714,0,0,0.00987996906042,9.76137889666e-05,0.0177764892578,0,0.0414707884192,0,0,0
R05,161792,3.66875283447,0,0,0.00451829144731,2.04149564524e-05,0.00796508789062,0,0.0949518978596,0,0,0
R05,162304,3.68036281179,0,0,0.002050394658,4.20411834057e-06,0.00703430175781,0,0,0,1,0
R05,162816,3.69197278912,0,0,0.00295190722682,8.71375596034e-06,0.00485229492188,0,0,0,1,0
R05,163328,3.70358276644,0,0,0.0801186487079,0.00641899742186,0.18913269043,0,0.426178246737,1,0,0
R05,163840,3.71519274376,0,0,0.0475717224181,0.00226306868717,0.132522583008,0,0.163908541203,0,0,0
R05,164352,3.72680272109,0,0,0.0184859111905,0.000341728940839,0.0389404296875,0,0.14411662519,0,0,0
R05,164864,3.73841269841,0,0,0.00677120732144,4.58492504549e-05,0.0111083984375,0,0.0843830406666,0,0,0
R05,165376,3.75002267574,0,0,0.00267522898503,7.15684973329e-06,0.0064697265625,0,0,0,1,0
R05,165888,3.76163265306,0,0,0.00269671482965,7.27227052266e-06,0.0062255859375,0,0,0,1,0
R05,166400,3.77324263039,0,0,0.00250525143929,6.27628469374e-06,0.00469970703125,0,0,0,1,0
R05,166912,3.78485260771,0,0,0.00248845596798,6.19241291133e-06,0.00567626953125,0,0,0,1,0
R05,167424,3.79646258503,0,0,0.00266121467575,7.08206334821e-06,0.005859375,0,0,0,1,0
R05,167936,3.80807256236,0,0,0.00167706317734,2.8125409699e-06,0.00331115722656,0,0,0,1,0
R05,168448,3.81968253968,0,0,0.0019213645719,3.69164172298e-06,0.00471496582031,0,0,0,1,0
R05,168960,3.83129251701,0,0,0.0201041754335,0.000404177873861,0.0718231201172,0,0.0130263343453,0,0,0
R05,169472,3.84290249433,0,0,0.00787609536201,6.20328792138e-05,0.0200500488281,0,0.105833441019,0,0,0
R05,169984,3.85451247166,0,0,0.0164694357663,0.000271242315648,0.118759155273,0,0.367866843939,0,0,0
R05,170496,3.86612244898,0,0,0.0742677599192,0.00551570020616,0.125442504883,0,0.554301857948,1,0,0
R05,171008,3.8777324263,0,0,0.0183256547898,0.000335829623509,0.0340118408203,0,0.0665667280555,0,0,0
R05,171520,3.88934240363,0,0,0.139423131943,0.0194388106465,0.254058837891,0,0.511289536953,1,0,0
R05,172032,3.90095238095,0,0,0.0320396237075,0.00102653750218,0.0601806640625,0,0.0568017475307,0,0,0
R05,172544,3.91256235828,0,0,0.106692418456,0.0113832727075,0.327789306641,0,0.381376326084,1,0,0
R05,173056,3.9241723356,0,0,0.127494171262,0.0162547621876,0.331390380859,0,0.198724731803,0,0,0
R05,173568,3.93578231293,0,0,0.0344680547714,0.001188046881,0.0630645751953,0,0.04317240417,0,0,0
R05,174080,3.94739229025,0,0,0.00842786300927,7.1028873208e-05,0.0171356201172,0,0.0504333265126,0,0,0
R05,174592,3.95900226757,0,0,0.00563911208883,3.17995836667e-05,0.0137329101562,0,0.079899802804,0,0,0
R05,175104,3.9706122449,0,0,0.00210137432441,4.41577367383e-06,0.00422668457031,0,0,0,1,0
R05,175616,3.98222222222,0,0,0.00331261451356,1.09734155558e-05,0.00804138183594,0,0.161976769567,0,0,0
R05,176128,3.99383219955,0,0,0.00426793796942,1.82152944035e-05,0.00920104980469,0,0.0373925715685,0,0,0
R05,176640,4.00544217687,0,0,0.064238846302,0.00412662932649,0.174942016602,0,0.241728782654,1,0,0
R05,177152,4.0170521542,0,0,0.0994588807225,0.00989206880331,0.245727539062,0,0.111002653837,0,0,0
R05,177664,4.02866213152,0,0,0.119371250272,0.0142494952306,0.234817504883,0,0.397537052631,0,0,0
R05,178176,4.04027210884,0,0,0.0676948353648,0.00458259042352,0.272689819336,0,0.172435536981,0,0,0
R05,178688,4.05188208617,0,0,0.148008584976,0.0219065416604,0.302886962891,0,0.321507543325,0,0,0
R05,179200,4.06349206349,0,0,0.143437460065,0.0205743033439,0.325897216797,0,0.239408031106,0,0,0
R05,179712,4.07510204082,0,0,0.0274689663202,0.000754544103984,0.0546569824219,0,0.0287794675678,0,0,0
R05,180224,4.08671201814,0,0,0.111032523215,0.0123282214627,0.200622558594,0,0.152988255024,1,0,0
R05,180736,4.09832199546,0,0,0.0321392305195,0.00103293021675,0.0645294189453,0,0.0977495461702,0,0,0
R05,181248,4.10993197279,0,0,0.00961564294994,9.24605919863e-05,0.0184783935547,0,0.0937807932496,0,0,0
R05,181760,4.12154195011,0,0,0.00256192777306,6.56347356198e-06,0.00527954101562,0,0,0,1,0
R05,182272,4.13315192744,0,0,0.00152898102533,2.33778291658e-06,0.00480651855469,0,0,0,1,0
R05,182784,4.14476190476,0,0,0.00169292278588,2.86598742605e-06,0.00457763671875,0,0,0,1,0
R05,183296,4.15637188209,0,0,0.00193451333325,3.74234195988e-06,0.00468444824219,0,0,0,1,0
R05,183808,4.16798185941,0,0,0.00128480244894,1.65071742231e-06,0.003173828125,0,0,0,1,0
R05,184320,4.17959183673,0,0,0.00577753409743,3.33798998327e-05,0.0138702392578,0,0.0233325250447,0,0,0
R05,184832,4.19120181406,0,0,0.0692631602287,0.00479738553986,0.131530761719,0,0.565870523453,1,0,0
R05,185344,4.20281179138,0,0,0.0297715067863,0.000886342604645,0.106094360352,0,0.142826139927,0,0,0
R05,185856,4.21442176871,0,0,0.00823365338147,6.77930438542e-05,0.017822265625,0,0.0389486327767,0,0,0
R05,186368,4.22603174603,0,0,0.00508183939382,2.58250911429e-05,0.0102386474609,0,0.0220820866525,0,0,0
R05,186880,4.23764172336,0,0,0.00364779331721,1.33063967951e-05,0.00711059570312,0,0.0169021505862,0,0,0
R05,187392,4.24925170068,0,0,0.0063688554801,4.05623177357e-05,0.0149536132812,0,0.0289538484067,0,0,0
R05,187904,4.260861678,0,0,0.00408669793978,1.67010985024e-05,0.00904846191406,0,0.0215621422976,0,0,0
R05,188416,4.27247165533,0,0,0.00268512358889,7.20988919056e-06,0.00552368164062,0,0,0,1,0
R05,188928,4.28408163265,0,0,0.000532503065187,2.83559529635e-07,0.0020751953125,0,0,0,1,0
R06,0,0,0,0,0,0,0,0,0,0,1,0
R06,512,0.0116099773243,0,0,0,0,0,0,0,0,1,0
R06,1024,0.0232199546485,0,0,0,0,0,0,0,0,1,0
R06,1536,0.0348299319728,0,0,0,0,0,0,0,0,1,0
R06,2048,0.0464399092971,0,0,0,0,0,0,0,0,1,0
R06,2560,0.0580498866213,0,0,0,0,0,0,0,0,1,0
R06,3072,0.0696598639456,0,0,0,0,0,0,0,0,1,0
R06,3584,0.0812698412698,0,0,6.74349564633e-07,4.54747350886e-13,1.52587890625e-05,0,0,0,1,0
R06,4096,0.0928798185941,0,0,7.00804639564e-06,4.91127138957e-11,3.0517578125e-05,0,0,0,1,0
R06,4608,0.104489795918,0,0,1.26698778331e-05,1.60525814863e-10,4.57763671875e-05,0,0,0,1,0
R06,5120,0.116099773243,0,0,1.44159475894e-05,2.07819539355e-10,3.0517578125e-05,0,0,0,1,0
R06,5632,0.127709750567,0,0,1.40808324431e-05,1.98269844986e-10,3.0517578125e-05,0,0,0,1,0
R06,6144,0.139319727891,0,0,8.58704152051e-05,7.37372829462e-09,0.000518798828125,0,0,0,1,0
R06,6656,0.150929705215,0,0,0.000150196894538,2.25591065828e-08,0.00042724609375,0,0,0,1,0
R06,7168,0.16253968254,0,0,0.000129659383674,1.68115548149e-08,0.000320434570312,0,0,0,1,0
R06,7680,0.174149659864,0,0,0.000295400532195,8.72614691616e-08,0.000686645507812,0,0,0,1,0
R06,8192,0.185759637188,0,0,0.000313409371302,9.82254277915e-08,0.000778198242188,0,0,0,1,0
R06,8704,0.197369614512,0,0,0.000466393539682,2.17522938328e-07,0.00105285644531,0,0,0,1,0
R06,9216,0.208979591837,0,0,0.00111245340668,1.23755262393e-06,0.00189208984375,0,0,0,1,0
R06,9728,0.220589569161,0,0,0.00151391210966,2.2919298317e-06,0.00289916992188,0,0,0,1,0
R06,10240,0.232199546485,0,0,0.00132551009301,1.75697687155e-06,0.00224304199219,0,0,0,1,0
R06,10752,0.24380952381,0,0,0.00132337608375,1.75132436198e-06,0.00320434570312,0,0,0,1,0
R06,11264,0.255419501134,0,0,0.00155066163279,2.40455165113e-06,0.00325012207031,0,0,0,1,0
R06,11776,0.267029478458,0,0,0.00254784617573,6.49151979815e-06,0.00477600097656,0,0,0,1,0
R06,12288,0.278639455782,0,0,0.00214748037979,4.61167246613e-06,0.00473022460938,0,0,0,1,0
R06,12800,0.290249433107,0,0,0.00134294084273,1.80349024959e-06,0.00254821777344,0,0,0,1,0
R06,13312,0.301859410431,0,0,0.00158166291658,2.50165749094e-06,0.00357055664062,0,0,0,1,0
R06,13824,0.313469387755,0,0,0.00160193943884,2.56620978689e-06,0.00321960449219,0,0,0,1,0
R06,14336,0.325079365079,0,0,0.00276973517612,7.67143319536e-06,0.00645446777344,0,0,0,1,0
R06,14848,0.336689342404,0,0,0.00362035562284,1.31069755298e-05,0.00567626953125,0,1,0,0,0
R06,15360,0.348299319728,0,0,0.00128657964524,1.65528717844e-06,0.00262451171875,0,0,0,1,0
R06,15872,0.359909297052,0,0,0.00737270480022,5.43567730347e-05,0.0478515625,0,0.693266272545,1,0,0
R06,16384,0.371519274376,0,0,0.0171894449741,0.000295476987958,0.0470886230469,0,0.474544256926,0,0,0
R06,16896,0.383129251701,0,0,0.00764389289543,5.84291010455e-05,0.0378570556641,0,0.233594208956,0,0,0
R06,17408,0.394739229025,0,0,0.00213167862967,4.54405335404e-06,0.00411987304688,0,0,0,1,0
R06,17920,0.406349206349,0,0,0.00183634983841,3.37218079949e-06,0.00428771972656,0,0,0,1,0
R06,18432,0.417959183673,0,0,0.00220759259537,4.87346460432e-06,0.00483703613281,0,0,0,1,0
R06,18944,0.429569160998,0,0,0.00222569867037,4.9537347877e-06,0.0057373046875,0,0,0,1,0
R06,19456,0.441179138322,0,0,0.0017078218516,2.91665537588e-06,0.004150390625,0,0,0,1,0
R06,19968,0.452789115646,0,0,0.0213856324553,0.000457345275208,0.218719482422,0,0.544690549374,1,0,0
R06,20480,0.464399092971,0,0,0.0251399893314,0.000632019073237,0.169235229492,0,0.321827173233,0,0,0
R06,20992,0.476009070295,0,0,0.00668874522671,4.47393103968e-05,0.0142822265625,0,0.0682133510709,0,0,0
R06,21504,0.487619047619,0,0,0.0130703290924,0.000170833503944,0.0359649658203,0,0.0711403340101,0,0,0
R06,22016,0.499229024943,0,0,0.00267526996322,7.15706937626e-06,0.00497436523438,0,0,0,1,0
R06,22528,0.510839002268,0,0,0.00225362554193,5.07882759848e-06,0.0064697265625,0,0,0,1,0
R06,23040,0.522448979592,0,0,0.00123873376288,1.53446126205e-06,0.00347900390625,0,0,0,1,0
R06,23552,0.534058956916,0,0,0.00150506349746,2.26521615332e-06,0.00376892089844,0,0,0,1,0
R06,24064,0.54566893424,0,0,0.00132739939727,1.76198909685e-06,0.00273132324219,0,0,0,1,0
R06,24576,0.557278911565,0,0,0.00135932455305,1.84776308743e-06,0.00323486328125,0,0,0,1,0
R06,25088,0.568888888889,0,0,0.0014543797588,2.11522046811e-06,0.00337219238281,0,0,0,1,0
R06,25600,0.580498866213,0,0,0.00138879870065,1.92876177607e-06,0.00277709960938,0,0,0,1,0
R06,26112,0.592108843537,0,0,0.00105504679959,1.11312374429e-06,0.00296020507812,0,0,0,1,0
R06,26624,0.603718820862,0,0,0.00108607381117,1.17955642054e-06,0.00254821777344,0,0,0,1,0
R06,27136,0.615328798186,0,0,0.00096614198992,9.33430328587e-07,0.00221252441406,0,0,0,1,0
R06,27648,0.62693877551,0,0,0.00892625749111,7.96780732344e-05,0.0235595703125,0,0.0483250804245,0,0,0
R06,28160,0.638548752834,0,0,0.00365482782945,1.33577659653e-05,0.0093994140625,0,0.143354132771,0,0,0
R06,28672,0.650158730159,0,0,0.00191741064191,3.67646362065e-06,0.00436401367188,0,0,0,1,0
R06,29184,0.661768707483,0,0,0.00122042291332,1.48943217937e-06,0.00314331054688,0,0,0,1,0
R06,29696,0.673378684807,0,0,0.00200495752506,4.01985471399e-06,0.00389099121094,0,0,0,1,0
R06,30208,0.684988662132,0,0,0.00150845618919,2.27544023801e-06,0.00419616699219,0,0,0,1,0
R06,30720,0.696598639456,0,0,0.00127113645431,1.61578782354e-06,0.00285339355469,0,0,0,1,0
R06,31232,0.70820861678,0,0,0.00248819775879,6.19112779532e-06,0.00596618652344,0,0,0,1,0
R06,31744,0.719818594104,0,0,0.00202091783285,4.08410869568e-06,0.00492858886719,0,0,0,1,0
R06,32256,0.731428571429,0,0,0.00176157534588,3.10314771923e-06,0.003173828125,0,0,0,1,0
R06,32768,0.743038548753,0,0,0.00219435291365,4.81518509332e-06,0.00506591796875,0,0,0,1,0
R06,33280,0.754648526077,0,0,0.00195552804507,3.82409007216e-06,0.00367736816406,0,0,0,1,0
R06,33792,0.766258503401,0,0,0.00160938920453,2.59013359027e-06,0.00347900390625,0,0,0,1,0
R06,34304,0.777868480726,0,0,0.00122987409122,1.51259018821e-06,0.00270080566406,0,0,0,1,0
R06,34816,0.78947845805,0,0,0.00135354371741,1.83208067028e-06,0.00334167480469,0,0,0,1,0
R06,35328,0.801088435374,0,0,0.00186801713426,3.48948788087e-06,0.00482177734375,0,0,0,1,0
R06,35840,0.812698412698,0,0,0.0012605485972,1.58898274094e-06,0.00361633300781,0,0,0,1,0
R06,36352,0.824308390023,0,0,0.00111163081601,1.23572317534e-06,0.00245666503906,0,0,0,1,0
R06,36864,0.835918367347,0,0,0.00119412702043,1.42593944474e-06,0.00296020507812,0,0,0,1,0
R06,37376,0.847528344671,0,0,0.00152928836178,2.33872287936e-06,0.00393676757812,0,0,0,1,0
R06,37888,0.859138321995,0,0,0.00144694279879,2.09364361581e-06,0.00328063964844,0,0,0,1,0
R06,38400,0.87074829932,0,0,0.00208832114004,4.36108484791e-06,0.0054931640625,0,0,0,1,0
R06,38912,0.882358276644,0,0,0.00188109860756,3.53853192792e-06,0.00498962402344,0,0,0,1,0
R06,39424,0.893968253968,0,0,0.00159758212976,2.55226859736e-06,0.00334167480469,0,0,0,1,0
R06,39936,0.905578231293,0,0,0.00167280912865,2.79829055216e-06,0.00370788574219,0,0,0,1,0
R06,40448,0.917188208617,0,0,0.00158616504632,2.5159197321e-06,0.00387573242188,0,0,0,1,0
R06,40960,0.928798185941,0,0,0.0024914923124,6.20753417024e-06,0.0106353759766,0,0,0,1,0
R06,41472,0.940408163265,0,0,0.0138835478574,0.000192752893781,0.0825042724609,0,0.676573514938,1,0,0
R06,41984,0.95201814059,0,0,0.272824436426,0.0744331777096,0.559341430664,0,0.908004105091,1,0,0
R06,42496,0.963628117914,0,0,0.0953957363963,0.00910034682602,0.200500488281,0,0.15713891387,0,0,0
R06,43008,0.975238095238,0,0,0.0934968963265,0.00874167028815,0.235290527344,0,0.118645727634,0,0,0
R06,43520,0.986848072562,0,0,0.0992272272706,0.00984604191035,0.193969726562,0,0.124011993408,0,0,0
R06,44032,0.998458049887,0,0,0.0832259953022,0.00692656682804,0.159362792969,0,0.105885520577,0,0,0
R06,44544,1.01006802721,0,0,0.0821619182825,0.00675058132038,0.177352905273,0,0.0883577689528,0,0,0
R06,45056,1.02167800454,0,0,0.0456723868847,0.0020859669894,0.133880615234,0,0.0556759387255,0,0,0
R06,45568,1.03328798186,0,0,0.0634191408753,0.00402198778465,0.473785400391,0,0.235762313008,0,0,0
R06,46080,1.04489795918,0,0,0.0164943523705,0.000272063683951,0.0390472412109,0,0.0772918462753,0,0,0
R06,46592,1.05650793651,0,0,0.0248619746417,0.000618117803242,0.0577087402344,0,0.113185085356,0,0,0
R06,47104,1.06811791383,0,0,0.0273088514805,0.000745773373637,0.0585632324219,0,0.0942076668143,0,0,0
R06,47616,1.07972789116,0,0,0.0297034997493,0.000882297928911,0.0736999511719,0,0.0928484946489,0,0,0
R06,48128,1.09133786848,0,0,0.0260860342532,0.000680481141899,0.0587768554688,0,0.103057786822,0,0,0
R06,48640,1.1029478458,0,0,0.0296547729522,0.000879405532032,0.0622253417969,0,0.0823262855411,0,0,0
R06,49152,1.11455782313,0,0,0.0249390676618,0.000621957064141,0.0641021728516,0,0.0722158998251,0,0,0
R06,49664,1.12616780045,0,0,0.0232793632895,0.000541928748135,0.0567169189453,0,0.0990815237164,0,0,0
R06,50176,1.13777777778,0,0,0.0333369411528,0.00111135176849,0.0825042724609,0,0.210976302624,0,0,0
R06,50688,1.1493877551,0,0,0.0444538891315,0.00197614822537,0.0935211181641,0,0.177239581943,0,0,0
R06,51200,1.16099773243,165.216583252,0.875883221626,0.0448079071939,0.00200774869882,0.103271484375,0,0.169282838702,0,0,0
R06,51712,1.17260770975,165.241928101,0.867313444614,0.0320751257241,0.00102881365456,0.0847015380859,0,0.149385854602,0,0,0
R06,52224,1.18421768707,165.233123779,0.85289222002,0.0318036489189,0.00101147207897,0.0979309082031,0,0.174771264195,0,0,0
R06,52736,1.1958276644,165.216323853,0.870986163616,0.0473399609327,0.00224107201211,0.120239257812,0,0.197037339211,0,0,0
R06,53248,1.20743764172,330.688201904,0.896452248096,0.0674738064408,0.00455271452665,0.147338867188,0,0.180197834969,0,0,0
R06,53760,1.21904761905,330.735107422,0.939617574215,0.0813186913729,0.00661272974685,0.146560668945,0,0.182455018163,0,0,0
R06,54272,1.23065759637,330.645141602,0.962903618813,0.0826854482293,0.00683688372374,0.13037109375,0,0.201916635036,0,0,0
R06,54784,1.2422675737,330.431884766,0.971736073494,0.0824544578791,0.00679873814806,0.138824462891,0,0.177245438099,0,0,0
R06,55296,1.25387755102,330.427093506,0.978724062443,0.0839738026261,0.00705160014331,0.1416015625,0,0.145986050367,0,0,0
R06,55808,1.26548752834,330.527923584,0.990747272968,0.0759152770042,0.00576312979683,0.126708984375,0,0.162437349558,0,0,0
R06,56320,1.27709750567,330.611419678,0.993366837502,0.075770534575,0.00574117386714,0.133560180664,0,0.133098438382,0,0,0
R06,56832,1.28870748299,330.475311279,0.994547605515,0.0835408568382,0.00697907526046,0.133758544922,0,0.183173194528,0,0,0
R06,57344,1.30031746032,330.341156006,0.960327684879,0.100498817861,0.0101000126451,0.222702026367,0,0.273866832256,0,0,0
R06,57856,1.31192743764,330.442840576,0.956121623516,0.0807298198342,0.00651730364189,0.156387329102,0,0.128377079964,0,0,0
R06,58368,1.32353741497,330.422210693,0.953582406044,0.0675531178713,0.00456342380494,0.125625610352,0,0.137622669339,0,0,0
R06,58880,1.33514739229,330.598327637,0.94950312376,0.0536041557789,0.00287340558134,0.103332519531,0,0.146128758788,0,0,0
R06,59392,1.34675736961,330.597045898,0.942998290062,0.0425011441112,0.00180634739809,0.0917358398438,0,0.157647684216,0,0,0
R06,59904,1.35836734694,330.482421875,0.934730291367,0.0256827455014,0.000659603392705,0.0483093261719,0,0.155914887786,0,0,0
R06,60416,1.36997732426,330.330383301,0.924603760242,0.017255211249,0.000297742342809,0.0391998291016,0,0.156700894237,0,0,0
R06,60928,1.38158730159,330.123382568,0.911136031151,0.0169055815786,0.000285798683763,0.0410614013672,0,0.154597520828,0,0,0
R06,61440,1.39319727891,330.187072754,0.973917663097,0.0189724601805,0.000359954225132,0.0418243408203,0,0.0935782268643,0,0,0
R06,61952,1.40480725624,330.842803955,0.972946465015,0.0257107242942,0.000661041354761,0.0630798339844,0,0.102392479777,0,0,0
R06,62464,1.41641723356,331.018280029,0.971366465092,0.0344501323998,0.00118681171443,0.0778656005859,0,0.113732740283,0,0,0
R06,62976,1.42802721088,331.178710938,0.967149972916,0.0419270433486,0.00175787694752,0.0841674804688,0,0.123318746686,0,0,0
R06,63488,1.43963718821,331.297912598,0.975351572037,0.0467187352479,0.00218264036812,0.0858917236328,0,0.127973273396,0,0,0
R06,64000,1.45124716553,331.379852295,0.985652089119,0.0470033250749,0.00220931251533,0.087158203125,0,0.14742462337,0,0,0
R06,64512,1.46285714286,331.440429688,0.986618638039,0.0436802655458,0.0019079655176,0.0982818603516,0,0.146176546812,0,0,0
R06,65024,1.47446712018,331.335479736,0.98754709959,0.0361498855054,0.00130681425799,0.0906677246094,0,0.106506578624,0,0,0
R06,65536,1.48607709751,331.248596191,0.988153159618,0.0258744843304,0.000669488916174,0.0733337402344,0,0.115996539593,0,0,0
R06,66048,1.49768707483,331.071929932,0.988145470619,0.0181410722435,0.000329098518705,0.0448913574219,0,0.135820999742,0,0,0
R06,66560,1.50929705215,330.819091797,0.98725694418,0.0144010968506,0.00020739158208,0.0364074707031,0,0.146918773651,0,0,0
R06,67072,1.52090702948,330.604400635,0.985919177532,0.0158103797585,0.000249968084972,0.0411071777344,0,0.166688233614,0,0,0
R06,67584,1.5325170068,330.340698242,0.982347846031,0.0244858358055,0.000599556136876,0.0514068603516,0,0.176097646356,0,0,0
R06,68096,1.54412698413,330.134857178,0.979588329792,0.035241894424,0.00124199118,0.0844116210938,0,0.16867826879,0,0,0
R06,68608,1.55573696145,330.067962646,0.981512129307,0.049809589982,0.00248099514283,0.107803344727,0,0.146656066179,0,0,0
R06,69120,1.56734693878,329.982543945,0.985905110836,0.061639726162,0.00379945570603,0.118576049805,0,0.217160180211,0,0,0
R06,69632,1.5789569161,329.956695557,0.990066349506,0.0829494893551,0.00688061723486,0.148849487305,0,0.244668498635,0,0,0
R06,70144,1.59056689342,329.974456787,0.993680477142,0.103918790817,0.0107991155237,0.165664672852,0,0.197288796306,0,0,0
R06,70656,1.60217687075,330.082000732,0.995463609695,0.108835890889,0.011845250614,0.172775268555,0,0.163306117058,0,0,0
R06,71168,1.61378684807,330.132049561,0.996541142464,0.11443580687,0.0130955539644,0.20573425293,0,0.148910418153,0,0,0
R06,71680,1.6253968254,330.078399658,0.997463643551,0.124698676169,0.0155497603118,0.211730957031,0,0.147036552429,0,0,0
R06,72192,1.63700680272,330.134429932,0.998030304909,0.119043894112,0.0141714494675,0.194183349609,0,0.105951160192,0,0,0
R06,72704,1.64861678005,330.151428223,0.998309850693,0.117195159197,0.0137347048149,0.182312011719,0,0.102072313428,0,0,0
R06,73216,1.66022675737,330.22177124,0.998485445976,0.107916221023,0.0116459112614,0.163162231445,0,0.106883667409,0,0,0
R06,73728,1.67183673469,330.22744751,0.998601675034,0.0882165580988,0.00778216170147,0.148223876953,0,0.0882459208369,0,0,0
R06,74240,1.68344671202,330.182739258,0.998357832432,0.0639460831881,0.00408910168335,0.112335205078,0,0.0661481171846,0,0,0
R06,74752,1.69505668934,330.137542725,0.998131394386,0.0463605821133,0.00214930367656,0.0821685791016,0,0.124218955636,0,0,0
R06,75264,1.70666666667,330.065368652,0.997929751873,0.0390791334212,0.00152717868332,0.0676116943359,0,0.111059650779,0,0,0
R06,75776,1.71827664399,330.265899658,0.994626879692,0.0405261404812,0.00164236803539,0.0732574462891,0,0.144827529788,0,0,0
R06,76288,1.72988662132,330.219360352,0.990680754185,0.048068318516,0.00231056311168,0.0869293212891,0,0.146732002497,0,0,0
R06,76800,1.74149659864,330.476989746,0.944947123528,0.0577845238149,0.00333905126899,0.14567565918,0,0.154281079769,0,0,0
R06,77312,1.75310657596,330.56072998,0.923318147659,0.0528223104775,0.00279019633308,0.100692749023,0,0.150072157383,0,0,0
R06,77824,1.76471655329,330.584655762,0.907423079014,0.0576691292226,0.00332572846673,0.111968994141,0,0.13752360642,0,0,0
R06,78336,1.77632653061,330.548828125,0.901817977428,0.0498779937625,0.00248781428672,0.116638183594,0,0.131209105253,0,0,0
R06,78848,1.78793650794,330.538513184,0.898262143135,0.0373777486384,0.00139709596988,0.0863037109375,0,0.126231506467,0,0,0
R06,79360,1.79954648526,330.545806885,0.895696759224,0.0333312004805,0.00111096899491,0.0611419677734,0,0.138413175941,0,0,0
R06,79872,1.81115646259,330.500244141,0.905766129494,0.0354657880962,0.00125782215036,0.0620422363281,0,0.154303431511,0,0,0
R06,80384,1.82276643991,330.260772705,0.906757235527,0.0462005659938,0.002134492388,0.086669921875,0,0.132764562964,0,0,0
R06,80896,1.83437641723,329.799621582,0.991020917892,0.0578164160252,0.00334273814224,0.0967407226562,0,0.134520947933,0,0,0
R06,81408,1.84598639456,329.720275879,0.991920948029,0.0642333850265,0.00412592757493,0.113204956055,0,0.143208146095,0,0,0
R06,81920,1.85759637188,329.576599121,0.992665112019,0.0746686533093,0.00557540776208,0.119964599609,0,0.157818511128,0,0,0
R06,82432,1.86920634921,329.545410156,0.994041502476,0.079040415585,0.00624738680199,0.129287719727,0,0.162924289703,0,0,0
R06,82944,1.88081632653,329.526184082,0.995112240314,0.0810033082962,0.00656153634191,0.131149291992,0,0.118193373084,0,0,0
R06,83456,1.89242630385,329.431854248,0.995755791664,0.0723662078381,0.00523686828092,0.115127563477,0,0.130391344428,0,0,0
R06,83968,1.90403628118,329.226623535,0.99594271183,0.0624114871025,0.00389519357122,0.0991363525391,0,0.0954011231661,0,0,0
R06,84480,1.9156462585,329.144805908,0.99641752243,0.0706684663892,0.00499403197318,0.120941162109,0,0.155528187752,0,0,0
R06,84992,1.92725623583,329.078765869,0.996668040752,0.0823965296149,0.00678918790072,0.128204345703,0,0.170280084014,0,0,0
R06,85504,1.93886621315,329.240600586,0.997087955475,0.0947585180402,0.00897917710245,0.148849487305,0,0.139456152916,0,0,0
R06,86016,1.95047619048,329.436035156,0.997108280659,0.104105360806,0.0108379265293,0.173553466797,0,0.176500424743,0,0,0
R06,86528,1.9620861678,329.81930542,0.996983349323,0.111126929522,0.0123491939157,0.175827026367,0,0.107130289078,0,0,0
R06,87040,1.97369614512,329.94418335,0.997177183628,0.110793337226,0.0122751640156,0.170013427734,0,0.0950575247407,0,0,0
R06,87552,1.98530612245,330.214385986,0.997197270393,0.0995150357485,0.00990324188024,0.15251159668,0,0.14540861547,0,0,0
R06,88064,1.99691609977,330.522613525,0.997566103935,0.091112986207,0.00830157566816,0.144973754883,0,0.140380606055,0,0,0
R06,88576,2.0085260771,330.587402344,0.997877955437,0.090973906219,0.00827625207603,0.151031494141,0,0.114028342068,0,0,0
R06,89088,2.02013605442,330.735290527,0.998189210892,0.093133457005,0.00867384020239,0.161865234375,0,0.155395641923,0,0,0
R06,89600,2.03174603175,330.734588623,0.998309493065,0.0919352695346,0.0084520932287,0.168792724609,0,0.127973914146,0,0,0
R06,90112,2.04335600907,330.664093018,0.998339891434,0.0916109457612,0.00839256495237,0.147384643555,0,0.087352886796,0,0,0
R06,90624,2.05496598639,330.57699585,0.998449325562,0.0915453732014,0.00838055554777,0.141540527344,0,0.111603356898,0,0,0
R06,91136,2.06657596372,330.376403809,0.99833291769,0.087723761797,0.00769545836374,0.138763427734,0,0.0898492559791,0,0,0
R06,91648,2.07818594104,330.244415283,0.99831622839,0.0892628952861,0.00796786416322,0.155685424805,0,0.0879686698318,0,0,0
R06,92160,2.08979591837,330.224273682,0.998363375664,0.0890839323401,0.00793594680727,0.15299987793,0,0.134567141533,0,0,0
R06,92672,2.10140589569,330.37487793,0.998295307159,0.0831397548318,0.00691221933812,0.149230957031,0,0.103788234293,0,0,0
R06,93184,2.11301587302,330.359527588,0.998205661774,0.0852664932609,0.00727037480101,0.141128540039,0,0.0795953050256,0,0,0
R06,93696,2.12462585034,330.362243652,0.998076200485,0.087220273912,0.00760737573728,0.143890380859,0,0.119120754302,0,0,0
R06,94208,2.13623582766,330.370269775,0.997958004475,0.0835340321064,0.00697793485597,0.140060424805,0,0.11124817282,0,0,0
R06,94720,2.14784580499,330.321716309,0.997744858265,0.0881194472313,0.00776503654197,0.145385742188,0,0.0826871320605,0,0,0
R06,95232,2.15945578231,330.022705078,0.997851848602,0.0956211090088,0.00914339628071,0.152008056641,0,0.12236636132,0,0,0
R06,95744,2.17106575964,330.013000488,0.997641086578,0.0987146869302,0.00974459014833,0.161529541016,0,0.122130706906,0,0,0
R06,96256,2.18267573696,330.5440979,0.927872359753,0.133273378015,0.0177617929876,0.527725219727,0,0.333289176226,0,0,0
R06,96768,2.19428571429,330.571685791,0.927327692509,0.0994442999363,0.00988916866481,0.178756713867,0,0.138318374753,0,0,0
R06,97280,2.20589569161,330.713653564,0.930317103863,0.101579755545,0.0103184469044,0.165435791016,0,0.137088671327,0,0,0
R06,97792,2.21750566893,331.090209961,0.933490455151,0.107146583498,0.0114803900942,0.162658691406,0,0.144025266171,0,0,0
R06,98304,2.22911564626,330.940734863,0.928813874722,0.0962910279632,0.00927196163684,0.166198730469,0,0.167947009206,0,0,0
R06,98816,2.24072562358,331.665252686,0.921360909939,0.0816544666886,0.00666745239869,0.146743774414,0,0.154858261347,0,0,0
R06,99328,2.25233560091,332.179718018,0.917221724987,0.0748698785901,0.00560549879447,0.137313842773,0,0.142612606287,0,0,0
R06,99840,2.26394557823,332.688354492,0.911946296692,0.0740449875593,0.00548265967518,0.152862548828,0,0.136855557561,0,0,0
R06,100352,2.27555555556,332.806549072,0.97829079628,0.0868492498994,0.00754279270768,0.139389038086,0,0.109335467219,0,0,0
R06,100864,2.28716553288,333.081115723,0.978982508183,0.108782052994,0.011833534576,0.171524047852,0,0.179500252008,0,0,0
R06,101376,2.2987755102,333.012817383,0.980091094971,0.119887791574,0.0143730826676,0.196853637695,0,0.148531004786,0,0,0
R06,101888,2.31038548753,332.979492188,0.980355918407,0.111665271223,0.0124691333622,0.190231323242,0,0.128559708595,0,0,0
R06,102400,2.32199546485,332.871154785,0.994639456272,0.102766491473,0.0105609511957,0.172180175781,0,0.0957240387797,0,0,0
R06,102912,2.33360544218,332.664276123,0.995614409447,0.0803208351135,0.00645143678412,0.148834228516,0,0.077106051147,0,0,0
R06,103424,2.3452154195,332.41607666,0.996293604374,0.0553416386247,0.00306269712746,0.132736206055,0,0.0924037843943,0,0,0
R06,103936,2.35682539683,332.291931152,0.994676947594,0.0299322437495,0.000895939243492,0.0809631347656,0,0.139912992716,0,0,0
R06,104448,2.36843537415,332.061737061,0.965070009232,0.0458045490086,0.00209805672057,0.106460571289,0,0.224141538143,0,0,0
R06,104960,2.38004535147,332.057800293,0.951646208763,0.041095636785,0.00168885127641,0.0917053222656,0,0.152633100748,0,0,0
R06,105472,2.3916553288,331.97454834,0.929183781147,0.0382943637669,0.00146645819768,0.0846252441406,0,0.131405860186,0,0,0
R06,105984,2.40326530612,332.233276367,0.880192220211,0.0483594946563,0.00233864062466,0.0935974121094,0,0.125950410962,0,0,0
R06,106496,2.41487528345,0,0,0.0516063161194,0.00266321189702,0.293472290039,0,0.293913960457,0,0,0
R06,107008,2.42648526077,0,0,0.0296474583447,0.000878971826751,0.0722045898438,0,0.124722719193,0,0,0
R06,107520,2.4380952381,0,0,0.0237807817757,0.000565525551792,0.0520172119141,0,0.113850168884,0,0,0
R06,108032,2.44970521542,0,0,0.0238113030791,0.00056697812397,0.0484313964844,0,0.0945443212986,0,0,0
R06,108544,2.46131519274,0,0,0.0255237091333,0.00065145973349,0.0465087890625,0,0.124808065593,0,0,0
R06,109056,2.47292517007,0,0,0.0280548240989,0.000787073164247,0.0530090332031,0,0.107510723174,0,0,0
R06,109568,2.48453514739,0,0,0.0270031001419,0.000729167368263,0.0538940429688,0,0.0917559787631,0,0,0
R06,110080,2.49614512472,0,0,0.0301183909178,0.000907117500901,0.0504150390625,0,0.111265107989,0,0,0
R06,110592,2.50775510204,164.88772583,0.864792764187,0.0239372514188,0.000572991964873,0.0449523925781,0,0.0987534672022,0,0,0
R06,111104,2.51936507937,164.829467773,0.882711410522,0.0201893039048,0.000407607964007,0.0402374267578,0,0.112439349294,0,0,0
R06,111616,2.53097505669,164.842300415,0.891077756882,0.0137348538265,0.000188646197785,0.0274810791016,0,0.107454061508,0,0,0
R06,112128,2.54258503401,330.791473389,0.88049441576,0.0104641467333,0.000109498359961,0.0231170654297,0,0.119084522128,0,0,0
R06,112640,2.55419501134,331.060333252,0.859018087387,0.0110870171338,0.000122921948787,0.0271606445312,0,0.163752883673,0,0,0
R06,113152,2.56580498866,331.099578857,0.875584065914,0.0104891648516,0.000110022578156,0.0232543945312,0,0.103161051869,0,0,0
R06,113664,2.57741496599,331.037445068,0.860853135586,0.0118665564805,0.000140815158375,0.0252075195312,0,0.129505097866,0,0,0
R06,114176,2.58902494331,331.309448242,0.854176998138,0.0129611929879,0.000167992518982,0.0221252441406,0,0.151687800884,0,0,0
R06,114688,2.60063492063,165.065078735,0.934903562069,0.0132083930075,0.000174461645656,0.0231323242188,0,0.104257240891,0,0,0
R06,115200,2.61224489796,331.159942627,0.857791543007,0.0109278000891,0.000119416814414,0.0217895507812,0,0.103384800255,0,0,0
R06,115712,2.62385487528,165.242858887,0.932621121407,0.00838272366673,7.02700635884e-05,0.0184631347656,0,0.120482333004,0,0,0
R06,116224,2.63546485261,331.119689941,0.853530108929,0.00590382050723,3.48550966009e-05,0.0142059326172,0,0.120635807514,0,0,0
R06,116736,2.64707482993,330.509490967,0.921131193638,0.00570343947038,3.25292239722e-05,0.0100555419922,0,0.152171507478,0,0,0
R06,117248,2.65868480726,329.906829834,0.950928270817,0.00652523385361,4.25786747655e-05,0.0128631591797,0,0.146200820804,0,0,0
R06,117760,2.67029478458,330.028625488,0.952356874943,0.00862288381904,7.43541313568e-05,0.0178375244141,0,0.146523401141,0,0,0
R06,118272,2.6819047619,0,0,0.0218486394733,0.000477363035316,0.0731811523438,0,0.493605583906,1,0,0
R06,118784,2.69351473923,0,0,0.013638262637,0.000186002216651,0.0234527587891,0,0.14187283814,0,0,0
R06,119296,2.70512471655,0,0,0.0160413440317,0.000257324747508,0.0296173095703,0,0.135711401701,0,0,0
R06,119808,2.71673469388,0,0,0.0140942046419,0.000198646608624,0.0243377685547,0,0.122680999339,0,0,0
R06,120320,2.7283446712,0,0,0.0144882258028,0.000209908685065,0.0279235839844,0,0.123300142586,0,0,0
R06,120832,2.73995464853,0,0,0.0131290350109,0.000172371568624,0.0215454101562,0,0.106570400298,0,0,0
R06,121344,2.75156462585,0,0,0.0111448206007,0.000124207028421,0.0197143554688,0,0.0994839668274,0,0,0
R06,121856,2.76317460317,0,0,0.00970394909382,9.41666221479e-05,0.0167083740234,0,0.101806141436,0,0,0
R06,122368,2.7747845805,329.979827881,0.941479802132,0.00968329887837,9.3766284408e-05,0.0216979980469,0,0.0543359704316,0,0,0
R06,122880,2.78639455782,330.457122803,0.950970828533,0.00929298438132,8.63595632836e-05,0.0181274414062,0,0.180006921291,0,0,0
R06,123392,2.79800453515,330.493896484,0.963662147522,0.00859032571316,7.37936934456e-05,0.0170135498047,0,0.112166911364,0,0,0
R06,123904,2.80961451247,330.085632324,0.966868102551,0.00825517717749,6.81479505147e-05,0.0179138183594,0,0.121552810073,0,0,0
R06,124416,2.8212244898,330.170410156,0.968380451202,0.00650890218094,4.23658057116e-05,0.0131530761719,0,0.0979543328285,0,0,0
R06,124928,2.83283446712,329.838531494,0.970947980881,0.00562024349347,3.15871366183e-05,0.00955200195312,0,0.100953906775,0,0,0
R06,125440,2.84444444444,329.79788208,0.967714071274,0.00465672975406,2.16851312871e-05,0.00892639160156,0,0.135021224618,0,0,0
R06,125952,2.85605442177,329.265014648,0.962603330612,0.00480250222608,2.30640289374e-05,0.00956726074219,0,0.122800596058,0,0,0
R06,126464,2.86766439909,329.20513916,0.961915969849,0.00585203431547,3.42463063134e-05,0.01171875,0,0.127237707376,0,0,0
R06,126976,2.87927437642,329.173126221,0.949660122395,0.00604329258204,3.6521385482e-05,0.0124053955078,0,0.130988389254,0,0,0
R06,127488,2.89088435374,329.478851318,0.940483868122,0.00677623180673,4.59173170384e-05,0.0136413574219,0,0.131336957216,0,0,0
R06,128000,2.90249433107,329.759002686,0.947109997272,0.00805800780654,6.49314897601e-05,0.0153656005859,0,0.150653675199,0,0,0
R06,128512,2.91410430839,329.983184814,0.947121024132,0.00819509383291,6.71595698805e-05,0.0161285400391,0,0.132258176804,0,0,0
R06,129024,2.92571428571,330.293884277,0.948414087296,0.00818147137761,6.69364744681e-05,0.0132141113281,0,0.148711949587,0,0,0
R06,129536,2.93732426304,330.613922119,0.943676173687,0.00702535593882,4.93556290166e-05,0.0130920410156,0,0.15511469543,0,0,0
R06,130048,2.94893424036,331.164978027,0.945088088512,0.00592564186081,3.51132330252e-05,0.0105590820312,0,0.150546208024,0,0,0
R06,130560,2.96054421769,331.747589111,0.935695111752,0.00579230766743,3.35508266289e-05,0.0127105712891,0,0.158959656954,0,0,0
R06,131072,2.97215419501,332.018920898,0.93811404705,0.00619804672897,3.84157829103e-05,0.0126190185547,0,0.134280174971,0,0,0
R06,131584,2.98376417234,332.509460449,0.934283912182,0.00623673433438,3.88968546758e-05,0.010986328125,0,0.120448343456,0,0,0
R06,132096,2.99537414966,332.760314941,0.925300598145,0.00460319640115,2.11894184758e-05,0.00849914550781,0,0.137712731957,0,0,0
R06,132608,3.00698412698,332.819854736,0.911257922649,0.00359280477278,1.290824639e-05,0.00749206542969,0,0.129041016102,0,0,0
R06,133120,3.01859410431,0,0,0.00184578937478,3.40693850376e-06,0.00483703613281,0,0,0,1,0
R06,133632,3.03020408163,0,0,0.00118951580953,1.41494774653e-06,0.00376892089844,0,0,0,1,0
R06,134144,3.04181405896,0,0,0.00218054861762,4.75479191664e-06,0.00509643554688,0,0,0,1,0
R06,134656,3.05342403628,0,0,0.00298933801241,8.93614196684e-06,0.00535583496094,0,0,0,1,0
R06,135168,3.06503401361,0,0,0.00299625494517,8.97754307516e-06,0.00555419921875,0,0,0,1,0
R06,135680,3.07664399093,0,0,0.00344428303652,1.1863085092e-05,0.00650024414062,0,0.154734551907,0,0,0
R06,136192,3.08825396825,0,0,0.00370776094496,1.37474908115e-05,0.00735473632812,0,0.142327725887,0,0,0
R06,136704,3.09986394558,0,0,0.0038524477277,1.48413528223e-05,0.00689697265625,0,0.144073188305,0,0,0
R06,137216,3.1114739229,330.641448975,0.850209653378,0.00385544495657,1.48644558067e-05,0.00660705566406,0,0.161130547523,0,0,0
R06,137728,3.12308390023,330.896881104,0.874455094337,0.00401445059106,1.61158131959e-05,0.00701904296875,0,0.179101377726,0,0,0
R06,138240,3.13469387755,331.512542725,0.857631444931,0.00387133401819,1.4987227587e-05,0.0100708007812,0,0.189030900598,0,0,0
R06,138752,3.14630385488,0,0,0.00381175545044,1.45294798131e-05,0.00958251953125,0,0.158765405416,0,0,0
R06,139264,3.1579138322,0,0,0.00319561734796,1.02119702206e-05,0.00566101074219,0,0.139320075512,0,0,0
R06,139776,3.16952380952,0,0,0.00245222845115,6.01342480877e-06,0.00553894042969,0,0,0,1,0
R06,140288,3.18113378685,0,0,0.00158015987836,2.49690538112e-06,0.00343322753906,0,0,0,1,0
R06,140800,3.19274376417,0,0,0.00228404137306,5.21684523846e-06,0.00628662109375,0,0,0,1,0
R06,141312,3.2043537415,0,0,0.0027635958977,7.63746174925e-06,0.00531005859375,0,0,0,1,0
R06,141824,3.21596371882,0,0,0.006003418006,3.60410267604e-05,0.0112915039062,0,0.41194948554,1,0,0
R06,142336,3.22757369615,0,0,0.0208065379411,0.000432912056567,0.0498504638672,0,0.592920899391,0,0,0
R06,142848,3.23918367347,0,0,0.029345665127,0.000861168082338,0.0680694580078,0,0.441616475582,0,0,0
R06,143360,3.25079365079,0,0,0.0509403012693,0.00259491428733,0.0869293212891,0,0.371499866247,0,0,0
R06,143872,3.26240362812,0,0,0.020101537928,0.000404071848607,0.0462646484375,0,0.107213504612,0,0,0
R06,144384,3.27401360544,0,0,0.0128574138507,0.000165313089383,0.0233459472656,0,0.0827532038093,0,0,0
R06,144896,3.28562358277,0,0,0.00847111362964,7.17597722542e-05,0.0192565917969,0,0.0722903311253,0,0,0
R06,145408,3.29723356009,0,0,0.0114459702745,0.000131010237965,0.0214996337891,0,0.0850133374333,0,0,0
R06,145920,3.30884353741,0,0,0.013301554136,0.000176931338501,0.0255584716797,0,0.106470450759,0,0,0
R06,146432,3.32045351474,0,0,0.0229140743613,0.000525054812897,0.0533752441406,0,0.148588687181,0,0,0
R06,146944,3.33206349206,0,0,0.0405202545226,0.0016418909654,0.200576782227,0,0.475313276052,1,0,0
R06,147456,3.34367346939,0,0,0.0411540046334,0.00169365212787,0.0637664794922,0,0.150571092963,0,0,0
R06,147968,3.35528344671,0,0,0.0795849785209,0.00633376836777,0.161727905273,0,0.282005697489,0,0,0
R06,148480,3.36689342404,0,0,0.104941390455,0.0110126957297,0.204666137695,0,0.253113806248,0,0,0
R06,148992,3.37850340136,0,0,0.0269096232951,0.000724127865396,0.0512237548828,0,0.0475195087492,0,0,0
R06,149504,3.39011337868,0,0,0.0647015273571,0.00418628752232,0.11164855957,0,0.168434768915,0,0,0
R06,150016,3.40172335601,0,0,0.0307604968548,0.000946208194364,0.0859680175781,0,0.0801039338112,0,0,0
R06,150528,3.41333333333,0,0,0.0932280123234,0.00869146268815,0.171157836914,0,0.229125678539,0,0,0
R06,151040,3.42494331066,0,0,0.0339772030711,0.00115445035044,0.110168457031,0,0.0820144116879,0,0,0
R06,151552,3.43655328798,0,0,0.0135135734454,0.000182616669917,0.0249176025391,0,0.097583219409,0,0,0
R06,152064,3.44816326531,0,0,0.12119063735,0.0146871702746,0.22868347168,0,0.293393015862,1,0,0
R06,152576,3.45977324263,0,0,0.0274341218174,0.000752631051,0.0513610839844,0,0.101939998567,0,0,0
R06,153088,3.47138321995,0,0,0.0156122529879,0.000243742455496,0.0290832519531,0,0.0412272438407,0,0,0
R06,153600,3.48299319728,0,0,0.146157115698,0.0213619004935,0.325347900391,0,0.374452650547,1,0,0
R06,154112,3.4946031746,0,0,0.0457923412323,0.00209693866782,0.147811889648,0,0.0758523717523,0,0,0
R06,154624,3.50621315193,0,0,0.0157523620874,0.000248136930168,0.0289306640625,0,0.109066776931,0,0,0
R06,155136,3.51782312925,0,0,0.0673279240727,0.00453304965049,0.137313842773,0,0.138766020536,1,0,0
R06,155648,3.52943310658,0,0,0.0172497071326,0.000297552382108,0.0323944091797,0,0.0333217717707,0,0,0
R06,156160,3.5410430839,0,0,0.00847130455077,7.17630027793e-05,0.0160369873047,0,0.147641479969,0,0,0
R06,156672,3.55265306122,0,0,0.00336293736473,1.13093483378e-05,0.0093994140625,0,0.0301883574575,0,0,0
R06,157184,3.56426303855,0,0,0.000823921640404,6.78846845403e-07,0.00289916992188,0,0,0,1,0
R07,0,0,0,0,0,0,0,0,0,0,1,0
R07,512,0.0116099773243,0,0,0,0,0,0,0,0,1,0
R07,1024,0.0232199546485,0,0,0,0,0,0,0,0,1,0
R07,1536,0.0348299319728,0,0,0,0,0,0,0,0,1,0
R07,2048,0.0464399092971,0,0,0,0,0,0,0,0,1,0
R07,2560,0.0580498866213,0,0,0,0,0,0,0,0,1,0
R07,3072,0.0696598639456,0,0,0,0,0,0,0,0,1,0
R07,3584,0.0812698412698,0,0,1.1680077705e-06,1.36424205266e-12,1.52587890625e-05,0,0,0,1,0
R07,4096,0.0928798185941,0,0,7.74768705014e-06,6.0026650317e-11,3.0517578125e-05,0,0,0,1,0
R07,4608,0.104489795918,0,0,1.26519198602e-05,1.60071067512e-10,3.0517578125e-05,0,0,0,1,0
R07,5120,0.116099773243,0,0,1.34363199322e-05,1.80534698302e-10,3.0517578125e-05,0,0,0,1,0
R07,5632,0.127709750567,0,0,1.43051147461e-05,2.04636307899e-10,3.0517578125e-05,0,0,0,1,0
R07,6144,0.139319727891,0,0,6.17462719674e-05,3.81260178983e-09,0.000381469726562,0,0,0,1,0
R07,6656,0.150929705215,0,0,0.000137180002639,1.88183548744e-08,0.000320434570312,0,0,0,1,0
R07,7168,0.16253968254,0,0,0.000141118027386,1.991429599e-08,0.000335693359375,0,0,0,1,0
R07,7680,0.174149659864,0,0,0.000152417924255,2.32312231674e-08,0.0003662109375,0,0,0,1,0
R07,8192,0.185759637188,0,0,0.000196402499569,3.85739440389e-08,0.000457763671875,0,0,0,1,0
R07,8704,0.197369614512,0,0,0.000321032188367,1.03061665868e-07,0.000869750976562,0,0,0,1,0
R07,9216,0.208979591837,0,0,0.0005105730379,2.6068482839e-07,0.00111389160156,0,0,0,1,0
R07,9728,0.220589569161,0,0,0.000538820517249,2.90327534458e-07,0.00132751464844,0,0,0,1,0
R07,10240,0.232199546485,0,0,0.000734405999538,5.39352186024e-07,0.00164794921875,0,0,0,1,0
R07,10752,0.24380952381,0,0,0.000832520832773,6.93090896675e-07,0.00186157226562,0,0,0,1,0
R07,11264,0.255419501134,0,0,0.000616072851699,3.7954578147e-07,0.00146484375,0,0,0,1,0
R07,11776,0.267029478458,0,0,0.00075194000965,5.65413756703e-07,0.00212097167969,0,0,0,1,0
R07,12288,0.278639455782,0,0,0.00136149255559,1.85366207006e-06,0.00288391113281,0,0,0,1,0
R07,12800,0.290249433107,0,0,0.00128232652787,1.64436141858e-06,0.00289916992188,0,0,0,1,0
R07,13312,0.301859410431,0,0,0.0019836819265,3.93499431084e-06,0.0181579589844,0,0,0,1,0
R07,13824,0.313469387755,0,0,0.00397346261889,1.57884060172e-05,0.0253143310547,0,1,0,0,0
R07,14336,0.325079365079,0,0,0.00702797854319,4.9392481742e-05,0.0362854003906,0,0.542646229267,1,0,0
R07,14848,0.336689342404,0,0,0.00471837399527,2.22630551434e-05,0.0143432617188,0,0.208072781563,0,0,0
R07,15360,0.348299319728,0,0,0.0053622671403,2.87539096462e-05,0.0345458984375,0,0.220109954476,0,0,0
R07,15872,0.359909297052,0,0,0.0615459941328,0.00378790940158,0.578109741211,0,0.809753715992,1,0,0
R07,16384,0.371519274376,0,0,0.0355888307095,0.00126656494103,0.068603515625,0,0.165600597858,0,0,0
R07,16896,0.383129251701,0,0,0.165029540658,0.0272347480059,0.512710571289,0,0.58372759819,1,0,0
R07,17408,0.394739229025,0,0,0.0447265990078,0.00200046878308,0.143508911133,0,0.0647959932685,0,0,0
R07,17920,0.406349206349,0,0,0.0729618370533,0.00532342959195,0.485275268555,0,0.231155246496,0,0,0
R07,18432,0.417959183673,0,0,0.0143357040361,0.000205512405955,0.0285797119141,0,0.0223781876266,0,0,0
R07,18944,0.429569160998,0,0,0.0137160317972,0.000188129517483,0.0301208496094,0,0.0169989112765,0,0,0
R07,19456,0.441179138322,0,0,0.0319889970124,0.00102329603396,0.0632019042969,0,0.0402844846249,0,0,0
R07,19968,0.452789115646,0,0,0.0122019890696,0.000148888546391,0.0269165039062,0,0.0702470988035,0,0,0
R07,20480,0.464399092971,0,0,0.0328485816717,0.00107902928721,0.0813751220703,0,0.0600951835513,0,0,0
R07,20992,0.476009070295,0,0,0.0303492154926,0.000921074883081,0.0670166015625,0,0.0570436567068,0,0,0
R07,21504,0.487619047619,0,0,0.0118095939979,0.000139466501423,0.0310974121094,0,0.0518613420427,0,0,0
R07,22016,0.499229024943,0,0,0.0154246380553,0.000237919462961,0.0426177978516,0,0.0877873823047,0,0,0
R07,22528,0.510839002268,0,0,0.0133174126968,0.00017735347501,0.0296173095703,0,0.109636195004,0,0,0
R07,23040,0.522448979592,0,0,0.00660637300462,4.36441623606e-05,0.0220184326172,0,0.075598731637,0,0,0
R07,23552,0.534058956916,0,0,0.00368172605522,1.35551063067e-05,0.00971984863281,0,0.135794639587,0,0,0
R07,24064,0.54566893424,0,0,0.00250687263906,6.28441011941e-06,0.007568359375,0,0,0,1,0
R07,24576,0.557278911565,0,0,0.0039937836118,1.59503069881e-05,0.0101013183594,0,0.155456498265,0,0,0
R07,25088,0.568888888889,0,0,0.00333753670566,1.11391509563e-05,0.00944519042969,0,0.130037724972,0,0,0
R07,25600,0.580498866213,0,0,0.0023464707192,5.50592449144e-06,0.00480651855469,0,0,0,1,0
R07,26112,0.592108843537,0,0,0.00201271590777,4.05102537115e-06,0.00660705566406,0,0,0,1,0
R07,26624,0.603718820862,0,0,0.00154396658763,2.38383290707e-06,0.00343322753906,0,0,0,1,0
R07,27136,0.615328798186,0,0,0.000987120438367,9.74406702881e-07,0.00259399414062,0,0,0,1,0
R07,27648,0.62693877551,0,0,0.00156786141451,2.45818955591e-06,0.00303649902344,0,0,0,1,0
R07,28160,0.638548752834,0,0,0.0011558320839,1.33594767249e-06,0.0028076171875,0,0,0,1,0
R07,28672,0.650158730159,0,0,0.000804097915534,6.46573425911e-07,0.00202941894531,0,0,0,1,0
R07,29184,0.661768707483,0,0,0.00062143424293,3.8618054532e-07,0.00146484375,0,0,0,1,0
R07,29696,0.673378684807,0,0,0.000564474903513,3.18631919072e-07,0.00137329101562,0,0,0,1,0
R07,30208,0.684988662132,0,0,0.000618341437075,3.82346115657e-07,0.00163269042969,0,0,0,1,0
R07,30720,0.696598639456,0,0,0.000818265078124,6.69557721267e-07,0.00184631347656,0,0,0,1,0
R07,31232,0.70820861678,0,0,0.000671338289976,4.50695097243e-07,0.00149536132812,0,0,0,1,0
R07,31744,0.719818594104,0,0,0.00115288875531,1.32915238282e-06,0.00230407714844,0,0,0,1,0
R07,32256,0.731428571429,0,0,0.00093631783966,8.76691046869e-07,0.0020751953125,0,0,0,1,0
R07,32768,0.743038548753,0,0,0.00104199210182,1.08574749902e-06,0.00224304199219,0,0,0,1,0
R07,33280,0.754648526077,0,0,0.00149546109606,2.23640381591e-06,0.00381469726562,0,0,0,1,0
R07,33792,0.766258503401,0,0,0.00131246459205,1.72256341102e-06,0.00274658203125,0,0,0,1,0
R07,34304,0.777868480726,0,0,0.00108129216824,1.16919272841e-06,0.00224304199219,0,0,0,1,0
R07,34816,0.78947845805,0,0,0.000998443458229,9.96889411908e-07,0.0020751953125,0,0,0,1,0
R07,35328,0.801088435374,0,0,0.000968367152382,9.3773496701e-07,0.00193786621094,0,0,0,1,0
R07,35840,0.812698412698,0,0,0.000835485116113,6.98035364621e-07,0.00190734863281,0,0,0,1,0
R07,36352,0.824308390023,0,0,0.000941588834394,8.86589532456e-07,0.00190734863281,0,0,0,1,0
R07,36864,0.835918367347,0,0,0.000853707664646,7.28816758055e-07,0.00201416015625,0,0,0,1,0
R07,37376,0.847528344671,0,0,0.00113133329432,1.27991506815e-06,0.00218200683594,0,0,0,1,0
R07,37888,0.859138321995,0,0,0.000523726979736,2.74289959634e-07,0.00119018554688,0,0,0,1,0
R07,38400,0.87074829932,0,0,0.00104235031176,1.08649419417e-06,0.00250244140625,0,0,0,1,0
R07,38912,0.882358276644,0,0,0.000862936954945,7.4466015576e-07,0.00196838378906,0,0,0,1,0
R07,39424,0.893968253968,0,0,0.00091164605692,8.31098532217e-07,0.00210571289062,0,0,0,1,0
R07,39936,0.905578231293,0,0,0.000718300987501,5.15956344316e-07,0.00163269042969,0,0,0,1,0
R07,40448,0.917188208617,0,0,0.000873076729476,7.62262970966e-07,0.00175476074219,0,0,0,1,0
R07,40960,0.928798185941,0,0,0.000765547738411,5.8606337916e-07,0.00161743164062,0,0,0,1,0
R07,41472,0.940408163265,0,0,0.000663389684632,4.40085841547e-07,0.00119018554688,0,0,0,1,0
R07,41984,0.95201814059,0,0,0.00110150151886,1.21330549518e-06,0.00245666503906,0,0,0,1,0
R07,42496,0.963628117914,0,0,0.00114850443788,1.3190624486e-06,0.00257873535156,0,0,0,1,0
R07,43008,0.975238095238,0,0,0.00108998757787,1.18807292893e-06,0.00189208984375,0,0,0,1,0
R07,43520,0.986848072562,0,0,0.00077618251089,6.02459294896e-07,0.00151062011719,0,0,0,1,0
R07,44032,0.998458049887,0,0,0.000907375128008,8.23329628474e-07,0.00210571289062,0,0,0,1,0
R07,44544,1.01006802721,0,0,0.00129918567836,1.68788346855e-06,0.00260925292969,0,0,0,1,0
R07,45056,1.02167800454,0,0,0.00140326167457,1.96914334083e-06,0.00274658203125,0,0,0,1,0
R07,45568,1.03328798186,0,0,0.00101862463634,1.03759612102e-06,0.00222778320312,0,0,0,1,0
R07,46080,1.04489795918,0,0,0.00114610546734,1.31355773192e-06,0.00230407714844,0,0,0,1,0
R07,46592,1.05650793651,0,0,0.00082860852126,6.86592102284e-07,0.00155639648438,0,0,0,1,0
R07,47104,1.06811791383,0,0,0.000723265926354,5.23113612871e-07,0.00155639648438,0,0,0,1,0
R07,47616,1.07972789116,0,0,0.00065969658317,4.35199581261e-07,0.00129699707031,0,0,0,1,0
R07,48128,1.09133786848,0,0,0.000793625775259,6.2984190663e-07,0.00152587890625,0,0,0,1,0
R07,48640,1.1029478458,0,0,0.000862786197104,7.44400040276e-07,0.00175476074219,0,0,0,1,0
R07,49152,1.11455782313,0,0,0.00100457470398,1.00917031887e-06,0.00180053710938,0,0,0,1,0
R07,49664,1.12616780045,0,0,0.000638925121166,4.08225332649e-07,0.00135803222656,0,0,0,1,0
R07,50176,1.13777777778,0,0,0.000749098253436,5.61148226552e-07,0.00138854980469,0,0,0,1,0
R07,50688,1.1493877551,0,0,0.000875322904903,7.66190169088e-07,0.00190734863281,0,0,0,1,0
R07,51200,1.16099773243,0,0,0.000508714874741,2.58790805674e-07,0.00140380859375,0,0,0,1,0
R07,51712,1.17260770975,0,0,0.00050450139679,2.54521637544e-07,0.00132751464844,0,0,0,1,0
R07,52224,1.18421768707,0,0,0.000686713377945,4.71575276606e-07,0.00105285644531,0,0,0,1,0
R07,52736,1.1958276644,0,0,0.000694690679666,4.8259516916e-07,0.00160217285156,0,0,0,1,0
R07,53248,1.20743764172,0,0,0.000317609345075,1.00875695352e-07,0.000839233398438,0,0,0,1,0
R07,53760,1.21904761905,0,0,0.000365882966435,1.33870344143e-07,0.000823974609375,0,0,0,1,0
R07,54272,1.23065759637,0,0,0.000621811719611,3.86649844586e-07,0.001220703125,0,0,0,1,0
R07,54784,1.2422675737,0,0,0.000501190545037,2.51191977441e-07,0.00105285644531,0,0,0,1,0
R07,55296,1.25387755102,0,0,0.000539604399819,2.91172909783e-07,0.00166320800781,0,0,0,1,0
R07,55808,1.26548752834,0,0,0.000911474460736,8.30785666039e-07,0.00155639648438,0,0,0,1,0
R07,56320,1.27709750567,0,0,0.000642917235382,4.13342604588e-07,0.00167846679688,0,0,0,1,0
R07,56832,1.28870748299,0,0,0.000601136009209,3.61364527635e-07,0.00123596191406,0,0,0,1,0
R07,57344,1.30031746032,0,0,0.000674452050589,4.54885594081e-07,0.00143432617188,0,0,0,1,0
R07,57856,1.31192743764,0,0,0.000479964975966,2.30366367759e-07,0.00125122070312,0,0,0,1,0
R07,58368,1.32353741497,0,0,0.00052429625066,2.74886588159e-07,0.00114440917969,0,0,0,1,0
R07,58880,1.33514739229,0,0,0.0220220405608,0.000484970281832,0.0635070800781,0,0.332730352879,0,0,0
R07,59392,1.34675736961,0,0,0.0290584322065,0.000844392518047,0.0618591308594,0,0.405307263136,0,0,0
R07,59904,1.35836734694,0,0,0.0221966896206,0.000492693041451,0.0549163818359,0,0.317886352539,0,0,0
R07,60416,1.36997732426,0,0,0.23334774375,0.0544511675835,0.552001953125,0,0.827132165432,1,0,0
R07,60928,1.38158730159,0,0,0.11598277837,0.0134520055726,0.210708618164,0,0.195384830236,0,0,0
R07,61440,1.39319727891,0,0,0.192042216659,0.0368802137673,0.422592163086,0,0.238630801439,0,0,0
R07,61952,1.40480725624,0,0,0.126468628645,0.0159943141043,0.213134765625,0,0.151177823544,0,0,0
R07,62464,1.41641723356,0,0,0.0829917415977,0.00688762869686,0.206497192383,0,0.0987254455686,0,0,0
R07,62976,1.42802721088,0,0,0.142005562782,0.0201655793935,0.293960571289,0,0.140866547823,0,0,0
R07,63488,1.43963718821,0,0,0.0605781152844,0.00366970803589,0.113052368164,0,0.0616352409124,0,0,0
R07,64000,1.45124716553,0,0,0.0730806216598,0.00534077687189,0.133117675781,0,0.0688821226358,0,0,0
R07,64512,1.46285714286,0,0,0.0590611509979,0.00348821957596,0.119873046875,0,0.135240718722,0,0,0
R07,65024,1.47446712018,0,0,0.0731601789594,0.00535241141915,0.13899230957,0,0.163570612669,0,0,0
R07,65536,1.48607709751,0,0,0.0689176619053,0.00474964408204,0.125595092773,0,0.0926832705736,0,0,0
R07,66048,1.49768707483,0,0,0.0605246648192,0.00366323487833,0.112045288086,0,0.152085781097,0,0,0
R07,66560,1.50929705215,0,0,0.0731350630522,0.00534873781726,0.149291992188,0,0.218400940299,0,0,0
R07,67072,1.52090702948,0,0,0.0519141964614,0.00269508361816,0.140838623047,0,0.102108873427,0,0,0
R07,67584,1.5325170068,0,0,0.052796985954,0.00278752157465,0.106216430664,0,0.156489595771,0,0,0
R07,68096,1.54412698413,0,0,0.0447016395628,0.0019982366357,0.0898895263672,0,0.142851904035,0,0,0
R07,68608,1.55573696145,0,0,0.0464765615761,0.00216007092968,0.093017578125,0,0.190624207258,0,0,0
R07,69120,1.56734693878,0,0,0.0758061930537,0.00574657926336,0.180053710938,0,0.231201767921,0,0,0
R07,69632,1.5789569161,0,0,0.0784253329039,0.00615053251386,0.164627075195,0,0.205326601863,0,0,0
R07,70144,1.59056689342,0,0,0.0716422125697,0.00513260671869,0.147369384766,0,0.151157766581,0,0,0
R07,70656,1.60217687075,164.998977661,0.87563765049,0.0836626887321,0.00699944561347,0.150009155273,0,0.175933524966,0,0,0
R07,71168,1.61378684807,165.054336548,0.922851741314,0.073346413672,0.00537969591096,0.13362121582,0,0.185596361756,0,0,0
R07,71680,1.6253968254,165.07359314,0.94742923975,0.101901352406,0.0103838853538,0.209732055664,0,0.202977046371,0,0,0
R07,72192,1.63700680272,165.007034302,0.958523690701,0.105802841485,0.0111942412332,0.21110534668,0,0.139429703355,0,0,0
R07,72704,1.64861678005,165.010482788,0.967084228992,0.108359530568,0.0117417881265,0.221725463867,0,0.147173210979,0,0,0
R07,73216,1.66022675737,164.993667603,0.974322140217,0.117892958224,0.0138987489045,0.217483520508,0,0.162384241819,0,0,0
R07,73728,1.67183673469,164.934844971,0.980555295944,0.109890110791,0.0120758358389,0.207168579102,0,0.149384498596,0,0,0
R07,74240,1.68344671202,165.035964966,0.986644029617,0.113441735506,0.0128690265119,0.223937988281,0,0.163444295526,0,0,0
R07,74752,1.69505668934,165.073547363,0.990881800652,0.120449848473,0.0145081654191,0.244857788086,0,0.124749548733,0,0,0
R07,75264,1.70666666667,165.072479248,0.993462264538,0.119447499514,0.0142677044496,0.253311157227,0,0.148737311363,0,0,0
R07,75776,1.71827664399,165.090499878,0.9946616292,0.12646125257,0.0159924477339,0.276809692383,0,0.118191100657,0,0,0
R07,76288,1.72988662132,164.944915771,0.995054364204,0.1258264184,0.0158322863281,0.271133422852,0,0.0832495763898,0,0,0
R07,76800,1.74149659864,164.978424072,0.995286107063,0.113971486688,0.0129895005375,0.244400024414,0,0.0881828069687,0,0,0
R07,77312,1.75310657596,165.027313232,0.995032429695,0.106898583472,0.0114273075014,0.231781005859,0,0.105171196163,0,0,0
R07,77824,1.76471655329,164.976760864,0.994823098183,0.0938119366765,0.00880067888647,0.199493408203,0,0.0911611840129,0,0,0
R07,78336,1.77632653061,164.98236084,0.994615793228,0.0859465375543,0.0073868073523,0.175506591797,0,0.110522463918,0,0,0
R07,78848,1.78793650794,164.971405029,0.994515240192,0.0794092044234,0.00630582123995,0.15837097168,0,0.0728870630264,0,0,0
R07,79360,1.79954648526,164.929656982,0.994189023972,0.07271835953,0.0052879601717,0.138656616211,0,0.11838247627,0,0,0
R07,79872,1.81115646259,165.07585144,0.993673563004,0.0693732947111,0.00481265364215,0.142623901367,0,0.113897927105,0,0,0
R07,80384,1.82276643991,165.205169678,0.993411242962,0.0700873658061,0.00491223856807,0.145858764648,0,0.0705572068691,0,0,0
R07,80896,1.83437641723,165.202224731,0.992796957493,0.0715976804495,0.00512622762471,0.135406494141,0,0.0709136202931,0,0,0
R07,81408,1.84598639456,165.165145874,0.991498708725,0.0787866711617,0.00620733993128,0.156143188477,0,0.110442094505,0,0,0
R07,81920,1.85759637188,165.216156006,0.990957438946,0.079314045608,0.00629071751609,0.169448852539,0,0.110905982554,0,0,0
R07,82432,1.86920634921,165.223724365,0.991389513016,0.0803298428655,0.0064528840594,0.161346435547,0,0.0940797626972,0,0,0
R07,82944,1.88081632653,165.222305298,0.991145133972,0.0813949033618,0.00662513077259,0.174819946289,0,0.10648214072,0,0,0
R07,83456,1.89242630385,165.207351685,0.990282535553,0.074273571372,0.00551656307653,0.168472290039,0,0.115657664835,0,0,0
R07,83968,1.90403628118,165.231842041,0.990162730217,0.0679440647364,0.004616396036,0.153991699219,0,0.109293311834,0,0,0
R07,84480,1.9156462585,165.183273315,0.99002879858,0.05999718979,0.00359966256656,0.132629394531,0,0.0890046283603,0,0,0
R07,84992,1.92725623583,165.144744873,0.990110456944,0.0565942712128,0.00320291169919,0.126770019531,0,0.0990755185485,0,0,0
R07,85504,1.93886621315,165.128219604,0.989854693413,0.0598611608148,0.00358335860074,0.13899230957,0,0.138966023922,0,0,0
R07,86016,1.95047619048,165.095352173,0.989469945431,0.0585895366967,0.0034327339381,0.153762817383,0,0.113635823131,0,0,0
R07,86528,1.9620861678,165.08140564,0.98948431015,0.0650019720197,0.00422525638714,0.156097412109,0,0.110142707825,0,0,0
R07,87040,1.97369614512,165.042648315,0.988860547543,0.0768173336983,0.00590090220794,0.183029174805,0,0.102477416396,0,0,0
R07,87552,1.98530612245,164.931137085,0.988379597664,0.0913246944547,0.00834019947797,0.190444946289,0,0.123379819095,0,0,0
R07,88064,1.99691609977,164.802886963,0.989818811417,0.106998302042,0.011448636651,0.220230102539,0,0.138298600912,0,0,0
R07,88576,2.0085260771,164.819732666,0.991165876389,0.119241900742,0.0142186312005,0.230575561523,0,0.140433609486,0,0,0
R07,89088,2.02013605442,164.88760376,0.992710471153,0.128174334764,0.0164286606014,0.24641418457,0,0.107593022287,0,0,0
R07,89600,2.03174603175,164.867584229,0.994017541409,0.13510428369,0.0182531662285,0.252517700195,0,0.161553367972,0,0,0
R07,90112,2.04335600907,164.810470581,0.994933068752,0.141263440251,0.0199553575367,0.266738891602,0,0.133287519217,0,0,0
R07,90624,2.05496598639,164.853775024,0.995828688145,0.155211359262,0.0240905676037,0.284027099609,0,0.109693787992,0,0,0
R07,91136,2.06657596372,164.861724854,0.996483743191,0.151244536042,0.0228749103844,0.283584594727,0,0.127095505595,0,0,0
R07,91648,2.07818594104,164.880401611,0.99684792757,0.127267122269,0.0161969196051,0.25505065918,0,0.102394983172,0,0,0
R07,92160,2.08979591837,164.887374878,0.996465325356,0.11825350672,0.0139838913456,0.2392578125,0,0.0920592993498,0,0,0
R07,92672,2.10140589569,164.879806519,0.995930671692,0.112674809992,0.0126956133172,0.225387573242,0,0.0630953982472,0,0,0
R07,93184,2.11301587302,164.839416504,0.995719015598,0.101481884718,0.0102985724807,0.189239501953,0,0.0666995197535,0,0,0
R07,93696,2.12462585034,164.903823853,0.995677471161,0.103004090488,0.0106098428369,0.193298339844,0,0.133430123329,0,0,0
R07,94208,2.13623582766,164.939666748,0.995318651199,0.0990843698382,0.00981771200895,0.191955566406,0,0.102337323129,0,0,0
R07,94720,2.14784580499,165.04359436,0.993932247162,0.0944017842412,0.00891169719398,0.191024780273,0,0.0797559693456,0,0,0
R07,95232,2.15945578231,165.269470215,0.993142843246,0.0940398350358,0.00884349085391,0.197616577148,0,0.112719409168,0,0,0
R07,95744,2.17106575964,165.307220459,0.992951571941,0.095637306571,0.00914649385959,0.204330444336,0,0.102774351835,0,0,0
R07,96256,2.18267573696,165.437179565,0.994193673134,0.100507922471,0.0101018417627,0.223571777344,0,0.0853565260768,0,0,0
R07,96768,2.19428571429,165.444091797,0.994640171528,0.104695811868,0.0109612131491,0.220779418945,0,0.0813334733248,0,0,0
R07,97280,2.20589569161,165.465820312,0.994538545609,0.107511684299,0.0115587618202,0.237838745117,0,0.12079166621,0,0,0
R07,97792,2.21750566893,165.415390015,0.994319438934,0.103382915258,0.0106880264357,0.247573852539,0,0.143802270293,0,0,0
R07,98304,2.22911564626,165.225357056,0.994919896126,0.105117201805,0.0110496263951,0.25146484375,0,0.100892610848,0,0,0
R07,98816,2.24072562358,164.930053711,0.995610773563,0.114428110421,0.0130937919021,0.233215332031,0,0.0843116790056,0,0,0
R07,99328,2.25233560091,164.78578186,0.99587816,0.119739077985,0.0143374474719,0.231674194336,0,0.0965952575207,0,0,0
R07,99840,2.26394557823,164.719406128,0.995737671852,0.127046898007,0.0161409135908,0.237548828125,0,0.118122957647,0,0,0
R07,100352,2.27555555556,164.756088257,0.995942234993,0.129861488938,0.0168640054762,0.251770019531,0,0.128181323409,0,0,0
R07,100864,2.28716553288,164.770721436,0.996066570282,0.129610911012,0.0167989898473,0.247756958008,0,0.0891612246633,0,0,0
R07,101376,2.2987755102,164.711791992,0.996143877506,0.124377056956,0.0154696516693,0.247634887695,0,0.119991190732,0,0,0
R07,101888,2.31038548753,164.717498779,0.996034264565,0.110485889018,0.0122071318328,0.212921142578,0,0.0891578346491,0,0,0
R07,102400,2.32199546485,164.674087524,0.995605885983,0.105043560266,0.0110341496766,0.188842773438,0,0.095303915441,0,0,0
R07,102912,2.33360544218,164.690567017,0.995419859886,0.110410369933,0.0121904499829,0.20475769043,0,0.0817893072963,0,0,0
R07,103424,2.3452154195,164.666671753,0.99514913559,0.113791286945,0.0129484562203,0.216751098633,0,0.10350343585,0,0,0
R07,103936,2.35682539683,164.666152954,0.995361089706,0.128154933453,0.0164236854762,0.227523803711,0,0.0849775001407,0,0,0
R07,104448,2.36843537415,164.601135254,0.99527746439,0.140053540468,0.0196149945259,0.240875244141,0,0.100236050785,0,0,0
R07,104960,2.38004535147,164.722442627,0.994956970215,0.149839624763,0.0224519148469,0.255340576172,0,0.0907468274236,0,0,0
R07,105472,2.3916553288,164.88835144,0.995015442371,0.152093738317,0.0231325030327,0.2548828125,0,0.128547087312,0,0,0
R07,105984,2.40326530612,165.069595337,0.995225608349,0.137025073171,0.0187758710235,0.239349365234,0,0.102154903114,0,0,0
R07,106496,2.41487528345,165.186141968,0.995881617069,0.134334474802,0.0180457495153,0.233367919922,0,0.0887628346682,0,0,0
R07,107008,2.42648526077,165.247085571,0.99638825655,0.126674860716,0.0160465184599,0.228286743164,0,0.123348265886,0,0,0
R07,107520,2.4380952381,165.337112427,0.996972203255,0.122726686299,0.015061840415,0.248306274414,0,0.117337308824,0,0,0
R07,108032,2.44970521542,165.362609863,0.997414648533,0.118427149951,0.0140249896795,0.249633789062,0,0.108692601323,0,0,0
R07,108544,2.46131519274,165.360870361,0.997447669506,0.122723482549,0.0150610534474,0.247161865234,0,0.0657793208957,0,0,0
R07,109056,2.47292517007,165.263809204,0.997619390488,0.122784204781,0.0150759601966,0.251937866211,0,0.0817705467343,0,0,0
R07,109568,2.48453514739,165.116439819,0.997892737389,0.121358044446,0.0147277740762,0.256256103516,0,0.0728015825152,0,0,0
R07,110080,2.49614512472,165.033569336,0.99787312746,0.119612976909,0.0143072642386,0.245986938477,0,0.0798881649971,0,0,0
R07,110592,2.50775510204,165.013641357,0.99799144268,0.124974444509,0.0156186120585,0.258377075195,0,0.0468470156193,0,0,0
R07,111104,2.51936507937,164.962478638,0.998008728027,0.127563789487,0.0162725187838,0.256774902344,0,0.087800398469,0,0,0
R07,111616,2.53097505669,164.940185547,0.998139500618,0.12800757587,0.0163859408349,0.262176513672,0,0.11921800673,0,0,0
R07,112128,2.54258503401,164.9193573,0.998171687126,0.126203969121,0.0159274432808,0.256698608398,0,0.083809517324,0,0,0
R07,112640,2.55419501134,164.885040283,0.99804520607,0.125454291701,0.0157387778163,0.234680175781,0,0.0584230162203,0,0,0
R07,113152,2.56580498866,164.894088745,0.998117566109,0.121316567063,0.0147177092731,0.225982666016,0,0.114023305476,0,0,0
R07,113664,2.57741496599,164.902862549,0.998022854328,0.116264887154,0.0135175231844,0.214447021484,0,0.0896327272058,0,0,0
R07,114176,2.58902494331,164.85647583,0.997995376587,0.117870979011,0.0138935670257,0.221878051758,0,0.0794372707605,0,0,0
R07,114688,2.60063492063,164.932861328,0.997923254967,0.118879891932,0.0141324289143,0.22346496582,0,0.0713378563523,0,0,0
R07,115200,2.61224489796,165.039794922,0.997807681561,0.117565765977,0.0138217099011,0.219833374023,0,0.0772451385856,0,0,0
R07,115712,2.62385487528,165.092880249,0.997592449188,0.114457637072,0.01310055051,0.217788696289,0,0.0776458010077,0,0,0
R07,116224,2.63546485261,165.207351685,0.997467875481,0.10792312026,0.0116474004462,0.1962890625,0,0.120854258537,0,0,0
R07,116736,2.64707482993,165.350830078,0.997099936008,0.103638157248,0.0107408678159,0.191024780273,0,0.0712249353528,0,0,0
R07,117248,2.65868480726,165.458496094,0.99652582407,0.0991782099009,0.00983631797135,0.217086791992,0,0.120373137295,0,0,0
R07,117760,2.67029478458,165.709915161,0.996232390404,0.0924354717135,0.00854431651533,0.224548339844,0,0.0839012786746,0,0,0
R07,118272,2.6819047619,165.925140381,0.995359778404,0.0914972573519,0.00837174803019,0.227142333984,0,0.079114459455,0,0,0
R07,118784,2.69351473923,166.165542603,0.992934703827,0.0973303243518,0.00947319157422,0.202926635742,0,0.0906355977058,0,0,0
R07,119296,2.70512471655,166.323547363,0.992203712463,0.111967273057,0.0125366700813,0.21549987793,0,0.0986618176103,0,0,0
R07,119808,2.71673469388,166.399658203,0.992438912392,0.12407335639,0.0153941977769,0.235229492188,0,0.0814582854509,0,0,0
R07,120320,2.7283446712,166.424957275,0.992927968502,0.12611554563,0.0159051325172,0.234008789062,0,0.0821422934532,0,0,0
R07,120832,2.73995464853,166.363998413,0.992980718613,0.116731278598,0.0136261908337,0.233352661133,0,0.120657853782,0,0,0
R07,121344,2.75156462585,166.197021484,0.992454409599,0.102067045867,0.0104176821187,0.224349975586,0,0.082896925509,0,0,0
R07,121856,2.76317460317,166.028839111,0.992740929127,0.0972750261426,0.00946243014187,0.223663330078,0,0.0747810676694,0,0,0
R07,122368,2.7747845805,165.873504639,0.993340432644,0.082589507103,0.00682102655992,0.203918457031,0,0.0990787819028,0,0,0
R07,122880,2.78639455782,165.682556152,0.994826734066,0.0709240436554,0.00503022037446,0.172149658203,0,0.091543212533,0,0,0
R07,123392,2.79800453515,165.517807007,0.993915736675,0.0656692162156,0.00431244587526,0.154678344727,0,0.0929679051042,0,0,0
R07,123904,2.80961451247,165.334091187,0.992553770542,0.0707882791758,0.00501098064706,0.140670776367,0,0.079213231802,0,0,0
R07,124416,2.8212244898,165.195587158,0.991388678551,0.0773464217782,0.00598246930167,0.149276733398,0,0.0957559794188,0,0,0
R07,124928,2.83283446712,165.254562378,0.990472435951,0.0798380672932,0.00637411745265,0.156585693359,0,0.135699868202,0,0,0
R07,125440,2.84444444444,165.280090332,0.989827811718,0.0803902894258,0.00646259821951,0.15510559082,0,0.0788301303983,0,0,0
R07,125952,2.85605442177,165.309448242,0.988754451275,0.0679341629148,0.00461505027488,0.127822875977,0,0.0735770687461,0,0,0
R07,126464,2.86766439909,165.325866699,0.988202571869,0.0536469854414,0.00287799886428,0.109924316406,0,0.0814153030515,0,0,0
R07,126976,2.87927437642,165.421112061,0.988032102585,0.0434477776289,0.00188770948444,0.0790405273438,0,0.0995035246015,0,0,0
R07,127488,2.89088435374,165.469985962,0.987485945225,0.0366912148893,0.00134624529164,0.0838470458984,0,0.100392743945,0,0,0
R07,128000,2.90249433107,165.518005371,0.986511468887,0.0396384783089,0.00157120905351,0.0948333740234,0,0.110234342515,0,0,0
R07,128512,2.91410430839,165.461868286,0.983022749424,0.0402195602655,0.00161761289928,0.0930328369141,0,0.142006516457,0,0,0
R07,129024,2.92571428571,165.282852173,0.974461019039,0.0371094569564,0.00137711176649,0.0840148925781,0,0.0999878719449,0,0,0
R07,129536,2.93732426304,165.250717163,0.9640224576,0.0301381163299,0.000908306043129,0.0545959472656,0,0.0917070508003,0,0,0
R07,130048,2.94893424036,165.149978638,0.955198585987,0.0275876652449,0.000761079310905,0.0594482421875,0,0.104735694826,0,0,0
R07,130560,2.96054421769,165.092224121,0.944056093693,0.0212357547134,0.000450957304565,0.0483703613281,0,0.104580014944,0,0,0
R07,131072,2.97215419501,165.055206299,0.934597373009,0.0224753692746,0.000505142204929,0.0515594482422,0,0.125330984592,0,0,0
R07,131584,2.98376417234,165.053619385,0.923586428165,0.0130719915032,0.000170876955963,0.0296325683594,0,0.110927805305,0,0,0
R07,132096,2.99537414966,165.037902832,0.910993158817,0.016080154106,0.000258571351878,0.0343170166016,0,0.132927894592,0,0,0
R07,132608,3.00698412698,165.062072754,0.901773333549,0.0203750394285,0.000415142218117,0.0460052490234,0,0.153792947531,0,0,0
R07,133120,3.01859410431,165.138839722,0.908216178417,0.0166835784912,0.000278341816738,0.0390472412109,0,0.0941243693233,0,0,0
R07,133632,3.03020408163,165.132843018,0.896981716156,0.0166058335453,0.000275753729511,0.0348052978516,0,0.130636721849,0,0,0
R07,134144,3.04181405896,165.129013062,0.88242149353,0.0170417837799,0.000290422409307,0.0392150878906,0,0.110265761614,0,0,0
R07,134656,3.05342403628,165.140258789,0.887238025665,0.0148703595623,0.000221127585974,0.0310363769531,0,0.129487216473,0,0,0
R07,135168,3.06503401361,165.192214966,0.906422734261,0.0189764611423,0.00036010608892,0.0455932617188,0,0.119737304747,0,0,0
R07,135680,3.07664399093,165.165512085,0.921656847,0.0158879254013,0.000252426165389,0.0421295166016,0,0.118544355035,0,0,0
R07,136192,3.08825396825,165.34425354,0.929534554482,0.0149054741487,0.000222173170187,0.0341491699219,0,0.179848462343,0,0,0
R07,136704,3.09986394558,165.644104004,0.930430591106,0.0181705802679,0.000330169976223,0.0442352294922,0,0.131496891379,0,0,0
R07,137216,3.1114739229,165.551559448,0.935699284077,0.0195596925914,0.000382581580197,0.0425872802734,0,0.108986221254,0,0,0
R07,137728,3.12308390023,165.481567383,0.945561945438,0.0206050947309,0.000424569909228,0.0388031005859,0,0.153507366776,0,0,0
R07,138240,3.13469387755,165.370239258,0.95572000742,0.0218296777457,0.000476534856716,0.0407257080078,0,0.138195723295,0,0,0
R07,138752,3.14630385488,165.250610352,0.964180707932,0.0207584798336,0.000430914515164,0.0396423339844,0,0.126402273774,0,0,0
R07,139264,3.1579138322,165.310409546,0.971481084824,0.0193911436945,0.000376016483642,0.0389556884766,0,0.154373526573,0,0,0
R07,139776,3.16952380952,165.129119873,0.973470568657,0.0175122506917,0.000306678935885,0.0363616943359,0,0.127272665501,0,0,0
R07,140288,3.18113378685,164.871704102,0.976452589035,0.0178975965828,0.000320323946653,0.0332794189453,0,0.141565963626,0,0,0
R07,140800,3.19274376417,164.810623169,0.978387832642,0.0172771029174,0.000298498285701,0.0357513427734,0,0.150768876076,0,0,0
R07,141312,3.2043537415,164.810897827,0.982201993465,0.0171080306172,0.00029268473736,0.0355072021484,0,0.0997210741043,0,0,0
R07,141824,3.21596371882,164.818557739,0.983105659485,0.0173099320382,0.000299633771647,0.0336151123047,0,0.09406901896,0,0,0
R07,142336,3.22757369615,164.788879395,0.982912302017,0.0173576809466,0.000301289110212,0.0309448242188,0,0.0979437604547,0,0,0
R07,142848,3.23918367347,164.614257812,0.982389330864,0.0153652057052,0.000236089545069,0.0283203125,0,0.0819615647197,0,0,0
R07,143360,3.25079365079,164.585098267,0.982913970947,0.0144249936566,0.000208080440643,0.0265197753906,0,0.119064204395,0,0,0
R07,143872,3.26240362812,164.533782959,0.983285367489,0.0134409656748,0.000180659553735,0.025390625,0,0.109156310558,0,0,0
R07,144384,3.27401360544,164.503921509,0.986272394657,0.013272064738,0.000176147703314,0.0240783691406,0,0.111918143928,0,0,0
R07,144896,3.28562358277,164.303878784,0.984769046307,0.0134687712416,0.000181407798664,0.0261077880859,0,0.147202074528,0,0,0
R07,145408,3.29723356009,164.171295166,0.982685625553,0.0143466060981,0.000205825112062,0.0262451171875,0,0.106771834195,0,0,0
R07,145920,3.30884353741,164.321548462,0.98014831543,0.0159935690463,0.000255794235272,0.0307922363281,0,0.108772404492,0,0,0
R07,146432,3.32045351474,164.609680176,0.979497849941,0.0156807433814,0.000245885719778,0.0287628173828,0,0.106612093747,0,0,0
R07,146944,3.33206349206,164.742919922,0.979164898396,0.0170001406223,0.000289004790829,0.0302581787109,0,0.0948500707746,0,0,0
R07,147456,3.34367346939,164.846542358,0.979494869709,0.0152012109756,0.000231076803175,0.0263061523438,0,0.0938599854708,0,0,0
R07,147968,3.35528344671,165.009719849,0.981085598469,0.0128714842722,0.000165675097378,0.0240173339844,0,0.0968575403094,0,0,0
R07,148480,3.36689342404,165.11265564,0.97902494669,0.0103446394205,0.00010701156134,0.0216827392578,0,0.131459087133,0,0,0
R07,148992,3.37850340136,165.284698486,0.97932612896,0.00772121082991,5.96170939389e-05,0.0162811279297,0,0.132087126374,0,0,0
R07,149504,3.39011337868,165.345108032,0.978825867176,0.00632865633816,4.00518911192e-05,0.0124816894531,0,0.110777363181,0,0,0
R07,150016,3.40172335601,165.34588623,0.978265225887,0.00538912788033,2.90426996798e-05,0.0120544433594,0,0.131111785769,0,0,0
R07,150528,3.41333333333,165.192779541,0.973469913006,0.00528924819082,2.7976147976e-05,0.0101776123047,0,0.135206907988,0,0,0
R07,151040,3.42494331066,165.403610229,0.968599498272,0.00604020245373,3.64840452676e-05,0.0127868652344,0,0.0791072994471,0,0,0
R07,151552,3.43655328798,165.201660156,0.961296617985,0.00727173686028,5.28781602043e-05,0.0133819580078,0,0.0875963568687,0,0,0
R07,152064,3.44816326531,164.748504639,0.953947484493,0.00775568932295,6.01507199463e-05,0.0154571533203,0,0.097066886723,0,0,0
R07,152576,3.45977324263,164.715805054,0.957917273045,0.00838710926473,7.0343608968e-05,0.016357421875,0,0.0796355828643,0,0,0
R07,153088,3.47138321995,164.452957153,0.962539732456,0.0088996021077,7.92029168224e-05,0.0151824951172,0,0.112979955971,0,0,0
R07,153600,3.48299319728,164.618942261,0.96408188343,0.00726886792108,5.28364435013e-05,0.0133056640625,0,0.109957650304,0,0,0
R07,154112,3.4946031746,164.84197998,0.972753942013,0.00739975180477,5.47563286091e-05,0.0134429931641,0,0.140340641141,0,0,0
R07,154624,3.50621315193,164.882446289,0.969412565231,0.00641093449667,4.1100080125e-05,0.0109100341797,0,0.136982887983,0,0,0
R07,155136,3.51782312925,164.91986084,0.971031010151,0.00652152253315,4.25302569056e-05,0.0126800537109,0,0.118337154388,0,0,0
R07,155648,3.52943310658,164.909103394,0.970856785774,0.00743350014091,5.52569217689e-05,0.0137023925781,0,0.147594988346,0,0,0
R07,156160,3.5410430839,164.742477417,0.96578848362,0.00726393936202,5.27648116986e-05,0.0144958496094,0,0.154714301229,0,0,0
R07,156672,3.55265306122,164.746826172,0.959768414497,0.00661814725026,4.37998751295e-05,0.0125274658203,0,0.101666919887,0,0,0
R07,157184,3.56426303855,164.867736816,0.954851448536,0.00725704990327,5.26647745573e-05,0.0145263671875,0,0.11956602335,0,0,0
R07,157696,3.57587301587,164.752914429,0.947447061539,0.00667024683207,4.44921897724e-05,0.0117797851562,0,0.137927696109,0,0,0
R07,158208,3.5874829932,164.766326904,0.936913311481,0.00615227175876,3.78504482796e-05,0.0137786865234,0,0.120399706066,0,0,0
R07,158720,3.59909297052,164.687393188,0.923593044281,0.00639490317553,4.08947889809e-05,0.0120239257812,0,0.120798900723,0,0,0
R07,159232,3.61070294785,329.939025879,0.85763412714,0.0057625467889,3.32069430442e-05,0.0121612548828,0,0.111345030367,0,0,0
R07,159744,3.62231292517,330.760131836,0.877790093422,0.00497706886381,2.47712123382e-05,0.009033203125,0,0.124888062477,0,0,0
R07,160256,3.63392290249,330.254699707,0.878235280514,0.00592831429094,3.51449089067e-05,0.0140228271484,0,0.158478170633,0,0,0
R07,160768,3.64553287982,164.59828186,0.89519572258,0.00595245836303,3.54317598976e-05,0.0124969482422,0,0.130751386285,0,0,0
R07,161280,3.65714285714,164.658676147,0.880649507046,0.00495081720874,2.45105893555e-05,0.0121765136719,0,0.107398495078,0,0,0
R07,161792,3.66875283447,164.501785278,0.87748426199,0.00464661233127,2.15910040424e-05,0.00885009765625,0,0.158368125558,0,0,0
R07,162304,3.68036281179,164.395751953,0.882726788521,0.00445675617084,1.98626748897e-05,0.00920104980469,0,0.109929308295,0,0,0
R07,162816,3.69197278912,164.707839966,0.878026485443,0.00401096139103,1.60878098541e-05,0.00736999511719,0,0.103923402727,0,0,0
R07,163328,3.70358276644,164.643081665,0.874991774559,0.00419045425951,1.75599052454e-05,0.00837707519531,0,0.138557389379,0,0,0
R07,163840,3.71519274376,164.373916626,0.862510085106,0.00350104132667,1.22572910186e-05,0.00747680664062,0,0.10110052675,0,0,0
R07,164352,3.72680272109,164.808609009,0.857313334942,0.00322286295705,1.03868451333e-05,0.0074462890625,0,0.152838245034,0,0,0
R07,164864,3.73841269841,164.637649536,0.86614048481,0.00326906563714,1.06867901195e-05,0.00680541992188,0,0.112910985947,0,0,0
R07,165376,3.75002267574,0,0,0.00298192747869,8.89189141162e-06,0.00732421875,0,0,0,1,0
R07,165888,3.76163265306,0,0,0.00231135403737,5.34235778105e-06,0.00569152832031,0,0,0,1,0
R07,166400,3.77324263039,164.182922363,0.871412217617,0.00314991013147,9.92193326965e-06,0.00657653808594,0,0.136201620102,0,0,0
R07,166912,3.78485260771,164.0262146,0.876317977905,0.00351815763861,1.23774334497e-05,0.00701904296875,0,0.121023714542,0,0,0
R07,167424,3.79646258503,164.730133057,0.866690516472,0.00367711647414,1.35211848828e-05,0.00778198242188,0,0.197432398796,0,0,0
R07,167936,3.80807256236,164.647140503,0.874280512333,0.00399601319805,1.59681221703e-05,0.00946044921875,0,0.146650165319,0,0,0
R07,168448,3.81968253968,164.940216064,0.885964214802,0.00444252043962,1.97359877347e-05,0.00831604003906,0,0.164264827967,0,0,0
R07,168960,3.83129251701,165.105667114,0.878334701061,0.00402555894107,1.62051237567e-05,0.00830078125,0,0.192163378,0,0,0
R07,169472,3.84290249433,164.958572388,0.88006991148,0.00321899331175,1.0361918612e-05,0.00653076171875,0,0.120388276875,0,0,0
R07,169984,3.85451247166,164.908187866,0.87526088953,0.00300410320051,9.02463580132e-06,0.00688171386719,0,0.144643843174,0,0,0
R07,170496,3.86612244898,0,0,0.00493834726512,2.43872727879e-05,0.00816345214844,0,0.292106240988,0,0,0
R07,171008,3.8777324263,0,0,0.00848298333585,7.19610106898e-05,0.0160827636719,0,0.364681094885,0,0,0
R07,171520,3.88934240363,0,0,0.00447670649737,2.00408994715e-05,0.00849914550781,0,0.137128487229,0,0,0
R07,172032,3.90095238095,0,0,0.00280944304541,7.8929697338e-06,0.00697326660156,0,0,0,1,0
R07,172544,3.91256235828,0,0,0.00699721742421,4.89610538352e-05,0.0152130126953,0,0.211686521769,0,0,0
R07,173056,3.9241723356,0,0,0.00946363713592,8.95604243851e-05,0.0186157226562,0,0.24386473,0,0,0
R07,173568,3.93578231293,0,0,0.00490694493055,2.40781064349e-05,0.0131225585938,0,0.132900595665,0,0,0
R07,174080,3.94739229025,0,0,0.0047517484054,2.25791136472e-05,0.00909423828125,0,0.120325110853,0,0,0
R07,174592,3.95900226757,0,0,0.00292218802497,8.53918299981e-06,0.00665283203125,0,0,0,1,0
R08,0,0,0,0,0,0,0,0,0,0,1,0
R08,512,0.0116099773243,0,0,0,0,0,0,0,0,1,0
R08,1024,0.0232199546485,0,0,0,0,0,0,0,0,1,0
R08,1536,0.0348299319728,0,0,0,0,0,0,0,0,1,0
R08,2048,0.0464399092971,0,0,0,0,0,0,0,0,1,0
R08,2560,0.0580498866213,0,0,0,0,0,0,0,0,1,0
R08,3072,0.0696598639456,0,0,0,0,0,0,0,0,1,0
R08,3584,0.0812698412698,0,0,1.34869912927e-06,1.81898940355e-12,1.52587890625e-05,0,0,0,1,0
R08,4096,0.0928798185941,0,0,6.81059691487e-06,4.63842297904e-11,1.52587890625e-05,0,0,0,1,0
R08,4608,0.104489795918,0,0,1.16019491543e-05,1.34605215862e-10,3.0517578125e-05,0,0,0,1,0
R08,5120,0.116099773243,0,0,1.38200539368e-05,1.90993887372e-10,4.57763671875e-05,0,0,0,1,0
R08,5632,0.127709750567,0,0,1.29186792037e-05,1.66892277775e-10,4.57763671875e-05,0,0,0,1,0
R08,6144,0.139319727891,0,0,5.75651283725e-05,3.31374394591e-09,0.000350952148438,0,0,0,1,0
R08,6656,0.150929705215,0,0,0.000141817174153,2.01121110877e-08,0.00030517578125,0,0,0,1,0
R08,7168,0.16253968254,0,0,0.000151180691319,2.28556018556e-08,0.000442504882812,0,0,0,1,0
R08,7680,0.174149659864,0,0,0.000270033022389,7.29178282199e-08,0.000503540039062,0,0,0,1,0
R08,8192,0.185759637188,0,0,0.000188159247045,3.54039002559e-08,0.000381469726562,0,0,0,1,0
R08,8704,0.197369614512,0,0,0.000238346096012,5.68088580621e-08,0.000564575195312,0,0,0,1,0
R08,9216,0.208979591837,0,0,0.000524417671841,2.75013917417e-07,0.00100708007812,0,0,0,1,0
R08,9728,0.220589569161,0,0,0.000442099786596,1.954522304e-07,0.00128173828125,0,0,0,1,0
R08,10240,0.232199546485,0,0,0.000916287710425,8.3958320829e-07,0.00178527832031,0,0,0,1,0
R08,10752,0.24380952381,0,0,0.000671908725053,4.51461346529e-07,0.00148010253906,0,0,0,1,0
R08,11264,0.255419501134,0,0,0.000762627634685,5.81600943406e-07,0.00198364257812,0,0,0,1,0
R08,11776,0.267029478458,0,0,0.00106591335498,1.13617124953e-06,0.00225830078125,0,0,0,1,0
R08,12288,0.278639455782,0,0,0.00136929936707,1.87498062587e-06,0.0030517578125,0,0,0,1,0
R08,12800,0.290249433107,0,0,0.00161792780273,2.61769037024e-06,0.0028076171875,0,0,0,1,0
R08,13312,0.301859410431,0,0,0.00105102628004,1.10465634862e-06,0.00224304199219,0,0,0,1,0
R08,13824,0.313469387755,0,0,0.00125410035253,1.57276781465e-06,0.00273132324219,0,0,0,1,0
R08,14336,0.325079365079,0,0,0.00169322569855,2.86701333607e-06,0.00386047363281,0,0,0,1,0
R08,14848,0.336689342404,0,0,0.00167750171386,2.81401207758e-06,0.0045166015625,0,0,0,1,0
R08,15360,0.348299319728,0,0,0.00139552238397,1.94748281501e-06,0.00328063964844,0,0,0,1,0
R08,15872,0.359909297052,0,0,0.0101836435497,0.000103706595837,0.0357360839844,0,1,0,0,0
R08,16384,0.371519274376,0,0,0.010279445909,0.000105667008029,0.0242156982422,0,0.352896273136,0,0,0
R08,16896,0.383129251701,0,0,0.0136812562123,0.000187176774489,0.037353515625,0,0.376426964998,0,0,0
R08,17408,0.394739229025,0,0,0.0109666679054,0.000120267795864,0.0266418457031,0,0.19708520174,0,0,0
R08,17920,0.406349206349,0,0,0.0107891345397,0.000116405433801,0.0270690917969,0,0.200240343809,0,0,0
R08,18432,0.417959183673,0,0,0.00809545535594,6.55363983242e-05,0.0228118896484,0,0.116003230214,0,0,0
R08,18944,0.429569160998,0,0,0.0073164626956,5.35306280653e-05,0.0170440673828,0,0.101921208203,0,0,0
R08,19456,0.441179138322,0,0,0.00468411576003,2.19409394049e-05,0.00961303710938,0,0.0636903047562,0,0,0
R08,19968,0.452789115646,0,0,0.00713049573824,5.08439698024e-05,0.0155487060547,0,0.117527157068,0,0,0
R08,20480,0.464399092971,0,0,0.00545453233644,2.97519254673e-05,0.0141296386719,0,0.101299956441,0,0,0
R08,20992,0.476009070295,0,0,0.0040988936089,1.68009282788e-05,0.0136871337891,0,0.118467397988,0,0,0
R08,21504,0.487619047619,0,0,0.00521296542138,2.7175006835e-05,0.0154266357422,0,0.13044539094,0,0,0
R08,22016,0.499229024943,0,0,0.00545066734776,2.97097722068e-05,0.0111083984375,0,0.139881178737,0,0,0
R08,22528,0.510839002268,0,0,0.00332277757116,1.10408509499e-05,0.00863647460938,0,0.129684284329,0,0,0
R08,23040,0.522448979592,0,0,0.00386542850174,1.49415373016e-05,0.00906372070312,0,0.13232088089,0,0,0
R08,23552,0.534058956916,0,0,0.00371458148584,1.37981151056e-05,0.009765625,0,0.132816940546,0,0,0
R08,24064,0.54566893424,0,0,0.00295306858607,8.72061445989e-06,0.00933837890625,0,0,0,1,0
R08,24576,0.557278911565,0,0,0.00323844142258,1.04875034594e-05,0.00801086425781,0,0.150235444307,0,0,0
R08,25088,0.568888888889,0,0,0.00354642816819,1.25771521198e-05,0.0115966796875,0,0.126625150442,0,0,0
R08,25600,0.580498866213,0,0,0.00283701485023,8.04865339887e-06,0.00675964355469,0,0,0,1,0
R08,26112,0.592108843537,0,0,0.00235727871768,5.55676342628e-06,0.00631713867188,0,0,0,1,0
R08,26624,0.603718820862,0,0,0.00198506144807,3.9404690142e-06,0.00540161132812,0,0,0,1,0
R08,27136,0.615328798186,0,0,0.0027388157323,7.50111212255e-06,0.00736999511719,0,0,0,1,0
R08,27648,0.62693877551,0,0,0.00152506015729,2.32580850934e-06,0.00521850585938,0,0,0,1,0
R08,28160,0.638548752834,0,0,0.00224340334535,5.03285855302e-06,0.00555419921875,0,0,0,1,0
R08,28672,0.650158730159,0,0,0.00169904064387,2.88673891191e-06,0.00410461425781,0,0,0,1,0
R08,29184,0.661768707483,0,0,0.0019542730879,3.81918334824e-06,0.00492858886719,0,0,0,1,0
R08,29696,0.673378684807,0,0,0.00229547661729,5.2692130339e-06,0.0068359375,0,0,0,1,0
R08,30208,0.684988662132,0,0,0.00232629245147,5.41163626622e-06,0.00537109375,0,0,0,1,0
R08,30720,0.696598639456,0,0,0.00233779079281,5.4652655308e-06,0.00596618652344,0,0,0,1,0
R08,31232,0.70820861678,0,0,0.0016426431248,2.69827660304e-06,0.00405883789062,0,0,0,1,0
R08,31744,0.719818594104,0,0,0.00110482948367,1.22064830066e-06,0.00279235839844,0,0,0,1,0
R08,32256,0.731428571429,0,0,0.00138303230051,1.91277831618e-06,0.00357055664062,0,0,0,1,0
R08,32768,0.743038548753,0,0,0.00113618699834,1.29092086354e-06,0.0035400390625,0,0,0,1,0
R08,33280,0.754648526077,0,0,0.00120520347264,1.45251533468e-06,0.00318908691406,0,0,0,1,0
R08,33792,0.766258503401,0,0,0.00127776130103,1.63267395692e-06,0.00315856933594,0,0,0,1,0
R08,34304,0.777868480726,0,0,0.00127582554705,1.62773085322e-06,0.00302124023438,0,0,0,1,0
R08,34816,0.78947845805,0,0,0.000935913645662,8.75934347278e-07,0.00306701660156,0,0,0,1,0
R08,35328,0.801088435374,0,0,0.00105806160718,1.11949429993e-06,0.00276184082031,0,0,0,1,0
R08,35840,0.812698412698,0,0,0.00125640758779,1.57855993166e-06,0.00367736816406,0,0,0,1,0
R08,36352,0.824308390023,0,0,0.00098862266168,9.7737483884e-07,0.00224304199219,0,0,0,1,0
R08,36864,0.835918367347,0,0,0.00102119194344,1.04283299152e-06,0.00227355957031,0,0,0,1,0
R08,37376,0.847528344671,0,0,0.00180391804315,3.25412020175e-06,0.00398254394531,0,0,0,1,0
R08,37888,0.859138321995,0,0,0.00115397525951,1.33165895022e-06,0.00259399414062,0,0,0,1,0
R08,38400,0.87074829932,0,0,0.000703334982973,4.9468008001e-07,0.00172424316406,0,0,0,1,0
R08,38912,0.882358276644,0,0,0.00119708070997,1.43300212585e-06,0.00332641601562,0,0,0,1,0
R08,39424,0.893968253968,0,0,0.00166593096219,2.77532581094e-06,0.00361633300781,0,0,0,1,0
R08,39936,0.905578231293,0,0,0.00113838759717,1.29592626763e-06,0.00297546386719,0,0,0,1,0
R08,40448,0.917188208617,0,0,0.000766397337429,5.87364866078e-07,0.00169372558594,0,0,0,1,0
R08,40960,0.928798185941,0,0,0.000871685449965,7.59835529607e-07,0.00238037109375,0,0,0,1,0
R08,41472,0.940408163265,0,0,0.000918885634746,8.44350779516e-07,0.00224304199219,0,0,0,1,0
R08,41984,0.95201814059,0,0,0.0014054182684,1.97520057554e-06,0.002685546875,0,0,0,1,0
R08,42496,0.963628117914,0,0,0.00142073538154,2.01848888537e-06,0.00370788574219,0,0,0,1,0
R08,43008,0.975238095238,0,0,0.00125575787388,1.57692784342e-06,0.00277709960938,0,0,0,1,0
R08,43520,0.986848072562,0,0,0.00135783595033,1.84371856449e-06,0.00315856933594,0,0,0,1,0
R08,44032,0.998458049887,0,0,0.00127017626073,1.61334764925e-06,0.00241088867188,0,0,0,1,0
R08,44544,1.01006802721,0,0,0.0011181080481,1.25016549646e-06,0.00244140625,0,0,0,1,0
R08,45056,1.02167800454,0,0,0.00119772821199,1.43455281432e-06,0.00309753417969,0,0,0,1,0
R08,45568,1.03328798186,0,0,0.0016668754397,2.77847357211e-06,0.00325012207031,0,0,0,1,0
R08,46080,1.04489795918,0,0,0.000797198154032,6.35524884274e-07,0.00234985351562,0,0,0,1,0
R08,46592,1.05650793651,0,0,0.00195973622613,3.84056647817e-06,0.00448608398438,0,0,0,1,0
R08,47104,1.06811791383,0,0,0.00374720082618,1.40415140777e-05,0.0120239257812,0,0.12507390976,0,0,0
R08,47616,1.07972789116,0,0,0.113728150725,0.0129340915009,0.292388916016,0,0.936585426331,1,0,0
R08,48128,1.09133786848,0,0,0.236914038658,0.0561282597482,0.464599609375,0,0.509589612484,0,0,0
R08,48640,1.1029478458,0,0,0.098587334156,0.00971946213394,0.182769775391,0,0.14894990623,0,0,0
R08,49152,1.11455782313,0,0,0.185570687056,0.0344364792109,0.395965576172,0,0.27125120163,0,0,0
R08,49664,1.12616780045,0,0,0.0741414055228,0.00549694756046,0.159210205078,0,0.0802582427859,0,0,0
R08,50176,1.13777777778,0,0,0.113476201892,0.0128768477589,0.247436523438,0,0.110424175858,0,0,0
R08,50688,1.1493877551,0,0,0.0774135440588,0.00599285634235,0.164855957031,0,0.103890225291,0,0,0
R08,51200,1.16099773243,0,0,0.0901767611504,0.00813184771687,0.187301635742,0,0.115740768611,0,0,0
R08,51712,1.17260770975,0,0,0.0892685204744,0.00796886812896,0.181167602539,0,0.147944658995,0,0,0
R08,52224,1.18421768707,0,0,0.0919624045491,0.00845708325505,0.183212280273,0,0.174273818731,0,0,0
R08,52736,1.1958276644,0,0,0.0857463106513,0.00735243037343,0.214782714844,0,0.130301639438,0,0,0
R08,53248,1.20743764172,0,0,0.0741497650743,0.00549818808213,0.154479980469,0,0.162459537387,0,0,0
R08,53760,1.21904761905,0,0,0.0787460505962,0.00620094081387,0.192001342773,0,0.120358645916,0,0,0
R08,54272,1.23065759637,0,0,0.0695001855493,0.0048302761279,0.161041259766,0,0.155676066875,0,0,0
R08,54784,1.2422675737,0,0,0.0882632657886,0.00779040437192,0.181930541992,0,0.19753395021,0,0,0
R08,55296,1.25387755102,0,0,0.055846195668,0.00311879767105,0.109649658203,0,0.186351686716,0,0,0
R08,55808,1.26548752834,0,0,0.0833351761103,0.00694475183263,0.149719238281,0,0.172736048698,0,0,0
R08,56320,1.27709750567,0,0,0.0741091668606,0.00549216894433,0.148559570312,0,0.181614220142,0,0,0
R08,56832,1.28870748299,0,0,0.119220614433,0.0142135554925,0.276351928711,0,0.223347306252,0,0,0
R08,57344,1.30031746032,0,0,0.100263863802,0.0100528430194,0.241455078125,0,0.185550332069,0,0,0
R08,57856,1.31192743764,174.535568237,0.890590190887,0.130288958549,0.0169752109796,0.264190673828,0,0.178360432386,0,0,0
R08,58368,1.32353741497,174.496551514,0.931508243084,0.133119568229,0.0177208185196,0.255386352539,0,0.176384359598,0,0,0
R08,58880,1.33514739229,174.497924805,0.951830387115,0.161176472902,0.0259778536856,0.296569824219,0,0.180434286594,0,0,0
R08,59392,1.34675736961,174.349212646,0.966985106468,0.155550181866,0.0241958573461,0.27751159668,0,0.134233474731,0,0,0
R08,59904,1.35836734694,174.416061401,0.974262416363,0.161248117685,0.0260009542108,0.292465209961,0,0.118553929031,0,0,0
R08,60416,1.36997732426,174.340118408,0.98062056303,0.152528420091,0.023264920339,0.294784545898,0,0.108273476362,0,0,0
R08,60928,1.38158730159,174.416763306,0.986409723759,0.159569650888,0.025462474674,0.293273925781,0,0.114332742989,0,0,0
R08,61440,1.39319727891,174.426391602,0.991254866123,0.1537514925,0.0236395206302,0.293212890625,0,0.104119032621,0,0,0
R08,61952,1.40480725624,174.548919678,0.993327736855,0.152919799089,0.0233844649047,0.30192565918,0,0.103031024337,0,0,0
R08,62464,1.41641723356,174.523040771,0.994558811188,0.147860378027,0.0218626894057,0.289810180664,0,0.0823167636991,0,0,0
R08,62976,1.42802721088,174.481933594,0.994967877865,0.146385863423,0.0214288216084,0.296859741211,0,0.0480825230479,0,0,0
R08,63488,1.43963718821,174.360137939,0.99475556612,0.129694193602,0.0168205853552,0.275238037109,0,0.0604057721794,0,0,0
R08,64000,1.45124716553,174.311203003,0.994430661201,0.110653415322,0.0122441779822,0.235122680664,0,0.0577108301222,0,0,0
R08,64512,1.46285714286,174.23298645,0.993801474571,0.0917693600059,0.00842161569744,0.190979003906,0,0.0709473416209,0,0,0
R08,65024,1.47446712018,174.160690308,0.993118405342,0.0843778923154,0.00711962906644,0.157287597656,0,0.0710198506713,0,0,0
R08,65536,1.48607709751,173.962844849,0.992807686329,0.0743913725019,0.00553407659754,0.14079284668,0,0.0821574777365,0,0,0
R08,66048,1.49768707483,173.954055786,0.9921194911,0.070841781795,0.00501855835319,0.128662109375,0,0.0821924433112,0,0,0
R08,66560,1.50929705215,173.891342163,0.990907728672,0.0619759187102,0.00384101457894,0.104400634766,0,0.0749570503831,0,0,0
R08,67072,1.52090702948,174.167114258,0.990293979645,0.0623941868544,0.0038930347655,0.116333007812,0,0.0576130822301,0,0,0
R08,67584,1.5325170068,174.327911377,0.989476084709,0.0607743151486,0.00369351753034,0.120071411133,0,0.0659477710724,0,0,0
R08,68096,1.54412698413,174.511993408,0.989425301552,0.0589487701654,0.00347495754249,0.118499755859,0,0.0656561031938,0,0,0
R08,68608,1.55573696145,174.74168396,0.989037334919,0.0637091398239,0.00405885418877,0.129150390625,0,0.0863776057959,0,0,0
R08,69120,1.56734693878,175.068328857,0.988419115543,0.0664618983865,0.00441718427464,0.1435546875,0,0.105120666325,0,0,0
R08,69632,1.5789569161,175.229309082,0.987870633602,0.0722967833281,0.00522682536393,0.162048339844,0,0.119053691626,0,0,0
R08,70144,1.59056689342,175.350448608,0.987936139107,0.0784969031811,0.00616176333278,0.155792236328,0,0.12106782943,0,0,0
R08,70656,1.60217687075,175.410583496,0.988720118999,0.0814077481627,0.00662722205743,0.15217590332,0,0.112860865891,0,0,0
R08,71168,1.61378684807,175.524414062,0.990252494812,0.0831180214882,0.00690860580653,0.144439697266,0,0.108728423715,0,0,0
R08,71680,1.6253968254,175.552581787,0.990487396717,0.082156419754,0.00674967700616,0.134124755859,0,0.0908726379275,0,0,0
R08,72192,1.63700680272,175.507217407,0.990865111351,0.0826553180814,0.00683190114796,0.147171020508,0,0.112051084638,0,0,0
R08,72704,1.64861678005,175.358688354,0.990612566471,0.089033164084,0.00792690366507,0.171997070312,0,0.148424372077,0,0,0
R08,73216,1.66022675737,175.270263672,0.990311145782,0.102681227028,0.0105434339494,0.206268310547,0,0.170623883605,0,0,0
R08,73728,1.67183673469,174.996810913,0.98945748806,0.11640959233,0.0135511923581,0.248687744141,0,0.146422967315,0,0,0
R08,74240,1.68344671202,174.858108521,0.990972876549,0.126380622387,0.0159720610827,0.26692199707,0,0.133958816528,0,0,0
R08,74752,1.69505668934,174.760269165,0.992010653019,0.136176452041,0.0185440275818,0.276245117188,0,0.119528107345,0,0,0
R08,75264,1.70666666667,174.701400757,0.993009924889,0.147215113044,0.0216722916812,0.307434082031,0,0.106460496783,0,0,0
R08,75776,1.71827664399,174.710494995,0.994047999382,0.149526879191,0.0223582871258,0.318801879883,0,0.0926126688719,0,0,0
R08,76288,1.72988662132,174.728317261,0.994901299477,0.145018473268,0.0210303589702,0.307723999023,0,0.0740957036614,0,0,0
R08,76800,1.74149659864,174.714782715,0.99588227272,0.139199674129,0.0193765480071,0.291580200195,0,0.0804935023189,0,0,0
R08,77312,1.75310657596,174.834381104,0.996645689011,0.134521171451,0.0180959459394,0.278411865234,0,0.0785164609551,0,0,0
R08,77824,1.76471655329,174.914321899,0.996422767639,0.120515912771,0.0145240854472,0.257232666016,0,0.0687177181244,0,0,0
R08,78336,1.77632653061,174.959579468,0.995755732059,0.101237617433,0.010249055922,0.208023071289,0,0.079504057765,0,0,0
R08,78848,1.78793650794,175.004989624,0.995362639427,0.0896929129958,0.00804481841624,0.170471191406,0,0.0796700641513,0,0,0
R08,79360,1.79954648526,175.033248901,0.994745492935,0.0854910686612,0.00730872293934,0.159027099609,0,0.079141870141,0,0,0
R08,79872,1.81115646259,175.067443848,0.994227766991,0.0869499444962,0.00756029319018,0.170211791992,0,0.0741422250867,0,0,0
R08,80384,1.82276643991,175.161071777,0.993329167366,0.0848204940557,0.00719451578334,0.158782958984,0,0.0784502848983,0,0,0
R08,80896,1.83437641723,175.118347168,0.992535352707,0.0911602601409,0.00831019319594,0.167709350586,0,0.0764204636216,0,0,0
R08,81408,1.84598639456,175.096923828,0.992169439793,0.095845811069,0.00918641965836,0.173599243164,0,0.0655178725719,0,0,0
R08,81920,1.85759637188,175.063095093,0.992893159389,0.0894857347012,0.00800769682974,0.164276123047,0,0.0458945669234,0,0,0
R08,82432,1.86920634921,175.014328003,0.993661105633,0.0883049294353,0.00779775995761,0.158676147461,0,0.100455038249,0,0,0
R08,82944,1.88081632653,175.017410278,0.993519186974,0.0838722959161,0.00703456159681,0.155670166016,0,0.0854237452149,0,0,0
R08,83456,1.89242630385,175.001922607,0.993191063404,0.0777921676636,0.00605162093416,0.145401000977,0,0.0879135578871,0,0,0
R08,83968,1.90403628118,174.983337402,0.993185579777,0.0791387408972,0.00626294082031,0.131591796875,0,0.0889107584953,0,0,0
R08,84480,1.9156462585,175.07925415,0.992832899094,0.0837350338697,0.00701155606657,0.153030395508,0,0.114669889212,0,0,0
R08,84992,1.92725623583,175.04750061,0.992050409317,0.0847504809499,0.00718264374882,0.177276611328,0,0.112147808075,0,0,0
R08,85504,1.93886621315,175.078125,0.990755319595,0.0946190208197,0.0089527592063,0.20280456543,0,0.107774995267,0,0,0
R08,86016,1.95047619048,175.088699341,0.990609645844,0.104150548577,0.0108473366126,0.207717895508,0,0.128242820501,0,0,0
R08,86528,1.9620861678,175.032318115,0.991587638855,0.108639627695,0.0118025690317,0.204727172852,0,0.117289789021,0,0,0
R08,87040,1.97369614512,174.944046021,0.992067396641,0.107976406813,0.0116589041427,0.215133666992,0,0.107298634946,0,0,0
R08,87552,1.98530612245,174.878692627,0.99240309,0.0969571769238,0.00940069463104,0.183578491211,0,0.0834563970566,0,0,0
R08,88064,1.99691609977,174.710525513,0.992184937,0.095971852541,0.0092105967924,0.185699462891,0,0.102228842676,0,0,0
R08,88576,2.0085260771,174.565032959,0.992830514908,0.0996592119336,0.00993195921183,0.212829589844,0,0.105612181127,0,0,0
R08,89088,2.02013605442,174.44480896,0.994050562382,0.109018824995,0.0118851047009,0.234237670898,0,0.131836548448,0,0,0
R08,89600,2.03174603175,174.404190063,0.993948817253,0.126515477896,0.016006167978,0.267486572266,0,0.137666299939,0,0,0
R08,90112,2.04335600907,174.420471191,0.994315981865,0.137016713619,0.0187735818326,0.289627075195,0,0.0953720659018,0,0,0
R08,90624,2.05496598639,174.444030762,0.994420945644,0.141411975026,0.0199973452836,0.282257080078,0,0.0934922024608,0,0,0
R08,91136,2.06657596372,174.46496582,0.994273722172,0.133745893836,0.0178879648447,0.262756347656,0,0.0895469263196,0,0,0
R08,91648,2.07818594104,174.604888916,0.994135975838,0.127765595913,0.0163240469992,0.234085083008,0,0.0735832899809,0,0,0
R08,92160,2.08979591837,174.68788147,0.994368433952,0.123391270638,0.0152254058048,0.242065429688,0,0.0781137496233,0,0,0
R08,92672,2.10140589569,174.852828979,0.994898617268,0.116815961897,0.0136459693313,0.240417480469,0,0.0811241045594,0,0,0
R08,93184,2.11301587302,174.929077148,0.995285749435,0.117431424558,0.0137901389971,0.233764648438,0,0.10379178822,0,0,0
R08,93696,2.12462585034,175.054962158,0.996083378792,0.115051947534,0.0132369501516,0.229644775391,0,0.0869449600577,0,0,0
R08,94208,2.13623582766,175.105758667,0.996152698994,0.108026020229,0.0116696218029,0.211380004883,0,0.0749687626958,0,0,0
R08,94720,2.14784580499,175.238327026,0.996540725231,0.0970559865236,0.00941986497492,0.203155517578,0,0.0564764291048,0,0,0
R08,95232,2.15945578231,175.265655518,0.996265292168,0.0844793990254,0.0071367691271,0.185852050781,0,0.0551913380623,0,0,0
R08,95744,2.17106575964,175.35256958,0.996067464352,0.0796287730336,0.00634074117988,0.183197021484,0,0.0669225528836,0,0,0
R08,96256,2.18267573696,175.351409912,0.995775640011,0.0819734334946,0.00671964418143,0.191787719727,0,0.0915897265077,0,0,0
R08,96768,2.19428571429,175.252532959,0.995496451855,0.0909868627787,0.00827860925347,0.212936401367,0,0.0930538401008,0,0,0
R08,97280,2.20589569161,175.205871582,0.995235323906,0.100836984813,0.0101680979133,0.230316162109,0,0.100534826517,0,0,0
R08,97792,2.21750566893,175.062789917,0.994042336941,0.110766150057,0.0122691392899,0.254180908203,0,0.0819605886936,0,0,0
R08,98304,2.22911564626,174.910903931,0.993092775345,0.126453503966,0.0159904900938,0.292404174805,0,0.0891961678863,0,0,0
R08,98816,2.24072562358,174.87147522,0.993809759617,0.131531342864,0.0173004940152,0.296813964844,0,0.0978270769119,0,0,0
R08,99328,2.25233560091,174.891387939,0.994757890701,0.131039425731,0.0171713326126,0.303405761719,0,0.0820433571935,0,0,0
R08,99840,2.26394557823,174.884811401,0.995226919651,0.124754145741,0.0155635969713,0.268753051758,0,0.0759269669652,0,0,0
R08,100352,2.27555555556,174.962524414,0.995502829552,0.122284516692,0.0149535024539,0.256118774414,0,0.0889623910189,0,0,0
R08,100864,2.28716553288,175.02746582,0.995578825474,0.11578796804,0.0134068531916,0.244537353516,0,0.0695255771279,0,0,0
R08,101376,2.2987755102,175.137573242,0.995549857616,0.105345778167,0.0110977329314,0.212463378906,0,0.0572385676205,0,0,0
R08,101888,2.31038548753,175.289550781,0.995322406292,0.089542157948,0.00801779795438,0.187652587891,0,0.0837549418211,0,0,0
R08,102400,2.32199546485,175.418792725,0.994170665741,0.079858161509,0.00637732632458,0.148040771484,0,0.0957514792681,0,0,0
R08,102912,2.33360544218,175.599716187,0.992290019989,0.076677531004,0.00587944407016,0.168090820312,0,0.0920143723488,0,0,0
R08,103424,2.3452154195,175.757888794,0.989694654942,0.0936757177114,0.00877514015883,0.18830871582,0,0.0924450680614,0,0,0
R08,103936,2.35682539683,175.826431274,0.988494992256,0.112715087831,0.0127046918496,0.231323242188,0,0.0763586685061,0,0,0
R08,104448,2.36843537415,175.929443359,0.988397836685,0.122922897339,0.0151100391522,0.244705200195,0,0.0799621045589,0,0,0
R08,104960,2.38004535147,175.86857605,0.988968908787,0.123086944222,0.0151503961533,0.24186706543,0,0.0843427479267,0,0,0
R08,105472,2.3916553288,175.759918213,0.989479660988,0.112065389752,0.0125586511567,0.23063659668,0,0.0761886388063,0,0,0
R08,105984,2.40326530612,175.680603027,0.990348696709,0.0977929756045,0.0095634656027,0.218444824219,0,0.0873605087399,0,0,0
R08,106496,2.41487528345,175.619628906,0.991451740265,0.0854433104396,0.00730055989698,0.190124511719,0,0.0953768417239,0,0,0
R08,107008,2.42648526077,175.578598022,0.992388963699,0.0742028281093,0.00550605962053,0.150192260742,0,0.0914205536246,0,0,0
R08,107520,2.4380952381,175.523742676,0.992432773113,0.0769188329577,0.00591650651768,0.129531860352,0,0.112212009728,0,0,0
R08,108032,2.44970521542,175.464981079,0.991600096226,0.0837272405624,0.00701025035232,0.152633666992,0,0.115485161543,0,0,0
R08,108544,2.46131519274,175.409454346,0.990186035633,0.0944053158164,0.00891236402094,0.181274414062,0,0.0960425809026,0,0,0
R08,109056,2.47292517007,175.345108032,0.98945069313,0.0952903628349,0.00908025354147,0.183258056641,0,0.0660188645124,0,0,0
R08,109568,2.48453514739,175.231719971,0.989140033722,0.0978391095996,0.00957249198109,0.180465698242,0,0.0751767233014,0,0,0
R08,110080,2.49614512472,175.009658813,0.98882496357,0.0989985316992,0.00980070885271,0.202819824219,0,0.120985358953,0,0,0
R08,110592,2.50775510204,174.889312744,0.990169882774,0.0999782383442,0.00999564863741,0.220520019531,0,0.12831325829,0,0,0
R08,111104,2.51936507937,174.90435791,0.991445183754,0.102345272899,0.0104745551944,0.221939086914,0,0.126338720322,0,0,0
R08,111616,2.53097505669,174.889389038,0.992825508118,0.0955262556672,0.00912526622415,0.197219848633,0,0.0881788954139,0,0,0
R08,112128,2.54258503401,175.009918213,0.992827773094,0.0838431864977,0.00702967960387,0.183654785156,0,0.0898492261767,0,0,0
R08,112640,2.55419501134,174.993026733,0.992805659771,0.0785572081804,0.00617123441771,0.187713623047,0,0.0838174000382,0,0,0
R08,113152,2.56580498866,175.069885254,0.992490768433,0.0682817474008,0.00466239731759,0.168853759766,0,0.0869567394257,0,0,0
R08,113664,2.57741496599,175.148666382,0.99139136076,0.053949650377,0.00291056465358,0.129776000977,0,0.093990392983,0,0,0
R08,114176,2.58902494331,175.278366089,0.990679144859,0.0404212549329,0.00163387774955,0.0816802978516,0,0.109309561551,0,0,0
R08,114688,2.60063492063,175.372024536,0.987960040569,0.0475994087756,0.00226570363156,0.123870849609,0,0.137425348163,0,0,0
R08,115200,2.61224489796,175.32862854,0.983618497849,0.0666500553489,0.00444223033264,0.157669067383,0,0.118903413415,0,0,0
R08,115712,2.62385487528,175.291534424,0.981629669666,0.0912533178926,0.00832716748118,0.184844970703,0,0.117035120726,0,0,0
R08,116224,2.63546485261,175.232116699,0.982263863087,0.112407408655,0.0126354247332,0.221771240234,0,0.124235615134,0,0,0
R08,116736,2.64707482993,175.323669434,0.984718441963,0.122984930873,0.0151252932847,0.255599975586,0,0.115059584379,0,0,0
R08,117248,2.65868480726,175.43421936,0.987985134125,0.132158055902,0.0174657516181,0.264465332031,0,0.1173100546,0,0,0
R08,117760,2.67029478458,175.438613892,0.990856528282,0.132177501917,0.0174708906561,0.266586303711,0,0.127472609282,0,0,0
R08,118272,2.6819047619,175.390533447,0.993037343025,0.132066071033,0.0174414459616,0.270126342773,0,0.134653940797,0,0,0
R08,118784,2.69351473923,175.292663574,0.994483649731,0.134567856789,0.018108509481,0.26383972168,0,0.126099929214,0,0,0
R08,119296,2.70512471655,175.185974121,0.995626628399,0.136337503791,0.0185879152268,0.285430908203,0,0.121416375041,0,0,0
R08,119808,2.71673469388,175.021148682,0.995698094368,0.134882718325,0.0181933473796,0.285385131836,0,0.107260629535,0,0,0
R08,120320,2.7283446712,174.899078369,0.995282769203,0.11768642813,0.0138500956818,0.246673583984,0,0.0872524753213,0,0,0
R08,120832,2.73995464853,174.755111694,0.994632422924,0.112899050117,0.0127461962402,0.246551513672,0,0.116641998291,0,0,0
R08,121344,2.75156462585,174.565994263,0.994525074959,0.103885509074,0.0107921985909,0.236221313477,0,0.0884452164173,0,0,0
R08,121856,2.76317460317,174.467071533,0.993994295597,0.0828515067697,0.00686437264085,0.188842773438,0,0.0721684917808,0,0,0
R08,122368,2.7747845805,174.444351196,0.992109954357,0.0787426158786,0.00620039924979,0.180694580078,0,0.110765703022,0,0,0
R08,122880,2.78639455782,174.249923706,0.978266119957,0.0900031328201,0.00810056366026,0.186813354492,0,0.154246151447,0,0,0
R08,123392,2.79800453515,174.16633606,0.869918048382,0.101746678352,0.010352387093,0.206466674805,0,0.214663922787,0,0,0
R08,123904,2.80961451247,0,0,0.0790176764131,0.00624379282817,0.173873901367,0,0.143122807145,0,0,0
R08,124416,2.8212244898,0,0,0.0885030850768,0.00783279631287,0.158050537109,0,0.16232933104,0,0,0
R08,124928,2.83283446712,0,0,0.051286328584,0.0026302873157,0.139205932617,0,0.109123043716,0,0,0
R08,125440,2.84444444444,0,0,0.0582798235118,0.0033965378534,0.118804931641,0,0.109057404101,0,0,0
R08,125952,2.85605442177,0,0,0.0420765317976,0.00177043466829,0.0892333984375,0,0.113823130727,0,0,0
R08,126464,2.86766439909,0,0,0.0450849272311,0.00203265063465,0.0981597900391,0,0.107919447124,0,0,0
R08,126976,2.87927437642,0,0,0.0356694385409,0.0012723087566,0.0723419189453,0,0.0831487700343,0,0,0
R08,127488,2.89088435374,0,0,0.0468894653022,0.0021986218635,0.0926818847656,0,0.143997520208,0,0,0
R08,128000,2.90249433107,0,0,0.0319305583835,0.00101956061553,0.0760650634766,0,0.16490238905,0,0,0
R08,128512,2.91410430839,0,0,0.041014008224,0.0016821490135,0.0849914550781,0,0.155277252197,0,0,0
R08,129024,2.92571428571,0,0,0.039057534188,0.00152549089398,0.0801849365234,0,0.141548261046,0,0,0
R08,129536,2.93732426304,0,0,0.0384768657386,0.00148046924733,0.0743103027344,0,0.17092102766,0,0,0
R08,130048,2.94893424036,0,0,0.0445339307189,0.00198327098042,0.0845489501953,0,0.14516313374,0,0,0
R08,130560,2.96054421769,174.636291504,0.857918858528,0.0420905761421,0.00177161674947,0.081787109375,0,0.114908307791,0,0,0
R08,131072,2.97215419501,174.080886841,0.890461325645,0.0418238379061,0.00174923334271,0.0855102539062,0,0.137595385313,0,0,0
R08,131584,2.98376417234,174.724197388,0.917224884033,0.0375366695225,0.00140900153201,0.0667114257812,0,0.121730946004,0,0,0
R08,132096,2.99537414966,174.651092529,0.939356923103,0.0367645658553,0.00135163334198,0.0657043457031,0,0.134677827358,0,0,0
R08,132608,3.00698412698,174.855255127,0.957744061947,0.0337915085256,0.00114186597057,0.062255859375,0,0.107806883752,0,0,0
R08,133120,3.01859410431,175.011154175,0.972416996956,0.0347619764507,0.00120839499868,0.0597839355469,0,0.118343740702,0,0,0
R08,133632,3.03020408163,175.035400391,0.973335087299,0.0322756171227,0.00104171549901,0.0525360107422,0,0.095499753952,0,0,0
R08,134144,3.04181405896,175.022720337,0.969744503498,0.0306157525629,0.000937324250117,0.0534362792969,0,0.0687326043844,0,0,0
R08,134656,3.05342403628,174.948699951,0.968940556049,0.0267791710794,0.000717123970389,0.0486602783203,0,0.0932698175311,0,0,0
R08,135168,3.06503401361,175.094085693,0.972318649292,0.0218520984054,0.000477514200611,0.0382690429688,0,0.110805042088,0,0,0
R08,135680,3.07664399093,174.853942871,0.975487232208,0.0207034852356,0.000428634288255,0.0356750488281,0,0.0856505483389,0,0,0
R08,136192,3.08825396825,350.541595459,0.852308869362,0.0200274493545,0.000401098746806,0.0391082763672,0,0.109800048172,0,0,0
R08,136704,3.09986394558,349.61038208,0.86510938406,0.0183875709772,0.000338102778187,0.0315246582031,0,0.0941043645144,0,0,0
R08,137216,3.1114739229,349.184844971,0.873515963554,0.0174102857709,0.000303118082229,0.0316925048828,0,0.074878513813,0,0,0
R08,137728,3.12308390023,348.667480469,0.869374871254,0.0166381839663,0.000276829174254,0.0292816162109,0,0.0837146639824,0,0,0
R08,138240,3.13469387755,173.829116821,0.97573786974,0.0188846495003,0.000356630014721,0.0373687744141,0,0.12081001699,0,0,0
R08,138752,3.14630385488,173.95425415,0.958253443241,0.0167303364724,0.000279904139461,0.0367126464844,0,0.134496852756,0,0,0
R08,139264,3.1579138322,173.758514404,0.931934177876,0.0173838473856,0.000302198139252,0.0376892089844,0,0.18545345962,0,0,0
R08,139776,3.16952380952,87.0470962524,0.867384672165,0.0184778235853,0.000341429957189,0.0487213134766,0,0.186622947454,0,0,0
R08,140288,3.18113378685,0,0,0.0124558070675,0.000155147121404,0.0288848876953,0,0.143798425794,0,0,0
R08,140800,3.19274376417,0,0,0.0111831007525,0.000125061735162,0.0262298583984,0,0.130614832044,0,0,0
R08,141312,3.2043537415,0,0,0.00926034525037,8.57539998833e-05,0.0190582275391,0,0.127715229988,0,0,0
R08,141824,3.21596371882,0,0,0.00777353206649,6.04277993261e-05,0.0230560302734,0,0.112583249807,0,0,0
R08,142336,3.22757369615,0,0,0.00862901564687,7.44599165046e-05,0.018798828125,0,0.131542190909,0,0,0
R08,142848,3.23918367347,0,0,0.00806298293173,6.50116999168e-05,0.0164489746094,0,0.108193099499,0,0,0
R08,143360,3.25079365079,0,0,0.0093304598704,8.70574876899e-05,0.0209503173828,0,0.140651673079,0,0,0
R08,143872,3.26240362812,0,0,0.00792787317187,6.28511770628e-05,0.0181579589844,0,0.109291672707,0,0,0
R08,144384,3.27401360544,0,0,0.0085598770529,7.32714979677e-05,0.0192718505859,0,0.127502322197,0,0,0
R08,144896,3.28562358277,0,0,0.00775319430977,6.01120191277e-05,0.0179138183594,0,0.129992365837,0,0,0
R08,145408,3.29723356009,0,0,0.00647874409333,4.19741227233e-05,0.0121917724609,0,0.13359695673,0,0,0
R08,145920,3.30884353741,0,0,0.00677700247616,4.59277653135e-05,0.0131378173828,0,0.130674064159,0,0,0
R08,146432,3.32045351474,0,0,0.00508652161807,2.58727013716e-05,0.0120086669922,0,0.108607493341,0,0,0
R08,146944,3.33206349206,0,0,0.00566335394979,3.20735780406e-05,0.0125732421875,0,0.127004802227,0,0,0
R08,147456,3.34367346939,0,0,0.00603037606925,3.63654362445e-05,0.0127105712891,0,0.125535979867,0,0,0
R08,147968,3.35528344671,0,0,0.00650412822142,4.23036835855e-05,0.0134582519531,0,0.125401213765,0,0,0
R08,148480,3.36689342404,0,0,0.00727479811758,5.29226854269e-05,0.0166778564453,0,0.121349751949,0,0,0
R08,148992,3.37850340136,0,0,0.00549870030954,3.0235705708e-05,0.0134124755859,0,0.122021853924,0,0,0
R08,149504,3.39011337868,0,0,0.00552610680461,3.05378562189e-05,0.0118103027344,0,0.126388505101,0,0,0
R08,150016,3.40172335601,0,0,0.00510025117546,2.60125634668e-05,0.00973510742188,0,0.127892449498,0,0,0
R08,150528,3.41333333333,0,0,0.00421759160236,1.77880792762e-05,0.00965881347656,0,0.144084066153,0,0,0
R08,151040,3.42494331066,0,0,0.00468763522804,2.19739249587e-05,0.0105590820312,0,0.137777864933,0,0,0
R08,151552,3.43655328798,0,0,0.00432283757254,1.8686923795e-05,0.0116271972656,0,0.148829981685,0,0,0
R08,152064,3.44816326531,0,0,0.00389320054092,1.51570111484e-05,0.00846862792969,0,0.157917335629,0,0,0
R08,152576,3.45977324263,0,0,0.00429059285671,1.840918776e-05,0.0102844238281,0,0.126759782434,0,0,0
R08,153088,3.47138321995,0,0,0.00386964785866,1.4974174519e-05,0.00885009765625,0,0.130876049399,0,0,0
R08,153600,3.48299319728,0,0,0.00405480340123,1.64414323081e-05,0.00895690917969,0,0.104895092547,0,0,0
R08,154112,3.4946031746,0,0,0.00271461391822,7.36912897992e-06,0.00563049316406,0,0,0,1,0
R08,154624,3.50621315193,0,0,0.0030295168981,9.17797297006e-06,0.00679016113281,0,0.146753057837,0,0,0
R08,155136,3.51782312925,0,0,0.00281032896601,7.8979483078e-06,0.00715637207031,0,0,0,1,0
R08,155648,3.52943310658,0,0,0.00244222395122,5.96445761403e-06,0.005615234375,0,0,0,1,0
R08,156160,3.5410430839,0,0,0.00249272794463,6.21369281362e-06,0.00566101074219,0,0,0,1,0
R08,156672,3.55265306122,0,0,0.00325411790982,1.05892831925e-05,0.00601196289062,0,0.156553775072,0,0,0
R08,157184,3.56426303855,0,0,0.00262794177979,6.90607748766e-06,0.00593566894531,0,0,0,1,0
R08,157696,3.57587301587,0,0,0.002345507266,5.50140475752e-06,0.00529479980469,0,0,0,1,0
R08,158208,3.5874829932,0,0,0.00208306941204,4.33917784903e-06,0.00541687011719,0,0,0,1,0
R08,158720,3.59909297052,0,0,0.00136307871435,1.85798353414e-06,0.00361633300781,0,0,0,1,0
R08,159232,3.61070294785,0,0,0.00132206571288,1.74785782292e-06,0.003173828125,0,0,0,1,0
R08,159744,3.62231292517,0,0,0.00121377431788,1.4732481759e-06,0.00262451171875,0,0,0,1,0
R08,160256,3.63392290249,0,0,0.00109902676195,1.20785989566e-06,0.00277709960938,0,0,0,1,0
R08,160768,3.64553287982,0,0,0.00139355286956,1.94198946701e-06,0.00338745117188,0,0,0,1,0
R08,161280,3.65714285714,0,0,0.00134956219699,1.82131816473e-06,0.00352478027344,0,0,0,1,0
R08,161792,3.66875283447,0,0,0.00129852129612,1.68615770235e-06,0.0030517578125,0,0,0,1,0
R08,162304,3.68036281179,0,0,0.00170941150282,2.92208778774e-06,0.00350952148438,0,0,0,1,0
R08,162816,3.69197278912,0,0,0.00197526300326,3.9016640585e-06,0.00425720214844,0,0,0,1,0
R08,163328,3.70358276644,0,0,0.00183105305769,3.3527553569e-06,0.00430297851562,0,0,0,1,0
R08,163840,3.71519274376,0,0,0.00118803349324,1.41142345456e-06,0.00338745117188,0,0,0,1,0
R08,164352,3.72680272109,0,0,0.00191526976414,3.66825815945e-06,0.00433349609375,0,0,0,1,0
R08,164864,3.73841269841,0,0,0.0180570166558,0.000326055829646,0.0441589355469,0,0.671489417553,1,0,0
R08,165376,3.75002267574,0,0,0.0103469500318,0.000107059371658,0.0213470458984,0,0.19811347127,0,0,0
R08,165888,3.76163265306,0,0,0.00371905928478,1.38314017022e-05,0.00836181640625,0,0.0667796880007,0,0,0
R08,166400,3.77324263039,0,0,0.0059839785099,3.58079996658e-05,0.0175170898438,0,0.11797760427,0,0,0
R08,166912,3.78485260771,0,0,0.00487481802702,2.37638487306e-05,0.0130615234375,0,0.0793834105134,0,0,0
R08,167424,3.79646258503,0,0,0.00414370885119,1.71703231899e-05,0.00984191894531,0,0.0642635896802,0,0,0
R08,167936,3.80807256236,0,0,0.00527514657006,2.78271691059e-05,0.00962829589844,0,0.0884835347533,0,0,0
R08,168448,3.81968253968,0,0,0.029079252854,0.000845602946356,0.0660858154297,0,0.465699166059,1,0,0
R08,168960,3.83129251701,0,0,0.0113373994827,0.000128536630655,0.0204162597656,0,0.125969573855,0,0,0
R08,169472,3.84290249433,0,0,0.00572418374941,3.27662819473e-05,0.0137939453125,0,0.0906415656209,0,0,0
R08,169984,3.85451247166,0,0,0.00421300670132,1.77494257514e-05,0.0235748291016,0,0.0736519172788,0,0,0
R08,170496,3.86612244898,0,0,0.0042835790664,1.83490483323e-05,0.0129547119141,0,0.0713463872671,0,0,0
R08,171008,3.8777324263,0,0,0.00280865700915,7.88855413703e-06,0.00576782226562,0,0,0,1,0
R08,171520,3.88934240363,0,0,0.00307705439627,9.46826366999e-06,0.00808715820312,0,0.0724538862705,0,0,0
R08,172032,3.90095238095,0,0,0.00951659679413,9.05656124814e-05,0.0194702148438,0,0.0891344845295,0,0,0
R08,172544,3.91256235828,0,0,0.00469695590436,2.20613928832e-05,0.0106201171875,0,0.0683813691139,0,0,0
R08,173056,3.9241723356,0,0,0.00325285852887,1.05810886453e-05,0.00894165039062,0,0.140247941017,0,0,0
R08,173568,3.93578231293,0,0,0.00259758671746,6.74745660945e-06,0.0072021484375,0,0,0,1,0
R08,174080,3.94739229025,0,0,0.00261751189828,6.85136910761e-06,0.00747680664062,0,0,0,1,0
R08,174592,3.95900226757,0,0,0.00326089863665,1.06334591692e-05,0.0101623535156,0,0.216614693403,0,0,0
R08,175104,3.9706122449,0,0,0.00299797160551,8.98783400771e-06,0.00953674316406,0,0,0,1,0
R08,175616,3.98222222222,0,0,0.00425376370549,1.80945062311e-05,0.0136260986328,0,0.191733554006,0,0,0
R08,176128,3.99383219955,0,0,0.00368029205129,1.35445488922e-05,0.0106506347656,0,0.14218197763,0,0,0
R08,176640,4.00544217687,0,0,0.00428228126839,1.83379343071e-05,0.0102233886719,0,0.157364740968,0,0,0
R08,177152,4.0170521542,0,0,0.0023895278573,5.70984320802e-06,0.00857543945312,0,0,0,1,0
R08,177664,4.02866213152,0,0,0.00529776886106,2.80663534795e-05,0.01318359375,0,0.222260907292,0,0,0
R08,178176,4.04027210884,0,0,0.00826135836542,6.82500467519e-05,0.0194702148438,0,0.258239656687,0,0,0
R08,178688,4.05188208617,0,0,0.00214470247738,4.59974899059e-06,0.00538635253906,0,0,0,1,0
R08,179200,4.06349206349,0,0,0.00326894107275,1.06859761217e-05,0.00614929199219,0,0.151740550995,0,0,0
R08,179712,4.07510204082,0,0,0.00569309853017,3.24113716488e-05,0.0123443603516,0,0.162991091609,0,0,0
R08,180224,4.08671201814,0,0,0.0124130221084,0.000154083129019,0.0504455566406,0,0.438970118761,1,0,0
R08,180736,4.09832199546,0,0,0.0510786063969,0.00260902405716,0.103637695312,0,0.574154615402,1,0,0
R08,181248,4.10993197279,0,0,0.0161810256541,0.000261825596681,0.0276489257812,0,0.112673766911,0,0,0
R08,181760,4.12154195011,0,0,0.00603435467929,3.64134357369e-05,0.0116882324219,0,0.0518962852657,0,0,0
R08,182272,4.13315192744,0,0,0.00266140513122,7.0830774348e-06,0.00654602050781,0,0,0,1,0
R08,182784,4.14476190476,0,0,0.0166329182684,0.000276653969195,0.0394287109375,0,0.134078413248,0,0,0
R08,183296,4.15637188209,0,0,0.0158853475004,0.00025234426721,0.0258483886719,0,0.132199421525,0,0,0
R08,183808,4.16798185941,0,0,0.00539250299335,2.90790885629e-05,0.0213012695312,0,0.0628285557032,0,0,0
R08,184320,4.17959183673,0,0,0.00690979138017,4.774521949e-05,0.0160369873047,0,0.175371155143,0,0,0
R08,184832,4.19120181406,0,0,0.00340007478371,1.15605089377e-05,0.00714111328125,0,0.0731220319867,0,0,0
R08,185344,4.20281179138,0,0,0.00184889801312,3.4184240576e-06,0.00439453125,0,0,0,1,0
R08,185856,4.21442176871,0,0,2.40790959651e-05,5.7980287238e-10,9.1552734375e-05,0,0,0,1,0
