case_id,start_sample,valid_samples,onset_sample,timestamp_seconds,pitch_hz,confidence,rms,energy,peak,onset_strength,onset_candidate,is_silent,is_partial
V01,0,512,0,0.0,0.0,0.0,0.0000036058022487850394,1.3001809698320876e-11,0.0000152587890625,0.0,0,1,0
V01,512,512,0,0.011609977324263039,0.0,0.0,0.00001559325392008759,2.4314958380067253e-10,0.000037887468351982534,0.0,0,1,0
V01,1024,512,0,0.023219954648526078,0.0,0.0,0.0009881163714453578,9.763740536072874e-7,0.004464285913854837,0.0,0,1,0
V01,1536,512,0,0.034829931972789115,0.0,0.0,0.003823029575869441,0.000014615554391639307,0.007975987158715725,1.0,0,0,0
V01,2048,512,2048,0.046439909297052155,0.0,0.0,0.005586162209510803,0.00003120520705124363,0.011742624454200268,0.40428924560546875,1,0,0
V01,2560,512,0,0.058049886621315196,0.0,0.0,0.004459184128791094,0.000019884322682628408,0.009561967104673386,0.24500437080860138,0,0,0
V01,3072,512,0,0.06965986394557823,0.0,0.0,0.005371443927288055,0.000028852409741375595,0.010134638287127018,0.19985653460025787,0,0,0
V01,3584,512,0,0.08126984126984127,0.0,0.0,0.008183867670595646,0.0000669756846036762,0.014172923751175404,0.27883094549179077,0,0,0
V01,4096,512,0,0.09287981859410431,0.0,0.0,0.007371692918241024,0.00005434185732156038,0.012190007604658604,0.1902494728565216,0,0,0
V01,4608,512,0,0.10448979591836735,0.0,0.0,0.009612509049475193,0.00009240032522939146,0.016980644315481186,0.21657168865203857,0,0,0
V01,5120,512,0,0.11609977324263039,0.0,0.0,0.006364460568875074,0.00004050635834573768,0.012912984006106853,0.14078786969184875,0,0,0
V01,5632,512,0,0.12770975056689343,0.0,0.0,0.005153484642505646,0.000026558405807008967,0.010793257504701614,0.16888725757598877,0,0,0
V01,6144,512,0,0.13931972789115646,147.867919921875,0.8598030805587769,0.010081988759338856,0.00010164650302613154,0.014932437799870968,0.19086642563343048,0,0,0
V01,6656,512,0,0.1509297052154195,148.09927368164062,0.8694537281990051,0.00854548066854477,0.00007302524318220094,0.014778085052967072,0.20198068022727966,0,0,0
V01,7168,512,0,0.16253968253968254,147.5703887939453,0.8664453625679016,0.008783623576164246,0.00007715203537372872,0.016779685392975807,0.15944243967533112,0,0,0
V01,7680,512,0,0.17414965986394557,148.42535400390625,0.856639564037323,0.007314965594559908,0.00005350872379494831,0.013015124015510082,0.17752990126609802,0,0,0
V01,8192,512,0,0.18575963718820862,149.79896545410156,0.8590841293334961,0.007556326687335968,0.00005709807010134682,0.013537452556192875,0.1497381329536438,0,0,0
V01,8704,512,0,0.19736961451247165,149.55380249023438,0.8647117614746094,0.00857250951230526,0.00007348791405092925,0.013941031880676746,0.1631191223859787,0,0,0
V01,9216,512,0,0.2089795918367347,149.3261260986328,0.8648667335510254,0.00749546941369772,0.0000561820634175092,0.013085397891700268,0.17055654525756836,0,0,0
V01,9728,512,0,0.22058956916099773,149.40296936035156,0.8631449937820435,0.006450907327234745,0.000041614202928030863,0.013057163916528225,0.13930504024028778,0,0,0
V01,10240,512,0,0.23219954648526078,0.0,0.0,0.005632613319903612,0.00003172633296344429,0.010589599609375,0.15230201184749603,0,0,0
V01,10752,512,0,0.2438095238095238,0.0,0.0,0.004241126589477062,0.00001798715311451815,0.0095672607421875,0.1804511994123459,0,0,0
V01,11264,512,0,0.25541950113378686,0.0,0.0,0.002741830190643668,0.000007517632639064686,0.005685923155397177,0.0,0,1,0
V01,11776,512,0,0.26702947845804986,0.0,0.0,0.0039474801160395145,0.000015582600099151023,0.009151536971330643,0.17853283882141113,0,0,0
V01,12288,512,0,0.2786394557823129,0.0,0.0,0.0031605293042957783,0.000009988945748773403,0.008021763525903225,0.14380796253681183,0,0,0
V01,12800,512,0,0.29024943310657597,0.0,0.0,0.004219538066536188,0.000017804501112550497,0.008358702063560486,0.15553483366966248,0,0,0
V01,13312,512,0,0.301859410430839,0.0,0.0,0.0020357253961265087,0.000004144177637499524,0.005344209261238575,0.0,0,1,0
V01,13824,512,0,0.313469387755102,0.0,0.0,0.003655971260741353,0.000013366126040637027,0.008646232075989246,0.15242072939872742,0,0,0
V01,14336,512,0,0.3250793650793651,0.0,0.0,0.002095114905387163,0.000004389506102597807,0.0046561104245483875,0.0,0,1,0
V01,14848,512,0,0.33668934240362813,0.0,0.0,0.0026830367278307676,0.000007198686489573447,0.0063323974609375,0.0,0,1,0
V01,15360,512,0,0.34829931972789113,0.0,0.0,0.0036469916813075542,0.000013300548744155094,0.008984935469925404,0.1975117027759552,0,0,0
V01,15872,512,0,0.3599092970521542,0.0,0.0,0.0034482988994568586,0.000011890765563293826,0.007598669268190861,0.19021104276180267,0,0,0
V01,16384,512,0,0.37151927437641724,0.0,0.0,0.004709569737315178,0.000022180049199960195,0.0082550048828125,0.18539537489414215,0,0,0
V01,16896,512,0,0.3831292517006803,0.0,0.0,0.00450824573636055,0.00002032427983067464,0.008688167668879032,0.18914885818958282,0,0,0
V01,17408,512,0,0.3947392290249433,0.0,0.0,0.0036432507913559675,0.00001327327572653303,0.007417017128318548,0.1396736353635788,0,0,0
V01,17920,512,0,0.40634920634920635,0.0,0.0,0.0043702442198991776,0.0000190990340342978,0.008228120394051075,0.16587741672992706,0,0,0
V01,18432,512,0,0.4179591836734694,0.0,0.0,0.0052378117106854916,0.000027434673029347323,0.011413158848881721,0.21320924162864685,0,0,0
V01,18944,512,0,0.4295691609977324,0.0,0.0,0.009092566557228565,0.00008267476368928328,0.017473803833127022,0.23148690164089203,0,0,0
V01,19456,512,0,0.44117913832199546,0.0,0.0,0.008056778460741043,0.00006491168460343033,0.014798534102737904,0.23973217606544495,0,0,0
V01,19968,512,0,0.4527891156462585,0.0,0.0,0.008944465778768063,0.00008000346861081198,0.016153555363416672,0.16850221157073975,0,0,0
V01,20480,512,0,0.46439909297052157,0.0,0.0,0.0065923044458031654,0.000043458479922264814,0.011985311284661293,0.1529577374458313,0,0,0
V01,20992,512,0,0.47600907029478456,0.0,0.0,0.005834656301885843,0.000034043212508549914,0.012837624177336693,0.14881998300552368,0,0,0
V01,21504,512,0,0.4876190476190476,0.0,0.0,0.008807224221527576,0.00007756719423923641,0.01855146884918213,0.21377882361412048,0,0,0
V01,22016,512,0,0.4992290249433107,0.0,0.0,0.010593035258352757,0.00011221240129088983,0.02216375432908535,0.22298572957515717,0,0,0
V01,22528,512,0,0.5108390022675737,148.20773315429688,0.8786712884902954,0.009274887852370739,0.00008602353773312643,0.01506748329848051,0.16641893982887268,0,0,0
V01,23040,512,0,0.5224489795918368,148.25999450683594,0.892421305179596,0.01111514586955309,0.00012354645878076553,0.01927299238741398,0.18314671516418457,0,0,0
V01,23552,512,0,0.5340589569160997,148.82054138183594,0.8992583751678467,0.008015378378331661,0.00006424629100365564,0.014683003537356853,0.1558653861284256,0,0,0
V01,24064,512,0,0.5456689342403628,149.072265625,0.8833370208740234,0.00710810674354434,0.000050525180995464325,0.013899511657655239,0.13550493121147156,0,0,0
V01,24576,512,0,0.5572789115646258,149.46856689453125,0.8771442770957947,0.005621867720037699,0.00003160539563396014,0.012325987219810486,0.11130692064762115,0,0,0
V01,25088,512,0,0.5688888888888889,148.78334045410156,0.8864920139312744,0.0073792156763374805,0.000054452822951134294,0.011364995501935482,0.17263543605804443,0,0,0
V01,25600,512,0,0.5804988662131519,149.18544006347656,0.872869074344635,0.007704113144427538,0.00005935335866524838,0.013263002038002014,0.17359329760074615,0,0,0
V01,26112,512,0,0.592108843537415,149.31146240234375,0.8663498759269714,0.006044037640094757,0.000036530389479594305,0.011387105099856853,0.15540871024131775,0,0,0
V01,26624,512,0,0.603718820861678,0.0,0.0,0.005234626121819019,0.000027401309125707485,0.010624995455145836,0.1446470022201538,0,0,0
V01,27136,512,0,0.615328798185941,0.0,0.0,0.0034352634102106094,0.000011801034816016909,0.007043955381959677,0.1878688931465149,0,0,0
V01,27648,512,0,0.626938775510204,0.0,0.0,0.003512674244120717,0.00001233887996932026,0.008025811985135078,0.14220614731311798,0,0,0
V01,28160,512,0,0.6385487528344671,0.0,0.0,0.004971422255039215,0.00002471503830747679,0.009444152005016804,0.15929971635341644,0,0,0
V01,28672,512,0,0.6501587301587302,0.0,0.0,0.003965944983065128,0.00001572871951793786,0.009375851601362228,0.15694616734981537,0,0,0
V01,29184,512,0,0.6617687074829932,0.0,0.0,0.00432948861271143,0.000018744471162790433,0.0088188536465168,0.16000467538833618,0,0,0
V01,29696,512,0,0.6733786848072563,0.0,0.0,0.004715324379503727,0.00002223428600700572,0.009328621439635754,0.1357278674840927,0,0,0
V01,30208,512,0,0.6849886621315193,0.0,0.0,0.0034813513047993183,0.00001211980725202011,0.007545522879809141,0.17352187633514404,0,0,0
V01,30720,512,0,0.6965986394557823,0.0,0.0,0.0028123599477112293,0.00000790936883277027,0.0053383964113891125,0.0,0,1,0
V01,31232,512,0,0.7082086167800453,0.0,0.0,0.0030897469259798527,0.000009546535693516489,0.0063149589113891125,0.15464048087596893,0,0,0
V01,31744,512,0,0.7198185941043084,0.0,0.0,0.003820001147687435,0.000014592408660973888,0.00925627164542675,0.16707265377044678,0,0,0
V01,32256,512,0,0.7314285714285714,0.0,0.0,0.004317035432904959,0.000018636794266058132,0.00923250149935484,0.19068945944309235,0,0,0
V01,32768,512,0,0.7430385487528345,0.0,0.0,0.006524978205561638,0.000042575342376949266,0.01415237132459879,0.2076525241136551,0,0,0
V01,33280,512,0,0.7546485260770975,0.0,0.0,0.006122898776084185,0.000037489891838049516,0.01331220380961895,0.18838927149772644,0,0,0
V01,33792,512,0,0.7662585034013606,0.0,0.0,0.005339002702385187,0.00002850494820449967,0.011442846618592739,0.18154633045196533,0,0,0
V01,34304,512,0,0.7778684807256235,0.0,0.0,0.0037510592956095934,0.000014070446013647597,0.008280850946903229,0.1378547102212906,0,0,0
V01,34816,512,0,0.7894784580498866,0.0,0.0,0.0032627303153276443,0.000010645409020071384,0.006870399694889784,0.13643735647201538,0,0,0
V01,35328,512,0,0.8010884353741496,0.0,0.0,0.0071330079808831215,0.000050879800255643204,0.013206534087657928,0.20045505464076996,0,0,0
V01,35840,512,0,0.8126984126984127,0.0,0.0,0.007997624576091766,0.00006396200478775427,0.01522173173725605,0.21157892048358917,0,0,0
V01,36352,512,0,0.8243083900226758,0.0,0.0,0.010273607447743416,0.0001055470056599006,0.019073486328125,0.2515827715396881,0,0,0
V01,36864,512,0,0.8359183673469388,0.0,0.0,0.010096883401274681,0.00010194705100730062,0.02060445211827755,0.1771554797887802,0,0,0
V01,37376,512,0,0.8475283446712019,0.0,0.0,0.0072068641893565655,0.00005193889228394255,0.012682856060564518,0.15343955159187317,0,0,0
V01,37888,512,0,0.8591383219954648,0.0,0.0,0.0077086943201720715,0.00005942396819591522,0.015521302819252014,0.16678579151630402,0,0,0
V01,38400,512,0,0.8707482993197279,0.0,0.0,0.008467240259051323,0.00007169415039243177,0.017157210037112236,0.22809934616088867,0,0,0
V01,38912,512,0,0.8823582766439909,148.5457305908203,0.8604923486709595,0.011530252173542976,0.00013294671953190118,0.018764054402709007,0.20436033606529236,0,0,0
V01,39424,512,0,0.893968253968254,148.71734619140625,0.8775331377983093,0.011463608592748642,0.000131414330098778,0.019944794476032257,0.1812082827091217,0,0,0
V01,39936,512,0,0.905578231292517,149.07794189453125,0.892024040222168,0.010610254481434822,0.00011257749429205433,0.016087226569652557,0.1946452409029007,0,0,0
V01,40448,512,0,0.9171882086167801,148.2216796875,0.8916949033737183,0.013118471018970013,0.00017209428187925369,0.021143699064850807,0.1832205206155777,0,0,0
V01,40960,512,0,0.9287981859410431,148.30471801757812,0.8829575181007385,0.006513628643006086,0.00004242735667503439,0.013722945004701614,0.14052152633666992,0,0,0
V01,41472,512,0,0.9404081632653061,147.81021118164062,0.8902162313461304,0.004908126778900623,0.000024089707949315198,0.01051237154752016,0.12975391745567322,0,0,0
V01,41984,512,0,0.9520181405895691,147.06390380859375,0.8917943835258484,0.007430737372487783,0.00005521585626411252,0.014617296867072582,0.17090627551078796,0,0,0
V01,42496,512,0,0.9636281179138322,147.76400756835938,0.8975175023078918,0.008593954145908356,0.00007385605567833409,0.016776571050286293,0.19844304025173187,0,0,0
V01,43008,512,0,0.9752380952380952,145.4122772216797,0.8804180026054382,0.01044490747153759,0.00010909610136877745,0.019483085721731186,0.19000010192394257,0,0,0
V01,43520,512,0,0.9868480725623583,146.54306030273438,0.8534976243972778,0.008031499572098255,0.00006450498040067032,0.014476023614406586,0.1747291088104248,0,0,0
V01,44032,512,0,0.9984580498866213,0.0,0.0,0.004348382819443941,0.000018908434867626056,0.011454783380031586,0.1662377268075943,0,0,0
V01,44544,512,0,1.0100680272108844,0.0,0.0,0.0036591687239706516,0.000013389515515882522,0.008368667215108871,0.12185148894786835,0,0,0
V01,45056,512,0,1.0216780045351475,0.0,0.0,0.003930612467229366,0.00001544971382827498,0.00966846663504839,0.16528254747390747,0,0,0
V01,45568,512,0,1.0332879818594105,0.0,0.0,0.005627074278891087,0.00003166396709275432,0.01138959638774395,0.1589052826166153,0,0,0
V01,46080,512,0,1.0448979591836736,0.0,0.0,0.0043061706237494946,0.0000185431053978391,0.009030088782310486,0.15166375041007996,0,0,0
V01,46592,512,0,1.0565079365079366,0.0,0.0,0.005094154737889767,0.000025950410417863168,0.009806729853153229,0.17196586728096008,0,0,0
V01,47104,512,0,1.0681179138321995,0.0,0.0,0.0046596769243478775,0.000021712590751121752,0.011060441844165325,0.16134291887283325,0,0,0
V01,47616,512,0,1.0797278911564625,0.0,0.0,0.004478935617953539,0.00002006086469918955,0.008797159418463707,0.15375767648220062,0,0,0
V01,48128,512,0,1.0913378684807256,0.0,0.0,0.007044157478958368,0.00004962015736964531,0.01362703274935484,0.1934351772069931,0,0,0
V01,48640,512,0,1.1029478458049886,0.0,0.0,0.006719028111547232,0.0000451453379355371,0.013729484751820564,0.19124853610992432,0,0,0
V01,49152,512,0,1.1145578231292517,0.0,0.0,0.006234435364603996,0.0000388681837648619,0.01450145523995161,0.18247365951538086,0,0,0
V01,49664,512,0,1.1261678004535147,0.0,0.0,0.006742014084011316,0.000045454755309037864,0.0146636962890625,0.17003671824932098,0,0,0
V01,50176,512,0,1.1377777777777778,0.0,0.0,0.005897728260606527,0.00003478319922578521,0.013949958607554436,0.14381390810012817,0,0,0
V01,50688,512,0,1.1493877551020408,0.0,0.0,0.007622569799423218,0.0000581035710638389,0.014768639579415321,0.16258534789085388,0,0,0
V01,51200,512,0,1.1609977324263039,0.0,0.0,0.006126830354332924,0.000037538051401497796,0.01192365400493145,0.18370479345321655,0,0,0
V01,51712,512,0,1.172607709750567,0.0,0.0,0.006290632765740156,0.000039572059904458,0.01270496565848589,0.1500936895608902,0,0,0
V01,52224,512,0,1.18421768707483,0.0,0.0,0.011923382058739662,0.00014216704585123807,0.0184035524725914,0.227676659822464,0,0,0
V01,52736,512,0,1.195827664399093,0.0,0.0,0.01016236748546362,0.00010327371273888275,0.01679525524377823,0.1563037633895874,0,0,0
V01,53248,512,0,1.207437641723356,0.0,0.0,0.010156211443245411,0.00010314862447557971,0.019395167008042336,0.17946258187294006,0,0,0
V01,53760,512,0,1.2190476190476192,0.0,0.0,0.01005738414824009,0.00010115097393281758,0.016408802941441536,0.17426013946533203,0,0,0
V01,54272,512,0,1.230657596371882,147.38037109375,0.8702434301376343,0.00924239493906498,0.00008542185969417915,0.0173797607421875,0.14411446452140808,0,0,0
V01,54784,512,0,1.242267573696145,147.81442260742188,0.8812767267227173,0.00886330846697092,0.00007855824514990672,0.016627617180347443,0.16579440236091614,0,0,0
V01,55296,512,0,1.253877551020408,147.8563995361328,0.8978144526481628,0.009823850356042385,0.00009650803258409724,0.01696081832051277,0.17516696453094482,0,0,0
V01,55808,512,0,1.2654875283446712,146.9616241455078,0.9093537926673889,0.01492704451084137,0.0002228166558779776,0.022036805748939514,0.2272600531578064,0,0,0
V01,56320,512,0,1.2770975056689342,147.6602020263672,0.9155300259590149,0.010725653730332851,0.00011503964924486354,0.01788766123354435,0.1489112377166748,0,0,0
V01,56832,512,0,1.2887074829931973,148.465576171875,0.9071698188781738,0.010167781263589859,0.0001033837761497125,0.01991676725447178,0.144537553191185,0,0,0
V01,57344,512,0,1.3003174603174603,148.55020141601562,0.8964836001396179,0.009997200220823288,0.00009994400897994637,0.020294396206736565,0.1796092540025711,0,0,0
V01,57856,512,0,1.3119274376417234,149.04605102539062,0.8806389570236206,0.008127191103994846,0.00006605123780900612,0.0130157470703125,0.1308833807706833,0,0,0
V01,58368,512,0,1.3235374149659864,148.82757568359375,0.8724799156188965,0.0071114301681518555,0.000050572438340168446,0.013031316921114922,0.12198211997747421,0,0,0
V01,58880,512,0,1.3351473922902495,149.14793395996094,0.8661571741104126,0.004698874894529581,0.000022079426344134845,0.009670128114521503,0.1492024064064026,0,0,0
V01,59392,512,0,1.3467573696145125,0.0,0.0,0.007316614035516977,0.00005353283995646052,0.013401888310909271,0.17793022096157074,0,0,0
V01,59904,512,0,1.3583673469387756,0.0,0.0,0.004919431172311306,0.000024200804546126164,0.009047112427651882,0.16576707363128662,0,0,0
V01,60416,512,0,1.3699773242630386,0.0,0.0,0.006284600123763084,0.000039496200770372525,0.014138462021946907,0.14822162687778473,0,0,0
V01,60928,512,0,1.3815873015873017,0.0,0.0,0.009504799731075764,0.00009034121467266232,0.014324680902063847,0.21575871109962463,0,0,0
V01,61440,512,0,1.3931972789115645,0.0,0.0,0.004445090424269438,0.000019758828784688376,0.009006110951304436,0.13329888880252838,0,0,0
V01,61952,512,0,1.4048072562358276,0.0,0.0,0.004615227226167917,0.000021300324078765698,0.012751676142215729,0.1504247486591339,0,0,0
V01,62464,512,0,1.4164172335600906,0.0,0.0,0.0035253206733614206,0.000012427885849319864,0.00862993486225605,0.15121199190616608,0,0,0
V01,62976,512,0,1.4280272108843537,0.0,0.0,0.004613241646438837,0.000021281997760524973,0.01056001614779234,0.17931291460990906,0,0,0
V01,63488,512,0,1.4396371882086167,0.0,0.0,0.00500572519376874,0.000025057286620722152,0.0109856016933918,0.17907710373401642,0,0,0
V01,64000,512,0,1.4512471655328798,0.0,0.0,0.005039404612034559,0.000025395598640898243,0.011461530812084675,0.1582770198583603,0,0,0
V01,64512,512,0,1.4628571428571429,0.0,0.0,0.006514124106615782,0.00004243381408741698,0.015808727592229843,0.13587012887001038,0,0,0
V01,65024,512,0,1.474467120181406,0.0,0.0,0.0024321929085999727,0.000005915562269365182,0.005764915607869625,0.0,0,1,0
V01,65536,512,0,1.486077097505669,0.0,0.0,0.004300233907997608,0.000018492013623472303,0.009239664301276207,0.16646526753902435,0,0,0
V01,66048,512,0,1.497687074829932,0.0,0.0,0.006015624385327101,0.00003618773553171195,0.015254948288202286,0.17952771484851837,0,0,0
V01,66560,512,0,1.509297052154195,0.0,0.0,0.00524070905521512,0.000027465031962492503,0.01299104280769825,0.1597929447889328,0,0,0
V01,67072,512,0,1.5209070294784581,0.0,0.0,0.0094213355332613,0.00008876156789483503,0.016378700733184814,0.22018197178840637,0,0,0
V01,67584,512,0,1.5325170068027212,0.0,0.0,0.0068963966332376,0.00004756028647534549,0.015125300735235214,0.1907285451889038,0,0,0
V01,68096,512,0,1.5441269841269842,0.0,0.0,0.010271013714373112,0.00010549372382229194,0.01640786975622177,0.21097318828105927,0,0,0
V01,68608,512,0,1.555736961451247,0.0,0.0,0.010379998944699764,0.00010774438123917207,0.018066301941871643,0.1563533991575241,0,0,0
V01,69120,512,0,1.5673469387755101,0.0,0.0,0.011419140733778477,0.00013039677287451923,0.019690481945872307,0.21280522644519806,0,0,0
V01,69632,512,0,1.5789569160997732,0.0,0.0,0.012773409485816956,0.00016315998800564557,0.022441111505031586,0.19457130134105682,0,0,0
V01,70144,512,0,1.5905668934240362,148.56077575683594,0.8654384613037109,0.009504425339400768,0.00009033409878611565,0.01783316396176815,0.1910058557987213,0,0,0
V01,70656,512,0,1.6021768707482993,148.4904327392578,0.8867992758750916,0.008890154771506786,0.0000790348494774662,0.019775286316871643,0.15558436512947083,0,0,0
V01,71168,512,0,1.6137868480725623,149.86480712890625,0.8887650370597839,0.010345371440052986,0.00010702671715989709,0.01899210549890995,0.16932076215744019,0,0,0
V01,71680,512,71680,1.6253968253968254,0.0,0.0,0.03469810262322426,0.0012039582943543792,0.09689642488956451,0.6253966689109802,1,0,0
V01,72192,512,0,1.6370068027210884,0.0,0.0,0.1011834442615509,0.01023808866739273,0.20392292737960815,0.5457192063331604,0,0,0
V01,72704,512,0,1.6486167800453515,0.0,0.0,0.06922127306461334,0.0047915843315422535,0.1518707275390625,0.23499584197998047,0,0,0
V01,73216,512,73216,1.6602267573696146,0.0,0.0,0.23430128395557404,0.054897088557481766,0.6274759769439697,0.6514225602149963,1,0,0
V01,73728,512,0,1.6718367346938776,0.0,0.0,0.28375592827796936,0.08051742613315582,0.7184423208236694,0.3630915880203247,0,0,0
V01,74240,512,0,1.6834467120181407,0.0,0.0,0.16977939009666443,0.02882504276931286,0.36572265625,0.18061764538288116,0,0,0
V01,74752,512,0,1.6950566893424037,0.0,0.0,0.16651871800422668,0.027728481218218803,0.32381629943847656,0.15698577463626862,0,0,0
V01,75264,512,0,1.7066666666666668,0.0,0.0,0.1457534283399582,0.02124406397342682,0.37628287076950073,0.1450437605381012,0,0,0
V01,75776,512,0,1.7182766439909296,0.0,0.0,0.18354952335357666,0.033690426498651505,0.35340631008148193,0.1455555558204651,0,0,0
V01,76288,512,0,1.7298866213151927,0.0,0.0,0.14337241649627686,0.02055564895272255,0.33522915840148926,0.13462628424167633,0,0,0
V01,76800,512,0,1.7414965986394557,0.0,0.0,0.1527589112520218,0.023335283622145653,0.36213403940200806,0.12060582637786865,0,0,0
V01,77312,512,0,1.7531065759637188,0.0,0.0,0.1456587314605713,0.021216465160250664,0.3520355224609375,0.21761064231395721,0,0,0
V01,77824,512,0,1.7647165532879818,0.0,0.0,0.15476788580417633,0.02395309880375862,0.3006787896156311,0.10523800551891327,0,0,0
V01,78336,512,0,1.7763265306122449,175.84576416015625,0.864814043045044,0.16197283565998077,0.026235200464725494,0.3506856858730316,0.11524738371372223,0,0,0
V01,78848,512,0,1.787936507936508,175.77183532714844,0.8868786692619324,0.1505988985300064,0.022680027410387993,0.2904030978679657,0.10308722406625748,0,0,0
V01,79360,512,0,1.799546485260771,351.9491271972656,0.857053279876709,0.1495438516139984,0.022363362833857536,0.2996000051498413,0.11934803426265717,0,0,0
V01,79872,512,0,1.811156462585034,351.81512451171875,0.8767357468605042,0.14763233065605164,0.021795306354761124,0.271700382232666,0.07151401042938232,0,0,0
V01,80384,512,0,1.822766439909297,351.8967590332031,0.899205207824707,0.15342767536640167,0.023540053516626358,0.28663572669029236,0.13650725781917572,0,0,0
V01,80896,512,0,1.8343764172335602,351.5984802246094,0.9151313304901123,0.14631715416908264,0.02140871062874794,0.26110684871673584,0.08250584453344345,0,0,0
V01,81408,512,0,1.8459863945578232,351.5708923339844,0.9255666136741638,0.14973005652427673,0.022419091314077377,0.25915631651878357,0.11859659105539322,0,0,0
V01,81920,512,0,1.8575963718820863,351.2389221191406,0.9322476983070374,0.14484426379203796,0.020979860797524452,0.2749207019805908,0.05999065935611725,0,0,0
V01,82432,512,0,1.8692063492063493,351.3484802246094,0.9487873315811157,0.13931575417518616,0.019408877938985825,0.25092560052871704,0.08756556361913681,0,0,0
V01,82944,512,0,1.8808163265306121,351.05816650390625,0.9551794528961182,0.13637486100196838,0.018598103895783424,0.23702597618103027,0.09113799780607224,0,0,0
V01,83456,512,0,1.8924263038548752,350.9694519042969,0.9603397250175476,0.13787202537059784,0.019008694216609,0.255487859249115,0.09199299663305283,0,0,0
V01,83968,512,0,1.9040362811791383,350.6678161621094,0.9713443517684937,0.1316533088684082,0.017332594841718674,0.25073492527008057,0.0695687085390091,0,0,0
V01,84480,512,0,1.9156462585034013,350.9390869140625,0.9748469591140747,0.13242767751216888,0.017537089064717293,0.24025306105613708,0.09642325341701508,0,0,0
V01,84992,512,0,1.9272562358276644,350.8196105957031,0.9739294052124023,0.13306139409542084,0.017705336213111877,0.23595277965068817,0.0737995132803917,0,0,0
V01,85504,512,0,1.9388662131519274,350.8594665527344,0.9795789122581482,0.1287136971950531,0.01656721532344818,0.2059963494539261,0.04917637258768082,0,0,0
V01,86016,512,0,1.9504761904761905,350.6706237792969,0.984149694442749,0.12714511156082153,0.016165878623723984,0.2047816663980484,0.07354485243558884,0,0,0
V01,86528,512,0,1.9620861678004535,350.5267333984375,0.9870400428771973,0.12730075418949127,0.016205480322241783,0.21170884370803833,0.05415474250912666,0,0,0
V01,87040,512,0,1.9736961451247166,350.73797607421875,0.9859305620193481,0.1189977303147316,0.014160459861159325,0.20523735880851746,0.06898625940084457,0,0,0
V01,87552,512,0,1.9853061224489796,350.64520263671875,0.9841355085372925,0.12336485832929611,0.015218887478113174,0.19657492637634277,0.07123051583766937,0,0,0
V01,88064,512,0,1.9969160997732427,350.7377014160156,0.9867764115333557,0.11807214468717575,0.013941030949354172,0.19026029109954834,0.05911675840616226,0,0,0
V01,88576,512,0,2.0085260770975055,350.5531311035156,0.9875503182411194,0.11853106319904327,0.014049612917006016,0.21750937402248383,0.07308031618595123,0,0,0
V01,89088,512,0,2.020136054421769,350.5302734375,0.9897060394287109,0.11735749244689941,0.013772781006991863,0.21331486105918884,0.05937161296606064,0,0,0
V01,89600,512,0,2.0317460317460316,350.4123229980469,0.9890056848526001,0.11374794691801071,0.01293859537690878,0.20312094688415527,0.052531443536281586,0,0,0
V01,90112,512,0,2.043356009070295,350.5539245605469,0.9879973530769348,0.10650007426738739,0.011342265643179417,0.18301796913146973,0.05257886275649071,0,0,0
V01,90624,512,0,2.0549659863945577,350.5223388671875,0.9893597364425659,0.10721483081579208,0.011495019309222698,0.1792064905166626,0.04757228121161461,0,0,0
V01,91136,512,0,2.066575963718821,350.46368408203125,0.9912615418434143,0.10755535960197449,0.011568156071007252,0.16820935904979706,0.05901172012090683,0,0,0
V01,91648,512,0,2.078185941043084,350.3919677734375,0.9920224547386169,0.10252434015274048,0.010511240921914577,0.16664227843284607,0.07360223680734634,0,0,0
V01,92160,512,0,2.089795918367347,350.3355712890625,0.9911447763442993,0.10617706179618835,0.011273568496108055,0.17408140003681183,0.07676907628774643,0,0,0
V01,92672,512,0,2.10140589569161,350.3898620605469,0.9916174411773682,0.09577874094247818,0.009173567406833172,0.16839703917503357,0.06015130877494812,0,0,0
V01,93184,512,0,2.1130158730158732,350.36199951171875,0.9921820759773254,0.09947261214256287,0.009894800372421741,0.16891416907310486,0.0728766992688179,0,0,0
V01,93696,512,0,2.124625850340136,350.3155212402344,0.9929638504981995,0.10300667583942413,0.010610374622046947,0.18221630156040192,0.05456823110580444,0,0,0
V01,94208,512,0,2.136235827664399,350.27239990234375,0.99373459815979,0.09481622278690338,0.00899011641740799,0.17299595475196838,0.05707734823226929,0,0,0
V01,94720,512,0,2.147845804988662,350.1941223144531,0.9936707615852356,0.09109880775213242,0.008298993110656738,0.15813711285591125,0.06478887796401978,0,0,0
V01,95232,512,0,2.159455782312925,350.2647705078125,0.9932469725608826,0.09329284727573395,0.008703554980456829,0.15503957867622375,0.06664428114891052,0,0,0
V01,95744,512,0,2.1710657596371883,350.2093811035156,0.9942061305046082,0.08951731771230698,0.008013349957764149,0.14437149465084076,0.04902403801679611,0,0,0
V01,96256,512,0,2.182675736961451,350.22650146484375,0.9938210844993591,0.09123829752206802,0.008324427530169487,0.1548280268907547,0.061904922127723694,0,0,0
V01,96768,512,0,2.1942857142857144,350.1275939941406,0.994156539440155,0.08946559578180313,0.00800409261137247,0.14876322448253632,0.08642192929983139,0,0,0
V01,97280,512,0,2.2058956916099772,350.1091003417969,0.9938918948173523,0.08570800721645355,0.007345862686634064,0.1419118195772171,0.07389182597398758,0,0,0
V01,97792,512,0,2.2175056689342405,350.175048828125,0.9929122924804688,0.0828554630279541,0.0068650273606181145,0.13899490237236023,0.054166119545698166,0,0,0
V01,98304,512,0,2.2291156462585033,350.1579284667969,0.992302656173706,0.08429702371358871,0.00710598798468709,0.14625704288482666,0.06400866061449051,0,0,0
V01,98816,512,0,2.2407256235827666,350.0727233886719,0.9892144203186035,0.08233437687158585,0.006778949871659279,0.1495804488658905,0.06128564476966858,0,0,0
V01,99328,512,0,2.2523356009070294,350.0834045410156,0.9875778555870056,0.08033684641122818,0.006454009097069502,0.1453138142824173,0.07614051550626755,0,0,0
V01,99840,512,0,2.2639455782312927,350.1107177734375,0.9858733415603638,0.07722248136997223,0.005963311996310949,0.14257074892520905,0.07114945352077484,0,0,0
V01,100352,512,0,2.2755555555555556,349.99285888671875,0.9862367510795593,0.07521263509988785,0.005656939931213856,0.13056322932243347,0.0675932988524437,0,0,0
V01,100864,512,0,2.2871655328798184,350.1822204589844,0.9845287799835205,0.07327979803085327,0.005369928665459156,0.1171809583902359,0.05959856137633324,0,0,0
V01,101376,512,0,2.2987755102040817,350.03973388671875,0.9804046154022217,0.07600250095129013,0.005776380654424429,0.12833762168884277,0.10278934985399246,0,0,0
V01,101888,512,0,2.3103854875283445,350.0897216796875,0.9759743213653564,0.07463090121746063,0.005569770932197571,0.12639187276363373,0.0787421464920044,0,0,0
V01,102400,512,0,2.3219954648526078,350.48345947265625,0.971174418926239,0.07162511348724365,0.00513015640899539,0.12003559619188309,0.09224075078964233,0,0,0
V01,102912,512,0,2.3336054421768706,349.9607849121094,0.9738507270812988,0.07150385528802872,0.005112801678478718,0.11802735924720764,0.06193813309073448,0,0,0
V01,103424,512,0,2.345215419501134,350.146728515625,0.9731952548027039,0.06834573298692703,0.004671139642596245,0.12191357463598251,0.05838048458099365,0,0,0
V01,103936,512,0,2.3568253968253967,350.0978698730469,0.9688056111335754,0.06827916949987411,0.004662044811993837,0.12462227046489716,0.05802391096949577,0,0,0
V01,104448,512,0,2.36843537414966,350.3487243652344,0.9620309472084045,0.06665603816509247,0.0044430275447666645,0.11433794349431992,0.07228585332632065,0,0,0
V01,104960,512,0,2.380045351473923,350.1800231933594,0.9595186114311218,0.06337890774011612,0.004016885533928871,0.10181567072868347,0.04997917637228966,0,0,0
V01,105472,512,0,2.391655328798186,350.2378234863281,0.9631525874137878,0.06316669285297394,0.003990030847489834,0.0958927720785141,0.07741376757621765,0,0,0
V01,105984,512,0,2.403265306122449,349.8879089355469,0.9667171239852905,0.06318479776382446,0.003992318641394377,0.09873837977647781,0.08537190407514572,0,0,0
V01,106496,512,0,2.414875283446712,350.0655212402344,0.9669948220252991,0.06393525749444962,0.004087716806679964,0.10393155366182327,0.08883599936962128,0,0,0
V01,107008,512,0,2.426485260770975,350.3275146484375,0.9602054357528687,0.05808316916227341,0.0033736543264240026,0.09971784800291061,0.07258189469575882,0,0,0
V01,107520,512,0,2.4380952380952383,349.9957275390625,0.9590402245521545,0.059735871851444244,0.0035683743190020323,0.1022680401802063,0.0677180215716362,0,0,0
V01,108032,512,0,2.449705215419501,349.9526672363281,0.9636344909667969,0.05810654163360596,0.003376370295882225,0.09705907851457596,0.058123115450143814,0,0,0
V01,108544,512,0,2.461315192743764,349.9956970214844,0.9705601334571838,0.057934753596782684,0.003356435801833868,0.09515930712223053,0.06898503005504608,0,0,0
V01,109056,512,0,2.4729251700680273,349.7855529785156,0.9712945818901062,0.05752930790185928,0.003309621475636959,0.0904323011636734,0.07620207220315933,0,0,0
V01,109568,512,0,2.48453514739229,349.945068359375,0.9670172333717346,0.058263231068849564,0.003394604194909334,0.08901873975992203,0.09211290627717972,0,0,0
V01,110080,512,0,2.4961451247165534,350.13446044921875,0.9642732739448547,0.054259274154901505,0.0029440689831972122,0.09005674719810486,0.06433172523975372,0,0,0
V01,110592,512,0,2.507755102040816,349.82611083984375,0.9664278626441956,0.052583787590265274,0.0027650545816868544,0.07904582470655441,0.06554829329252243,0,0,0
V01,111104,512,0,2.5193650793650795,349.9299621582031,0.9744775891304016,0.050836339592933655,0.00258433329872787,0.08538787066936493,0.10123439878225327,0,0,0
V01,111616,512,0,2.5309750566893423,349.9199523925781,0.9778499603271484,0.050653260201215744,0.0025657527148723602,0.07867743074893951,0.07662604004144669,0,0,0
V01,112128,512,0,2.5425850340136056,349.80828857421875,0.9769980907440186,0.049223385751247406,0.0024229418486356735,0.07980377972126007,0.07426663488149643,0,0,0
V01,112640,512,0,2.5541950113378684,349.70379638671875,0.9769127368927002,0.05033924803137779,0.0025340397842228413,0.07823025435209274,0.06754213571548462,0,0,0
V01,113152,512,0,2.5658049886621317,349.8284912109375,0.9756339192390442,0.05002294480800629,0.0025022949557751417,0.083251953125,0.06929446011781693,0,0,0
V01,113664,512,0,2.5774149659863945,349.820556640625,0.9793129563331604,0.050000254064798355,0.002500025322660804,0.0774652361869812,0.08942154794931412,0,0,0
V01,114176,512,0,2.589024943310658,349.89739990234375,0.9827520251274109,0.04859483242034912,0.002361457562074065,0.0698234885931015,0.07724151015281677,0,0,0
V01,114688,512,0,2.6006349206349206,349.4580383300781,0.9825301170349121,0.04852517694234848,0.002354692667722702,0.075446717441082,0.10089392960071564,0,0,0
V01,115200,512,0,2.6122448979591835,349.71624755859375,0.9802579283714294,0.046460796147584915,0.0021586057264357805,0.07683796435594559,0.10478262603282928,0,0,0
V01,115712,512,0,2.6238548752834467,349.7784729003906,0.971759557723999,0.047038834542036057,0.0022126520052552223,0.07950752973556519,0.10265877097845078,0,0,0
V01,116224,512,0,2.6354648526077096,349.97119140625,0.9661334156990051,0.0442223995923996,0.001955620711669326,0.0780036598443985,0.0899696797132492,0,0,0
V01,116736,512,0,2.647074829931973,350.09381103515625,0.9617035388946533,0.04470212385058403,0.001998279942199588,0.07470620423555374,0.0856928899884224,0,0,0
V01,117248,512,0,2.6586848072562357,349.805419921875,0.9641754031181335,0.045112546533346176,0.002035141922533512,0.07711044698953629,0.08293195068836212,0,0,0
V01,117760,512,0,2.670294784580499,349.8463134765625,0.9555076956748962,0.04329859837889671,0.0018747687572613358,0.07054013758897781,0.07289499044418335,0,0,0
V01,118272,512,0,2.681904761904762,350.1077880859375,0.941655695438385,0.04640137776732445,0.0021530878730118275,0.07610606402158737,0.11696145683526993,0,0,0
V01,118784,512,0,2.693514739229025,350.47210693359375,0.9293948411941528,0.046333830803632736,0.0021468240302056074,0.07681699842214584,0.07821814715862274,0,0,0
V01,119296,512,0,2.705124716553288,350.3793640136719,0.9226869940757751,0.043160028755664825,0.0018627882236614823,0.07607066631317139,0.0885235071182251,0,0,0
V01,119808,512,0,2.716734693877551,350.3728942871094,0.9268898963928223,0.041245780885219574,0.001701214350759983,0.0669461190700531,0.08195599913597107,0,0,0
V01,120320,512,0,2.728344671201814,350.4610290527344,0.9230685234069824,0.04427500441670418,0.0019602759275585413,0.0767059326171875,0.12425944954156876,0,0,0
V01,120832,512,0,2.7399546485260773,350.3544616699219,0.9132994413375854,0.04280222952365875,0.0018320308299735188,0.07672430574893951,0.10019417107105255,0,0,0
V01,121344,512,0,2.75156462585034,350.8443298339844,0.9034711122512817,0.04192335531115532,0.0017575678648427129,0.07314419746398926,0.10678663849830627,0,0,0
V01,121856,512,0,2.7631746031746034,350.3743896484375,0.9084848761558533,0.04234854504466057,0.0017933993367478251,0.06858140230178833,0.0791982039809227,0,0,0
V01,122368,512,0,2.7747845804988662,350.6148986816406,0.9180470108985901,0.039215829223394394,0.0015378812095150352,0.062147803604602814,0.09010956436395645,0,0,0
V01,122880,512,0,2.786394557823129,350.34600830078125,0.9253132939338684,0.03903679549694061,0.0015238714404404163,0.06471096724271774,0.08556362241506577,0,0,0
V01,123392,512,0,2.7980045351473923,350.4752197265625,0.9240080714225769,0.04007713496685028,0.0016061767237260938,0.07246492058038712,0.10120900720357895,0,0,0
V01,123904,512,0,2.809614512471655,350.62139892578125,0.9206768870353699,0.0386633574962616,0.0014948552707210183,0.063797727227211,0.0876498743891716,0,0,0
V01,124416,512,0,2.8212244897959184,350.33380126953125,0.9276897311210632,0.03722764924168587,0.0013858979800716043,0.059135802090168,0.09329395741224289,0,0,0
V01,124928,512,0,2.8328344671201813,350.0370178222656,0.9456464648246765,0.03989044949412346,0.001591248088516295,0.06280019134283066,0.09752783924341202,0,0,0
V01,125440,512,0,2.8444444444444446,350.1758728027344,0.9527369141578674,0.03699389472603798,0.0013685483718290925,0.05674920231103897,0.12086712568998337,0,0,0
V01,125952,512,0,2.8560544217687074,350.03961181640625,0.9574810266494751,0.036284416913986206,0.0013165590353310108,0.05591007322072983,0.07633209973573685,0,0,0
V01,126464,512,0,2.8676643990929707,349.8038330078125,0.962429940700531,0.03655843436717987,0.001336519024334848,0.054693520069122314,0.07251213490962982,0,0,0
V01,126976,512,0,2.8792743764172335,349.9638977050781,0.9638975262641907,0.038816530257463455,0.0015067228814586997,0.060096897184848785,0.08986562490463257,0,0,0
V01,127488,512,0,2.8908843537414968,349.6653137207031,0.9743390679359436,0.03568585216999054,0.001273480011150241,0.05780620872974396,0.0964432880282402,0,0,0
V01,128000,512,0,2.9024943310657596,349.68206787109375,0.979634702205658,0.034736230969429016,0.0012066056951880455,0.057150911539793015,0.08104236423969269,0,0,0
V01,128512,512,0,2.914104308390023,349.718994140625,0.9800267219543457,0.03334782272577286,0.001112077385187149,0.056626301258802414,0.08962659537792206,0,0,0
V01,129024,512,0,2.9257142857142857,349.7361145019531,0.9776890873908997,0.034650351852178574,0.001200646860525012,0.056434787809848785,0.0980120375752449,0,0,0
V01,129536,512,0,2.9373242630385485,350.0173034667969,0.9754573106765747,0.032285306602716446,0.0010423411149531603,0.050323486328125,0.09773484617471695,0,0,0
V01,130048,512,0,2.948934240362812,349.60369873046875,0.9704822897911072,0.03464961424469948,0.00120059575419873,0.05692950263619423,0.13646940886974335,0,0,0
V01,130560,512,0,2.9605442176870747,350.1962585449219,0.9551831483840942,0.031751275062561035,0.0010081434156745672,0.05975341796875,0.13020874559879303,0,0,0
V01,131072,512,0,2.972154195011338,350.2148132324219,0.9460787773132324,0.034777555614709854,0.001209478359669447,0.05586959049105644,0.08507932722568512,0,0,0
V01,131584,512,0,2.9837641723356008,350.0727844238281,0.9372707605361938,0.03394030034542084,0.0011519440449774265,0.05892913043498993,0.08057689666748047,0,0,0
V01,132096,512,0,2.995374149659864,349.9980773925781,0.9384578466415405,0.030574990436434746,0.0009348300518468022,0.04856841266155243,0.06685985624790192,0,0,0
V01,132608,512,0,3.006984126984127,350.23919677734375,0.9351818561553955,0.030698707327246666,0.0009424106101505458,0.05438045412302017,0.08675001561641693,0,0,0
V01,133120,512,0,3.01859410430839,350.648193359375,0.9154536724090576,0.030084392055869102,0.0009050706285052001,0.05779842287302017,0.08707493543624878,0,0,0
V01,133632,512,0,3.030204081632653,350.6706237792969,0.9001651406288147,0.02915707230567932,0.0008501348784193397,0.053558558225631714,0.10858491063117981,0,0,0
V01,134144,512,0,3.0418140589569163,351.0003662109375,0.8787998557090759,0.0323018953204155,0.0010434123687446117,0.05515896528959274,0.0986909344792366,0,0,0
V01,134656,512,0,3.053424036281179,350.9615478515625,0.8785392642021179,0.03041868656873703,0.0009252964518964291,0.0520302914083004,0.14020122587680817,0,0,0
V01,135168,512,0,3.0650340136054424,351.3613586425781,0.867810070514679,0.027712631970643997,0.0007679900154471397,0.04739006236195564,0.11048249900341034,0,0,0
V01,135680,512,0,3.076643990929705,351.51629638671875,0.8600504398345947,0.027875926345586777,0.0007770672673359513,0.047013264149427414,0.08118348568677902,0,0,0
V01,136192,512,0,3.0882539682539685,174.3223876953125,0.9534070491790771,0.032344717532396317,0.001046180841512978,0.05803675204515457,0.1151285171508789,0,0,0
V01,136704,512,0,3.0998639455782313,174.38104248046875,0.946237325668335,0.02771955356001854,0.0007683736039325595,0.05124368518590927,0.10113473981618881,0,0,0
V01,137216,512,0,3.111473922902494,174.46958923339844,0.9518404006958008,0.028786752372980118,0.0008286771480925381,0.052885301411151886,0.10067613422870636,0,0,0
V01,137728,512,0,3.1230839002267574,174.35845947265625,0.9540998935699463,0.026895256713032722,0.0007233548094518483,0.04644619673490524,0.09964683651924133,0,0,0
V01,138240,512,0,3.1346938775510202,174.4605712890625,0.9533405900001526,0.02684350125491619,0.000720573530998081,0.049358028918504715,0.1037943884730339,0,0,0
V01,138752,512,0,3.1463038548752835,351.02752685546875,0.8539789319038391,0.024341821670532227,0.0005925243021920323,0.03970959782600403,0.08550586551427841,0,0,0
V01,139264,512,0,3.1579138321995464,351.3314208984375,0.8594781756401062,0.026261288672685623,0.0006896552513353527,0.04351266846060753,0.12947289645671844,0,0,0
V01,139776,512,0,3.1695238095238096,351.22979736328125,0.8653305768966675,0.025830747559666634,0.0006672275485470891,0.04335489124059677,0.12193403393030167,0,0,0
V01,140288,512,0,3.1811337868480725,350.55706787109375,0.8830749988555908,0.025616616010665894,0.0006562110502272844,0.044667355716228485,0.08854859322309494,0,0,0
V01,140800,512,0,3.1927437641723357,350.5635681152344,0.8994853496551514,0.0262686088681221,0.000690039771143347,0.04537901654839516,0.07607541978359222,0,0,0
V01,141312,512,0,3.2043537414965986,350.189697265625,0.9201805591583252,0.02584197372198105,0.0006678075878880918,0.046631067991256714,0.1343112289905548,0,0,0
V01,141824,512,0,3.215963718820862,350.3142395019531,0.9222787618637085,0.024331873282790184,0.0005920400726608932,0.04503750801086426,0.08156569302082062,0,0,0
V01,142336,512,0,3.2275736961451247,349.9716491699219,0.9372120499610901,0.02562757208943367,0.0006567724631167948,0.04402056708931923,0.08785568177700043,0,0,0
V01,142848,512,0,3.239183673469388,350.3096618652344,0.9408206939697266,0.023814961314201355,0.0005671523394994438,0.04016653075814247,0.12666994333267212,0,0,0
V01,143360,512,0,3.250793650793651,349.84100341796875,0.9506420493125916,0.024663368239998817,0.000608281756285578,0.03907018154859543,0.11053668707609177,0,0,0
V01,143872,512,0,3.2624036281179136,349.8899230957031,0.9553812146186829,0.022960202768445015,0.0005271709524095058,0.04389309883117676,0.14587046205997467,0,0,0
V01,144384,512,0,3.274013605442177,349.8072814941406,0.9504563808441162,0.023657431825995445,0.000559674110263586,0.0425821952521801,0.13977640867233276,0,0,0
V01,144896,512,0,3.2856235827664397,350.33807373046875,0.9517724514007568,0.02302725613117218,0.0005302545614540577,0.041037943214178085,0.09583280235528946,0,0,0
V01,145408,512,0,3.297233560090703,349.7149658203125,0.9520301818847656,0.023676589131355286,0.000560580869205296,0.0389622263610363,0.12260029464960098,0,0,0
V01,145920,512,0,3.308843537414966,349.853515625,0.9527225494384766,0.022807884961366653,0.0005201996536925435,0.03824693337082863,0.0856703445315361,0,0,0
V01,146432,512,0,3.320453514739229,349.8486633300781,0.9473696351051331,0.022278323769569397,0.000496323686093092,0.03867853805422783,0.1286524385213852,0,0,0
V01,146944,512,0,3.332063492063492,350.54559326171875,0.9329012036323547,0.023180445656180382,0.0005373330786824226,0.0372743159532547,0.11157595366239548,0,0,0
V01,147456,512,0,3.3436734693877552,350.3802185058594,0.9046983122825623,0.022327298298478127,0.0004985082196071744,0.03910287842154503,0.11512844264507294,0,0,0
V01,147968,512,0,3.355283446712018,351.09136962890625,0.8878315091133118,0.02408173307776451,0.0005799299106001854,0.04385749623179436,0.12035180628299713,0,0,0
V01,148480,512,0,3.3668934240362813,351.4693908691406,0.8834220170974731,0.02212902158498764,0.0004896936006844044,0.0366109199821949,0.1302051842212677,0,0,0
V01,148992,512,0,3.378503401360544,350.950927734375,0.882657527923584,0.022321805357933044,0.000498262990731746,0.0448201484978199,0.15624913573265076,0,0,0
V01,149504,512,0,3.3901133786848074,174.65570068359375,0.927937924861908,0.02381237782537937,0.0005670293467119336,0.04906167834997177,0.15770885348320007,0,0,0
V01,150016,512,0,3.4017233560090703,174.14451599121094,0.916495680809021,0.026264771819114685,0.0006898382562212646,0.051085181534290314,0.13110430538654327,0,0,0
V01,150528,512,0,3.4133333333333336,174.2086944580078,0.9115907549858093,0.024557380005717278,0.0006030648946762085,0.04887981712818146,0.12246548384428024,0,0,0
V01,151040,512,0,3.4249433106575964,174.2521514892578,0.9098231196403503,0.023735016584396362,0.0005633510299958289,0.04321330413222313,0.12686197459697723,0,0,0
V01,151552,512,0,3.436553287981859,174.1388397216797,0.922697901725769,0.023233827203512192,0.0005398107459768653,0.041610199958086014,0.11061226576566696,0,0,0
V01,152064,512,0,3.4481632653061225,174.0628204345703,0.9205577969551086,0.022625543177127838,0.0005119151901453733,0.04434266313910484,0.08427990972995758,0,0,0
V01,152576,512,0,3.4597732426303853,173.9960174560547,0.9108859300613403,0.022336648777127266,0.0004989259177818894,0.04355761408805847,0.14039640128612518,0,0,0
V01,153088,512,0,3.4713832199546486,173.87083435058594,0.9119794368743896,0.026173483580350876,0.000685051258187741,0.046474844217300415,0.14676137268543243,0,0,0
V01,153600,512,0,3.4829931972789114,173.97735595703125,0.9144131541252136,0.022153286263346672,0.0004907680558972061,0.0437520332634449,0.14365790784358978,0,0,0
V01,154112,512,0,3.4946031746031747,174.08995056152344,0.91936856508255,0.01936679519712925,0.0003750727919396013,0.03755000978708267,0.098546601831913,0,0,0
V01,154624,512,0,3.5062131519274375,174.07362365722656,0.9233545064926147,0.020365701988339424,0.0004147618019487709,0.03620972856879234,0.10483258962631226,0,0,0
V01,155136,512,0,3.517823129251701,173.9480438232422,0.921976625919342,0.022933706641197205,0.0005259548779577017,0.0401785708963871,0.12261399626731873,0,0,0
V01,155648,512,0,3.5294331065759637,174.1013641357422,0.9190588593482971,0.02092105895280838,0.00043769070180132985,0.03641432151198387,0.12973058223724365,0,0,0
V01,156160,512,0,3.541043083900227,174.05467224121094,0.9191508293151855,0.021513227373361588,0.0004628189199138433,0.03477727249264717,0.11610885709524155,0,0,0
V01,156672,512,0,3.5526530612244898,174.23504638671875,0.9326980113983154,0.021126940846443176,0.00044634766527451575,0.037339191883802414,0.11813507974147797,0,0,0
V01,157184,512,0,3.564263038548753,174.34930419921875,0.9270572662353516,0.020115002989768982,0.00040461335447616875,0.0380270816385746,0.13466480374336243,0,0,0
V01,157696,512,0,3.575873015873016,174.3170623779297,0.930976152420044,0.022244872525334358,0.0004948343266732991,0.03736399859189987,0.12830208241939545,0,0,0
V01,158208,512,0,3.5874829931972787,174.59092712402344,0.9246102571487427,0.018883846700191498,0.00035659968852996826,0.033655282109975815,0.11995618045330048,0,0,0
V01,158720,512,0,3.599092970521542,174.4025421142578,0.9148056507110596,0.021896909922361374,0.00047947466373443604,0.04528652876615524,0.1784917265176773,0,0,0
V01,159232,512,0,3.610702947845805,350.5882568359375,0.8689464926719666,0.020061703398823738,0.00040247192373499274,0.032554470002651215,0.1123475506901741,0,0,0
V01,159744,512,0,3.622312925170068,350.32635498046875,0.8854564428329468,0.021200576797127724,0.00044946448178961873,0.03557270020246506,0.12171521037817001,0,0,0
V01,160256,512,0,3.633922902494331,351.1040954589844,0.9053583741188049,0.021201230585575104,0.0004494921595323831,0.03791622072458267,0.14083105325698853,0,0,0
V01,160768,512,0,3.645532879818594,349.8200988769531,0.9154666066169739,0.01971476525068283,0.0003886719641741365,0.0360092893242836,0.11001627147197723,0,0,0
V01,161280,512,0,3.657142857142857,350.4222412109375,0.9148334264755249,0.02072547934949398,0.0004295454709790647,0.0422661192715168,0.12302589416503906,0,0,0
V01,161792,512,0,3.6687528344671203,350.51287841796875,0.8909350633621216,0.017116209492087364,0.0002929646288976073,0.0363326296210289,0.10978436470031738,0,0,0
V01,162304,512,0,3.680362811791383,174.4361572265625,0.8988627791404724,0.024116840213537216,0.0005816220073029399,0.04760586470365524,0.1875966340303421,0,0,0
V01,162816,512,0,3.6919727891156464,174.31915283203125,0.8968091011047363,0.018680229783058167,0.00034895099815912545,0.03533779829740524,0.11743177473545074,0,0,0
V01,163328,512,0,3.7035827664399092,174.3374786376953,0.8921963572502136,0.02092028595507145,0.0004376583965495229,0.03968437388539314,0.14377136528491974,0,0,0
V01,163840,512,0,3.7151927437641725,174.2870330810547,0.8801053166389465,0.01915835216641426,0.0003670424921438098,0.03381285443902016,0.14491362869739532,0,0,0
V01,164352,512,0,3.7268027210884354,174.15399169921875,0.8732163310050964,0.020619049668312073,0.0004251452046446502,0.04419412463903427,0.15247748792171478,0,0,0
V01,164864,512,0,3.7384126984126986,174.05088806152344,0.8705903887748718,0.0221804678440094,0.0004919731873087585,0.04291165992617607,0.13178624212741852,0,0,0
V01,165376,512,0,3.7500226757369615,174.0301055908203,0.8693773746490479,0.02263323962688446,0.0005122635629959404,0.0501861572265625,0.18259890377521515,0,0,0
V01,165888,512,0,3.7616326530612243,173.8456573486328,0.8710654973983765,0.021227749064564705,0.00045061734272167087,0.04788488149642944,0.12474333494901657,0,0,0
V01,166400,512,0,3.7732426303854876,174.06866455078125,0.8874537944793701,0.019480615854263306,0.0003794943622779101,0.04127730801701546,0.12874573469161987,0,0,0
V01,166912,512,0,3.7848526077097504,173.86273193359375,0.8830081820487976,0.02178790420293808,0.0004747127532027662,0.044151671230793,0.14772149920463562,0,0,0
V01,167424,512,0,3.7964625850340137,173.7213134765625,0.8759564757347107,0.022836320102214813,0.0005214975099079311,0.0432717464864254,0.13973838090896606,0,0,0
V01,167936,512,0,3.8080725623582765,173.6440887451172,0.8725523352622986,0.018763937056064606,0.00035208536428399384,0.0356183722615242,0.14249879121780396,0,0,0
V01,168448,512,0,3.81968253968254,173.42449951171875,0.866356611251831,0.020489541813731194,0.00041982129914686084,0.0401153564453125,0.14936579763889313,0,0,0
V01,168960,512,0,3.8312925170068026,173.1888885498047,0.873428225517273,0.02231913059949875,0.0004981436068192124,0.0399489626288414,0.12887494266033173,0,0,0
V01,169472,512,0,3.842902494331066,173.2217559814453,0.8722051382064819,0.018587356433272362,0.00034548979601822793,0.03759703412652016,0.1538114845752716,0,0,0
V01,169984,512,0,3.8545124716553287,173.33767700195312,0.8698879480361938,0.020424416288733482,0.0004171568143647164,0.039207302033901215,0.1193184107542038,0,0,0
V01,170496,512,0,3.866122448979592,173.09494018554688,0.8696882724761963,0.019829776138067245,0.00039322004886344075,0.03892579302191734,0.12321411073207855,0,0,0
V01,171008,512,0,3.877732426303855,173.1029510498047,0.8756351470947266,0.019577980041503906,0.00038329727249220014,0.03868290036916733,0.14712835848331451,0,0,0
V01,171520,512,0,3.889342403628118,173.19117736816406,0.8715758919715881,0.019489798694849014,0.00037985225208103657,0.0417967289686203,0.10127813369035721,0,0,0
V01,172032,512,0,3.900952380952381,173.23931884765625,0.882499635219574,0.018129661679267883,0.00032868466223590076,0.0337350033223629,0.1371822953224182,0,0,0
V01,172544,512,0,3.912562358276644,173.57374572753906,0.8842487335205078,0.01645556464791298,0.0002707855892367661,0.03468384966254234,0.14946195483207703,0,0,0
V01,173056,512,0,3.924172335600907,173.7463836669922,0.889586865901947,0.016724741086363792,0.00027971697272732854,0.034464623779058456,0.14727894961833954,0,0,0
V01,173568,512,0,3.93578231292517,173.93960571289062,0.879810094833374,0.01699427142739296,0.00028880525496788323,0.03154074773192406,0.13864541053771973,0,0,0
V01,174080,512,0,3.947392290249433,173.7601776123047,0.8795221447944641,0.01800983026623726,0.0003243540122639388,0.03157946467399597,0.160658061504364,0,0,0
V01,174592,512,0,3.959002267573696,174.34848022460938,0.8755971193313599,0.01709306798875332,0.00029217294650152326,0.03228759765625,0.13956013321876526,0,0,0
V01,175104,512,0,3.9706122448979593,174.17349243164062,0.8710987567901611,0.015902793034911156,0.0002528988115955144,0.028240593150258064,0.12968017160892487,0,0,0
V01,175616,512,0,3.982222222222222,174.54864501953125,0.8696111440658569,0.018080083653330803,0.00032688945066183805,0.039428193122148514,0.15421822667121887,0,0,0
V01,176128,512,0,3.9938321995464854,174.43014526367188,0.856529951095581,0.015301862731575966,0.00023414699535351247,0.029607966542243958,0.11659401655197144,0,0,0
V01,176640,512,0,4.005442176870749,174.41195678710938,0.8548554182052612,0.0201480183750391,0.0004059426428284496,0.041123371571302414,0.1949232667684555,0,0,0
V01,177152,512,0,4.017052154195011,116.6949691772461,0.8578398823738098,0.01567690819501877,0.00024576543364673853,0.030060436576604843,0.1407717615365982,0,0,0
V01,177664,512,0,4.028662131519274,174.29971313476562,0.8527487516403198,0.020412707701325417,0.0004166786384303123,0.03994065895676613,0.15627503395080566,0,0,0
V01,178176,512,0,4.040272108843538,116.47412109375,0.8936022520065308,0.016579516232013702,0.00027488035266287625,0.033092886209487915,0.15694652497768402,0,0,0
V01,178688,512,0,4.051882086167801,116.43665313720703,0.888981819152832,0.02005879394710064,0.0004023552464786917,0.03668659180402756,0.14218206703662872,0,0,0
V01,179200,512,0,4.063492063492063,116.68547058105469,0.8595581650733948,0.019989583641290665,0.00039958348497748375,0.04132983088493347,0.19508765637874603,0,0,0
V01,179712,512,0,4.0751020408163265,0.0,0.0,0.022522559389472008,0.0005072656786069274,0.04745223745703697,0.17822058498859406,0,0,0
V01,180224,512,0,4.08671201814059,0.0,0.0,0.01874733902513981,0.00035146274603903294,0.040975868701934814,0.12950044870376587,0,0,0
V01,180736,512,0,4.098321995464852,0.0,0.0,0.015849919989705086,0.0002512199862394482,0.034800317138433456,0.14881381392478943,0,0,0
V01,181248,512,0,4.1099319727891155,0.0,0.0,0.01688317395746708,0.0002850415767170489,0.031680673360824585,0.11550077795982361,0,0,0
V01,181760,512,0,4.121541950113379,0.0,0.0,0.020930079743266106,0.0004380682366900146,0.04217685014009476,0.19220250844955444,0,0,0
V01,182272,512,0,4.133151927437642,0.0,0.0,0.023666175082325935,0.000560087850317359,0.05055029317736626,0.18615850806236267,0,0,0
V01,182784,512,0,4.144761904761904,0.0,0.0,0.02299528196454048,0.0005287829553708434,0.04811448976397514,0.12227635085582733,0,0,0
V01,183296,512,0,4.156371882086168,0.0,0.0,0.020454486832022667,0.000418386043747887,0.0380815789103508,0.17012321949005127,0,0,0
V01,183808,512,0,4.167981859410431,0.0,0.0,0.020319078117609024,0.00041286495979875326,0.04434048384428024,0.15186567604541779,0,0,0
V01,184320,512,0,4.179591836734694,0.0,0.0,0.020120346918702126,0.0004048283735755831,0.0419573113322258,0.13683253526687622,0,0,0
V01,184832,512,0,4.191201814058957,0.0,0.0,0.021812396124005318,0.00047578063094988465,0.044549331068992615,0.1443701833486557,0,0,0
V01,185344,512,0,4.20281179138322,0.0,0.0,0.017629379406571388,0.0003107950324192643,0.037816885858774185,0.1521257907152176,0,0,0
V01,185856,512,0,4.214421768707483,0.0,0.0,0.017670750617980957,0.00031225543352775276,0.036408714950084686,0.14498263597488403,0,0,0
V01,186368,512,0,4.2260317460317465,0.0,0.0,0.020778654143214226,0.00043175247265025973,0.04127969592809677,0.16236841678619385,0,0,0
V01,186880,512,0,4.237641723356009,0.0,0.0,0.018498700112104416,0.0003422018780838698,0.043325722217559814,0.13314533233642578,0,0,0
V01,187392,512,0,4.249251700680272,0.0,0.0,0.01772531308233738,0.00031418673461303115,0.03916827216744423,0.14410491287708282,0,0,0
V01,187904,512,0,4.260861678004535,0.0,0.0,0.018001653254032135,0.0003240595106035471,0.0374734066426754,0.13108430802822113,0,0,0
V01,188416,512,0,4.272471655328798,0.0,0.0,0.015373828820884228,0.0002363546082051471,0.03345536068081856,0.1692057102918625,0,0,0
V01,188928,512,0,4.284081632653061,0.0,0.0,0.01336368266493082,0.00017858801584225148,0.0262015201151371,0.08948150277137756,0,0,0
V01,189440,512,0,4.295691609977324,0.0,0.0,0.017718182876706123,0.00031393402605317533,0.036321211606264114,0.14977896213531494,0,0,0
V01,189952,512,0,4.307301587301588,0.0,0.0,0.015047891065478325,0.0002264390350319445,0.02840574085712433,0.16962848603725433,0,0,0
V01,190464,512,0,4.31891156462585,0.0,0.0,0.01590660773217678,0.00025302014546468854,0.031109556555747986,0.14829254150390625,0,0,0
V01,190976,512,0,4.330521541950113,0.0,0.0,0.015944020822644234,0.0002542118018027395,0.032572947442531586,0.13801035284996033,0,0,0
V01,191488,512,0,4.342131519274377,0.0,0.0,0.013719519600272179,0.0001882252108771354,0.027710791677236557,0.15348654985427856,0,0,0
V01,192000,512,0,4.35374149659864,0.0,0.0,0.015569007024168968,0.00024239398771896958,0.03243115544319153,0.14969100058078766,0,0,0
V01,192512,512,0,4.365351473922902,0.0,0.0,0.014171445742249489,0.00020082987612113357,0.027291329577565193,0.15374332666397095,0,0,0
V01,193024,512,0,4.3769614512471655,0.0,0.0,0.016984114423394203,0.0002884601126424968,0.035980224609375,0.17144517600536346,0,0,0
V01,193536,512,0,4.388571428571429,0.0,0.0,0.012250195257365704,0.00015006729518063366,0.02802717685699463,0.1273307204246521,0,0,0
V01,194048,512,0,4.400181405895691,0.0,0.0,0.017378810793161392,0.00030202307971194386,0.0388859324157238,0.16786469519138336,0,0,0
V01,194560,512,0,4.4117913832199545,0.0,0.0,0.013489986769855022,0.00018197973258793354,0.029903801158070564,0.12903237342834473,0,0,0
V01,195072,512,0,4.423401360544218,0.0,0.0,0.017430007457733154,0.0003038051363546401,0.034646689891815186,0.15535999834537506,0,0,0
V01,195584,512,0,4.435011337868481,0.0,0.0,0.016930535435676575,0.0002866430440917611,0.03473948687314987,0.153193861246109,0,0,0
V01,196096,512,0,4.446621315192743,0.0,0.0,0.014812355861067772,0.00021940589067526162,0.028727317228913307,0.11118558049201965,0,0,0
V01,196608,512,0,4.458231292517007,0.0,0.0,0.016396088525652885,0.0002688317035790533,0.029912831261754036,0.15353278815746307,0,0,0
V01,197120,512,0,4.46984126984127,0.0,0.0,0.019710006192326546,0.00038848433177918196,0.04219574108719826,0.19353416562080383,0,0,0
V01,197632,512,0,4.481451247165533,0.0,0.0,0.018075836822390556,0.00032673589885234833,0.0368804931640625,0.13231374323368073,0,0,0
V01,198144,512,0,4.493061224489796,0.0,0.0,0.01744835637509823,0.00030444515869021416,0.03706827014684677,0.15598826110363007,0,0,0
V01,198656,512,0,4.504671201814059,0.0,0.0,0.01707710698246956,0.0002916275698225945,0.03750164061784744,0.16063028573989868,0,0,0
V01,199168,512,0,4.516281179138322,0.0,0.0,0.01866166479885578,0.0003482577158138156,0.03940556198358536,0.1456107646226883,0,0,0
V01,199680,512,0,4.527891156462585,0.0,0.0,0.017760688439011574,0.000315442041028291,0.03433258831501007,0.15393926203250885,0,0,0
V01,200192,512,0,4.539501133786848,0.0,0.0,0.02317507192492485,0.000537083949893713,0.0456317737698555,0.19443631172180176,0,0,0
V01,200704,512,0,4.551111111111111,0.0,0.0,0.022091351449489594,0.0004880278429482132,0.04430872201919556,0.14320684969425201,0,0,0
V01,201216,512,0,4.562721088435374,0.0,0.0,0.018180137500166893,0.0003305173886474222,0.041958037763834,0.1318463832139969,0,0,0
V01,201728,512,0,4.574331065759637,0.0,0.0,0.0162185151129961,0.00026304024504497647,0.029419567435979843,0.1426219642162323,0,0,0
V01,202240,512,0,4.5859410430839,0.0,0.0,0.014820328913629055,0.00021964214101899415,0.0289183109998703,0.17781904339790344,0,0,0
V01,202752,512,0,4.597551020408163,0.0,0.0,0.01635836251080036,0.0002675960131455213,0.03002057783305645,0.14904285967350006,0,0,0
V01,203264,512,0,4.609160997732427,0.0,0.0,0.018239697441458702,0.00033268658444285393,0.0393313467502594,0.15416130423545837,0,0,0
V01,203776,512,0,4.620770975056689,0.0,0.0,0.01708071492612362,0.00029175079544074833,0.03511078655719757,0.14938119053840637,0,0,0
V01,204288,512,0,4.632380952380952,0.0,0.0,0.013348479755222797,0.00017818190099205822,0.03312838822603226,0.15379711985588074,0,0,0
V01,204800,512,0,4.6439909297052155,0.0,0.0,0.015459421090781689,0.00023899371444713324,0.0312071293592453,0.13747578859329224,0,0,0
V01,205312,512,0,4.655600907029479,0.0,0.0,0.01223254669457674,0.00014963520516175777,0.0240631103515625,0.12652988731861115,0,0,0
V01,205824,512,0,4.667210884353741,0.0,0.0,0.012524493969976902,0.00015686293772887439,0.027371777221560478,0.15898314118385315,0,0,0
V01,206336,512,0,4.6788208616780045,0.0,0.0,0.012571074068546295,0.00015803190763108432,0.0233590267598629,0.1551571786403656,0,0,0
V01,206848,512,0,4.690430839002268,0.0,0.0,0.01190665178000927,0.0001417683670297265,0.027652557939291,0.15599940717220306,0,0,0
V01,207360,512,0,4.702040816326531,0.0,0.0,0.014233440160751343,0.00020259081793483347,0.02690882235765457,0.15673436224460602,0,0,0
V01,207872,512,0,4.713650793650793,0.0,0.0,0.011889051645994186,0.00014134954835753888,0.025145238265395164,0.15522833168506622,0,0,0
V01,208384,512,0,4.725260770975057,0.0,0.0,0.0133046330884099,0.0001770132512319833,0.02395152486860752,0.11867182701826096,0,0,0
V01,208896,512,0,4.73687074829932,0.0,0.0,0.010470964945852757,0.00010964109969791025,0.02013433538377285,0.14702290296554565,0,0,0
V01,209408,512,0,4.748480725623582,0.0,0.0,0.013502774760127068,0.00018232493312098086,0.02411978505551815,0.1650269329547882,0,0,0
V01,209920,512,0,4.760090702947846,0.0,0.0,0.012146798893809319,0.00014754472067579627,0.030971189960837364,0.1552528738975525,0,0,0
V01,210432,512,0,4.771700680272109,0.0,0.0,0.012831263244152069,0.0001646413147682324,0.02858843095600605,0.16114704310894012,0,0,0
V01,210944,512,0,4.783310657596372,0.0,0.0,0.013533671386539936,0.0001831602567108348,0.03019309602677822,0.13539956510066986,0,0,0
V01,211456,512,0,4.794920634920635,0.0,0.0,0.013147079385817051,0.00017284569912590086,0.026455108076334,0.1546320766210556,0,0,0
V01,211968,512,0,4.806530612244898,0.0,0.0,0.014577939175069332,0.0002125163155142218,0.031693749129772186,0.16778089106082916,0,0,0
V01,212480,512,0,4.818140589569161,0.0,0.0,0.014358135871589184,0.0002061560662696138,0.03972672298550606,0.22158126533031464,0,0,0
V01,212992,512,0,4.829750566893424,0.0,0.0,0.018743516877293587,0.0003513194096740335,0.040487173944711685,0.17676179111003876,0,0,0
V01,213504,512,0,4.841360544217687,0.0,0.0,0.01425789576023817,0.00020328759273979813,0.03472900390625,0.17164652049541473,0,0,0
V01,214016,512,0,4.85297052154195,0.0,0.0,0.01688954420387745,0.0002852566831279546,0.03813690319657326,0.15950354933738708,0,0,0
V01,214528,512,0,4.864580498866213,0.0,0.0,0.015372303314507008,0.0002363077219342813,0.031139763072133064,0.1698230504989624,0,0,0
V01,215040,512,0,4.876190476190477,0.0,0.0,0.017257770523428917,0.00029783061472699046,0.03135868161916733,0.17081937193870544,0,0,0
V01,215552,512,0,4.887800453514739,0.0,0.0,0.019240112975239754,0.0003701819805428386,0.039756204932928085,0.16545109450817108,0,0,0
V01,216064,512,0,4.899410430839002,0.0,0.0,0.023326236754655838,0.000544113339856267,0.039239272475242615,0.19319063425064087,0,0,0
V01,216576,512,0,4.911020408163266,0.0,0.0,0.013544207438826561,0.00018344554700888693,0.0331181101500988,0.17106814682483673,0,0,0
V01,217088,512,0,4.922630385487528,0.0,0.0,0.013014037162065506,0.00016936515748966485,0.0278778076171875,0.11724355071783066,0,0,0
V01,217600,512,0,4.934240362811791,0.0,0.0,0.013776605017483234,0.0001897948532132432,0.028707284480333328,0.1599588543176651,0,0,0
V01,218112,512,0,4.9458503401360545,0.0,0.0,0.019474463537335396,0.00037925472133792937,0.0387413389980793,0.15445852279663086,0,0,0
V01,218624,512,0,4.957460317460318,0.0,0.0,0.02019902691245079,0.0004080006619915366,0.04087289795279503,0.211927592754364,0,0,0
V01,219136,512,0,4.96907029478458,0.0,0.0,0.017744267359375954,0.00031485900399275124,0.03363940119743347,0.13465167582035065,0,0,0
V01,219648,512,0,4.9806802721088435,0.0,0.0,0.011529030278325081,0.00013291853247210383,0.0283501036465168,0.1328039914369583,0,0,0
V01,220160,512,0,4.992290249433107,0.0,0.0,0.009943713434040546,0.00009887744090519845,0.0192725770175457,0.15722553431987762,0,0,0
V01,220672,512,0,5.00390022675737,0.0,0.0,0.01180301420390606,0.0001393111451761797,0.0219879150390625,0.13281001150608063,0,0,0
V01,221184,512,0,5.015510204081632,0.0,0.0,0.015306251123547554,0.00023428132408298552,0.029442301020026207,0.15578912198543549,0,0,0
V01,221696,512,0,5.027120181405896,0.0,0.0,0.014826414175331593,0.00021982257021591067,0.02990037575364113,0.21592696011066437,0,0,0
V01,222208,512,0,5.038730158730159,0.0,0.0,0.013253799639642239,0.0001756632118485868,0.0270414799451828,0.16270951926708221,0,0,0
V01,222720,512,0,5.050340136054421,0.0,0.0,0.011663278564810753,0.00013603207480628043,0.02202715165913105,0.19595228135585785,0,0,0
V01,223232,512,0,5.061950113378685,0.0,0.0,0.00793027225881815,0.00006288921576924622,0.01673089899122715,0.12461143732070923,0,0,0
V01,223744,512,0,5.073560090702948,0.0,0.0,0.010898657143115997,0.00011878073564730585,0.024178434163331985,0.11246092617511749,0,0,0
V01,224256,512,0,5.085170068027211,0.0,0.0,0.008846595883369446,0.00007826225919416174,0.01752798818051815,0.12286851555109024,0,0,0
V01,224768,512,0,5.0967800453514736,0.0,0.0,0.010034213773906231,0.00010068545088870451,0.020599365234375,0.15533369779586792,0,0,0
V01,225280,512,0,5.108390022675737,0.0,0.0,0.008693922311067581,0.00007558428478660062,0.0169961117208004,0.1471738964319229,0,0,0
V01,225792,512,0,5.12,0.0,0.0,0.010901076719164848,0.00011883346451213583,0.0255126953125,0.2063930630683899,0,0,0
V01,226304,512,0,5.131609977324263,0.0,0.0,0.011471081525087357,0.00013158570800442249,0.024154767394065857,0.15259605646133423,0,0,0
V01,226816,512,0,5.143219954648526,0.0,0.0,0.009736322797834873,0.00009479598520556465,0.021061385050415993,0.15295808017253876,0,0,0
V01,227328,512,0,5.154829931972789,0.0,0.0,0.013156982138752937,0.00017310617840848863,0.03088814951479435,0.16433633863925934,0,0,0
V01,227840,512,0,5.166439909297052,0.0,0.0,0.008907726965844631,0.00007934759923955426,0.017683690413832664,0.15367774665355682,0,0,0
V01,228352,512,0,5.178049886621316,0.0,0.0,0.013139786198735237,0.00017265399219468236,0.02681405283510685,0.18962490558624268,0,0,0
V01,228864,512,0,5.189659863945578,0.0,0.0,0.012681220658123493,0.00016081336070783436,0.02879728004336357,0.16753484308719635,0,0,0
V01,229376,512,0,5.201269841269841,0.0,0.0,0.014763512648642063,0.0002179613074986264,0.029206568375229836,0.18532045185565948,0,0,0
V01,229888,512,0,5.2128798185941045,0.0,0.0,0.015523041598498821,0.00024096481502056122,0.029693603515625,0.1394471526145935,0,0,0
V01,230400,512,0,5.224489795918367,0.0,0.0,0.009305866435170174,0.00008659915329189971,0.01754293590784073,0.13154202699661255,0,0,0
V01,230912,512,0,5.23609977324263,0.0,0.0,0.014352614991366863,0.00020599756680894643,0.0333833247423172,0.20931801199913025,0,0,0
V01,231424,512,0,5.2477097505668935,0.0,0.0,0.012122014537453651,0.00014694324636366218,0.024464821442961693,0.1761178970336914,0,0,0
V01,231936,512,0,5.259319727891157,0.0,0.0,0.013368556275963783,0.00017871828458737582,0.026859100908041,0.18001209199428558,0,0,0
V01,232448,512,0,5.270929705215419,0.0,0.0,0.013518531806766987,0.00018275070760864764,0.0326857790350914,0.1566610187292099,0,0,0
V01,232960,512,0,5.282539682539682,0.0,0.0,0.01408825721591711,0.00019847898511216044,0.029368912801146507,0.15320974588394165,0,0,0
V01,233472,512,0,5.294149659863946,0.0,0.0,0.013667702674865723,0.00018680609355214983,0.028575560078024864,0.1385236233472824,0,0,0
V01,233984,512,0,5.305759637188209,0.0,0.0,0.012666959315538406,0.00016045184747781605,0.02973252907395363,0.1416311413049698,0,0,0
V01,234496,512,0,5.317369614512471,0.0,0.0,0.014463473111391068,0.0002091920468956232,0.027789058163762093,0.16151948273181915,0,0,0
V01,235008,512,0,5.328979591836735,0.0,0.0,0.015443210490047932,0.00023849275021348149,0.028692439198493958,0.1588166207075119,0,0,0
V01,235520,512,0,5.340589569160998,0.0,0.0,0.013660483993589878,0.0001866088277893141,0.02707594260573387,0.1957874298095703,0,0,0
V01,236032,512,0,5.352199546485261,0.0,0.0,0.009776443243026733,0.0000955788345891051,0.022481074556708336,0.10750475525856018,0,0,0
V01,236544,512,0,5.363809523809524,0.0,0.0,0.008805772289633751,0.00007754161924822256,0.017882365733385086,0.14386865496635437,0,0,0
V01,237056,512,0,5.375419501133787,0.0,0.0,0.01001762319356203,0.0001003527722787112,0.022910188883543015,0.16271322965621948,0,0,0
V01,237568,512,0,5.38702947845805,0.0,0.0,0.010669974610209465,0.0001138483639806509,0.02289544977247715,0.14944621920585632,0,0,0
V01,238080,512,0,5.3986394557823125,0.0,0.0,0.010047015734016895,0.00010094252502312884,0.0207366943359375,0.16572342813014984,0,0,0
V01,238592,512,0,5.410249433106576,0.0,0.0,0.00899873860180378,0.00008097730460576713,0.017595771700143814,0.176263228058815,0,0,0
V01,239104,512,0,5.421859410430839,0.0,0.0,0.008465302176773548,0.0000716613358235918,0.016659172251820564,0.15900786221027374,0,0,0
V01,239616,512,0,5.433469387755102,0.0,0.0,0.007657346315681934,0.00005863495607627556,0.018594548106193542,0.15507905185222626,0,0,0
V01,240128,512,0,5.445079365079365,0.0,0.0,0.0077608912251889706,0.000060231432144064456,0.014102546498179436,0.12328954041004181,0,0,0
V01,240640,512,0,5.456689342403628,0.0,0.0,0.008002408780157566,0.00006403854058589786,0.013183282688260078,0.15000338852405548,0,0,0
V01,241152,512,0,5.468299319727891,0.0,0.0,0.008719213306903839,0.00007602468394907191,0.018908442929387093,0.14619705080986023,0,0,0
V01,241664,512,0,5.479909297052155,0.0,0.0,0.007682223804295063,0.00005901656550122425,0.01675819791853428,0.14624661207199097,0,0,0
V01,242176,512,0,5.491519274376417,0.0,0.0,0.00949613656848669,0.00009017660340759903,0.018206538632512093,0.16860976815223694,0,0,0
V01,242688,512,0,5.50312925170068,0.0,0.0,0.009476901963353157,0.00008981166320154443,0.01942848600447178,0.17294014990329742,0,0,0
V01,243200,512,0,5.5147392290249435,0.0,0.0,0.008054329082369804,0.00006487221253337339,0.015406394377350807,0.15255089104175568,0,0,0
V01,243712,512,0,5.526349206349207,0.0,0.0,0.008735598996281624,0.00007631068729097024,0.02018083818256855,0.16114863753318787,0,0,0
V01,244224,512,0,5.537959183673469,0.0,0.0,0.01106333453208208,0.00012239736679475754,0.0283050537109375,0.19836615025997162,0,0,0
V01,244736,512,0,5.5495691609977325,0.0,0.0,0.010892901569604874,0.00011865531268995255,0.02227129228413105,0.13618719577789307,0,0,0
V01,245248,512,0,5.561179138321996,0.0,0.0,0.013058568350970745,0.00017052621114999056,0.026045817881822586,0.2123429924249649,0,0,0
V01,245760,512,0,5.572789115646258,0.0,0.0,0.01659996807575226,0.00027555893757380545,0.028450997546315193,0.18422836065292358,0,0,0
V01,246272,512,0,5.584399092970521,0.0,0.0,0.011533386074006557,0.00013301898434292525,0.018779832869768143,0.13490580022335052,0,0,0
V01,246784,512,0,5.596009070294785,0.0,0.0,0.008188757114112377,0.00006705574196530506,0.01448930986225605,0.142252117395401,0,0,0
V01,247296,512,0,5.607619047619048,0.0,0.0,0.011261695995926857,0.00012682579108513892,0.02103315107524395,0.17473846673965454,0,0,0
V01,247808,512,0,5.61922902494331,0.0,0.0,0.016995597630739212,0.0002888503368012607,0.027981609106063843,0.21886028349399567,0,0,0
V01,248320,512,0,5.630839002267574,149.86331176757812,0.8501303195953369,0.017189709469676018,0.0002954861265607178,0.027344269677996635,0.18480649590492249,0,0,0
V01,248832,512,0,5.642448979591837,148.1689910888672,0.8722361922264099,0.015800347551703453,0.0002496509696356952,0.026458740234375,0.12776122987270355,0,0,0
V01,249344,512,0,5.6540589569161,148.56935119628906,0.8909654021263123,0.010197477415204048,0.00010398855374660343,0.01967179775238037,0.18741199374198914,0,0,0
V01,249856,512,0,5.6656689342403626,149.21302795410156,0.895643413066864,0.012043727561831474,0.00014505138096865267,0.02074863202869892,0.12435261160135269,0,0,0
V01,250368,512,0,5.677278911564626,149.93931579589844,0.8926886320114136,0.010566729120910168,0.00011165576870553195,0.018252002075314522,0.11642739921808243,0,0,0
V01,250880,512,0,5.688888888888889,149.3202362060547,0.901680588722229,0.010538087226450443,0.00011105127487098798,0.019675014540553093,0.14661285281181335,0,0,0
V01,251392,512,0,5.7004988662131515,148.32907104492188,0.8863776326179504,0.01107145193964243,0.00012257705384399742,0.0174560546875,0.20194582641124725,0,0,0
V01,251904,512,0,5.712108843537415,148.91546630859375,0.8684180974960327,0.004992814734578133,0.000024928200218710117,0.009348551742732525,0.14425800740718842,0,0,0
V01,252416,512,0,5.723718820861678,0.0,0.0,0.005677672103047371,0.000032235959224635735,0.011816530488431454,0.16730540990829468,0,0,0
V01,252928,512,0,5.735328798185941,0.0,0.0,0.0079228850081563,0.00006277210195548832,0.017626289278268814,0.15553101897239685,0,0,0
V01,253440,512,0,5.746938775510204,0.0,0.0,0.011793553829193115,0.00013908791879657656,0.020993603393435478,0.20604395866394043,0,0,0
V01,253952,512,0,5.758548752834467,0.0,0.0,0.012948300689458847,0.00016765849431976676,0.02386287786066532,0.162199005484581,0,0,0
V01,254464,512,0,5.77015873015873,0.0,0.0,0.005793404765427113,0.00003356353772687726,0.015108692459762096,0.13448771834373474,0,0,0
V01,254976,512,0,5.7817687074829935,0.0,0.0,0.006930704694241285,0.00004803466435987502,0.014103480614721775,0.17325744032859802,0,0,0
V01,255488,512,0,5.793378684807256,0.0,0.0,0.00443318160250783,0.00001965309820661787,0.009891328401863575,0.12535284459590912,0,0,0
V01,256000,512,0,5.804988662131519,0.0,0.0,0.005435202736407518,0.000029541428375523537,0.010028865188360214,0.11808771640062332,0,0,0
V01,256512,512,0,5.8165986394557825,0.0,0.0,0.00994761474430561,0.00009895504626911134,0.019587302580475807,0.20308822393417358,0,0,0
V01,257024,512,0,5.828208616780046,0.0,0.0,0.004042821004986763,0.00001634440013731364,0.010419677011668682,0.1564955860376358,0,0,0
V01,257536,512,0,5.839818594104308,0.0,0.0,0.004700947552919388,0.00002209890772064682,0.010799589566886425,0.1584790199995041,0,0,0
V01,258048,512,0,5.851428571428571,0.0,0.0,0.004747122060507536,0.00002253516868222505,0.00984752457588911,0.12000501155853271,0,0,0
V01,258560,512,0,5.863038548752835,0.0,0.0,0.005708407144993544,0.000032585910958005115,0.012499439530074596,0.15563881397247314,0,0,0
V01,259072,512,0,5.874648526077097,0.0,0.0,0.008708436042070389,0.00007583686237921938,0.016730068251490593,0.1569293737411499,0,0,0
V01,259584,512,0,5.88625850340136,0.0,0.0,0.006489066872745752,0.00004210798942949623,0.014221502467989922,0.1557195633649826,0,0,0
V01,260096,512,0,5.897868480725624,0.0,0.0,0.008396908640861511,0.00007050806743791327,0.014261777512729168,0.18612852692604065,0,0,0
V01,260608,512,0,5.909478458049887,0.0,0.0,0.007637668401002884,0.000058333978813607246,0.0200071781873703,0.21185126900672913,0,0,0
V01,261120,512,0,5.921088435374149,0.0,0.0,0.008398924954235554,0.00007054194429656491,0.01520450133830309,0.16568873822689056,0,0,0
V01,261632,512,0,5.932698412698413,0.0,0.0,0.011630764231085777,0.0001352746767224744,0.0215911865234375,0.1979171186685562,0,0,0
V01,262144,512,0,5.944308390022676,0.0,0.0,0.012520695105195045,0.00015676781185902655,0.022186279296875,0.2037339210510254,0,0,0
V01,262656,512,0,5.955918367346939,0.0,0.0,0.01016896404325962,0.00010340782318962738,0.0193328857421875,0.14791837334632874,0,0,0
V01,263168,512,0,5.9675283446712015,0.0,0.0,0.00665833568200469,0.000044333435653243214,0.011948462575674057,0.15080194175243378,0,0,0
V01,263680,512,0,5.979138321995465,0.0,0.0,0.0054779136553406715,0.000030007538953213952,0.011401844210922718,0.11993133276700974,0,0,0
V01,264192,512,0,5.990748299319728,0.0,0.0,0.010382261127233505,0.00010779134754557163,0.01774700917303562,0.1733197569847107,0,0,0
V01,264704,512,0,6.002358276643991,148.2994384765625,0.8671559691429138,0.013202953152358532,0.00017431796004530042,0.020511444658041,0.19887717068195343,0,0,0
V01,265216,512,0,6.013968253968254,146.94615173339844,0.8885876536369324,0.013998358510434628,0.00019595403864514083,0.02394571155309677,0.18480783700942993,0,0,0
V01,265728,512,0,6.025578231292517,147.1702423095703,0.8852783441543579,0.01036121603101492,0.00010735479736467823,0.02066911943256855,0.1568448692560196,0,0,0
V01,266240,512,0,6.03718820861678,147.9397735595703,0.871880054473877,0.00638268468901515,0.00004073866512044333,0.01269437838345766,0.1709844470024109,0,0,0
V01,266752,512,0,6.048798185941043,147.51495361328125,0.8727768659591675,0.00901347678154707,0.00008124276791932061,0.01763044111430645,0.12199033796787262,0,0,0
V01,267264,512,0,6.060408163265306,147.3319549560547,0.8770685195922852,0.00858251191675663,0.00007365951751125976,0.014961710199713707,0.12930388748645782,0,0,0
V01,267776,512,0,6.072018140589569,146.94769287109375,0.8862190246582031,0.009337660856544971,0.00008719190373085439,0.0148468017578125,0.17026351392269135,0,0,0
V01,268288,512,0,6.0836281179138325,145.92112731933594,0.8698910474777222,0.007566271815448999,0.0000572484677832108,0.013788547366857529,0.21514742076396942,0,0,0
V01,268800,512,0,6.095238095238095,0.0,0.0,0.004395672585815191,0.000019321936633787118,0.01149640791118145,0.16410619020462036,0,0,0
V01,269312,512,0,6.106848072562358,0.0,0.0,0.004315090831369162,0.00001862000863184221,0.00909423828125,0.15161654353141785,0,0,0
V01,269824,512,0,6.1184580498866215,0.0,0.0,0.005933607928454876,0.00003520770405884832,0.01459560263901949,0.178513765335083,0,0,0
V01,270336,512,0,6.130068027210885,0.0,0.0,0.007912574335932732,0.00006260883674258366,0.0156707763671875,0.18867576122283936,0,0,0
V01,270848,512,0,6.141678004535147,0.0,0.0,0.006334557197988033,0.000040126615203917027,0.011860438622534275,0.13074341416358948,0,0,0
V01,271360,512,0,6.15328798185941,0.0,0.0,0.005464079324156046,0.00002985616447404027,0.01067170687019825,0.13875117897987366,0,0,0
V01,271872,512,0,6.164897959183674,0.0,0.0,0.003274029353633523,0.000010719268175307661,0.007472447119653225,0.16975060105323792,0,0,0
V01,272384,512,0,6.176507936507937,0.0,0.0,0.004332716576755047,0.000018772434486891143,0.009170221164822578,0.15177583694458008,0,0,0
V01,272896,512,0,6.188117913832199,0.0,0.0,0.0082005700096488,0.00006724934792146087,0.017188142985105515,0.20418645441532135,0,0,0
V01,273408,512,0,6.199727891156463,0.0,0.0,0.007073516026139259,0.000050034628657158464,0.010928821749985218,0.14825402200222015,0,0,0
V01,273920,512,0,6.211337868480726,0.0,0.0,0.0067700110375881195,0.00004583304689731449,0.013522193767130375,0.1753043532371521,0,0,0
V01,274432,512,0,6.222947845804988,0.0,0.0,0.005727347452193499,0.00003280250894022174,0.012163123115897179,0.18843501806259155,0,0,0
V01,274944,512,0,6.2345578231292516,0.0,0.0,0.004944813437759876,0.000024451181161566637,0.013027891516685486,0.16019488871097565,0,0,0
V01,275456,512,0,6.246167800453515,0.0,0.0,0.007545108906924725,0.0000569286712561734,0.014475297182798386,0.16902723908424377,0,0,0
V01,275968,512,0,6.257777777777778,0.0,0.0,0.006864674389362335,0.000047123754484346136,0.015253703109920025,0.17454572021961212,0,0,0
V01,276480,512,0,6.2693877551020405,0.0,0.0,0.006775553338229656,0.00004590812386595644,0.012255298905074596,0.176663339138031,0,0,0
V01,276992,512,0,6.280997732426304,0.0,0.0,0.01047953125089407,0.00010982057574437931,0.023645414039492607,0.19193588197231293,0,0,0
V01,277504,512,0,6.292607709750567,0.0,0.0,0.008946760557591915,0.00008004452683962882,0.0196685791015625,0.18972346186637878,0,0,0
V01,278016,512,0,6.30421768707483,0.0,0.0,0.010842650197446346,0.00011756305320886895,0.0218636654317379,0.17685401439666748,0,0,0
V01,278528,512,0,6.315827664399093,0.0,0.0,0.009615421295166016,0.00009245632099919021,0.019503535702824593,0.17856799066066742,0,0,0
V01,279040,512,0,6.327437641723356,0.0,0.0,0.00744726974517107,0.0000554618272872176,0.015613374300301075,0.12301555275917053,0,0,0
V01,279552,512,0,6.339047619047619,0.0,0.0,0.008716195821762085,0.00007597207149956375,0.016454268246889114,0.1295558661222458,0,0,0
V01,280064,512,0,6.350657596371882,0.0,0.0,0.009581230580806732,0.00009179998596664518,0.01694192737340927,0.1799195259809494,0,0,0
V01,280576,512,0,6.362267573696145,0.0,0.0,0.014574188739061356,0.00021240698697511107,0.0253266841173172,0.21367399394512177,0,0,0
V01,281088,512,0,6.373877551020408,147.79293823242188,0.8579404354095459,0.013028579764068127,0.00016974388563539833,0.02393159456551075,0.20478010177612305,0,0,0
V01,281600,512,0,6.3854875283446715,146.86053466796875,0.8670671582221985,0.011856176890432835,0.0001405689399689436,0.02382364124059677,0.1342758983373642,0,0,0
V01,282112,512,0,6.397097505668934,147.76693725585938,0.8625977039337158,0.006910429801791906,0.00004775403795065358,0.01745065674185753,0.1690998077392578,0,0,0
V01,282624,512,0,6.408707482993197,148.35264587402344,0.8517943620681763,0.008798490278422832,0.00007741342415101826,0.014805073849856853,0.13544349372386932,0,0,0
V01,283136,512,0,6.42031746031746,147.34307861328125,0.8619681596755981,0.008626583032310009,0.00007441793422913179,0.017222190275788307,0.1454596370458603,0,0,0
V01,283648,512,0,6.431927437641724,148.13429260253906,0.865847110748291,0.008608975447714329,0.00007411446131300181,0.0142669677734375,0.15853045880794525,0,0,0
V01,284160,512,0,6.443537414965986,147.9088897705078,0.8563970923423767,0.008747072890400887,0.00007651127816643566,0.017354847863316536,0.19256404042243958,0,0,0
V01,284672,512,0,6.455147392290249,0.0,0.0,0.007868843153119087,0.00006191869033500552,0.01581433415412903,0.1280282884836197,0,0,0
V01,285184,512,0,6.466757369614513,0.0,0.0,0.0038101570680737495,0.000014517297131533269,0.012014064937829971,0.1497698724269867,0,0,0
V01,285696,512,0,6.478367346938776,0.0,0.0,0.005823542829602957,0.000033913653169292957,0.0125129334628582,0.1435205191373825,0,0,0
V01,286208,512,0,6.489977324263038,0.0,0.0,0.005897691007703543,0.00003478275903034955,0.0100555419921875,0.17664417624473572,0,0,0
V01,286720,512,0,6.501587301587302,0.0,0.0,0.005595281720161438,0.000031307179597206414,0.012119734659790993,0.16493216156959534,0,0,0
V01,287232,512,0,6.513197278911565,0.0,0.0,0.004797297529876232,0.000023014064936432987,0.010792946442961693,0.16266661882400513,0,0,0
V01,287744,512,0,6.524807256235827,0.0,0.0,0.0045219059102237225,0.000020447630959097296,0.011109955608844757,0.20431840419769287,0,0,0
V01,288256,512,0,6.5364172335600905,0.0,0.0,0.008845740929245949,0.00007824713975423947,0.01423696894198656,0.1888221800327301,0,0,0
V01,288768,512,0,6.548027210884354,0.0,0.0,0.005559020675718784,0.000030902712751412764,0.010633300058543682,0.16939951479434967,0,0,0
V01,289280,512,0,6.559637188208617,0.0,0.0,0.006095350719988346,0.000037153302400838584,0.013445795513689518,0.15125294029712677,0,0,0
V01,289792,512,0,6.5712471655328795,0.0,0.0,0.0036664572544395924,0.000013442908311844803,0.009629645384848118,0.15653268992900848,0,0,0
V01,290304,512,0,6.582857142857143,0.0,0.0,0.004449908155947924,0.000019801682356046513,0.00998578779399395,0.13792836666107178,0,0,0
V01,290816,512,0,6.594467120181406,0.0,0.0,0.011686683632433414,0.00013657857198268175,0.021982310339808464,0.22373366355895996,0,0,0
V01,291328,512,0,6.606077097505669,0.0,0.0,0.007486632093787193,0.000056049659178825095,0.014967626892030239,0.17674848437309265,0,0,0
V01,291840,512,0,6.617687074829932,0.0,0.0,0.00842311978340149,0.00007094893953762949,0.01616019941866398,0.18518568575382233,0,0,0
V01,292352,512,0,6.629297052154195,0.0,0.0,0.006244161166250706,0.000038989546737866476,0.012903434224426746,0.1808682084083557,0,0,0
V01,292864,512,0,6.640907029478458,0.0,0.0,0.006527110002934933,0.000042603162000887096,0.014479967765510082,0.12411820888519287,0,0,0
V01,293376,512,0,6.6525170068027215,0.0,0.0,0.011662710458040237,0.0001360188180115074,0.02048341929912567,0.21136347949504852,0,0,0
V01,293888,512,0,6.664126984126984,0.0,0.0,0.01166947279125452,0.00013617658987641335,0.020290452986955643,0.1884383112192154,0,0,0
V01,294400,512,0,6.675736961451247,0.0,0.0,0.01265965960919857,0.00016026697994675487,0.023067656904459,0.18254050612449646,0,0,0
V01,294912,512,0,6.6873469387755105,0.0,0.0,0.010188332758843899,0.00010380212916061282,0.018798932433128357,0.20662067830562592,0,0,0
V01,295424,512,0,6.698956916099773,0.0,0.0,0.008937300182878971,0.0000798753317212686,0.016963621601462364,0.14521299302577972,0,0,0
V01,295936,512,0,6.710566893424036,148.35633850097656,0.8576280474662781,0.011522999033331871,0.00013277950347401202,0.02004382014274597,0.17502416670322418,0,0,0
V01,296448,512,0,6.722176870748299,148.27923583984375,0.8690735697746277,0.011452398262917995,0.0001311574160354212,0.019357487559318542,0.1680263727903366,0,0,0
V01,296960,512,0,6.733786848072563,146.9897918701172,0.8926377296447754,0.011784093454480171,0.00013886486703995615,0.02138161100447178,0.16662418842315674,0,0,0
V01,297472,512,0,6.745396825396825,148.50865173339844,0.8939886093139648,0.009879079647362232,0.0000975962175289169,0.016988636925816536,0.1717740297317505,0,0,0
V01,297984,512,0,6.757006802721088,148.37486267089844,0.8951314687728882,0.011577458120882511,0.00013403753109741956,0.018671153113245964,0.18126417696475983,0,0,0
V01,298496,512,0,6.768616780045352,149.52000427246094,0.9055165648460388,0.013139373622834682,0.00017264315101783723,0.020882120355963707,0.14572632312774658,0,0,0
V01,299008,512,0,6.780226757369615,150.0287322998047,0.8930319547653198,0.009601762518286705,0.00009219384810421616,0.016977529972791672,0.12541283667087555,0,0,0
V01,299520,512,0,6.791836734693877,148.77294921875,0.894516110420227,0.009816160425543785,0.00009635700553189963,0.017100535333156586,0.14620941877365112,0,0,0
V01,300032,512,0,6.8034467120181406,149.08135986328125,0.89054274559021,0.0070709665305912495,0.00004999856901122257,0.014935240149497986,0.17354777455329895,0,0,0
V01,300544,512,0,6.815056689342404,149.77334594726562,0.874846339225769,0.007989919744431973,0.00006383882282534614,0.015596662648022175,0.1322629451751709,0,0,0
V01,301056,512,0,6.826666666666667,149.52574157714844,0.8747905492782593,0.009518982842564583,0.00009061102900886908,0.01640496216714382,0.14711984992027283,0,0,0
V01,301568,512,0,6.8382766439909295,0.0,0.0,0.006461238954216242,0.000041747611248865724,0.0122993104159832,0.18222996592521667,0,0,0
V01,302080,512,0,6.849886621315193,0.0,0.0,0.006148842629045248,0.00003780826591537334,0.013404171913862228,0.1463623344898224,0,0,0
V01,302592,346,0,6.861496598639456,0.0,0.0,0.0045995404943823814,0.000021155770809855312,0.009031645953655243,0.16683223843574524,0,0,1
V02,0,512,0,0.0,0.0,0.0,0.000006446943189075682,4.156307589764374e-11,0.0000152587890625,0.0,0,1,0
V02,512,512,0,0.011609977324263039,0.0,0.0,0.00001665002855588682,2.772234664050188e-10,0.000030517578125,0.0,0,1,0
V02,1024,512,0,0.023219954648526078,0.0,0.0,0.0010748077183961868,0.0000011552115211088676,0.00594283128157258,0.0,0,1,0
V02,1536,512,0,0.034829931972789115,0.0,0.0,0.006588960997760296,0.0000434144058090169,0.013524580746889114,1.0,0,0,0
V02,2048,512,0,0.046439909297052155,0.0,0.0,0.004363054875284433,0.000019036246158066206,0.007377676200121641,0.23104271292686462,0,0,0
V02,2560,512,0,0.058049886621315196,0.0,0.0,0.004657434765249491,0.000021691699657822028,0.010703366249799728,0.2395302653312683,0,0,0
V02,3072,512,0,0.06965986394557823,0.0,0.0,0.0020092884078621864,0.000004037240159959765,0.003706640098243952,0.0,0,1,0
V02,3584,512,0,0.08126984126984127,0.0,0.0,0.0033431092742830515,0.000011176379302924033,0.006785178557038307,0.21003344655036926,0,0,0
V02,4096,512,0,0.09287981859410431,0.0,0.0,0.004892564844340086,0.000023937192963785492,0.008840132504701614,0.18981243669986725,0,0,0
V02,4608,512,0,0.10448979591836735,0.0,0.0,0.003592244116589427,0.000012904217328468803,0.006588059943169355,0.13978056609630585,0,0,0
V02,5120,512,0,0.11609977324263039,0.0,0.0,0.004124714992940426,0.000017013273463817313,0.0072014220058918,0.15607330203056335,0,0,0
V02,5632,512,0,0.12770975056689343,0.0,0.0,0.0019609818700701,0.000003845449555228697,0.0055537838488817215,0.0,0,1,0
V02,6144,512,0,0.13931972789115646,0.0,0.0,0.0033348456490784883,0.000011121194802399259,0.007747520226985216,0.16148735582828522,0,0,0
V02,6656,512,0,0.1509297052154195,0.0,0.0,0.005955671425908804,0.00003547002052073367,0.010981137864291668,0.18116231262683868,0,0,0
V02,7168,512,0,0.16253968253968254,0.0,0.0,0.005115254782140255,0.000026165833332925104,0.010968889109790325,0.15462541580200195,0,0,0
V02,7680,512,0,0.17414965986394557,0.0,0.0,0.004732436966150999,0.000022395957785192877,0.0093841552734375,0.14087606966495514,0,0,0
V02,8192,512,0,0.18575963718820862,0.0,0.0,0.0036246369127184153,0.000013137992027623113,0.00798906572163105,0.172137051820755,0,0,0
V02,8704,512,0,0.19736961451247165,0.0,0.0,0.003986395429819822,0.000015891349903540686,0.008134907111525536,0.149329274892807,0,0,0
V02,9216,512,0,0.2089795918367347,0.0,0.0,0.004315238445997238,0.000018621281924424693,0.008029859513044357,0.14107556641101837,0,0,0
V02,9728,512,0,0.22058956916099773,0.0,0.0,0.005459108855575323,0.00002980186945933383,0.010633507743477821,0.2080358862876892,0,0,0
V02,10240,512,0,0.23219954648526078,0.0,0.0,0.007582446094602346,0.000057493485655868426,0.013316771015524864,0.1977677047252655,0,0,0
V02,10752,512,0,0.2438095238095238,0.0,0.0,0.006122167222201824,0.00003748093149624765,0.011622525751590729,0.17231208086013794,0,0,0
V02,11264,512,0,0.25541950113378686,0.0,0.0,0.004543830640614033,0.000020646397388190962,0.008082902058959007,0.15179026126861572,0,0,0
V02,11776,512,0,0.26702947845804986,0.0,0.0,0.007152496371418238,0.00005115820749779232,0.012860875576734543,0.20716767013072968,0,0,0
V02,12288,512,0,0.2786394557823129,148.3740692138672,0.8696114420890808,0.007271592039614916,0.000052876050176564604,0.012735587544739246,0.18875041604042053,0,0,0
V02,12800,512,0,0.29024943310657597,148.4817657470703,0.8890540599822998,0.007893583737313747,0.00006230865983525291,0.013508387841284275,0.19078394770622253,0,0,0
V02,13312,512,0,0.301859410430839,148.48239135742188,0.8825747966766357,0.005857126787304878,0.00003430593278608285,0.014169706031680107,0.19709272682666779,0,0,0
V02,13824,512,0,0.313469387755102,148.2789764404297,0.8825041055679321,0.006205071695148945,0.00003850291614071466,0.012377576902508736,0.16391028463840485,0,0,0
V02,14336,512,0,0.3250793650793651,149.42161560058594,0.8745693564414978,0.004896549042314291,0.00002397619027760811,0.00963628850877285,0.13267925381660461,0,0,0
V02,14848,512,0,0.33668934240362813,150.10166931152344,0.864944577217102,0.007400723174214363,0.000054770702263340354,0.014971052296459675,0.18443985283374786,0,0,0
V02,15360,512,0,0.34829931972789113,0.0,0.0,0.006485037039965391,0.000042055704398080707,0.01233003567904234,0.16904902458190918,0,0,0
V02,15872,512,0,0.3599092970521542,0.0,0.0,0.005560973659157753,0.000030924427846912295,0.010471162386238575,0.20955410599708557,0,0,0
V02,16384,512,0,0.37151927437641724,0.0,0.0,0.0032648334745317698,0.000010659137842594646,0.008145702071487904,0.15652841329574585,0,0,0
V02,16896,512,0,0.3831292517006803,0.0,0.0,0.003196559613570571,0.000010217992894467898,0.0076362453401088715,0.157582089304924,0,0,0
V02,17408,512,0,0.3947392290249433,0.0,0.0,0.003096567001193762,0.000009588727152731735,0.00676690973341465,0.14692296087741852,0,0,0
V02,17920,512,0,0.40634920634920635,0.0,0.0,0.003988055977970362,0.000015904590327409096,0.010348573327064514,0.1752263903617859,0,0,0
V02,18432,512,0,0.4179591836734694,0.0,0.0,0.004310529213398695,0.00001858066207205411,0.007867826148867607,0.15398989617824554,0,0,0
V02,18944,512,0,0.4295691609977324,0.0,0.0,0.00430243369191885,0.000018510934751247987,0.007716587744653225,0.1995769441127777,0,0,0
V02,19456,512,0,0.44117913832199546,0.0,0.0,0.0014625597978010774,0.000002139081061613979,0.0034052012488245964,0.0,0,1,0
V02,19968,512,0,0.4527891156462585,0.0,0.0,0.0024810705799609423,0.000006155710707389517,0.005340576171875,0.0,0,1,0
V02,20480,512,0,0.46439909297052157,0.0,0.0,0.004627347458153963,0.000021412342903204262,0.00800235290080309,0.16269229352474213,0,0,0
V02,20992,512,0,0.47600907029478456,0.0,0.0,0.002925889566540718,0.000008560829883208498,0.00700295390561223,0.0,0,1,0
V02,21504,512,0,0.4876190476190476,0.0,0.0,0.0033634905703365803,0.00001131306908064289,0.0064996215514838696,0.21281631290912628,0,0,0
V02,22016,512,0,0.4992290249433107,0.0,0.0,0.0028543381486088037,0.000008147246262524277,0.005552953574806452,0.0,0,1,0
V02,22528,512,0,0.5108390022675737,0.0,0.0,0.00241994671523571,0.0000058561417972669005,0.005884598940610886,0.0,0,1,0
V02,23040,512,0,0.5224489795918368,0.0,0.0,0.004150781314820051,0.000017228987417183816,0.010622919537127018,0.20516015589237213,0,0,0
V02,23552,512,0,0.5340589569160997,0.0,0.0,0.004717020317912102,0.000022250282199820504,0.010891453363001347,0.20008686184883118,0,0,0
V02,24064,512,0,0.5456689342403628,0.0,0.0,0.004125267267227173,0.000017017828213283792,0.010701704770326614,0.167572021484375,0,0,0
V02,24576,512,0,0.5572789115646258,0.0,0.0,0.002490751910954714,0.000006203844804986147,0.005131831858307123,0.0,0,1,0
V02,25088,512,0,0.5688888888888889,0.0,0.0,0.0026470001321285963,0.000007006610303506022,0.005609629210084677,0.0,0,1,0
V02,25600,512,0,0.5804988662131519,0.0,0.0,0.006030706223100424,0.00003636941619333811,0.00973344687372446,0.23275117576122284,0,0,0
V02,26112,512,0,0.592108843537415,0.0,0.0,0.005419098772108555,0.0000293666325887898,0.010238336399197578,0.21568287909030914,0,0,0
V02,26624,512,0,0.603718820861678,0.0,0.0,0.005522388033568859,0.000030496767067234032,0.012172154150903225,0.16122318804264069,0,0,0
V02,27136,512,0,0.615328798185941,0.0,0.0,0.005263573955744505,0.000027705209504347295,0.011709615588188171,0.20546600222587585,0,0,0
V02,27648,512,0,0.626938775510204,0.0,0.0,0.004784195218235254,0.000022888525563757867,0.009357686154544353,0.11519818007946014,0,0,0
V02,28160,512,0,0.6385487528344671,0.0,0.0,0.007195135112851858,0.000051769966376014054,0.013927849009633064,0.21186448633670807,0,0,0
V02,28672,512,0,0.6501587301587302,0.0,0.0,0.006509885657578707,0.00004237861139699817,0.012478887103497982,0.1823045313358307,0,0,0
V02,29184,512,0,0.6617687074829932,0.0,0.0,0.00653633801266551,0.000042723713704617694,0.010387083515524864,0.17416858673095703,0,0,0
V02,29696,512,0,0.6733786848072563,0.0,0.0,0.006805048324167728,0.000046308679884532467,0.014291360974311829,0.13773801922798157,0,0,0
V02,30208,512,0,0.6849886621315193,0.0,0.0,0.004632048308849335,0.000021455871319631115,0.009453598409891129,0.20239466428756714,0,0,0
V02,30720,512,0,0.6965986394557823,0.0,0.0,0.007115965709090233,0.00005063696517026983,0.012939453125,0.16378122568130493,0,0,0
V02,31232,512,0,0.7082086167800453,0.0,0.0,0.007203255780041218,0.00005188689465285279,0.01195583213120699,0.16582292318344116,0,0,0
V02,31744,512,0,0.7198185941043084,0.0,0.0,0.005062153562903404,0.000025625398848205805,0.01070388499647379,0.11973460763692856,0,0,0
V02,32256,512,0,0.7314285714285714,0.0,0.0,0.00487290695309639,0.000023745224098092876,0.010890415869653225,0.17932049930095673,0,0,0
V02,32768,512,0,0.7430385487528345,0.0,0.0,0.0040745483711361885,0.000016601943571004085,0.008395448327064514,0.20265141129493713,0,0,0
V02,33280,512,0,0.7546485260770975,0.0,0.0,0.0054367114789783955,0.00002955783020297531,0.010801042430102825,0.15982209146022797,0,0,0
V02,33792,512,0,0.7662585034013606,0.0,0.0,0.003252166323363781,0.000010576585736998823,0.006885865703225136,0.13953907787799835,0,0,0
V02,34304,512,0,0.7778684807256235,0.0,0.0,0.0028352048248052597,0.000008038387022679672,0.0057213194668293,0.0,0,1,0
V02,34816,512,0,0.7894784580498866,0.0,0.0,0.001655593398027122,0.000002740989430094487,0.0054800850339233875,0.0,0,1,0
V02,35328,512,0,0.8010884353741496,0.0,0.0,0.0025681674014776945,0.000006595484137505991,0.006292226258665323,0.0,0,1,0
V02,35840,512,0,0.8126984126984127,0.0,0.0,0.003390656551346183,0.000011496552360767964,0.005946568213403225,0.1565709412097931,0,0,0
V02,36352,512,0,0.8243083900226758,0.0,0.0,0.0032852310687303543,0.000010792743523779791,0.00540887750685215,0.1481904238462448,0,0,0
V02,36864,512,0,0.8359183673469388,0.0,0.0,0.0025637445505708456,0.000006572786332981195,0.006265445612370968,0.0,0,1,0
V02,37376,512,0,0.8475283446712019,0.0,0.0,0.0018855389207601547,0.000003555257080734009,0.0042724609375,0.0,0,1,0
V02,37888,512,0,0.8591383219954648,0.0,0.0,0.002556335646659136,0.000006534852218464948,0.005993382539600134,0.0,0,1,0
V02,38400,512,0,0.8707482993197279,0.0,0.0,0.0012699327198788524,0.000001612729192856932,0.0037660144735127687,0.0,0,1,0
V02,38912,512,0,0.8823582766439909,0.0,0.0,0.0025451804976910353,0.0000064779433159856126,0.0050106956623494625,0.0,0,1,0
V02,39424,512,0,0.893968253968254,0.0,0.0,0.0032385855447500944,0.000010488436601008289,0.007359926588833332,0.18626725673675537,0,0,0
V02,39936,512,0,0.905578231292517,0.0,0.0,0.003968591336160898,0.00001574971611262299,0.007380894385278225,0.14139340817928314,0,0,0
V02,40448,512,0,0.9171882086167801,0.0,0.0,0.004282832611352205,0.000018342656403547153,0.009974162094295025,0.18856732547283173,0,0,0
V02,40960,512,0,0.9287981859410431,0.0,0.0,0.006142661906778812,0.000037732294003944844,0.011634774506092072,0.2596436142921448,0,0,0
V02,41472,512,0,0.9404081632653061,0.0,0.0,0.004675685428082943,0.000021862035282538272,0.011756429448723793,0.15711459517478943,0,0,0
V02,41984,512,0,0.9520181405895691,0.0,0.0,0.004401254002004862,0.000019371038433746435,0.008699377998709679,0.13854722678661346,0,0,0
V02,42496,512,0,0.9636281179138322,0.0,0.0,0.003997424617409706,0.000015979405361576937,0.007688146084547043,0.18803806602954865,0,0,0
V02,43008,512,0,0.9752380952380952,0.0,0.0,0.0065519968047738075,0.000042928659240715206,0.011527547612786293,0.21033808588981628,0,0,0
V02,43520,512,0,0.9868480725623583,0.0,0.0,0.009010703302919865,0.00008119277481455356,0.014209981076419353,0.20387743413448334,0,0,0
V02,44032,512,0,0.9984580498866213,0.0,0.0,0.007958607748150826,0.00006333943747449666,0.014666914008557796,0.15787442028522491,0,0,0
V02,44544,512,0,1.0100680272108844,145.9567413330078,0.8513513803482056,0.00658807810395956,0.00004340277155279182,0.015668388456106186,0.15606707334518433,0,0,0
V02,45056,512,0,1.0216780045351475,0.0,0.0,0.004362433683127165,0.000019030829207622446,0.007569916546344757,0.17135462164878845,0,0,0
V02,45568,512,0,1.0332879818594105,0.0,0.0,0.004977050237357616,0.000024771028620307334,0.008611250668764114,0.12555216252803802,0,0,0
V02,46080,512,0,1.0448979591836736,145.74484252929688,0.868496298789978,0.007746122777462006,0.000060002417740179226,0.01618480123579502,0.1703949272632599,0,0,0
V02,46592,512,0,1.0565079365079366,146.3792724609375,0.882140576839447,0.007334488909691572,0.00005379473077482544,0.011839263141155243,0.1723676472902298,0,0,0
V02,47104,512,0,1.0681179138321995,146.2943115234375,0.8697999119758606,0.007380461785942316,0.00005447121657198295,0.0137176513671875,0.16109251976013184,0,0,0
V02,47616,512,0,1.0797278911564625,0.0,0.0,0.003421006491407752,0.000011703285963449161,0.007540333084762096,0.1695716679096222,0,0,0
V02,48128,512,0,1.0913378684807256,0.0,0.0,0.004983129445463419,0.000024831579139572568,0.010039660148322582,0.14694613218307495,0,0,0
V02,48640,512,0,1.1029478458049886,0.0,0.0,0.007027740590274334,0.000049389138439437374,0.012241181917488575,0.1440209597349167,0,0,0
V02,49152,512,0,1.1145578231292517,0.0,0.0,0.0074951667338609695,0.000056177526857936755,0.015087724663317204,0.1905508190393448,0,0,0
V02,49664,512,0,1.1261678004535147,146.67996215820312,0.8577483296394348,0.007988696917891502,0.00006381927960319445,0.01606418378651142,0.1860176920890808,0,0,0
V02,50176,512,0,1.1377777777777778,0.0,0.0,0.003151673823595047,0.00000993304820440244,0.01016889326274395,0.19630740582942963,0,0,0
V02,50688,512,0,1.1493877551020408,0.0,0.0,0.004293603822588921,0.00001843503378040623,0.010845573619008064,0.2064569741487503,0,0,0
V02,51200,512,0,1.1609977324263039,0.0,0.0,0.005850887857377529,0.00003423288944759406,0.01108587346971035,0.12013193219900131,0,0,0
V02,51712,512,0,1.172607709750567,0.0,0.0,0.003263527760282159,0.00001065061405824963,0.007825993932783604,0.15641289949417114,0,0,0
V02,52224,512,0,1.18421768707483,0.0,0.0,0.003945577889680862,0.00001556758434162475,0.008982444182038307,0.14561735093593597,0,0,0
V02,52736,512,0,1.195827664399093,0.0,0.0,0.00424871826544404,0.00001805160536605399,0.009536327794194221,0.17445893585681915,0,0,0
V02,53248,512,0,1.207437641723356,0.0,0.0,0.0031941605266183615,0.000010202661542280111,0.008633256889879704,0.1323818862438202,0,0,0
V02,53760,512,0,1.2190476190476192,0.0,0.0,0.004869432654231787,0.00002371137452428229,0.0106658935546875,0.1434447467327118,0,0,0
V02,54272,512,0,1.230657596371882,0.0,0.0,0.0046356976963579655,0.000021489691789611243,0.011486858129501343,0.21194937825202942,0,0,0
V02,54784,512,0,1.242267573696145,0.0,0.0,0.007084736134856939,0.00005019348827772774,0.014156419783830643,0.21486687660217285,0,0,0
V02,55296,512,0,1.253877551020408,0.0,0.0,0.00416765920817852,0.000017369382476317696,0.009886864572763443,0.17162735760211945,0,0,0
V02,55808,512,0,1.2654875283446712,0.0,0.0,0.0034898745361715555,0.000012179224540886935,0.007825578562915325,0.1483842432498932,0,0,0
V02,56320,512,0,1.2770975056689342,0.0,0.0,0.006305614486336708,0.00003976077277911827,0.013402614742517471,0.18110373616218567,0,0,0
V02,56832,512,0,1.2887074829931973,0.0,0.0,0.008435720577836037,0.0000711613756720908,0.013882383704185486,0.2137540578842163,0,0,0
V02,57344,512,0,1.3003174603174603,0.0,0.0,0.01128773856908083,0.0001274130481760949,0.02031993307173252,0.2042447030544281,0,0,0
V02,57856,512,0,1.3119274376417234,0.0,0.0,0.006712683476507664,0.000045060121919959784,0.012781882658600807,0.1590983271598816,0,0,0
V02,58368,512,0,1.3235374149659864,0.0,0.0,0.0058690872974693775,0.000034446187783032656,0.010821906849741936,0.14474616944789886,0,0,0
V02,58880,512,0,1.3351473922902495,0.0,0.0,0.00857832282781601,0.0000735876164981164,0.015445838682353497,0.17018434405326843,0,0,0
V02,59392,512,0,1.3467573696145125,0.0,0.0,0.010559857822954655,0.00011151060607517138,0.01967439241707325,0.17645052075386047,0,0,0
V02,59904,512,0,1.3583673469387756,0.0,0.0,0.01230695378035307,0.00015146112127695233,0.020254017785191536,0.18468597531318665,0,0,0
V02,60416,512,0,1.3699773242630386,0.0,0.0,0.010312092490494251,0.00010633924830472097,0.017012927681207657,0.16939818859100342,0,0,0
V02,60928,512,0,1.3815873015873017,0.0,0.0,0.007369753904640675,0.00005431327372207306,0.01573949307203293,0.16535955667495728,0,0,0
V02,61440,512,0,1.3931972789115645,0.0,0.0,0.009085280820727348,0.00008254233398474753,0.017333153635263443,0.13974270224571228,0,0,0
V02,61952,512,0,1.4048072562358276,148.3395538330078,0.883039116859436,0.01075464952737093,0.00011566248576855287,0.018637416884303093,0.18193946778774261,0,0,0
V02,62464,512,0,1.4164172335600906,147.1959228515625,0.9060880541801453,0.012048648670315742,0.00014516993542201817,0.023668354377150536,0.1724555343389511,0,0,0
V02,62976,512,0,1.4280272108843537,147.42210388183594,0.9070565104484558,0.008865994401276112,0.00007860585901653394,0.01674584671854973,0.1491505205631256,0,0,0
V02,63488,512,0,1.4396371882086167,147.88418579101562,0.9028148055076599,0.009054255671799183,0.00008197953866329044,0.01880754716694355,0.15297210216522217,0,0,0
V02,64000,512,0,1.4512471655328798,149.13987731933594,0.8814456462860107,0.006268548779189587,0.000039294704038184136,0.013592674396932125,0.147166445851326,0,0,0
V02,64512,512,0,1.4628571428571429,149.50250244140625,0.8628093600273132,0.009104683063924313,0.0000828952543088235,0.015817033126950264,0.161285862326622,0,0,0
V02,65024,512,0,1.474467120181406,147.87655639648438,0.8589879870414734,0.011482919566333294,0.000131857450469397,0.02506365068256855,0.17097458243370056,0,0,0
V02,65536,512,0,1.486077097505669,0.0,0.0,0.00809761043637991,0.00006557130109285936,0.014163789339363575,0.135172501206398,0,0,0
V02,66048,512,0,1.497687074829932,0.0,0.0,0.007021973840892315,0.00004930811337544583,0.015228271484375,0.14357411861419678,0,0,0
V02,66560,512,0,1.509297052154195,0.0,0.0,0.0029341932386159897,0.000008609489668742754,0.0069718132726848125,0.0,0,1,0
V02,67072,512,0,1.5209070294784581,0.0,0.0,0.004199725575745106,0.00001763769432727713,0.0095832459628582,0.17862018942832947,0,0,0
V02,67584,512,0,1.5325170068027212,0.0,0.0,0.006764120422303677,0.00004575332422973588,0.013064014725387096,0.14495274424552917,0,0,0
V02,68096,512,0,1.5441269841269842,0.0,0.0,0.005798700265586376,0.00003362492498126812,0.012132709845900536,0.1450004279613495,0,0,0
V02,68608,512,0,1.555736961451247,0.0,0.0,0.006439500954002142,0.000041467170376563445,0.013026646338403225,0.15572841465473175,0,0,0
V02,69120,512,0,1.5673469387755101,0.0,0.0,0.004268561024218798,0.000018220611309516244,0.00827119778841734,0.14165057241916656,0,0,0
V02,69632,512,0,1.5789569160997732,0.0,0.0,0.003676042193546891,0.000013513285921362694,0.010655098594725132,0.17295686900615692,0,0,0
V02,70144,512,0,1.5905668934240362,0.0,0.0,0.005215504206717014,0.000027201484044780955,0.011307073757052422,0.14664539694786072,0,0,0
V02,70656,512,0,1.6021768707482993,0.0,0.0,0.0048554083332419395,0.000023574992155772634,0.010433378629386425,0.16297578811645508,0,0,0
V02,71168,512,0,1.6137868480725623,0.0,0.0,0.004840545821934938,0.000023430882720276713,0.009824168868362904,0.11031082272529602,0,0,0
V02,71680,512,0,1.6253968253968254,0.0,0.0,0.005181405693292618,0.000026846966648008674,0.012847900390625,0.14555634558200836,0,0,0
V02,72192,512,0,1.6370068027210884,0.0,0.0,0.0048510306514799595,0.0000235324987443164,0.013012010604143143,0.18618929386138916,0,0,0
V02,72704,512,0,1.6486167800453515,0.0,0.0,0.0064551811665296555,0.000041669365600682795,0.012209833599627018,0.1599484235048294,0,0,0
V02,73216,512,0,1.6602267573696146,0.0,0.0,0.006709710229188204,0.00004502021329244599,0.0132918581366539,0.2237541228532791,0,0,0
V02,73728,512,0,1.6718367346938776,0.0,0.0,0.00837741233408451,0.00007018104224698618,0.0159127376973629,0.1803213655948639,0,0,0
V02,74240,512,0,1.6834467120181407,0.0,0.0,0.0068952906876802444,0.000047545036068186164,0.0159723199903965,0.15287141501903534,0,0,0
V02,74752,512,0,1.6950566893424037,0.0,0.0,0.007603631820529699,0.00005781521394965239,0.017623694613575935,0.14888222515583038,0,0,0
V02,75264,512,0,1.7066666666666668,0.0,0.0,0.009983810596168041,0.00009967646474251524,0.021598972380161285,0.20020094513893127,0,0,0
V02,75776,512,0,1.7182766439909296,0.0,0.0,0.012816016562283039,0.00016425027570221573,0.022956276312470436,0.2674880623817444,0,0,0
V02,76288,512,76288,1.7298866213151927,0.0,0.0,0.0847332626581192,0.007179725915193558,0.26973283290863037,0.8050839900970459,1,0,0
V02,76800,512,0,1.7414965986394557,0.0,0.0,0.24617841839790344,0.06060381233692169,0.4959371089935303,0.6138884425163269,0,0,0
V02,77312,512,0,1.7531065759637188,0.0,0.0,0.09804841130971909,0.009613491594791412,0.18762777745723724,0.1540239155292511,0,0,0
V02,77824,512,0,1.7647165532879818,0.0,0.0,0.054408151656389236,0.0029602469876408577,0.12708619236946106,0.10692017525434494,0,0,0
V02,78336,512,0,1.7763265306122449,0.0,0.0,0.10108209401369095,0.01021758932620287,0.224455326795578,0.15349537134170532,0,0,0
V02,78848,512,0,1.787936507936508,0.0,0.0,0.07490216195583344,0.005610333755612373,0.1754988133907318,0.10696384310722351,0,0,0
V02,79360,512,0,1.799546485260771,0.0,0.0,0.05508635193109512,0.003034505993127823,0.14501558244228363,0.08234161138534546,0,0,0
V02,79872,512,0,1.811156462585034,0.0,0.0,0.0698586031794548,0.004880224354565144,0.177918940782547,0.10149067640304565,0,0,0
V02,80384,512,0,1.822766439909297,0.0,0.0,0.07474325597286224,0.005586554761976004,0.1733856201171875,0.17095164954662323,0,0,0
V02,80896,512,0,1.8343764172335602,0.0,0.0,0.08697070926427841,0.007563904859125614,0.19400490820407867,0.1280207335948944,0,0,0
V02,81408,512,0,1.8459863945578232,0.0,0.0,0.0982835665345192,0.00965965911746025,0.26148363947868347,0.15894809365272522,0,0,0
V02,81920,512,0,1.8575963718820863,0.0,0.0,0.0898553878068924,0.008073991164565086,0.1975271999835968,0.2011735886335373,0,0,0
V02,82432,512,0,1.8692063492063493,0.0,0.0,0.09088794887065887,0.008260618895292282,0.20494307577610016,0.17432746291160583,0,0,0
V02,82944,512,0,1.8808163265306121,164.84808349609375,0.8552100658416748,0.09000013768672943,0.008100024424493313,0.1889297515153885,0.15649548172950745,0,0,0
V02,83456,512,0,1.8924263038548752,164.89447021484375,0.8836791515350342,0.0746535137295723,0.005573147442191839,0.15883713960647583,0.1543053239583969,0,0,0
V02,83968,512,0,1.9040362811791383,164.90286254882812,0.9008519649505615,0.08403041958808899,0.0070611112751066685,0.17236192524433136,0.13295340538024902,0,0,0
V02,84480,512,0,1.9156462585034013,164.9190673828125,0.9188969135284424,0.07279973477125168,0.005299801006913185,0.1505575329065323,0.12678179144859314,0,0,0
V02,84992,512,0,1.9272562358276644,164.90029907226562,0.9290900826454163,0.06976781040430069,0.004867547657340765,0.13147439062595367,0.12383803725242615,0,0,0
V02,85504,512,0,1.9388662131519274,164.9162139892578,0.9389437437057495,0.07713302224874496,0.005949502810835838,0.15128372609615326,0.10862128436565399,0,0,0
V02,86016,512,0,1.9504761904761905,164.90606689453125,0.9515627026557922,0.07403179258108139,0.005480706691741943,0.1502360701560974,0.12809474766254425,0,0,0
V02,86528,512,0,1.9620861678004535,164.9180450439453,0.963493824005127,0.07080698013305664,0.005013627931475639,0.13847942650318146,0.1142336055636406,0,0,0
V02,87040,512,0,1.9736961451247166,164.93797302246094,0.9663977026939392,0.06866656243801117,0.0047150966711342335,0.1522834450006485,0.09861821681261063,0,0,0
V02,87552,512,0,1.9853061224489796,164.9375457763672,0.9726989269256592,0.07263955473899841,0.0052765049040317535,0.15852510929107666,0.09526645392179489,0,0,0
V02,88064,512,0,1.9969160997732427,164.9500274658203,0.9793301820755005,0.07720837742090225,0.005961134098470211,0.16959801316261292,0.12458968907594681,0,0,0
V02,88576,512,0,2.0085260770975055,164.9644012451172,0.9806659817695618,0.06832870095968246,0.004668810870498419,0.15108640491962433,0.093360036611557,0,0,0
V02,89088,512,0,2.020136054421769,164.96054077148438,0.984779417514801,0.07023316621780396,0.0049326978623867035,0.1520160436630249,0.12619683146476746,0,0,0
V02,89600,512,0,2.0317460317460316,164.9699249267578,0.9887107610702515,0.07376644760370255,0.005441489163786173,0.162843257188797,0.08988367021083832,0,0,0
V02,90112,512,0,2.043356009070295,164.96116638183594,0.9892207980155945,0.07394222170114517,0.005467452108860016,0.1617061048746109,0.11949389427900314,0,0,0
V02,90624,512,0,2.0549659863945577,164.987060546875,0.9903091788291931,0.07891842722892761,0.0062281182035803795,0.18824082612991333,0.09758876264095306,0,0,0
V02,91136,512,0,2.066575963718821,164.9662322998047,0.9900399446487427,0.07802071422338486,0.006087232381105423,0.1699785441160202,0.11471841484308243,0,0,0
V02,91648,512,0,2.078185941043084,164.9759521484375,0.9900424480438232,0.0741347074508667,0.005495954304933548,0.1487453728914261,0.08853896707296371,0,0,0
V02,92160,512,0,2.089795918367347,164.98788452148438,0.991079568862915,0.07287745922803879,0.00531112402677536,0.13329444825649261,0.09322229027748108,0,0,0
V02,92672,512,0,2.10140589569161,164.98272705078125,0.9906476140022278,0.07237274944782257,0.005237814970314503,0.13468216359615326,0.11751143634319305,0,0,0
V02,93184,512,0,2.1130158730158732,164.9832763671875,0.990501344203949,0.0743151530623436,0.0055227424018085,0.1529519259929657,0.1297401636838913,0,0,0
V02,93696,512,0,2.124625850340136,164.98133850097656,0.9907097816467285,0.08149071037769318,0.006640736013650894,0.14941935241222382,0.08583250641822815,0,0,0
V02,94208,512,0,2.136235827664399,164.95462036132812,0.9899681806564331,0.07178106904029846,0.005152522120624781,0.13194887340068817,0.11190290749073029,0,0,0
V02,94720,512,0,2.147845804988662,164.9440460205078,0.9910811185836792,0.06775392591953278,0.004590594209730625,0.12299798429012299,0.08822464942932129,0,0,0
V02,95232,512,0,2.159455782312925,164.95005798339844,0.9916801452636719,0.06902042776346207,0.0047638192772865295,0.12911644577980042,0.08779408782720566,0,0,0
V02,95744,512,0,2.1710657596371883,164.91912841796875,0.9914243817329407,0.07767459005117416,0.006033341400325298,0.14705787599086761,0.10687224566936493,0,0,0
V02,96256,512,0,2.182675736961451,164.88827514648438,0.9919564723968506,0.07558111846446991,0.005712504964321852,0.15363763272762299,0.11250076442956924,0,0,0
V02,96768,512,0,2.1942857142857144,164.925048828125,0.9920325875282288,0.07795114070177078,0.006076380610466003,0.1537911593914032,0.1011955589056015,0,0,0
V02,97280,512,0,2.2058956916099772,164.93142700195312,0.9927722215652466,0.07706855237483978,0.00593956233933568,0.15398266911506653,0.13726717233657837,0,0,0
V02,97792,512,0,2.2175056689342405,164.95980834960938,0.9933408498764038,0.07792545109987259,0.006072375923395157,0.161849245429039,0.08432236313819885,0,0,0
V02,98304,512,0,2.2291156462585033,164.95565795898438,0.9934079647064209,0.08030257374048233,0.006448503118008375,0.17603950202465057,0.11866039037704468,0,0,0
V02,98816,512,0,2.2407256235827666,164.95835876464844,0.993721604347229,0.07776487618684769,0.006047375500202179,0.17200236022472382,0.11144252121448517,0,0,0
V02,99328,512,0,2.2523356009070294,164.95875549316406,0.9940207600593567,0.07558571547269821,0.005713200196623802,0.17551033198833466,0.10224229097366333,0,0,0
V02,99840,512,0,2.2639455782312927,164.97340393066406,0.9941064715385437,0.08245120942592621,0.00679820217192173,0.1901484876871109,0.07929009944200516,0,0,0
V02,100352,512,0,2.2755555555555556,164.98193359375,0.9944429993629456,0.07413967698812485,0.005496691912412643,0.17700475454330444,0.10445307195186615,0,0,0
V02,100864,512,0,2.2871655328798184,164.9917755126953,0.9946452975273132,0.07504701614379883,0.00563205499202013,0.17519809305667877,0.0910564661026001,0,0,0
V02,101376,512,0,2.2987755102040817,164.99163818359375,0.9943464994430542,0.07820374518632889,0.006115825846791267,0.1672167032957077,0.09287721663713455,0,0,0
V02,101888,512,0,2.3103854875283445,164.99232482910156,0.9944432377815247,0.07914236932992935,0.006263514515012503,0.16312621533870697,0.0897202417254448,0,0,0
V02,102400,512,0,2.3219954648526078,164.9925994873047,0.9942658543586731,0.0776984766125679,0.006037052720785141,0.16487184166908264,0.09395443648099899,0,0,0
V02,102912,512,0,2.3336054421768706,164.99595642089844,0.9935349822044373,0.0822029560804367,0.006757325958460569,0.15715338289737701,0.07490681856870651,0,0,0
V02,103424,512,0,2.345215419501134,164.99822998046875,0.9931578040122986,0.08003241568803787,0.006405187770724297,0.15714767575263977,0.10204173624515533,0,0,0
V02,103936,512,0,2.3568253968253967,165.00750732421875,0.9929590225219727,0.08033206313848495,0.0064532398246228695,0.16084912419319153,0.07383592426776886,0,0,0
V02,104448,512,0,2.36843537414966,164.97247314453125,0.9930142760276794,0.08226983994245529,0.006768326740711927,0.1600341796875,0.11774589866399765,0,0,0
V02,104960,512,0,2.380045351473923,164.96304321289062,0.9936535358428955,0.07930447161197662,0.006289199460297823,0.16295047104358673,0.0929410308599472,0,0,0
V02,105472,512,0,2.391655328798186,164.97817993164062,0.993648886680603,0.08263521641492844,0.00682857958599925,0.17032556235790253,0.09552556276321411,0,0,0
V02,105984,512,0,2.403265306122449,164.98617553710938,0.9939178228378296,0.0832567811012268,0.00693169143050909,0.1640406996011734,0.10578542202711105,0,0,0
V02,106496,512,0,2.414875283446712,164.97900390625,0.9931073784828186,0.08597514033317566,0.007391725201159716,0.1867673695087433,0.12725001573562622,0,0,0
V02,107008,512,0,2.426485260770975,164.9729461669922,0.9935849905014038,0.09164755791425705,0.00839927513152361,0.20043790340423584,0.10677338391542435,0,0,0
V02,107520,512,0,2.4380952380952383,164.97303771972656,0.9941226243972778,0.08837757259607315,0.007810595445334911,0.18942572176456451,0.06771772354841232,0,0,0
V02,108032,512,0,2.449705215419501,164.9827423095703,0.9943426847457886,0.08192463964223862,0.006711646914482117,0.17347405850887299,0.09091924130916595,0,0,0
V02,108544,512,0,2.461315192743764,165.00018310546875,0.9945489168167114,0.08308536559343338,0.006903178058564663,0.16896025836467743,0.06896606832742691,0,0,0
V02,109056,512,0,2.4729251700680273,164.99099731445312,0.9937036633491516,0.08247897773981094,0.006802781950682402,0.1622416228055954,0.10654985159635544,0,0,0
V02,109568,512,0,2.48453514739229,164.99476623535156,0.9934249520301819,0.08292458206415176,0.006876486819237471,0.1650809943675995,0.0853932574391365,0,0,0
V02,110080,512,0,2.4961451247165534,164.98402404785156,0.993637204170227,0.08226654678583145,0.0067677851766347885,0.15271992981433868,0.0984165295958519,0,0,0
V02,110592,512,0,2.507755102040816,164.99874877929688,0.9937925338745117,0.07811345905065536,0.006101712584495544,0.1473446786403656,0.1353079080581665,0,0,0
V02,111104,512,0,2.5193650793650795,165.00216674804688,0.9939591288566589,0.07312421500682831,0.005347150377929211,0.137241393327713,0.08692695945501328,0,0,0
V02,111616,512,0,2.5309750566893423,165.01930236816406,0.9934930205345154,0.08336517214775085,0.006949752103537321,0.1568080335855484,0.06521371006965637,0,0,0
V02,112128,512,0,2.5425850340136056,164.9844207763672,0.9932303428649902,0.08537813276052475,0.00728942546993494,0.169676274061203,0.13845282793045044,0,0,0
V02,112640,512,0,2.5541950113378684,164.96194458007812,0.9934306740760803,0.08186506479978561,0.006701888516545296,0.17535078525543213,0.0922255888581276,0,0,0
V02,113152,512,0,2.5658049886621317,164.97567749023438,0.9939761161804199,0.08446218073368073,0.007133859675377607,0.17719097435474396,0.08066067844629288,0,0,0
V02,113664,512,0,2.5774149659863945,164.96212768554688,0.994777262210846,0.0863446369767189,0.0074553960002958775,0.17719128727912903,0.09298516809940338,0,0,0
V02,114176,512,0,2.589024943310658,164.97679138183594,0.9949319362640381,0.08241348713636398,0.006791982334107161,0.1759156733751297,0.0715126022696495,0,0,0
V02,114688,512,0,2.6006349206349206,164.98007202148438,0.9941554069519043,0.08517657965421677,0.007255049888044596,0.18096062541007996,0.11880028992891312,0,0,0
V02,115200,512,0,2.6122448979591835,164.96229553222656,0.9944831728935242,0.08982713520526886,0.008068913593888283,0.21139028668403625,0.12227321416139603,0,0,0
V02,115712,512,0,2.6238548752834467,164.9751434326172,0.9945976138114929,0.08719336241483688,0.007602682802826166,0.2038622945547104,0.05593794956803322,0,0,0
V02,116224,512,0,2.6354648526077096,164.98776245117188,0.9949859976768494,0.08569715172052383,0.007344001438468695,0.19343119859695435,0.13492846488952637,0,0,0
V02,116736,512,0,2.647074829931973,164.9876708984375,0.9951097369194031,0.0834101065993309,0.006957245524972677,0.19584530591964722,0.06870631128549576,0,0,0
V02,117248,512,0,2.6586848072562357,164.9958953857422,0.9944000840187073,0.07988876104354858,0.006382214371114969,0.1855403333902359,0.08590992540121078,0,0,0
V02,117760,512,0,2.670294784580499,165.00831604003906,0.9946612119674683,0.08517942577600479,0.007255534175783396,0.18877457082271576,0.11779296398162842,0,0,0
V02,118272,512,0,2.681904761904762,164.98536682128906,0.9941103458404541,0.07716629654169083,0.005954637657850981,0.1862531453371048,0.07160895317792892,0,0,0
V02,118784,512,0,2.693514739229025,164.99868774414062,0.9945585131645203,0.08314799517393112,0.006913589313626289,0.18281835317611694,0.10773111134767532,0,0,0
V02,119296,512,0,2.705124716553288,165.00161743164062,0.994737446308136,0.08415727317333221,0.00708244601264596,0.1727398782968521,0.07086378335952759,0,0,0
V02,119808,512,0,2.716734693877551,164.9910430908203,0.9935265779495239,0.0821559727191925,0.006749603897333145,0.17921479046344757,0.06031157448887825,0,0,0
V02,120320,512,0,2.728344671201814,165.0004425048828,0.9933421611785889,0.08340712636709213,0.006956749130040407,0.18668973445892334,0.09009934961795807,0,0,0
V02,120832,512,0,2.7399546485260773,164.97366333007812,0.9923186898231506,0.08859248459339142,0.007848627865314484,0.19828858971595764,0.11051665991544724,0,0,0
V02,121344,512,0,2.75156462585034,164.97537231445312,0.9921437501907349,0.08052466809749603,0.00648422259837389,0.17428743839263916,0.06997792422771454,0,0,0
V02,121856,512,0,2.7631746031746034,164.98854064941406,0.9921004772186279,0.08216141909360886,0.006750498898327351,0.1752777099609375,0.09627243876457214,0,0,0
V02,122368,512,0,2.7747845804988662,164.99122619628906,0.9918863773345947,0.08054787665605545,0.006487960461527109,0.17451030015945435,0.09412439912557602,0,0,0
V02,122880,512,0,2.786394557823129,164.98348999023438,0.9912755489349365,0.07526863366365433,0.005665367469191551,0.1700679212808609,0.09510882198810577,0,0,0
V02,123392,512,0,2.7980045351473923,164.97894287109375,0.9907072186470032,0.08421887457370758,0.00709281861782074,0.19075438380241394,0.09470881521701813,0,0,0
V02,123904,512,0,2.809614512471655,164.97474670410156,0.9910512566566467,0.07572770863771439,0.005734685808420181,0.18437257409095764,0.10277301073074341,0,0,0
V02,124416,512,0,2.8212244897959184,164.9738311767578,0.9914695620536804,0.07516714930534363,0.005650099832564592,0.18324466049671173,0.10844684392213821,0,0,0
V02,124928,512,0,2.8328344671201813,164.99285888671875,0.9921751618385315,0.07463947683572769,0.005571051966398954,0.1597137451171875,0.07168561220169067,0,0,0
V02,125440,512,0,2.8444444444444446,164.97740173339844,0.9917619228363037,0.08078017085790634,0.006525435484945774,0.1593242883682251,0.08361589163541794,0,0,0
V02,125952,512,0,2.8560544217687074,164.97848510742188,0.9912338256835938,0.08307261019945145,0.006901058368384838,0.17151252925395966,0.11403849720954895,0,0,0
V02,126464,512,0,2.8676643990929707,164.97808837890625,0.9922301769256592,0.08143291622400284,0.006631319876760244,0.1676386594772339,0.09897119551897049,0,0,0
V02,126976,512,0,2.8792743764172335,164.99464416503906,0.9928857684135437,0.07812774926424026,0.006103945430368185,0.16311894357204437,0.09167652577161789,0,0,0
V02,127488,512,0,2.8908843537414968,165.0120849609375,0.9935327172279358,0.07430432736873627,0.005521133542060852,0.1586274653673172,0.0702873170375824,0,0,0
V02,128000,512,0,2.9024943310657596,165.01780700683594,0.9931744933128357,0.07405734807252884,0.005484491121023893,0.15474934875965118,0.13801847398281097,0,0,0
V02,128512,512,0,2.914104308390023,165.00860595703125,0.991998016834259,0.08349566906690598,0.006971526425331831,0.1838146448135376,0.1141943410038948,0,0,0
V02,129024,512,0,2.9257142857142857,164.9970703125,0.9920946955680847,0.08521511405706406,0.007261615712195635,0.1997012197971344,0.10642070323228836,0,0,0
V02,129536,512,0,2.9373242630385485,164.99746704101562,0.9917466640472412,0.08077114820480347,0.006523977965116501,0.18934693932533264,0.09724321961402893,0,0,0
V02,130048,512,0,2.948934240362812,165.0059051513672,0.9926023483276367,0.07851019501686096,0.0061638508923351765,0.1825888454914093,0.09385301917791367,0,0,0
V02,130560,512,0,2.9605442176870747,165.0009002685547,0.9926345944404602,0.07544197887182236,0.005691492464393377,0.1769387423992157,0.08611170947551727,0,0,0
V02,131072,512,0,2.972154195011338,165.00413513183594,0.9915642142295837,0.07803050428628922,0.006088759284466505,0.17254295945167542,0.08692874759435654,0,0,0
V02,131584,512,0,2.9837641723356008,164.99945068359375,0.9914712309837341,0.08135944604873657,0.006619359366595745,0.1849416047334671,0.08662218600511551,0,0,0
V02,132096,512,0,2.995374149659864,164.98910522460938,0.9914162755012512,0.07674434036016464,0.00588969374075532,0.17988939583301544,0.09029567986726761,0,0,0
V02,132608,512,0,3.006984126984127,165.00148010253906,0.9927303791046143,0.07546684890985489,0.005695245694369078,0.16248877346515656,0.12120363861322403,0,0,0
V02,133120,512,0,3.01859410430839,165.00125122070312,0.9931093454360962,0.07633000612258911,0.005826270207762718,0.16682153940200806,0.069379523396492,0,0,0
V02,133632,512,0,3.030204081632653,165.01339721679688,0.9923981428146362,0.0753471776843071,0.00567719666287303,0.1566118448972702,0.10075470060110092,0,0,0
V02,134144,512,0,3.0418140589569163,165.01585388183594,0.9917763471603394,0.07627512514591217,0.005817894358187914,0.16907848417758942,0.10053771734237671,0,0,0
V02,134656,512,0,3.053424036281179,165.00131225585938,0.9901931881904602,0.07525943219661713,0.005663982592523098,0.17958234250545502,0.08211434632539749,0,0,0
V02,135168,512,0,3.0650340136054424,165.02622985839844,0.9908866882324219,0.0704420804977417,0.004962087143212557,0.15405906736850739,0.07845534384250641,0,0,0
V02,135680,512,0,3.076643990929705,165.05418395996094,0.9907370805740356,0.07869387418031693,0.006192726083099842,0.17748264968395233,0.12298553436994553,0,0,0
V02,136192,512,0,3.0882539682539685,165.0515594482422,0.990858256816864,0.0747377872467041,0.005585737060755491,0.16557146608829498,0.08987834304571152,0,0,0
V02,136704,512,0,3.0998639455782313,165.05751037597656,0.9908803701400757,0.07754138112068176,0.006012666039168835,0.17155519127845764,0.08443735539913177,0,0,0
V02,137216,512,0,3.111473922902494,165.03854370117188,0.9894939064979553,0.08708241581916809,0.007583346683532,0.1918226033449173,0.11197608709335327,0,0,0
V02,137728,512,0,3.1230839002267574,165.02117919921875,0.9892176985740662,0.07960730046033859,0.006337322760373354,0.17976628243923187,0.07665669918060303,0,0,0
V02,138240,512,0,3.1346938775510202,165.0237579345703,0.9888769388198853,0.07665275037288666,0.0058756438083946705,0.1580708771944046,0.10384461283683777,0,0,0
V02,138752,512,0,3.1463038548752835,165.0216522216797,0.9903307557106018,0.07804684340953827,0.006091309245675802,0.1598641574382782,0.08115914463996887,0,0,0
V02,139264,512,0,3.1579138321995464,165.01156616210938,0.9909791350364685,0.07734114676713943,0.0059816534630954266,0.14927715063095093,0.07437008619308472,0,0,0
V02,139776,512,0,3.1695238095238096,165.00411987304688,0.9899897575378418,0.07989002764225006,0.006382416468113661,0.1658029407262802,0.1412188708782196,0,0,0
V02,140288,512,0,3.1811337868480725,164.98634338378906,0.9895640015602112,0.0767073705792427,0.005884021054953337,0.16778595745563507,0.06862984597682953,0,0,0
V02,140800,512,0,3.1927437641723357,164.98739624023438,0.9900977611541748,0.07027673721313477,0.004938819911330938,0.15079981088638306,0.08377060294151306,0,0,0
V02,141312,512,0,3.2043537414965986,164.99774169921875,0.9915816187858582,0.0692906379699707,0.004801192320883274,0.1352495402097702,0.08380454778671265,0,0,0
V02,141824,512,0,3.215963718820862,165.00685119628906,0.9923515319824219,0.07140583544969559,0.005098793655633926,0.15004247426986694,0.08616037666797638,0,0,0
V02,142336,512,0,3.2275736961451247,164.9733123779297,0.9927144646644592,0.07555465400218964,0.005708505865186453,0.1529119610786438,0.10717832297086716,0,0,0
V02,142848,512,0,3.239183673469388,164.9663543701172,0.9921160936355591,0.07519640028476715,0.005654498934745789,0.15967273712158203,0.08679964393377304,0,0,0
V02,143360,512,0,3.250793650793651,164.982421875,0.9924138188362122,0.07451929897069931,0.005553125869482756,0.16207584738731384,0.07583202421665192,0,0,0
V02,143872,512,0,3.2624036281179136,165.0054473876953,0.9935732483863831,0.07371647655963898,0.005434119142591953,0.1668897420167923,0.09696014970541,0,0,0
V02,144384,512,0,3.274013605442177,165.0274200439453,0.9943163394927979,0.07263261824846268,0.005275496747344732,0.16342288255691528,0.10706071555614471,0,0,0
V02,144896,512,0,3.2856235827664397,165.02256774902344,0.9935851097106934,0.07682892680168152,0.005902683828026056,0.17924374341964722,0.10595293343067169,0,0,0
V02,145408,512,0,3.297233560090703,165.01808166503906,0.9939697980880737,0.07750462740659714,0.006006967276334763,0.1857757568359375,0.09627608209848404,0,0,0
V02,145920,512,0,3.308843537414966,165.02684020996094,0.9939375519752502,0.07346706837415695,0.005397410597652197,0.19345726072788239,0.11569296568632126,0,0,0
V02,146432,512,0,3.320453514739229,165.0299530029297,0.9940563440322876,0.07259591668844223,0.005270167253911495,0.18153496086597443,0.10042352229356766,0,0,0
V02,146944,512,0,3.332063492063492,165.03245544433594,0.9938595294952393,0.0711924135684967,0.005068359896540642,0.1846756637096405,0.0986313745379448,0,0,0
V02,147456,512,0,3.3436734693877552,165.0229949951172,0.9937885999679565,0.07307622581720352,0.00534013519063592,0.17385709285736084,0.11517290771007538,0,0,0
V02,147968,512,0,3.355283446712018,165.02137756347656,0.993466317653656,0.06861857324838638,0.004708508495241404,0.1707467883825302,0.09507220983505249,0,0,0
V02,148480,512,0,3.3668934240362813,165.00225830078125,0.9943174719810486,0.07314048707485199,0.005349530838429928,0.17746157944202423,0.10687263309955597,0,0,0
V02,148992,512,0,3.378503401360544,165.0009002685547,0.9942046999931335,0.07422856986522675,0.005509880371391773,0.17228460311889648,0.07000506669282913,0,0,0
V02,149504,512,0,3.3901133786848074,164.99851989746094,0.994085967540741,0.07095443457365036,0.005034531932324171,0.1588737815618515,0.07820818573236465,0,0,0
V02,150016,512,0,3.4017233560090703,164.98635864257812,0.9933338761329651,0.06986885517835617,0.004881656728684902,0.1490718275308609,0.07108329236507416,0,0,0
V02,150528,512,0,3.4133333333333336,164.98728942871094,0.9933344125747681,0.0715840682387352,0.005124278832226992,0.15052847564220428,0.12828224897384644,0,0,0
V02,151040,512,0,3.4249433106575964,164.98216247558594,0.9933420419692993,0.07022280246019363,0.0049312422052025795,0.15255944430828094,0.08782420307397842,0,0,0
V02,151552,512,0,3.436553287981859,164.98545837402344,0.9925734996795654,0.074187733232975,0.005503819789737463,0.15763802826404572,0.10552404820919037,0,0,0
V02,152064,512,0,3.4481632653061225,165.00247192382812,0.9924181699752808,0.07093138247728348,0.005031260661780834,0.16881701350212097,0.11498444527387619,0,0,0
V02,152576,512,0,3.4597732426303853,165.0170135498047,0.9900228977203369,0.06703789532184601,0.004494078923016787,0.14532729983329773,0.11710012704133987,0,0,0
V02,153088,512,0,3.4713832199546486,165.02682495117188,0.9894981980323792,0.07509525865316391,0.005639297887682915,0.169936403632164,0.07314825057983398,0,0,0
V02,153600,512,0,3.4829931972789114,165.02456665039062,0.9888471961021423,0.06997469812631607,0.004896458238363266,0.16803041100502014,0.12260625511407852,0,0,0
V02,154112,512,0,3.4946031746031747,165.0339813232422,0.9884844422340393,0.0685218945145607,0.00469524972140789,0.1577642560005188,0.09874674677848816,0,0,0
V02,154624,512,0,3.5062131519274375,165.03407287597656,0.9875317811965942,0.06574811786413193,0.004322815220803022,0.15561680495738983,0.06080944463610649,0,0,0
V02,155136,512,0,3.517823129251701,165.03128051757812,0.9841945171356201,0.0498557984828949,0.0024856007657945156,0.10614407807588577,0.07839606702327728,0,0,0
V02,155648,512,0,3.5294331065759637,165.03038024902344,0.9819016456604004,0.04279552400112152,0.001831456902436912,0.08398967236280441,0.09354507923126221,0,0,0
V02,156160,512,0,3.541043083900227,165.0113067626953,0.9785070419311523,0.029472313821315765,0.0008686172659508884,0.06802866607904434,0.11358524113893509,0,0,0
V02,156672,512,0,3.5526530612244898,164.99798583984375,0.9754953980445862,0.029311180114746094,0.0008591453079134226,0.0632026344537735,0.14605838060379028,0,0,0
V02,157184,512,0,3.564263038548753,164.9665985107422,0.9659066796302795,0.02069368027150631,0.0004282284062355757,0.051194481551647186,0.10042677074670792,0,0,0
V02,157696,512,0,3.575873015873016,164.93214416503906,0.9577467441558838,0.014653992839157581,0.000214739513467066,0.03534122556447983,0.16387970745563507,0,0,0
V02,158208,512,0,3.5874829931972787,164.90383911132812,0.9399108290672302,0.017647717148065567,0.0003114419523626566,0.04863765090703964,0.12369135022163391,0,0,0
V02,158720,512,0,3.599092970521542,164.77255249023438,0.9220705032348633,0.02524999901652336,0.0006375624798238277,0.061047300696372986,0.09427116811275482,0,0,0
V02,159232,512,0,3.610702947845805,164.81118774414062,0.9069020748138428,0.02826445735991001,0.0007988795405253768,0.06264770776033401,0.14039994776248932,0,0,0
V02,159744,512,0,3.622312925170068,164.80255126953125,0.8777870535850525,0.01798570156097412,0.000323485437547788,0.0414363332092762,0.06851942092180252,0,0,0
V02,160256,512,0,3.633922902494331,164.78770446777344,0.8710740804672241,0.01934812404215336,0.00037434991099871695,0.04317552223801613,0.12742899358272552,0,0,0
V02,160768,512,0,3.645532879818594,164.8568878173828,0.881666898727417,0.017924269661307335,0.000321279454510659,0.04135723412036896,0.11907678842544556,0,0,0
V02,161280,512,0,3.657142857142857,164.83306884765625,0.8950239419937134,0.0197537150233984,0.0003902092284988612,0.04526109620928764,0.11256792396306992,0,0,0
V02,161792,512,0,3.6687528344671203,164.7936248779297,0.9014926552772522,0.02332671545445919,0.0005441356915980577,0.0502689890563488,0.14477115869522095,0,0,0
V02,162304,512,0,3.680362811791383,164.81748962402344,0.9163659811019897,0.018870240077376366,0.00035608597681857646,0.042256567627191544,0.1584240049123764,0,0,0
V02,162816,512,0,3.6919727891156464,164.84210205078125,0.8974394202232361,0.019196927547454834,0.00036852204357273877,0.04034486040472984,0.15693260729312897,0,0,0
V02,163328,512,0,3.7035827664399092,164.850830078125,0.9067385792732239,0.020025543868541718,0.0004010224365629256,0.047295186668634415,0.12372592091560364,0,0,0
V02,163840,512,0,3.7151927437641725,164.85084533691406,0.9230244755744934,0.01755477674305439,0.00030817018705420196,0.036583103239536285,0.11000331491231918,0,0,0
V02,164352,512,0,3.7268027210884354,164.82557678222656,0.9180481433868408,0.020632587373256683,0.00042570364894345403,0.04831015691161156,0.17626117169857025,0,0,0
V02,164864,512,0,3.7384126984126986,164.76181030273438,0.9154263734817505,0.02200070209801197,0.0004840309266000986,0.04689129814505577,0.1355869174003601,0,0,0
V02,165376,512,0,3.7500226757369615,164.75123596191406,0.9022934436798096,0.018673207610845566,0.00034868871443904936,0.03566882014274597,0.14966610074043274,0,0,0
V02,165888,512,0,3.7616326530612243,164.80245971679688,0.8943647146224976,0.01701018214225769,0.00028934626607224345,0.036048524081707,0.10624904930591583,0,0,0
V02,166400,512,0,3.7732426303854876,164.67408752441406,0.9047320485115051,0.018811488524079323,0.0003538720775395632,0.03509926423430443,0.11678364127874374,0,0,0
V02,166912,512,0,3.7848526077097504,164.77073669433594,0.9095653295516968,0.01657164841890335,0.00027461955323815346,0.03446659445762634,0.11199464648962021,0,0,0
V02,167424,512,0,3.7964625850340137,164.7703094482422,0.9016457796096802,0.021158849820494652,0.0004476969188544899,0.04357193782925606,0.13710257411003113,0,0,0
V02,167936,512,0,3.8080725623582765,164.68458557128906,0.9053974151611328,0.01812218502163887,0.0003284135600551963,0.03614983707666397,0.13047927618026733,0,0,0
V02,168448,512,0,3.81968253968254,164.85829162597656,0.9028524160385132,0.01617123745381832,0.00026150894700549543,0.03008566051721573,0.15998202562332153,0,0,0
V02,168960,512,0,3.8312925170068026,164.85333251953125,0.9096060395240784,0.01785193383693695,0.00031869151280261576,0.033923715353012085,0.129789337515831,0,0,0
V02,169472,512,0,3.842902494331066,164.83792114257812,0.9214270114898682,0.018078606575727463,0.00032683604513294995,0.0350835882127285,0.1415988951921463,0,0,0
V02,169984,512,0,3.8545124716553287,164.84532165527344,0.9134534597396851,0.015569308772683144,0.00024240337370429188,0.0332038514316082,0.15050934255123138,0,0,0
V02,170496,512,0,3.866122448979592,164.78973388671875,0.91612309217453,0.01999465934932232,0.0003997863968834281,0.03714975342154503,0.15578624606132507,0,0,0
V02,171008,512,0,3.877732426303855,164.60568237304688,0.9209445118904114,0.015293383039534092,0.00023388757836073637,0.032059233635663986,0.13133229315280914,0,0,0
V02,171520,512,0,3.889342403628118,164.71835327148438,0.9114553928375244,0.01208892185240984,0.00014614203246310353,0.023231349885463715,0.11101122945547104,0,0,0
V02,172032,512,0,3.900952380952381,164.63294982910156,0.914756715297699,0.01603260450065136,0.0002570444194134325,0.03116467595100403,0.14519859850406647,0,0,0
V02,172544,512,0,3.912562358276644,164.41432189941406,0.9134952425956726,0.01616891846060753,0.0002614339464344084,0.0350080206990242,0.13551555573940277,0,0,0
V02,173056,512,0,3.924172335600907,164.46279907226562,0.9052474498748779,0.01632297784090042,0.0002664396015461534,0.037094324827194214,0.15270929038524628,0,0,0
V02,173568,512,0,3.93578231292517,164.42376708984375,0.8946550488471985,0.015038687735795975,0.00022616212663706392,0.0346781425178051,0.13277925550937653,0,0,0
V02,174080,512,0,3.947392290249433,164.2222900390625,0.8947133421897888,0.016479600220918655,0.0002715772425290197,0.03701335936784744,0.16106371581554413,0,0,0
V02,174592,512,0,3.959002267573696,164.37890625,0.8876416087150574,0.012924454174935818,0.00016704152221791446,0.0303046815097332,0.14584168791770935,0,0,0
V02,175104,512,0,3.9706122448979593,164.4187469482422,0.8922746777534485,0.014615771360695362,0.00021362076222430915,0.03316637873649597,0.1405118703842163,0,0,0
V02,175616,512,0,3.982222222222222,164.26284790039062,0.8968623876571655,0.015048039145767689,0.0002264434879180044,0.03137072175741196,0.15467095375061035,0,0,0
V02,176128,512,0,3.9938321995464854,164.32362365722656,0.8978719115257263,0.013565510511398315,0.00018402308342047036,0.026679007336497307,0.13078409433364868,0,0,0
V02,176640,512,0,4.005442176870749,164.29263305664062,0.8905515074729919,0.011996998451650143,0.00014392797311302274,0.025383463129401207,0.15024429559707642,0,0,0
V02,177152,512,0,4.017052154195011,164.1746826171875,0.9041147828102112,0.013483407907187939,0.00018180230108555406,0.026053188368678093,0.16449107229709625,0,0,0
V02,177664,512,0,4.028662131519274,164.12130737304688,0.9019432663917542,0.011730687692761421,0.0001376090367557481,0.02567472867667675,0.11145682632923126,0,0,0
V02,178176,512,0,4.040272108843538,164.12583923339844,0.9013756513595581,0.011138444766402245,0.00012406495807226747,0.0248275026679039,0.14422659575939178,0,0,0
V02,178688,512,0,4.051882086167801,164.12203979492188,0.9059171080589294,0.011838243342936039,0.00014014400949236006,0.026921797543764114,0.14426913857460022,0,0,0
V02,179200,512,0,4.063492063492063,164.12522888183594,0.8964703679084778,0.010306274518370628,0.00010621928959153593,0.020945128053426743,0.12721219658851624,0,0,0
V02,179712,512,0,4.0751020408163265,164.40402221679688,0.892505943775177,0.010302416980266571,0.00010613979975460097,0.023944776505231857,0.1487424224615097,0,0,0
V02,180224,512,0,4.08671201814059,164.4353485107422,0.8803669810295105,0.0073419674299657345,0.000053904488595435396,0.02153959684073925,0.13625408709049225,0,0,0
V02,180736,512,0,4.098321995464852,164.60752868652344,0.8711393475532532,0.008774470537900925,0.00007699133857386187,0.017507020384073257,0.17134615778923035,0,0,0
V02,181248,512,0,4.1099319727891155,164.6955108642578,0.8572027087211609,0.009651465341448784,0.00009315077477367595,0.021609870716929436,0.16527438163757324,0,0,0
V02,181760,512,0,4.121541950113379,0.0,0.0,0.01003753300756216,0.00010075206955661997,0.02120639570057392,0.1444883793592453,0,0,0
V02,182272,512,0,4.133151927437642,0.0,0.0,0.007781115360558033,0.00006054575351299718,0.019956005737185478,0.14612257480621338,0,0,0
V02,182784,512,0,4.144761904761904,0.0,0.0,0.0078070140443742275,0.00006094947093515657,0.0162818543612957,0.16664588451385498,0,0,0
V02,183296,512,0,4.156371882086168,0.0,0.0,0.00781503040343523,0.00006107469380367547,0.016234105452895164,0.12588602304458618,0,0,0
V02,183808,512,0,4.167981859410431,0.0,0.0,0.006600400898605585,0.00004356529098004103,0.014584703370928764,0.12518775463104248,0,0,0
V02,184320,512,0,4.179591836734694,0.0,0.0,0.009399602189660072,0.00008835251355776563,0.023114262148737907,0.17203094065189362,0,0,0
V02,184832,512,0,4.191201814058957,0.0,0.0,0.007473662029951811,0.00005585562757914886,0.018972279503941536,0.16093595325946808,0,0,0
V02,185344,512,0,4.20281179138322,0.0,0.0,0.008525836281478405,0.000072689879743848,0.017012614756822586,0.19279372692108154,0,0,0
V02,185856,512,0,4.214421768707483,0.0,0.0,0.009510042145848274,0.00009044090256793424,0.02003946155309677,0.1592574119567871,0,0,0
V02,186368,512,0,4.2260317460317465,0.0,0.0,0.007834791205823421,0.00006138395110610873,0.0156547911465168,0.13172438740730286,0,0,0
V02,186880,512,0,4.237641723356009,0.0,0.0,0.010094575583934784,0.00010190045577473938,0.02004205621778965,0.1937226951122284,0,0,0
V02,187392,512,0,4.249251700680272,0.0,0.0,0.007965698838233948,0.00006345235306071118,0.017802439630031586,0.16030927002429962,0,0,0
V02,187904,512,0,4.260861678004535,0.0,0.0,0.0071630580350756645,0.00005130939825903624,0.015794092789292336,0.11938490718603134,0,0,0
V02,188416,512,0,4.272471655328798,0.0,0.0,0.006151892710477114,0.00003784578439081088,0.015176370739936829,0.15842750668525696,0,0,0
V02,188928,512,0,4.284081632653061,0.0,0.0,0.007782067637890577,0.00006056057827663608,0.01706835627555847,0.1671697199344635,0,0,0
V02,189440,512,0,4.295691609977324,0.0,0.0,0.00787949375808239,0.00006208641570992768,0.0138702392578125,0.15988215804100037,0,0,0
V02,189952,512,0,4.307301587301588,0.0,0.0,0.009228150360286236,0.00008515876106685027,0.0196685791015625,0.21053959429264069,0,0,0
V02,190464,512,0,4.31891156462585,0.0,0.0,0.011296402662992477,0.0001276087132282555,0.027273371815681458,0.19289031624794006,0,0,0
V02,190976,512,0,4.330521541950113,0.0,0.0,0.010955619625747204,0.00012002559378743172,0.01976885087788105,0.1666823923587799,0,0,0
V02,191488,512,0,4.342131519274377,0.0,0.0,0.009761389344930649,0.00009528472583042458,0.0161009281873703,0.151795893907547,0,0,0
V02,192000,512,0,4.35374149659864,0.0,0.0,0.009308802895247936,0.00008665381756145507,0.0200202576816082,0.15049950778484344,0,0,0
V02,192512,512,0,4.365351473922902,0.0,0.0,0.006025546696037054,0.00003630721403169446,0.014675218611955643,0.12689505517482758,0,0,0
V02,193024,512,0,4.3769614512471655,0.0,0.0,0.007046293467283249,0.000049650250730337575,0.01722686178982258,0.146185040473938,0,0,0
V02,193536,512,0,4.388571428571429,0.0,0.0,0.009843387641012669,0.00009689227590570226,0.02220485918223858,0.19405443966388702,0,0,0
V02,194048,512,0,4.400181405895691,0.0,0.0,0.007614652626216412,0.00005798293204861693,0.014008710160851479,0.16721320152282715,0,0,0
V02,194560,512,0,4.4117913832199545,0.0,0.0,0.008776191622018814,0.00007702153379796073,0.01939578913152218,0.1451721489429474,0,0,0
V02,195072,512,0,4.423401360544218,0.0,0.0,0.005219569429755211,0.00002724390651565045,0.01076689176261425,0.1844329684972763,0,0,0
V02,195584,512,0,4.435011337868481,0.0,0.0,0.004521116614341736,0.00002044049688265659,0.009379795752465725,0.13910815119743347,0,0,0
V02,196096,512,0,4.446621315192743,0.0,0.0,0.0036860911641269922,0.000013587268767878413,0.008618309162557125,0.1327570229768753,0,0,0
V02,196608,512,0,4.458231292517007,0.0,0.0,0.004635164979845285,0.000021484753233380616,0.008983690291643143,0.14561724662780762,0,0,0
V02,197120,512,0,4.46984126984127,0.0,0.0,0.00476132333278656,0.000022670201360597275,0.009351457469165325,0.15735501050949097,0,0,0
V02,197632,512,0,4.481451247165533,0.0,0.0,0.0038955840282142162,0.000015175574844761286,0.009693587198853493,0.17032533884048462,0,0,0
V02,198144,512,0,4.493061224489796,0.0,0.0,0.004125661216676235,0.000017021080566337332,0.008975593373179436,0.1448548585176468,0,0,0
V02,198656,512,0,4.504671201814059,0.0,0.0,0.004870038945227861,0.000023717280782875605,0.00964262057095766,0.158775195479393,0,0,0
V02,199168,512,0,4.516281179138322,0.0,0.0,0.002968625398352742,0.000008812737178232055,0.006901643704622984,0.0,0,1,0
V02,199680,512,0,4.527891156462585,0.0,0.0,0.004047524183988571,0.000016382451576646417,0.008217325434088707,0.15498240292072296,0,0,0
V02,200192,512,0,4.539501133786848,0.0,0.0,0.003420439548790455,0.0000116994069685461,0.007512306794524193,0.16936755180358887,0,0,0
V02,200704,512,0,4.551111111111111,0.0,0.0,0.00378165184520185,0.000014300890143204015,0.008198641240596771,0.13663792610168457,0,0,0
V02,201216,512,0,4.562721088435374,0.0,0.0,0.00485814968124032,0.000023601618522661738,0.008912689983844757,0.17873448133468628,0,0,0
V02,201728,512,0,4.574331065759637,0.0,0.0,0.004980986937880516,0.000024810231479932554,0.009701683185994625,0.1807963252067566,0,0,0
V02,202240,512,0,4.5859410430839,0.0,0.0,0.008958189748227596,0.00008024917042348534,0.01825823076069355,0.2487168163061142,0,0,0
V02,202752,512,0,4.597551020408163,0.0,0.0,0.004797942470759153,0.000023020251319394447,0.010450402274727821,0.15376845002174377,0,0,0
V02,203264,512,0,4.609160997732427,0.0,0.0,0.007394370622932911,0.00005467671508085914,0.013384864665567875,0.18016786873340607,0,0,0
V02,203776,512,0,4.620770975056689,0.0,0.0,0.0077018435113132,0.00005931839405093342,0.015667246654629707,0.20076808333396912,0,0,0
V02,204288,512,0,4.632380952380952,0.0,0.0,0.007065302692353725,0.0000499185043736361,0.01422679703682661,0.16038736701011658,0,0,0
V02,204800,512,0,4.6439909297052155,0.0,0.0,0.010091445408761501,0.00010183727135881782,0.01863139681518078,0.20153965055942535,0,0,0
V02,205312,512,0,4.655600907029479,0.0,0.0,0.007988429628312588,0.00006381500861607492,0.016401121392846107,0.15418343245983124,0,0,0
V02,205824,512,0,4.667210884353741,0.0,0.0,0.010831872001290321,0.00011732944403775036,0.021262655034661293,0.21003811061382294,0,0,0
V02,206336,512,0,4.6788208616780045,0.0,0.0,0.010530327446758747,0.00011088779865531251,0.017310837283730507,0.2209559679031372,0,0,0
V02,206848,512,0,4.690430839002268,149.38211059570312,0.8599115610122681,0.009181630797684193,0.00008430235175183043,0.0185270756483078,0.15620358288288116,0,0,0
V02,207360,512,0,4.702040816326531,149.4465789794922,0.8576681613922119,0.010115549899637699,0.0001023243457893841,0.01690860651433468,0.17843349277973175,0,0,0
V02,207872,512,0,4.713650793650793,149.54928588867188,0.855442225933075,0.010131236165761948,0.0001026419413392432,0.019882824271917343,0.1650528460741043,0,0,0
V02,208384,512,0,4.725260770975057,148.91697692871094,0.8693481087684631,0.010116488672792912,0.00010234333603875712,0.018402099609375,0.1642133891582489,0,0,0
V02,208896,512,0,4.73687074829932,149.71481323242188,0.8614588975906372,0.009041170589625835,0.0000817427717265673,0.020896652713418007,0.16807882487773895,0,0,0
V02,209408,512,0,4.748480725623582,149.6429443359375,0.8753013014793396,0.011413568630814552,0.00013026954547967762,0.018954219296574593,0.16458651423454285,0,0,0
V02,209920,512,0,4.760090702947846,148.90538024902344,0.8727883100509644,0.01023752149194479,0.00010480683704372495,0.017640821635723114,0.11107626557350159,0,0,0
V02,210432,512,0,4.771700680272109,0.0,0.0,0.0058253551833331585,0.00003393476436031051,0.012821431271731853,0.16043621301651,0,0,0
V02,210944,512,0,4.783310657596372,0.0,0.0,0.006883871275931597,0.00004738768620882183,0.01454723160713911,0.16355375945568085,0,0,0
V02,211456,512,0,4.794920634920635,0.0,0.0,0.007581804879009724,0.000057483768614474684,0.014888529665768147,0.14973627030849457,0,0,0
V02,211968,512,0,4.806530612244898,0.0,0.0,0.0071032848209142685,0.00005045665238867514,0.0130462646484375,0.17764858901500702,0,0,0
V02,212480,512,0,4.818140589569161,0.0,0.0,0.007592529058456421,0.000057646495406515896,0.015730565413832664,0.1493603140115738,0,0,0
V02,212992,512,0,4.829750566893424,0.0,0.0,0.003887012368068099,0.000015108865227375645,0.009521484375,0.16141559183597565,0,0,0
V02,213504,512,0,4.841360544217687,0.0,0.0,0.004459482617676258,0.000019886983864125796,0.010503444820642471,0.1393176019191742,0,0,0
V02,214016,512,0,4.85297052154195,0.0,0.0,0.0033191784750670195,0.00001101694579119794,0.006964754778891802,0.14981870353221893,0,0,0
V02,214528,512,0,4.864580498866213,0.0,0.0,0.004331279080361128,0.000018759979866445065,0.008397627621889114,0.14415739476680756,0,0,0
V02,215040,512,0,4.876190476190477,0.0,0.0,0.0051366970874369144,0.000026385656383354217,0.012417539954185486,0.17350727319717407,0,0,0
V02,215552,512,0,4.887800453514739,0.0,0.0,0.0037830325309187174,0.000014311334780359175,0.01008024625480175,0.15402430295944214,0,0,0
V02,216064,512,0,4.899410430839002,0.0,0.0,0.005854656454175711,0.000034277003578608856,0.013217744417488575,0.17568688094615936,0,0,0
V02,216576,512,0,4.911020408163266,0.0,0.0,0.0043382528237998486,0.000018820439436240122,0.0110626220703125,0.15568162500858307,0,0,0
V02,217088,512,0,4.922630385487528,0.0,0.0,0.004026008769869804,0.000016208747183554806,0.009386023506522179,0.16460958123207092,0,0,0
V02,217600,512,0,4.934240362811791,0.0,0.0,0.004701761528849602,0.00002210656020906754,0.010674301534891129,0.15181022882461548,0,0,0
V02,218112,512,0,4.9458503401360545,0.0,0.0,0.002997138537466526,0.000008982839972304646,0.007945469580590725,0.0,0,1,0
V02,218624,512,0,4.957460317460318,0.0,0.0,0.007816391065716743,0.00006109596870373935,0.01703752763569355,0.2135271430015564,0,0,0
V02,219136,512,0,4.96907029478458,0.0,0.0,0.005998177919536829,0.00003597813702072017,0.014836421236395836,0.16717517375946045,0,0,0
V02,219648,512,0,4.9806802721088435,0.0,0.0,0.0057123624719679356,0.00003263108737883158,0.011800337582826614,0.15567351877689362,0,0,0
V02,220160,512,0,4.992290249433107,0.0,0.0,0.00939769297838211,0.00008831662853481248,0.0193023681640625,0.21768933534622192,0,0,0
V02,220672,512,0,5.00390022675737,0.0,0.0,0.011571183800697327,0.00013389230298344046,0.021204423159360886,0.21653814613819122,0,0,0
V02,221184,512,0,5.015510204081632,0.0,0.0,0.013554918579757214,0.00018373581406194717,0.022501731291413307,0.21907125413417816,0,0,0
V02,221696,512,0,5.027120181405896,0.0,0.0,0.008669053204357624,0.00007515248580602929,0.016329707577824593,0.15344667434692383,0,0,0
V02,222208,512,0,5.038730158730159,0.0,0.0,0.007336361333727837,0.00005382219751481898,0.013533300720155239,0.1418907791376114,0,0,0
V02,222720,512,0,5.050340136054421,0.0,0.0,0.007939171977341175,0.00006303044938249514,0.013168023899197578,0.14329323172569275,0,0,0
V02,223232,512,0,5.061950113378685,148.80482482910156,0.8811890482902527,0.008661656640470028,0.00007502429070882499,0.0178963802754879,0.1864624172449112,0,0,0
V02,223744,512,0,5.073560090702948,148.85858154296875,0.8758445382118225,0.013846872374415398,0.00019173587497789413,0.025322116911411285,0.2148074358701706,0,0,0
V02,224256,512,0,5.085170068027211,149.16854858398438,0.8727123737335205,0.010043219663202763,0.00010086626571137458,0.019709166139364243,0.1615636795759201,0,0,0
V02,224768,512,0,5.0967800453514736,148.73533630371094,0.8660309910774231,0.011681349016726017,0.00013645390572492033,0.019559379667043686,0.21634258329868317,0,0,0
V02,225280,512,0,5.108390022675737,0.0,0.0,0.007944682613015175,0.00006311797915259376,0.0132918581366539,0.17244094610214233,0,0,0
V02,225792,512,0,5.12,0.0,0.0,0.007130139507353306,0.00005083889118395746,0.014448205009102821,0.11891792714595795,0,0,0
V02,226304,512,0,5.131609977324263,0.0,0.0,0.013418719172477722,0.00018006202299147844,0.025444498285651207,0.20226123929023743,0,0,0
V02,226816,512,0,5.143219954648526,0.0,0.0,0.009115808643400669,0.00008309796248795465,0.014832166023552418,0.1625448316335678,0,0,0
V02,227328,512,0,5.154829931972789,0.0,0.0,0.0074485489167273045,0.00005548088302020915,0.015970243141055107,0.13678690791130066,0,0,0
V02,227840,512,0,5.166439909297052,0.0,0.0,0.005441306624561548,0.000029607817850774154,0.011405684985220432,0.16437232494354248,0,0,0
V02,228352,512,0,5.178049886621316,0.0,0.0,0.008164806291460991,0.00006666406261501834,0.015746135264635086,0.18597300350666046,0,0,0
V02,228864,512,0,5.189659863945578,0.0,0.0,0.007279654033482075,0.000052993360441178083,0.014312744140625,0.16343790292739868,0,0,0
V02,229376,512,0,5.201269841269841,0.0,0.0,0.0063742720521986485,0.000040631344745634124,0.011829194612801075,0.14361564815044403,0,0,0
V02,229888,512,0,5.2128798185941045,0.0,0.0,0.0048950896598398685,0.000023961903934832662,0.009948419407010078,0.1639118790626526,0,0,0
V02,230400,512,0,5.224489795918367,0.0,0.0,0.005713848862797022,0.000032648069463903084,0.01094148587435484,0.11946186423301697,0,0,0
V02,230912,512,0,5.23609977324263,0.0,0.0,0.003950899932533503,0.00001560960845381487,0.01001755055040121,0.1646718978881836,0,0,0
V02,231424,512,0,5.2477097505668935,0.0,0.0,0.006213630083948374,0.00003860919605358504,0.0148773193359375,0.15093392133712769,0,0,0
V02,231936,512,0,5.259319727891157,0.0,0.0,0.00603985320776701,0.00003647982521215454,0.0130019411444664,0.17442375421524048,0,0,0
V02,232448,512,0,5.270929705215419,0.0,0.0,0.004993893206119537,0.000024938970454968512,0.0121307373046875,0.11322233080863953,0,0,0
V02,232960,512,0,5.282539682539682,0.0,0.0,0.006913614924997091,0.000047798068408155814,0.013683708384633064,0.11583518981933594,0,0,0
V02,233472,512,0,5.294149659863946,0.0,0.0,0.007007295731455088,0.00004910219649900682,0.01274762861430645,0.15293988585472107,0,0,0
V02,233984,512,0,5.305759637188209,0.0,0.0,0.006415551528334618,0.0000411593027820345,0.014322916977107525,0.13197937607765198,0,0,0
V02,234496,512,0,5.317369614512471,0.0,0.0,0.0056408545933663845,0.0000318192396662198,0.015614931471645832,0.21403634548187256,0,0,0
V02,235008,512,0,5.328979591836735,0.0,0.0,0.008882877416908741,0.00007890550477895886,0.01624375954270363,0.20021402835845947,0,0,0
V02,235520,512,0,5.340589569160998,0.0,0.0,0.004208758939057589,0.0000177136516867904,0.008945386856794357,0.12578892707824707,0,0,0
V02,236032,512,0,5.352199546485261,0.0,0.0,0.007915282621979713,0.0000626516921329312,0.013352063484489918,0.14594797790050507,0,0,0
V02,236544,512,0,5.363809523809524,0.0,0.0,0.00947828870266676,0.00008983795123640448,0.015851078554987907,0.17849667370319366,0,0,0
V02,237056,512,0,5.375419501133787,0.0,0.0,0.010549219325184822,0.00011128601909149438,0.019092170521616936,0.22574852406978607,0,0,0
V02,237568,512,0,5.38702947845805,0.0,0.0,0.011074709706008434,0.00012264918768778443,0.020336540415883064,0.15086029469966888,0,0,0
V02,238080,512,0,5.3986394557823125,0.0,0.0,0.003927912097424269,0.000015428493497893214,0.009043479338288307,0.11895082890987396,0,0,0
V02,238592,512,0,5.410249433106576,0.0,0.0,0.006110206712037325,0.00003733462654054165,0.012344775721430779,0.17631103098392487,0,0,0
V02,239104,512,0,5.421859410430839,0.0,0.0,0.01052632462233305,0.0001108035066863522,0.021494029089808464,0.16754701733589172,0,0,0
V02,239616,512,0,5.433469387755102,0.0,0.0,0.013164162635803223,0.00017329517868347466,0.023862669244408607,0.23778581619262695,0,0,0
V02,240128,512,0,5.445079365079365,146.58181762695312,0.8557626605033875,0.014391608536243439,0.00020711839897558093,0.02465861849486828,0.17951056361198425,0,0,0
V02,240640,512,0,5.456689342403628,0.0,0.0,0.009639286436140537,0.00009291584137827158,0.01768929697573185,0.18364079296588898,0,0,0
V02,241152,512,0,5.468299319727891,0.0,0.0,0.006572465877979994,0.0000431973094237037,0.01403030101209879,0.1809626966714859,0,0,0
V02,241664,512,0,5.479909297052155,0.0,0.0,0.005959463771432638,0.000035515207855496556,0.012414426542818546,0.09594418853521347,0,0,0
V02,242176,512,0,5.491519274376417,0.0,0.0,0.004345410503447056,0.00001888259248516988,0.011707850731909275,0.12282321602106094,0,0,0
V02,242688,512,0,5.50312925170068,0.0,0.0,0.007644745986908674,0.00005844213956152089,0.0148300901055336,0.17681293189525604,0,0,0
V02,243200,512,0,5.5147392290249435,0.0,0.0,0.0051117236725986,0.0000261297172983177,0.013627655804157257,0.18003582954406738,0,0,0
V02,243712,512,0,5.526349206349207,0.0,0.0,0.004662293009459972,0.000021736974304076284,0.009368896484375,0.16812321543693542,0,0,0
V02,244224,512,0,5.537959183673469,0.0,0.0,0.006848276127129793,0.000046898883738322183,0.014400248415768147,0.1335170865058899,0,0,0
V02,244736,512,0,5.5495691609977325,0.0,0.0,0.0037985050585120916,0.000014428640497499146,0.008915804326534271,0.16895821690559387,0,0,0
V02,245248,301,0,5.561179138321996,0.0,0.0,0.003138368483632803,0.000009849357411439996,0.005037372466176748,0.11291716992855072,0,0,1
V03,0,512,0,0.0,0.0,0.0,0.0,0.0,0.0,0.0,0,1,0
V03,512,512,0,0.011609977324263039,0.0,0.0,0.000007250511771417223,5.2569920638845247e-11,0.0000152587890625,0.0,0,1,0
V03,1024,512,0,0.023219954648526078,0.0,0.0,0.0007344352779909968,5.393952164922666e-7,0.0029015573672950268,0.0,0,1,0
V03,1536,512,0,0.034829931972789115,0.0,0.0,0.0034720373805612326,0.000012055043043801561,0.007031187880784273,1.0,0,0,0
V03,2048,512,0,0.046439909297052155,0.0,0.0,0.0026817007455974817,0.000007191518761828775,0.0057525634765625,0.0,0,1,0
V03,2560,512,0,0.058049886621315196,0.0,0.0,0.003597229951992631,0.000012940064152644482,0.007564207538962364,0.4355979859828949,0,0,0
V03,3072,512,0,0.06965986394557823,0.0,0.0,0.006498885806649923,0.00004223551513860002,0.01326715387403965,0.3384033143520355,0,0,0
V03,3584,512,0,0.08126984126984127,0.0,0.0,0.0051762741059064865,0.000026793815777637064,0.010999406687915325,0.19742628931999207,0,0,0
V03,4096,512,0,0.09287981859410431,0.0,0.0,0.004712215159088373,0.00002220497299276758,0.011355964466929436,0.1931794434785843,0,0,0
V03,4608,512,0,0.10448979591836735,0.0,0.0,0.0037106990348547697,0.000013769286852038931,0.007875092327594757,0.1838732361793518,0,0,0
V03,5120,512,0,0.11609977324263039,0.0,0.0,0.005073897540569305,0.00002574443533376325,0.009477888233959675,0.1756793111562729,0,0,0
V03,5632,512,0,0.12770975056689343,0.0,0.0,0.006118020508438349,0.000037430174415931106,0.01007080078125,0.18656615912914276,0,0,0
V03,6144,512,0,0.13931972789115646,0.0,0.0,0.00690367491915822,0.00004766072743223049,0.011843311600387096,0.19627030193805695,0,0,0
V03,6656,512,0,0.1509297052154195,0.0,0.0,0.005350012797862291,0.000028622636818909086,0.009126313030719757,0.1489381492137909,0,0,0
V03,7168,512,0,0.16253968253968254,0.0,0.0,0.003968228120356798,0.000015746834833407775,0.007964464835822582,0.17537513375282288,0,0,0
V03,7680,512,0,0.17414965986394557,148.2498321533203,0.8629435300827026,0.00484280614182353,0.00002345277061976958,0.007945677265524864,0.14091508090496063,0,0,0
V03,8192,512,0,0.18575963718820862,148.38755798339844,0.8693447113037109,0.005116507411003113,0.00002617864629428368,0.01137651689350605,0.167453795671463,0,0,0
V03,8704,512,0,0.19736961451247165,147.93099975585938,0.887336015701294,0.005159859079867601,0.000026624145903042518,0.0104355588555336,0.16482198238372803,0,0,0
V03,9216,512,0,0.2089795918367347,147.71092224121094,0.8887955546379089,0.006180237978696823,0.000038195339584490284,0.011059923097491264,0.19972999393939972,0,0,0
V03,9728,512,0,0.22058956916099773,148.8802490234375,0.8853096961975098,0.004554381128400564,0.000020742389096994884,0.009282429702579975,0.15278784930706024,0,0,0
V03,10240,512,0,0.23219954648526078,149.42697143554688,0.8612653017044067,0.004080220125615597,0.000016648195014568046,0.007718559820204973,0.15053783357143402,0,0,0
V03,10752,512,0,0.2438095238095238,148.68858337402344,0.8537587523460388,0.0071433475241065025,0.00005102741488371976,0.012840945273637772,0.202814519405365,0,0,0
V03,11264,512,0,0.25541950113378686,148.98260498046875,0.8565011024475098,0.00567758409306407,0.00003223496241844259,0.012008043937385082,0.18689222633838654,0,0,0
V03,11776,512,0,0.26702947845804986,0.0,0.0,0.005721397697925568,0.000032734391425037757,0.011606748215854168,0.14075326919555664,0,0,0
V03,12288,512,0,0.2786394557823129,0.0,0.0,0.0025574499741196632,0.0000065405506575189065,0.005843078251928091,0.0,0,1,0
V03,12800,512,0,0.29024943310657597,0.0,0.0,0.00242499983869493,0.000005880624485143926,0.004963465966284275,0.0,0,1,0
V03,13312,512,0,0.301859410430839,0.0,0.0,0.003910351078957319,0.000015290846931748092,0.00768316350877285,0.17860282957553864,0,0,0
V03,13824,512,0,0.313469387755102,0.0,0.0,0.0028592885937541723,0.000008175530638254713,0.007328474428504705,0.0,0,1,0
V03,14336,512,0,0.3250793650793651,0.0,0.0,0.00482063228264451,0.000023238495487021282,0.009013895876705647,0.16868826746940613,0,0,0
V03,14848,512,0,0.33668934240362813,0.0,0.0,0.0024667461402714252,0.000006084836059017107,0.0056614261120557785,0.0,0,1,0
V03,15360,512,0,0.34829931972789113,0.0,0.0,0.002881570253521204,0.000008303447430080269,0.0056660971604287624,0.0,0,1,0
V03,15872,512,0,0.3599092970521542,0.0,0.0,0.0013972894521430135,0.000001952417960637831,0.0033720885403454304,0.0,0,1,0
V03,16384,512,0,0.37151927437641724,0.0,0.0,0.0025458461605012417,0.0000064813320932444185,0.007664167787879705,0.0,0,1,0
V03,16896,512,0,0.3831292517006803,0.0,0.0,0.004557427018880844,0.000020770141418324783,0.0106201171875,0.17815211415290833,0,0,0
V03,17408,512,0,0.3947392290249433,0.0,0.0,0.0032902886159718037,0.000010825999197550118,0.007107481826096773,0.175484761595726,0,0,0
V03,17920,512,0,0.40634920634920635,0.0,0.0,0.003299337811768055,0.00001088563021767186,0.00841579306870699,0.1619516909122467,0,0,0
V03,18432,512,0,0.4179591836734694,0.0,0.0,0.0029056209605187178,0.000008442633770755492,0.006457374431192875,0.0,0,1,0
V03,18944,512,0,0.4295691609977324,0.0,0.0,0.0037553466390818357,0.000014102628483669832,0.007358680944889784,0.20280012488365173,0,0,0
V03,19456,512,0,0.44117913832199546,0.0,0.0,0.005984239745885134,0.0000358111246896442,0.012518123723566532,0.20239458978176117,0,0,0
V03,19968,512,0,0.4527891156462585,0.0,0.0,0.0053700595162808895,0.000028837537684012204,0.009517020545899868,0.18657270073890686,0,0,0
V03,20480,512,0,0.46439909297052157,0.0,0.0,0.00581778958439827,0.0000338466779794544,0.009580443613231182,0.16738276183605194,0,0,0
V03,20992,512,0,0.47600907029478456,0.0,0.0,0.005404654424637556,0.000029210290449555032,0.0089263916015625,0.15831200778484344,0,0,0
V03,21504,512,0,0.4876190476190476,0.0,0.0,0.005664034280925989,0.000032081286917673424,0.0091400146484375,0.1881733387708664,0,0,0
V03,22016,512,0,0.4992290249433107,0.0,0.0,0.006326075177639723,0.000040019225707510486,0.012560890056192875,0.14769749343395233,0,0,0
V03,22528,512,0,0.5108390022675737,149.2307586669922,0.8660615086555481,0.005405779462307692,0.00002922245221270714,0.009534874930977821,0.1483970433473587,0,0,0
V03,23040,512,0,0.5224489795918368,148.4251708984375,0.8993352651596069,0.0077055455185472965,0.00005937543392064981,0.01305498369038105,0.1940319836139679,0,0,0
V03,23552,512,0,0.5340589569160997,148.79161071777344,0.9249155521392822,0.005565596744418144,0.000030975865229265764,0.010049521923065186,0.14970999956130981,0,0,0
V03,24064,512,0,0.5456689342403628,148.508544921875,0.9247692823410034,0.005216265097260475,0.000027209423933527432,0.009549926035106182,0.15121355652809143,0,0,0
V03,24576,512,0,0.5572789115646258,148.8394012451172,0.9293828010559082,0.005188289098441601,0.00002691834197321441,0.008970818482339382,0.12850330770015717,0,0,0
V03,25088,512,0,0.5688888888888889,148.9375457763672,0.9297407269477844,0.0040151518769562244,0.00001612144296814222,0.007609153166413307,0.13658590614795685,0,0,0
V03,25600,512,0,0.5804988662131519,147.99668884277344,0.9298083186149597,0.004843920934945345,0.000023463571778847836,0.009037562645971775,0.1693006157875061,0,0,0
V03,26112,512,0,0.592108843537415,148.50375366210938,0.9357552528381348,0.004321768414229155,0.000018677681509871036,0.0071258544921875,0.1704772710800171,0,0,0
V03,26624,512,0,0.603718820861678,148.63140869140625,0.9279834032058716,0.0037137132603675127,0.000013791665878670756,0.007241800427436829,0.12364766001701355,0,0,0
V03,27136,512,0,0.615328798185941,147.9290008544922,0.8925948143005371,0.004948700312525034,0.000024489632778568193,0.01028203684836626,0.15587514638900757,0,0,0
V03,27648,512,0,0.626938775510204,148.5003662109375,0.8653345704078674,0.003573221853002906,0.0000127679140859982,0.0075051444582641125,0.15960192680358887,0,0,0
V03,28160,512,0,0.6385487528344671,0.0,0.0,0.004573149140924215,0.000020913692424073815,0.010547456331551075,0.18003207445144653,0,0,0
V03,28672,512,0,0.6501587301587302,0.0,0.0,0.002290929900482297,0.000005248359684628667,0.0047600157558918,0.0,0,1,0
V03,29184,512,0,0.6617687074829932,0.0,0.0,0.002529580146074295,0.000006398775440175086,0.00583674618974328,0.0,0,1,0
V03,29696,512,0,0.6733786848072563,0.0,0.0,0.003720172680914402,0.000013839685379934963,0.007108104415237904,0.19255301356315613,0,0,0
V03,30208,512,0,0.6849886621315193,0.0,0.0,0.003610817715525627,0.000013038003999099601,0.0077609107829630375,0.18455977737903595,0,0,0
V03,30720,512,0,0.6965986394557823,0.0,0.0,0.005162766203284264,0.000026654153771232814,0.009717149659991264,0.18975986540317535,0,0,0
V03,31232,512,0,0.7082086167800453,0.0,0.0,0.0034813995007425547,0.000012120142855565064,0.006299388594925404,0.176668182015419,0,0,0
V03,31744,512,0,0.7198185941043084,0.0,0.0,0.003200417384505272,0.000010242671123705804,0.006603630259633064,0.17099115252494812,0,0,0
V03,32256,512,0,0.7314285714285714,0.0,0.0,0.0022826585918664932,0.000005210530162003124,0.005413340870290995,0.0,0,1,0
V03,32768,512,0,0.7430385487528345,0.0,0.0,0.0026980647817254066,0.000007279553756234236,0.006882647983729839,0.0,0,1,0
V03,33280,512,0,0.7546485260770975,0.0,0.0,0.003329154569655657,0.00001108326978283003,0.005752251949161291,0.14672517776489258,0,0,0
V03,33792,512,0,0.7662585034013606,0.0,0.0,0.004372674971818924,0.000019120285287499428,0.009640440344810486,0.17804862558841705,0,0,0
V03,34304,512,0,0.7778684807256235,0.0,0.0,0.005319380201399326,0.00002829580807883758,0.008491983637213707,0.1515137106180191,0,0,0
V03,34816,512,0,0.7894784580498866,0.0,0.0,0.00630255276337266,0.00003972217018599622,0.010203873738646507,0.16873255372047424,0,0,0
V03,35328,512,0,0.8010884353741496,0.0,0.0,0.005402816459536552,0.000029190423447289504,0.01213852223008871,0.17130839824676514,0,0,0
V03,35840,512,0,0.8126984126984127,0.0,0.0,0.004964958410710096,0.00002465081342961639,0.009141571819782257,0.13217833638191223,0,0,0
V03,36352,512,0,0.8243083900226758,0.0,0.0,0.0045889983884990215,0.000021058907805127092,0.012066899798810482,0.2305683195590973,0,0,0
V03,36864,512,0,0.8359183673469388,0.0,0.0,0.006160862278193235,0.00003795622615143657,0.010884810239076614,0.18483179807662964,0,0,0
V03,37376,512,0,0.8475283446712019,147.85581970214844,0.8551605343818665,0.006486710626631975,0.00004207741585560143,0.011733385734260082,0.1989145129919052,0,0,0
V03,37888,512,0,0.8591383219954648,148.89385986328125,0.8853623867034912,0.007344118785113096,0.00005393608080339618,0.011303026229143143,0.16519148647785187,0,0,0
V03,38400,512,0,0.8707482993197279,147.8420867919922,0.8961634635925293,0.007892820052802563,0.00006229661084944382,0.014109086245298386,0.19527378678321838,0,0,0
V03,38912,512,0,0.8823582766439909,149.65286254882812,0.9086707830429077,0.007058896590024233,0.00004982802420272492,0.013049793429672718,0.20121420919895172,0,0,0
V03,39424,512,0,0.893968253968254,149.54737854003906,0.923561692237854,0.009117305278778076,0.00008312524732900783,0.016925733536481857,0.22047357261180878,0,0,0
V03,39936,512,0,0.905578231292517,148.79946899414062,0.9278788566589355,0.008957886137068272,0.00008024372800718993,0.013782422989606857,0.18460728228092194,0,0,0
V03,40448,512,0,0.9171882086167801,148.2574462890625,0.9328532218933105,0.005923004355281591,0.00003508197914925404,0.01181881409138441,0.13758856058120728,0,0,0
V03,40960,512,0,0.9287981859410431,148.40029907226562,0.9256303310394287,0.005253187380731106,0.000027595979190664366,0.011737641878426075,0.1282239407300949,0,0,0
V03,41472,512,0,0.9404081632653061,149.1128387451172,0.9096575379371643,0.005021237302571535,0.00002521282476664055,0.009659228846430779,0.15959233045578003,0,0,0
V03,41984,512,0,0.9520181405895691,149.1946563720703,0.8963537216186523,0.004791324492543936,0.000022956788598094136,0.009166795760393143,0.1721479296684265,0,0,0
V03,42496,512,0,0.9636281179138322,148.52928161621094,0.8828297853469849,0.007674041204154491,0.0000588909097132273,0.015432033687829971,0.1987665295600891,0,0,0
V03,43008,512,0,0.9752380952380952,148.040771484375,0.8728296160697937,0.005897600203752518,0.00003478168946458027,0.00992713961750269,0.16941997408866882,0,0,0
V03,43520,512,0,0.9868480725623583,0.0,0.0,0.005373882129788399,0.000028878606826765463,0.0118880495429039,0.15028689801692963,0,0,0
V03,44032,512,0,0.9984580498866213,0.0,0.0,0.0036936842370778322,0.000013643303645949345,0.0072410739958286285,0.20083001255989075,0,0,0
V03,44544,512,0,1.0100680272108844,0.0,0.0,0.0028380693402141333,0.000008054636964516249,0.005410641897469759,0.0,0,1,0
V03,45056,512,0,1.0216780045351475,0.0,0.0,0.004489936865866184,0.000020159533960395493,0.009626427665352821,0.1765814572572708,0,0,0
V03,45568,512,0,1.0332879818594105,0.0,0.0,0.003649418242275715,0.000013318253877514508,0.008847814053297043,0.1460125595331192,0,0,0
V03,46080,512,0,1.0448979591836736,0.0,0.0,0.005551969166845083,0.00003082436160184443,0.011945763602852821,0.1730603128671646,0,0,0
V03,46592,512,0,1.0565079365079366,0.0,0.0,0.002852342091500759,0.000008135854841384571,0.00754500413313508,0.0,0,1,0
V03,47104,512,0,1.0681179138321995,0.0,0.0,0.0032695906702429056,0.000010690222552511841,0.00723982835188508,0.1895619034767151,0,0,0
V03,47616,512,0,1.0797278911564625,0.0,0.0,0.0034621874801814556,0.000011986741810687818,0.00730169378221035,0.15480634570121765,0,0,0
V03,48128,512,0,1.0913378684807256,0.0,0.0,0.002649332396686077,0.0000070189621510508005,0.005844635423272848,0.0,0,1,0
V03,48640,512,0,1.1029478458049886,0.0,0.0,0.003945549018681049,0.000015567358786938712,0.0097954161465168,0.18134604394435883,0,0,0
V03,49152,512,0,1.1145578231292517,0.0,0.0,0.0032708127982914448,0.000010698216101445723,0.007304600439965725,0.17845039069652557,0,0,0
V03,49664,512,0,1.1261678004535147,0.0,0.0,0.004452813416719437,0.00001982754656637553,0.010147405788302422,0.17659211158752441,0,0,0
V03,50176,512,0,1.1377777777777778,0.0,0.0,0.0057661100290715694,0.00003324802310089581,0.010244564153254032,0.19457200169563293,0,0,0
V03,50688,512,0,1.1493877551020408,0.0,0.0,0.004489308223128319,0.00002015388963627629,0.008670417591929436,0.1547381728887558,0,0,0
V03,51200,512,0,1.1609977324263039,0.0,0.0,0.005063120275735855,0.00002563518864917569,0.008903970941901207,0.17940357327461243,0,0,0
V03,51712,512,0,1.172607709750567,0.0,0.0,0.004344533663243055,0.000018874970919569023,0.008786155842244625,0.18290694057941437,0,0,0
V03,52224,512,0,1.18421768707483,0.0,0.0,0.009398275054991245,0.00008832757157506421,0.015117723494768143,0.25402650237083435,0,0,0
V03,52736,512,0,1.195827664399093,0.0,0.0,0.007227999623864889,0.000052243980462662876,0.014064555056393147,0.19431482255458832,0,0,0
V03,53248,512,0,1.207437641723356,0.0,0.0,0.009653473272919655,0.00009318954835180193,0.016284657642245293,0.23272806406021118,0,0,0
V03,53760,512,0,1.2190476190476192,148.5559844970703,0.8617873787879944,0.010723143815994263,0.0001149858144344762,0.020645348355174065,0.20271477103233337,0,0,0
V03,54272,512,0,1.230657596371882,0.0,0.0,0.006927600596100092,0.00004799164889845997,0.015101529657840729,0.15212900936603546,0,0,0
V03,54784,512,0,1.242267573696145,0.0,0.0,0.00738820806145668,0.000054585616453550756,0.01332839671522379,0.14191769063472748,0,0,0
V03,55296,512,0,1.253877551020408,148.63589477539062,0.861410915851593,0.011006483808159828,0.00012114268611185253,0.021112455055117607,0.2820335924625397,0,0,0
V03,55808,512,0,1.2654875283446712,148.35223388671875,0.8922786712646484,0.014530252665281296,0.00021112823742441833,0.02637154795229435,0.22225472331047058,0,0,0
V03,56320,512,0,1.2770975056689342,147.5452880859375,0.8857153654098511,0.01302388496696949,0.0001696215767879039,0.0213470458984375,0.17368826270103455,0,0,0
V03,56832,512,0,1.2887074829931973,147.81533813476562,0.8695322871208191,0.009299679659307003,0.00008648404036648571,0.02014699950814247,0.15514333546161652,0,0,0
V03,57344,512,0,1.3003174603174603,147.85096740722656,0.8594470024108887,0.008250278420746326,0.00006806709279771894,0.01507661771029234,0.17891985177993774,0,0,0
V03,57856,512,0,1.3119274376417234,0.0,0.0,0.006359996739774942,0.00004044955858262256,0.01290115062147379,0.13794147968292236,0,0,0
V03,58368,512,0,1.3235374149659864,0.0,0.0,0.01009441539645195,0.00010189722524955869,0.019034871831536293,0.1780693382024765,0,0,0
V03,58880,512,0,1.3351473922902495,0.0,0.0,0.01519567146897316,0.00023090843751560897,0.026559947058558464,0.21181122958660126,0,0,0
V03,59392,512,0,1.3467573696145125,0.0,0.0,0.010662256740033627,0.00011368372361175716,0.0205208919942379,0.17465312778949738,0,0,0
V03,59904,512,0,1.3583673469387756,0.0,0.0,0.010685768909752369,0.00011418564827181399,0.02091180719435215,0.1684776395559311,0,0,0
V03,60416,512,0,1.3699773242630386,0.0,0.0,0.005271255970001221,0.000027786139980889857,0.01177999284118414,0.12281880527734756,0,0,0
V03,60928,512,0,1.3815873015873017,0.0,0.0,0.006689155008643866,0.0000447447964688763,0.013116434216499329,0.1372946947813034,0,0,0
V03,61440,512,0,1.3931972789115645,0.0,0.0,0.007051493972539902,0.000049723566917236894,0.012145580723881721,0.0990409255027771,0,0,0
V03,61952,512,0,1.4048072562358276,0.0,0.0,0.005275683011859655,0.000027832829800900072,0.014232713729143143,0.16653066873550415,0,0,0
V03,62464,512,0,1.4164172335600906,0.0,0.0,0.0059661585837602615,0.0000355950505763758,0.014370872639119625,0.17103366553783417,0,0,0
V03,62976,512,0,1.4280272108843537,0.0,0.0,0.004868017975240946,0.000023697601136518642,0.009828425012528896,0.16254791617393494,0,0,0
V03,63488,512,0,1.4396371882086167,0.0,0.0,0.004970301873981953,0.00002470390245434828,0.010043189860880375,0.15168891847133636,0,0,0
V03,64000,512,0,1.4512471655328798,0.0,0.0,0.005352422129362822,0.00002864842099370435,0.011853276751935482,0.1282014548778534,0,0,0
V03,64512,512,0,1.4628571428571429,0.0,0.0,0.0057987370528280735,0.00003362535062478855,0.014605567790567875,0.1709832102060318,0,0,0
V03,65024,512,0,1.474467120181406,0.0,0.0,0.0073080905713140965,0.00005340818825061433,0.01406299788504839,0.16427616775035858,0,0,0
V03,65536,512,0,1.486077097505669,0.0,0.0,0.005093467887490988,0.00002594341458461713,0.01114742737263441,0.14125262200832367,0,0,0
V03,66048,512,66048,1.497687074829932,0.0,0.0,0.01505117118358612,0.00022653775522485375,0.0587041936814785,0.5225520730018616,1,0,0
V03,66560,512,66842,1.509297052154195,0.0,0.0,0.08677900582551956,0.007530595641583204,0.16627824306488037,0.696386992931366,1,0,0
V03,67072,512,0,1.5209070294784581,0.0,0.0,0.04882381483912468,0.0023837650660425425,0.09882422536611557,0.25756362080574036,0,0,0
V03,67584,512,67584,1.5325170068027212,0.0,0.0,0.16885608434677124,0.0285123772919178,0.46289196610450745,0.5718542337417603,1,0,0
V03,68096,512,0,1.5441269841269842,0.0,0.0,0.2984169125556946,0.08905264735221863,0.6452100872993469,0.514432430267334,0,0,0
V03,68608,512,0,1.555736961451247,0.0,0.0,0.18548741936683655,0.03440558537840843,0.4010140597820282,0.22844046354293823,0,0,0
V03,69120,512,0,1.5673469387755101,0.0,0.0,0.12119610607624054,0.014688495546579361,0.2558864653110504,0.1389836221933365,0,0,0
V03,69632,512,0,1.5789569160997732,0.0,0.0,0.15435045957565308,0.023824065923690796,0.3779965341091156,0.1461152583360672,0,0,0
V03,70144,512,0,1.5905668934240362,0.0,0.0,0.16326618194580078,0.02665584720671177,0.3553512394428253,0.16876158118247986,0,0,0
V03,70656,512,0,1.6021768707482993,0.0,0.0,0.14723284542560577,0.021677512675523758,0.39675238728523254,0.12821358442306519,0,0,0
V03,71168,512,0,1.6137868480725623,0.0,0.0,0.13750606775283813,0.01890791766345501,0.2964388132095337,0.13600920140743256,0,0,0
V03,71680,512,0,1.6253968253968254,0.0,0.0,0.1352541446685791,0.018293682485818863,0.30714789032936096,0.18085548281669617,0,0,0
V03,72192,512,0,1.6370068027210884,0.0,0.0,0.14597563445568085,0.021308887749910355,0.342071533203125,0.12725764513015747,0,0,0
V03,72704,512,0,1.6486167800453515,0.0,0.0,0.1496991515159607,0.022409837692975998,0.4123745858669281,0.11043141782283783,0,0,0
V03,73216,512,0,1.6602267573696146,117.3443832397461,0.8594791293144226,0.14613978564739227,0.021356837823987007,0.3439747393131256,0.137014240026474,0,0,0
V03,73728,512,0,1.6718367346938776,117.3069839477539,0.9182928204536438,0.13033118844032288,0.016986217349767685,0.2801685035228729,0.12076151371002197,0,0,0
V03,74240,512,0,1.6834467120181407,175.79672241210938,0.8739492297172546,0.1378977745771408,0.01901579648256302,0.2856915593147278,0.14201252162456512,0,0,0
V03,74752,512,0,1.6950566893424037,175.81553649902344,0.8996241688728333,0.13141025602817535,0.017268653959035873,0.2721545100212097,0.0893356204032898,0,0,0
V03,75264,512,0,1.7066666666666668,175.81748962402344,0.9149622917175293,0.1396256387233734,0.019495319575071335,0.28469589352607727,0.1267295628786087,0,0,0
V03,75776,512,0,1.7182766439909296,352.1356201171875,0.854458212852478,0.12944333255290985,0.01675557531416416,0.249312624335289,0.07962679117918015,0,0,0
V03,76288,512,0,1.7298866213151927,352.1849060058594,0.8651165962219238,0.1298055499792099,0.01684948243200779,0.2631571292877197,0.08493194729089737,0,0,0
V03,76800,512,0,1.7414965986394557,351.91583251953125,0.9094838500022888,0.12299520522356033,0.015127820894122124,0.22710184752941132,0.08170049637556076,0,0,0
V03,77312,512,0,1.7531065759637188,351.9702453613281,0.9240066409111023,0.11805273592472076,0.013936448842287064,0.23194283246994019,0.06388821452856064,0,0,0
V03,77824,512,0,1.7647165532879818,351.9034118652344,0.9285731911659241,0.12258896976709366,0.01502805482596159,0.2435958832502365,0.07447371631860733,0,0,0
V03,78336,512,0,1.7763265306122449,351.791748046875,0.9422397017478943,0.11717581748962402,0.013730172999203205,0.2200709730386734,0.06524474173784256,0,0,0
V03,78848,512,0,1.787936507936508,351.8191833496094,0.9525424242019653,0.11723259836435318,0.01374348159879446,0.20949217677116394,0.09537231177091599,0,0,0
V03,79360,512,0,1.799546485260771,351.62860107421875,0.9651036858558655,0.11342358589172363,0.012864909134805202,0.19793348014354706,0.06531450152397156,0,0,0
V03,79872,512,0,1.811156462585034,351.61175537109375,0.9731957912445068,0.11805268377065659,0.013936435803771019,0.21172098815441132,0.05503971502184868,0,0,0
V03,80384,512,0,1.822766439909297,351.4616394042969,0.9768968224525452,0.11010943353176117,0.012124087661504745,0.1938485950231552,0.04905916377902031,0,0,0
V03,80896,512,0,1.8343764172335602,351.4737548828125,0.9786404967308044,0.10913851857185364,0.01191121619194746,0.1804349720478058,0.07099014520645142,0,0,0
V03,81408,512,0,1.8459863945578232,351.3296813964844,0.9812275171279907,0.11001764982938766,0.012103882618248463,0.18879875540733337,0.08040796220302582,0,0,0
V03,81920,512,0,1.8575963718820863,351.37554931640625,0.9856279492378235,0.1051889955997467,0.011064724996685982,0.18510562181472778,0.05538645386695862,0,0,0
V03,82432,512,0,1.8692063492063493,351.19378662109375,0.9864690899848938,0.10625746846199036,0.011290648952126503,0.19118142127990723,0.06607348471879959,0,0,0
V03,82944,512,0,1.8808163265306121,351.2439880371094,0.9866855144500732,0.10628043860197067,0.011295531876385212,0.18482722342014313,0.06803816556930542,0,0,0
V03,83456,512,0,1.8924263038548752,351.15447998046875,0.9870988726615906,0.10247661173343658,0.010501456446945667,0.17684873938560486,0.08965194970369339,0,0,0
V03,83968,512,0,1.9040362811791383,351.1463317871094,0.9879445433616638,0.09837503731250763,0.009677647612988949,0.17930395901203156,0.06407413631677628,0,0,0
V03,84480,512,0,1.9156462585034013,351.0430603027344,0.9902533292770386,0.10043580085039139,0.010087349452078342,0.1786956787109375,0.06144113838672638,0,0,0
V03,84992,512,0,1.9272562358276644,351.0400695800781,0.9903934001922607,0.09885624051094055,0.009772556833922863,0.1825692355632782,0.07565321773290634,0,0,0
V03,85504,512,0,1.9388662131519274,350.9246520996094,0.9892362952232361,0.09181772917509079,0.008430495858192444,0.17499703168869019,0.06701067090034485,0,0,0
V03,86016,512,0,1.9504761904761905,350.94830322265625,0.9875866770744324,0.09382349997758865,0.008802848868072033,0.15689241886138916,0.05943066626787186,0,0,0
V03,86528,512,0,1.9620861678004535,350.9338073730469,0.9873150587081909,0.09411979466676712,0.008858535438776016,0.16520369052886963,0.05308309197425842,0,0,0
V03,87040,512,0,1.9736961451247166,350.8902282714844,0.9870595932006836,0.09060277789831161,0.00820886343717575,0.16987423598766327,0.04927266389131546,0,0,0
V03,87552,512,0,1.9853061224489796,350.85382080078125,0.9853609800338745,0.0871175229549408,0.007589463144540787,0.16504228115081787,0.04770807549357414,0,0,0
V03,88064,512,0,1.9969160997732427,350.81097412109375,0.9833878874778748,0.08726920187473297,0.007615913171321154,0.16864822804927826,0.0832284614443779,0,0,0
V03,88576,512,0,2.0085260770975055,350.905029296875,0.9811588525772095,0.08365532755851746,0.006998214405030012,0.1669084131717682,0.08715829998254776,0,0,0
V03,89088,512,0,2.020136054421769,350.7601623535156,0.9810939431190491,0.08167078346014023,0.006670116446912289,0.1653287708759308,0.06564811617136002,0,0,0
V03,89600,512,0,2.0317460317460316,350.6989440917969,0.9819427132606506,0.08329404145479202,0.006937897764146328,0.15085244178771973,0.0638357549905777,0,0,0
V03,90112,512,0,2.043356009070295,350.71868896484375,0.9812740087509155,0.08041322231292725,0.006466285791248083,0.12945370376110077,0.075856052339077,0,0,0
V03,90624,512,0,2.0549659863945577,350.66876220703125,0.9799250364303589,0.0793224647641182,0.006292053498327732,0.14586353302001953,0.07253409177064896,0,0,0
V03,91136,512,0,2.066575963718821,350.6725769042969,0.9794373512268066,0.07612551748752594,0.005795094184577465,0.1415301412343979,0.06802332401275635,0,0,0
V03,91648,512,0,2.078185941043084,350.6370544433594,0.9801645278930664,0.07761691510677338,0.006024385802447796,0.14005762338638306,0.05572787672281265,0,0,0
V03,92160,512,0,2.089795918367347,350.5755310058594,0.9823403358459473,0.07476338744163513,0.0055895643308758736,0.1391645222902298,0.03770644962787628,0,0,0
V03,92672,512,0,2.10140589569161,350.5863342285156,0.9833167195320129,0.07217442989349365,0.005209148861467838,0.13483600318431854,0.06333912909030914,0,0,0
V03,93184,512,0,2.1130158730158732,350.5447082519531,0.9832099676132202,0.07164936512708664,0.005133631639182568,0.12616994976997375,0.07394158840179443,0,0,0
V03,93696,512,0,2.124625850340136,350.45098876953125,0.9842966794967651,0.07061217725276947,0.004986079875379801,0.11857947707176208,0.06212915480136871,0,0,0
V03,94208,512,0,2.136235827664399,350.30743408203125,0.9864062070846558,0.06853996217250824,0.00469772657379508,0.12159053981304169,0.06199437379837036,0,0,0
V03,94720,512,0,2.147845804988662,350.4013366699219,0.9878692626953125,0.06526011973619461,0.004258883651345968,0.11944175511598587,0.06546356528997421,0,0,0
V03,95232,512,0,2.159455782312925,350.31451416015625,0.9887479543685913,0.0648222416639328,0.004201923497021198,0.10694418102502823,0.06906405091285706,0,0,0
V03,95744,512,0,2.1710657596371883,350.2508850097656,0.987847089767456,0.06461818516254425,0.004175510257482529,0.10877066850662231,0.06325893104076385,0,0,0
V03,96256,512,0,2.182675736961451,350.283203125,0.9892904758453369,0.06371542811393738,0.0040596560575068,0.1099177747964859,0.06010853499174118,0,0,0
V03,96768,512,0,2.1942857142857144,350.1051025390625,0.9903207421302795,0.06248743087053299,0.0039046790916472673,0.10428115725517273,0.06358174234628677,0,0,0
V03,97280,512,0,2.2058956916099772,350.1685485839844,0.9912431240081787,0.060166556388139725,0.0036200142931193113,0.10494133830070496,0.06617555767297745,0,0,0
V03,97792,512,0,2.2175056689342405,350.10546875,0.990391731262207,0.058638449758291245,0.003438467625528574,0.10294897109270096,0.07396258413791656,0,0,0
V03,98304,512,0,2.2291156462585033,350.3422546386719,0.9861283302307129,0.05758809298276901,0.003316388465464115,0.09997112303972244,0.08668762445449829,0,0,0
V03,98816,512,0,2.2407256235827666,350.10443115234375,0.9829595685005188,0.05961684137582779,0.0035541679244488478,0.11652493476867676,0.07549399882555008,0,0,0
V03,99328,512,0,2.2523356009070294,350.2523498535156,0.98116135597229,0.057378850877285004,0.003292332636192441,0.09597529470920563,0.08821261674165726,0,0,0
V03,99840,512,0,2.2639455782312927,350.15966796875,0.9823114275932312,0.05394923314452171,0.002910519950091839,0.08984769135713577,0.057663921266794205,0,0,0
V03,100352,512,0,2.2755555555555556,350.167236328125,0.9790378212928772,0.05507851019501686,0.003033642191439867,0.08569367229938507,0.07274136692285538,0,0,0
V03,100864,512,0,2.2871655328798184,350.1524353027344,0.9739076495170593,0.05119964852929115,0.002621403895318508,0.08685416728258133,0.05689741671085358,0,0,0
V03,101376,512,0,2.2987755102040817,350.13128662109375,0.967674970626831,0.0527275986969471,0.0027801995165646076,0.09308785200119019,0.07995238900184631,0,0,0
V03,101888,512,0,2.3103854875283445,350.3186340332031,0.9577974081039429,0.05342625826597214,0.0028543651569634676,0.09621196240186691,0.09147141873836517,0,0,0
V03,102400,512,0,2.3219954648526078,350.3506164550781,0.9570481777191162,0.05030960589647293,0.0025310562923550606,0.0959835946559906,0.11974368989467621,0,0,0
V03,102912,512,0,2.3336054421768706,350.3892517089844,0.9540128111839294,0.048187315464019775,0.002322017215192318,0.08031333982944489,0.07145056128501892,0,0,0
V03,103424,512,0,2.345215419501134,350.39910888671875,0.9481889605522156,0.05210128799080849,0.002714544301852584,0.0904984250664711,0.0874837338924408,0,0,0
V03,103936,512,0,2.3568253968253967,350.25128173828125,0.9399645328521729,0.05063781142234802,0.0025641880929470062,0.08410613238811493,0.05461548641324043,0,0,0
V03,104448,512,0,2.36843537414966,350.5118408203125,0.928927481174469,0.04944521188735962,0.002444828860461712,0.08470963686704636,0.06987718492746353,0,0,0
V03,104960,512,0,2.380045351473923,350.3796081542969,0.9294874668121338,0.0490705706179142,0.0024079210124909878,0.07989533245563507,0.07713749259710312,0,0,0
V03,105472,512,0,2.391655328798186,350.626708984375,0.9290890693664551,0.046662792563438416,0.0021774163469672203,0.07931175827980042,0.06049922853708267,0,0,0
V03,105984,512,0,2.403265306122449,350.1440734863281,0.9326658844947815,0.045571789145469666,0.002076788106933236,0.08416748046875,0.07855292409658432,0,0,0
V03,106496,512,0,2.414875283446712,350.453369140625,0.9300534129142761,0.04685747250914574,0.0021956227719783783,0.08010926842689514,0.08366739004850388,0,0,0
V03,107008,512,0,2.426485260770975,350.5115051269531,0.923869252204895,0.04549422115087509,0.0020697242580354214,0.08345436304807663,0.10613823682069778,0,0,0
V03,107520,512,0,2.4380952380952383,350.61663818359375,0.9248764514923096,0.04333718493580818,0.0018781117396429181,0.07960914820432663,0.11312210559844971,0,0,0
V03,108032,512,0,2.449705215419501,350.16717529296875,0.9289687871932983,0.045332156121730804,0.0020550042390823364,0.07601461559534073,0.08214189112186432,0,0,0
V03,108544,512,0,2.461315192743764,350.4469909667969,0.9413434863090515,0.04632525518536568,0.0021460293792188168,0.06907103955745697,0.07594424486160278,0,0,0
V03,109056,512,0,2.4729251700680273,350.27728271484375,0.9423336386680603,0.042792148888111115,0.0018311680760234594,0.0701264888048172,0.06682763993740082,0,0,0
V03,109568,512,0,2.48453514739229,350.4230041503906,0.9392724633216858,0.04406092315912247,0.0019413650734350085,0.07384444028139114,0.07664302736520767,0,0,0
V03,110080,512,0,2.4961451247165534,350.3167419433594,0.9449024796485901,0.04131307825446129,0.0017067703884094954,0.0692458376288414,0.07504290342330933,0,0,0
V03,110592,512,0,2.507755102040816,350.2960205078125,0.9540627598762512,0.04142008721828461,0.0017156237736344337,0.07246959209442139,0.07643912732601166,0,0,0
V03,111104,512,0,2.5193650793650795,349.9053955078125,0.9654633402824402,0.040240343660116196,0.0016192852053791285,0.0626751109957695,0.08521000295877457,0,0,0
V03,111616,512,0,2.5309750566893423,350.1256103515625,0.9713861346244812,0.040514614433050156,0.0016414339188486338,0.06758937984704971,0.13232141733169556,0,0,0
V03,112128,512,0,2.5425850340136056,349.9641418457031,0.970601499080658,0.04007717967033386,0.0016061804490163922,0.06602602452039719,0.08900474011898041,0,0,0
V03,112640,512,0,2.5541950113378684,349.98602294921875,0.9687579274177551,0.04096033051609993,0.0016777486307546496,0.06520360708236694,0.08986306935548782,0,0,0
V03,113152,512,0,2.5658049886621317,349.82147216796875,0.9698214530944824,0.04193640500307083,0.0017586619360372424,0.06821218132972717,0.0787186324596405,0,0,0
V03,113664,512,0,2.5774149659863945,350.0292663574219,0.9763961434364319,0.03821953758597374,0.001460733124986291,0.0615655817091465,0.07295741140842438,0,0,0
V03,114176,512,0,2.589024943310658,349.7987365722656,0.977389931678772,0.038738686591386795,0.0015006859321147203,0.06207680329680443,0.08078595250844955,0,0,0
V03,114688,512,0,2.6006349206349206,349.7817077636719,0.9783952832221985,0.03868553787469864,0.00149657076690346,0.062190569937229156,0.07944455742835999,0,0,0
V03,115200,512,0,2.6122448979591835,350.0041809082031,0.9767552614212036,0.03850725665688515,0.001482808729633689,0.06860102713108063,0.08090675622224808,0,0,0
V03,115712,512,0,2.6238548752834467,350.0219421386719,0.9743478298187256,0.04056787118315697,0.0016457521123811603,0.0731644406914711,0.1059274896979332,0,0,0
V03,116224,512,0,2.6354648526077096,349.9623107910156,0.9687541723251343,0.036323655396699905,0.0013194079510867596,0.05876751244068146,0.0949920266866684,0,0,0
V03,116736,512,0,2.647074829931973,350.2757568359375,0.9611797332763672,0.035054124891757965,0.0012287917779758573,0.06168951839208603,0.12841324508190155,0,0,0
V03,117248,512,0,2.6586848072562357,350.3297119140625,0.9548284411430359,0.03601681813597679,0.0012972112745046616,0.062286376953125,0.09133383631706238,0,0,0
V03,117760,512,0,2.670294784580499,350.14593505859375,0.9491689801216125,0.033973578363657,0.0011542041320353746,0.06100401654839516,0.08810760080814362,0,0,0
V03,118272,512,0,2.681904761904762,350.2892150878906,0.9438642263412476,0.03198195621371269,0.0010228456230834126,0.05419475585222244,0.07413212954998016,0,0,0
V03,118784,512,0,2.693514739229025,350.71246337890625,0.9233750104904175,0.0305312592536211,0.000932157738134265,0.057199180126190186,0.11062706261873245,0,0,0
V03,119296,512,0,2.705124716553288,350.6755676269531,0.8951291441917419,0.02753792703151703,0.0007583373808301985,0.0495728999376297,0.10942255705595016,0,0,0
V03,119808,512,0,2.716734693877551,351.0333251953125,0.8597445487976074,0.02461615391075611,0.000605955021455884,0.04801899567246437,0.10173894464969635,0,0,0
V03,120320,512,0,2.728344671201814,174.4604949951172,0.9440112113952637,0.025139475241303444,0.0006319931708276272,0.050557661801576614,0.13977430760860443,0,0,0
V03,120832,512,0,2.7399546485260773,174.34890747070312,0.9285621643066406,0.019202686846256256,0.00036874317447654903,0.0349956676363945,0.1270696222782135,0,0,0
V03,121344,512,0,2.75156462585034,174.47618103027344,0.9231306910514832,0.016441667452454567,0.0002703284553717822,0.0335300974547863,0.1373388171195984,0,0,0
V03,121856,512,0,2.7631746031746034,174.31333923339844,0.9035161733627319,0.01661371812224388,0.0002760156348813325,0.030906418338418007,0.11423841118812561,0,0,0
V03,122368,512,0,2.7747845804988662,173.8297119140625,0.8753233551979065,0.018232405185699463,0.00033242060453630984,0.03322606533765793,0.1346396952867508,0,0,0
V03,122880,512,0,2.786394557823129,173.80740356445312,0.8626419305801392,0.012560798786580563,0.00015777366934344172,0.02909446321427822,0.13377507030963898,0,0,0
V03,123392,512,0,2.7980045351473923,0.0,0.0,0.012624536640942097,0.00015937892021611333,0.0264878049492836,0.09373990446329117,0,0,0
V03,123904,512,0,2.809614512471655,0.0,0.0,0.010265215300023556,0.00010537464549997821,0.019210193306207657,0.10698398947715759,0,0,0
V03,124416,512,0,2.8212244897959184,0.0,0.0,0.008774799294769764,0.00007699710840824991,0.01920572854578495,0.13042303919792175,0,0,0
V03,124928,512,0,2.8328344671201813,0.0,0.0,0.009433329105377197,0.00008898769010556862,0.019309012219309807,0.128261536359787,0,0,0
V03,125440,512,0,2.8444444444444446,0.0,0.0,0.004756988026201725,0.000022628935766988434,0.011726119555532932,0.11928046494722366,0,0,0
V03,125952,512,0,2.8560544217687074,0.0,0.0,0.005879444070160389,0.00003456785998423584,0.014741858467459679,0.1567261964082718,0,0,0
V03,126464,512,0,2.8676643990929707,0.0,0.0,0.007939640432596207,0.00006303788541117683,0.01965145207941532,0.12977997958660126,0,0,0
V03,126976,512,0,2.8792743764172335,0.0,0.0,0.006671410519629717,0.00004450771666597575,0.012507328763604164,0.11624428629875183,0,0,0
V03,127488,512,0,2.8908843537414968,0.0,0.0,0.007170917931944132,0.000051422062824713066,0.01648821122944355,0.15313835442066193,0,0,0
V03,128000,512,0,2.9024943310657596,0.0,0.0,0.003100111847743392,0.000009610693268768955,0.007580608129501343,0.18612943589687347,0,0,0
V03,128512,512,0,2.914104308390023,0.0,0.0,0.004500126466155052,0.000020251138266758062,0.010754539631307125,0.12166562676429749,0,0,0
V03,129024,512,0,2.9257142857142857,0.0,0.0,0.003962487448006868,0.000015701307347626425,0.010181971825659275,0.14039988815784454,0,0,0
V03,129536,512,0,2.9373242630385485,0.0,0.0,0.003599751740694046,0.000012958212209923659,0.00944612454622984,0.14028365910053253,0,0,0
V03,130048,512,0,2.948934240362812,0.0,0.0,0.0054968879558146,0.000030215776860131882,0.01396272610872984,0.14316202700138092,0,0,0
V03,130560,512,0,2.9605442176870747,0.0,0.0,0.0022854902781546116,0.00000522346545039909,0.006293160375207663,0.0,0,1,0
V03,131072,512,0,2.972154195011338,0.0,0.0,0.00404042424634099,0.000016325027900165878,0.009550133720040321,0.17692351341247559,0,0,0
V03,131584,512,0,2.9837641723356008,0.0,0.0,0.003310392377898097,0.000010958697203022894,0.007503587286919355,0.1520390659570694,0,0,0
V03,132096,512,0,2.995374149659864,0.0,0.0,0.004188952501863241,0.000017547323295730166,0.008483575657010078,0.15245260298252106,0,0,0
V03,132608,512,0,3.006984126984127,0.0,0.0,0.005016898270696402,0.000025169267246383242,0.009281080216169357,0.16971468925476074,0,0,0
V03,133120,512,0,3.01859410430839,0.0,0.0,0.006012615282088518,0.000036151541280560195,0.011670171283185482,0.19073693454265594,0,0,0
V03,133632,512,0,3.030204081632653,0.0,0.0,0.006131313741207123,0.00003759301034733653,0.01100957952439785,0.1722133904695511,0,0,0
V03,134144,512,0,3.0418140589569163,0.0,0.0,0.00514916842803359,0.000026513933335081674,0.010781736113131046,0.18317291140556335,0,0,0
V03,134656,512,0,3.053424036281179,0.0,0.0,0.007214081007987261,0.00005204296758165583,0.014007568359375,0.1703021079301834,0,0,0
V03,135168,512,0,3.0650340136054424,0.0,0.0,0.008031883276998997,0.00006451114313676953,0.015067275613546371,0.21094772219657898,0,0,0
V03,135680,512,0,3.076643990929705,0.0,0.0,0.007049502804875374,0.00004969549263478257,0.015682298690080643,0.17432214319705963,0,0,0
V03,136192,512,0,3.0882539682539685,0.0,0.0,0.005443798378109932,0.000029634938982781023,0.010234287939965725,0.14279532432556152,0,0,0
V03,136704,512,0,3.0998639455782313,0.0,0.0,0.00691493833437562,0.0000478163747175131,0.0153350830078125,0.20361436903476715,0,0,0
V03,137216,512,0,3.111473922902494,148.66107177734375,0.8790741562843323,0.0077043198980391026,0.000059356541896704584,0.012600542046129704,0.17322911322116852,0,0,0
V03,137728,512,0,3.1230839002267574,148.81103515625,0.8984353542327881,0.010177389718592167,0.00010357925202697515,0.01758217252790928,0.24164429306983948,0,0,0
V03,138240,512,0,3.1346938775510202,148.67196655273438,0.9011154770851135,0.007386855315417051,0.0000545656330359634,0.016146289184689522,0.14360107481479645,0,0,0
V03,138752,512,0,3.1463038548752835,149.2423553466797,0.9042986631393433,0.006950967945158482,0.00004831595651921816,0.01206243596971035,0.170383021235466,0,0,0
V03,139264,512,0,3.1579138321995464,150.1895751953125,0.9015695452690125,0.006132252048701048,0.00003760451727430336,0.01052275113761425,0.15034981071949005,0,0,0
V03,139776,512,0,3.1695238095238096,150.60389709472656,0.8957635164260864,0.008371535688638687,0.00007008261309238151,0.015500023029744625,0.17186936736106873,0,0,0
V03,140288,512,0,3.1811337868480725,148.92625427246094,0.8959328532218933,0.009011887945234776,0.00008121412975015119,0.015311727300286293,0.2296532690525055,0,0,0
V03,140800,512,0,3.1927437641723357,148.38209533691406,0.8608726859092712,0.006397826597094536,0.00004093218740308657,0.014703244902193546,0.22566618025302887,0,0,0
V03,141312,512,141312,3.2043537414965986,0.0,0.0,0.24281983077526093,0.058961473405361176,0.5059618353843689,0.9333046674728394,1,0,0
V03,141824,512,0,3.215963718820862,0.0,0.0,0.11904248595237732,0.014171114191412926,0.29531651735305786,0.22656524181365967,0,0,0
V03,142336,512,0,3.2275736961451247,0.0,0.0,0.11209642887115479,0.012565609999001026,0.2461293488740921,0.20779143273830414,0,0,0
V03,142848,512,0,3.239183673469388,0.0,0.0,0.11517816036939621,0.013266009278595448,0.2421271950006485,0.1742352992296219,0,0,0
V03,143360,512,0,3.250793650793651,0.0,0.0,0.14646589756011963,0.02145225927233696,0.33200904726982117,0.186744824051857,0,0,0
V03,143872,512,0,3.2624036281179136,0.0,0.0,0.1554260402917862,0.02415725402534008,0.33406543731689453,0.1479106992483139,0,0,0
V03,144384,512,0,3.274013605442177,0.0,0.0,0.1296958029270172,0.01682100258767605,0.2933095395565033,0.12882369756698608,0,0,0
V03,144896,512,0,3.2856235827664397,0.0,0.0,0.13737495243549347,0.01887187734246254,0.2843579053878784,0.12753508985042572,0,0,0
V03,145408,512,0,3.297233560090703,175.8624267578125,0.8622164726257324,0.15293030440807343,0.02338767983019352,0.3665030300617218,0.17299704253673553,0,0,0
V03,145920,512,0,3.308843537414966,351.8936462402344,0.8807198405265808,0.15726645290851593,0.024732736870646477,0.3746241331100464,0.14279744029045105,0,0,0
V03,146432,512,0,3.320453514739229,352.01544189453125,0.891954779624939,0.1494935154914856,0.02234831266105175,0.3282126188278198,0.1260608583688736,0,0,0
V03,146944,512,0,3.332063492063492,351.9255065917969,0.9267058968544006,0.13928061723709106,0.019399091601371765,0.2852305769920349,0.1281338930130005,0,0,0
V03,147456,512,0,3.3436734693877552,352.06927490234375,0.9538795351982117,0.13770954310894012,0.018963919952511787,0.2517612874507904,0.13315117359161377,0,0,0
V03,147968,512,0,3.355283446712018,351.939453125,0.9601947665214539,0.13810892403125763,0.019074076786637306,0.27633780241012573,0.0766114890575409,0,0,0
V03,148480,512,0,3.3668934240362813,351.903076171875,0.9634705185890198,0.14120112359523773,0.019937759265303612,0.28221628069877625,0.11063237488269806,0,0,0
V03,148992,512,0,3.378503401360544,351.8838806152344,0.964440107345581,0.13779860734939575,0.018988456577062607,0.2645328938961029,0.08884000778198242,0,0,0
V03,149504,512,0,3.3901133786848074,351.7884826660156,0.9692203998565674,0.1309390515089035,0.017145035788416862,0.24891890585422516,0.08113253116607666,0,0,0
V03,150016,512,0,3.4017233560090703,351.8377990722656,0.976569652557373,0.12994708120822906,0.01688624545931816,0.2253047376871109,0.07433286309242249,0,0,0
V03,150528,512,0,3.4133333333333336,351.79315185546875,0.9801745414733887,0.1254928708076477,0.015748461708426476,0.25242146849632263,0.04932677745819092,0,0,0
V03,151040,512,0,3.4249433106575964,351.7588195800781,0.9792358875274658,0.12758734822273254,0.016278529539704323,0.2491598278284073,0.06084577366709709,0,0,0
V03,151552,512,0,3.436553287981859,351.7774963378906,0.978169322013855,0.12352088838815689,0.015257409773766994,0.24783220887184143,0.058249615132808685,0,0,0
V03,152064,512,0,3.4481632653061225,351.69073486328125,0.9851863980293274,0.12502630054950714,0.015631575137376785,0.22747179865837097,0.08945982903242111,0,0,0
V03,152576,512,0,3.4597732426303853,351.64215087890625,0.9865304231643677,0.12261266261339188,0.015033865347504616,0.21800729632377625,0.04787307605147362,0,0,0
V03,153088,512,0,3.4713832199546486,351.54718017578125,0.9864349961280823,0.12133371829986572,0.014721870422363281,0.2213565558195114,0.06404447555541992,0,0,0
V03,153600,512,0,3.4829931972789114,351.5403747558594,0.9843983054161072,0.11989623308181763,0.014375107362866402,0.20601016283035278,0.06524355709552765,0,0,0
V03,154112,512,0,3.4946031746031747,351.4909973144531,0.9823390245437622,0.11636786162853241,0.013541478663682938,0.1940481960773468,0.06581078469753265,0,0,0
V03,154624,512,0,3.5062131519274375,351.42987060546875,0.9836724996566772,0.11762617528438568,0.013835917226970196,0.1952688992023468,0.06506170332431793,0,0,0
V03,155136,512,0,3.517823129251701,351.3326721191406,0.9847375750541687,0.11946849524974823,0.014272721484303474,0.20970258116722107,0.0507010780274868,0,0,0
V03,155648,512,0,3.5294331065759637,351.2904357910156,0.9867945313453674,0.11775904893875122,0.013867193832993507,0.21363145112991333,0.04598318785429001,0,0,0
V03,156160,512,0,3.541043083900227,351.2542724609375,0.9853841066360474,0.11165191233158112,0.01246615033596754,0.20567747950553894,0.06184203177690506,0,0,0
V03,156672,512,0,3.5526530612244898,351.25421142578125,0.9851784706115723,0.10771717131137848,0.011602988466620445,0.18133492767810822,0.08182186633348465,0,0,0
V03,157184,512,0,3.564263038548753,351.1970520019531,0.9863377809524536,0.10586527734994888,0.011207456700503826,0.1890389621257782,0.05803456902503967,0,0,0
V03,157696,512,0,3.575873015873016,351.20709228515625,0.9893738627433777,0.10430644452571869,0.010879835113883018,0.19598388671875,0.0755777508020401,0,0,0
V03,158208,512,0,3.5874829931972787,351.0357360839844,0.9890466332435608,0.1028546690940857,0.010579083114862442,0.18125468492507935,0.078138567507267,0,0,0
V03,158720,512,0,3.599092970521542,351.0877685546875,0.9879142045974731,0.10294080525636673,0.010596808977425098,0.1909230500459671,0.06817848235368729,0,0,0
V03,159232,512,0,3.610702947845805,351.02874755859375,0.9870962500572205,0.09912022203207016,0.009824818931519985,0.17848703265190125,0.05864347144961357,0,0,0
V03,159744,512,0,3.622312925170068,351.0876770019531,0.9875401258468628,0.0967167541384697,0.009354130364954472,0.16757015883922577,0.05140518769621849,0,0,0
V03,160256,512,0,3.633922902494331,351.062744140625,0.9888477921485901,0.09333716332912445,0.00871182605624199,0.17192326486110687,0.037008535116910934,0,0,0
V03,160768,512,0,3.645532879818594,351.04595947265625,0.9888726472854614,0.09010402858257294,0.008118736557662487,0.1668047159910202,0.07718194276094437,0,0,0
V03,161280,512,0,3.657142857142857,350.9400634765625,0.9878116846084595,0.09109621495008469,0.008298520930111408,0.1693449467420578,0.053885623812675476,0,0,0
V03,161792,512,0,3.6687528344671203,350.9167175292969,0.9877122044563293,0.08998418599367142,0.008097154088318348,0.1709602028131485,0.04731494188308716,0,0,0
V03,162304,512,0,3.680362811791383,350.9059753417969,0.990433394908905,0.08788767457008362,0.0077242436818778515,0.16640809178352356,0.075844407081604,0,0,0
V03,162816,512,0,3.6919727891156464,350.8468017578125,0.9914918541908264,0.08986340463161469,0.008075431920588017,0.16936196386814117,0.06169355288147926,0,0,0
V03,163328,512,0,3.7035827664399092,350.8310852050781,0.9928190112113953,0.08741075545549393,0.007640640716999769,0.15191619098186493,0.05931317061185837,0,0,0
V03,163840,512,0,3.7151927437641725,350.6324157714844,0.992369532585144,0.08750462532043457,0.007657059468328953,0.1466260701417923,0.05998104810714722,0,0,0
V03,164352,512,0,3.7268027210884354,350.69586181640625,0.9911746382713318,0.08199546486139297,0.006723256316035986,0.1533575803041458,0.062321484088897705,0,0,0
V03,164864,512,0,3.7384126984126986,350.588623046875,0.9903559684753418,0.0835692435503006,0.006983818486332893,0.15207801759243011,0.05575530603528023,0,0,0
V03,165376,512,0,3.7500226757369615,350.6127624511719,0.9898119568824768,0.07781915366649628,0.006055821198970079,0.14174917340278625,0.045284658670425415,0,0,0
V03,165888,512,0,3.7616326530612243,350.6207275390625,0.9889224171638489,0.07538652420043945,0.005683128256350756,0.14569859206676483,0.08157067745923996,0,0,0
V03,166400,512,0,3.7732426303854876,350.5957336425781,0.9857272505760193,0.07734692841768265,0.005982547532767057,0.14438976347446442,0.07438486814498901,0,0,0
V03,166912,512,0,3.7848526077097504,350.5436096191406,0.9830083250999451,0.0731843039393425,0.005355942063033581,0.1314399391412735,0.08346777409315109,0,0,0
V03,167424,512,0,3.7964625850340137,350.5257873535156,0.9805549383163452,0.07207481563091278,0.005194779019802809,0.12772415578365326,0.06307338178157806,0,0,0
V03,167936,512,0,3.8080725623582765,350.6086120605469,0.9788786768913269,0.0709131732583046,0.005028677638620138,0.13057485222816467,0.06828369200229645,0,0,0
V03,168448,512,0,3.81968253968254,350.5423583984375,0.9802716374397278,0.07282225042581558,0.005303080193698406,0.1294076144695282,0.07062531262636185,0,0,0
V03,168960,512,0,3.8312925170068026,350.4278259277344,0.9779391884803772,0.06960850208997726,0.004845343064516783,0.11333605647087097,0.055900365114212036,0,0,0
V03,169472,512,0,3.842902494331066,350.46746826171875,0.9746218323707581,0.06746629625558853,0.004551700782030821,0.11762876063585281,0.05581534281373024,0,0,0
V03,169984,512,0,3.8545124716553287,350.4234619140625,0.9741119742393494,0.06400105357170105,0.004096134565770626,0.1144053116440773,0.061537038534879684,0,0,0
V03,170496,512,0,3.866122448979592,350.4025573730469,0.9743819236755371,0.06458023190498352,0.004170606378465891,0.11412598192691803,0.09114208072423935,0,0,0
V03,171008,512,0,3.877732426303855,350.237060546875,0.9754778742790222,0.06278196722269058,0.003941575065255165,0.11007441580295563,0.06702568382024765,0,0,0
V03,171520,512,0,3.889342403628118,350.3509216308594,0.9748450517654419,0.06357158720493317,0.004041346255689859,0.1146247535943985,0.07306081056594849,0,0,0
V03,172032,512,0,3.900952380952381,350.2978515625,0.9724823236465454,0.0611109621822834,0.003734549740329385,0.1096176877617836,0.08345674723386765,0,0,0
V03,172544,512,0,3.912562358276644,350.2721252441406,0.9698523879051208,0.06258652359247208,0.0039170728996396065,0.10582613945007324,0.05348335951566696,0,0,0
V03,173056,512,0,3.924172335600907,350.2431335449219,0.9703352451324463,0.06103545427322388,0.0037253268528729677,0.10052230954170227,0.05866415053606033,0,0,0
V03,173568,512,0,3.93578231292517,350.1415710449219,0.9738309979438782,0.05949580669403076,0.0035397508181631565,0.09158200770616531,0.06206711754202843,0,0,0
V03,174080,512,0,3.947392290249433,350.1484069824219,0.9751368165016174,0.05534963682293892,0.0030635823495686054,0.09455134719610214,0.035922594368457794,0,0,0
V03,174592,512,0,3.959002267573696,350.12347412109375,0.9757749438285828,0.05741818994283676,0.003296848386526108,0.09502052515745163,0.05869394913315773,0,0,0
V03,175104,512,0,3.9706122448979593,350.1546325683594,0.9759724736213684,0.0544232539832592,0.0029618905391544104,0.09133163839578629,0.09505950659513474,0,0,0
V03,175616,512,0,3.982222222222222,349.91094970703125,0.9766326546669006,0.056649673730134964,0.003209185553714633,0.10031740367412567,0.07377185672521591,0,0,0
V03,176128,512,0,3.9938321995464854,349.95745849609375,0.981080949306488,0.05269993469119072,0.002777283312752843,0.09140419214963913,0.0768044963479042,0,0,0
V03,176640,512,0,4.005442176870749,350.0467224121094,0.9844406247138977,0.05398482829332352,0.0029143616557121277,0.09059309214353561,0.09460631012916565,0,0,0
V03,177152,512,0,4.017052154195011,349.9872131347656,0.9838777184486389,0.051870133727788925,0.0026905108243227005,0.08107337355613708,0.06136268749833107,0,0,0
V03,177664,512,0,4.028662131519274,349.9588317871094,0.9812458753585815,0.05212951824069023,0.002717486582696438,0.07927615940570831,0.07971734553575516,0,0,0
V03,178176,512,0,4.040272108843538,349.8650207519531,0.9794299006462097,0.04807208850979805,0.002310925628989935,0.07973672449588776,0.07304884493350983,0,0,0
V03,178688,512,0,4.051882086167801,349.925048828125,0.9802780151367188,0.046925801783800125,0.0022020309697836637,0.0727945938706398,0.061325669288635254,0,0,0
V03,179200,512,0,4.063492063492063,349.8811340332031,0.9802538156509399,0.04688110202550888,0.0021978376898914576,0.07716110348701477,0.07273305952548981,0,0,0
V03,179712,512,0,4.0751020408163265,349.9404296875,0.9814636707305908,0.04500816762447357,0.0020257350988686085,0.07302513718605042,0.08008766919374466,0,0,0
V03,180224,512,0,4.08671201814059,349.8351745605469,0.9806213974952698,0.04672250151634216,0.002182992175221443,0.07446330785751343,0.08762477338314056,0,0,0
V03,180736,512,0,4.098321995464852,349.7177429199219,0.9800395369529724,0.04483938589692116,0.0020105703733861446,0.07411567866802216,0.09061162173748016,0,0,0
V03,181248,512,0,4.1099319727891155,349.8132019042969,0.9783957004547119,0.04449354484677315,0.0019796753767877817,0.07505767047405243,0.08450911939144135,0,0,0
V03,181760,512,0,4.121541950113379,350.1706237792969,0.9737522602081299,0.04371996223926544,0.001911435043439269,0.06903564184904099,0.07302145659923553,0,0,0
V03,182272,512,0,4.133151927437642,350.0242004394531,0.9705418944358826,0.04386402666568756,0.0019240527180954814,0.0716516375541687,0.0805601179599762,0,0,0
V03,182784,512,0,4.144761904761904,349.9935302734375,0.9644926190376282,0.0422552153468132,0.0017855033511295915,0.06818322092294693,0.0728883370757103,0,0,0
V03,183296,512,0,4.156371882086168,350.23480224609375,0.9569011926651001,0.04190903156995773,0.001756367040798068,0.07345176488161087,0.07222873717546463,0,0,0
V03,183808,512,0,4.167981859410431,350.40521240234375,0.9467862844467163,0.04387371614575386,0.0019249028991907835,0.074692502617836,0.10684984922409058,0,0,0
V03,184320,512,0,4.179591836734694,350.3750915527344,0.9333289861679077,0.042934127151966095,0.0018433394143357873,0.0820283442735672,0.071260005235672,0,0,0
V03,184832,512,0,4.191201814058957,350.632568359375,0.9274479746818542,0.04087559133768082,0.001670813886448741,0.06932742893695831,0.09059034287929535,0,0,0
V03,185344,512,0,4.20281179138322,350.42059326171875,0.9260627627372742,0.041942354291677475,0.0017591611249372363,0.0718906968832016,0.0798490047454834,0,0,0
V03,185856,512,0,4.214421768707483,350.5314636230469,0.9280762672424316,0.04046066850423813,0.0016370657831430435,0.0676814466714859,0.11138559132814407,0,0,0
V03,186368,512,0,4.2260317460317465,350.4052734375,0.9271513223648071,0.04061000794172287,0.001649172860197723,0.06673312187194824,0.07813531160354614,0,0,0
V03,186880,512,0,4.237641723356009,350.63934326171875,0.9189825057983398,0.04334276169538498,0.0018785948632284999,0.07290815562009811,0.0914205014705658,0,0,0
V03,187392,512,0,4.249251700680272,350.2425842285156,0.9172196388244629,0.04127899929881096,0.0017039558151736856,0.07376918941736221,0.0860043317079544,0,0,0
V03,187904,512,0,4.260861678004535,350.5015869140625,0.9206380248069763,0.04051194339990616,0.0016412176191806793,0.07264553755521774,0.07795198261737823,0,0,0
V03,188416,512,0,4.272471655328798,350.441650390625,0.9283787608146667,0.038920965045690536,0.0015148414531722665,0.069976806640625,0.08690574765205383,0,0,0
V03,188928,512,0,4.284081632653061,350.3377380371094,0.9308888912200928,0.03898623585700989,0.0015199265908449888,0.07219836115837097,0.0796549841761589,0,0,0
V03,189440,512,0,4.295691609977324,350.3591003417969,0.9265685677528381,0.03740397468209267,0.0013990573352202773,0.06148887053132057,0.09152291715145111,0,0,0
V03,189952,512,0,4.307301587301588,350.1494445800781,0.9280586242675781,0.03943651542067528,0.0015552386175841093,0.06354839354753494,0.08639110624790192,0,0,0
V03,190464,512,0,4.31891156462585,350.68695068359375,0.9312645196914673,0.03531704470515251,0.0012472935486584902,0.056660037487745285,0.10563842952251434,0,0,0
V03,190976,512,0,4.330521541950113,350.2525329589844,0.94341641664505,0.0365474671125412,0.0013357173884287477,0.0601552315056324,0.09075906872749329,0,0,0
V03,191488,512,0,4.342131519274377,350.16375732421875,0.955181896686554,0.03650282323360443,0.001332456129603088,0.0651753768324852,0.08143309503793716,0,0,0
V03,192000,512,0,4.35374149659864,350.1945495605469,0.9474546313285828,0.03424321487545967,0.0011725977528840303,0.06315114349126816,0.07541090995073318,0,0,0
V03,192512,512,0,4.365351473922902,350.2884826660156,0.9507030844688416,0.035199448466300964,0.0012390012852847576,0.05778970569372177,0.08736269176006317,0,0,0
V03,193024,512,0,4.3769614512471655,350.16473388671875,0.9546706080436707,0.03515682741999626,0.0012360024265944958,0.0582631416618824,0.08806893229484558,0,0,0
V03,193536,512,0,4.388571428571429,350.2346496582031,0.9623716473579407,0.03553174063563347,0.0012625044910237193,0.05920347943902016,0.09173313528299332,0,0,0
V03,194048,512,0,4.400181405895691,349.9063720703125,0.9676350951194763,0.033211641013622284,0.001103013171814382,0.05430758744478226,0.10557779669761658,0,0,0
V03,194560,512,0,4.4117913832199545,349.9106140136719,0.9634073376655579,0.03348422050476074,0.0011211930541321635,0.05706776678562164,0.1315276026725769,0,0,0
V03,195072,512,0,4.423401360544218,349.9547424316406,0.9622637629508972,0.03414680436253548,0.0011660043383017182,0.0587303526699543,0.11637771874666214,0,0,0
V03,195584,512,0,4.435011337868481,350.22674560546875,0.9633410573005676,0.034384481608867645,0.001182292471639812,0.058769591152668,0.1141013652086258,0,0,0
V03,196096,512,0,4.446621315192743,349.9116516113281,0.9692565202713013,0.03201522305607796,0.00102497439365834,0.054631445556879044,0.077608123421669,0,0,0
V03,196608,512,0,4.458231292517007,349.88946533203125,0.9696334004402161,0.0317513681948185,0.0010081494692713022,0.05173975229263306,0.08217043429613113,0,0,0
V03,197120,512,0,4.46984126984127,349.6970520019531,0.958355188369751,0.03291912004351616,0.0010836685542017221,0.057261254638433456,0.11358002573251724,0,0,0
V03,197632,512,0,4.481451247165533,350.338623046875,0.9500712156295776,0.03171010687947273,0.0010055308230221272,0.05724412575364113,0.09308172017335892,0,0,0
V03,198144,512,0,4.493061224489796,350.1802978515625,0.9445464611053467,0.029755834490060806,0.0008854097104631364,0.05159463733434677,0.07962524145841599,0,0,0
V03,198656,512,0,4.504671201814059,350.4032287597656,0.9400364756584167,0.028320815414190292,0.0008020685636438429,0.049191948026418686,0.10941733419895172,0,0,0
V03,199168,512,0,4.516281179138322,350.3357849121094,0.9347940683364868,0.030307671055197716,0.0009185548988170922,0.0500640869140625,0.09239984303712845,0,0,0
V03,199680,512,0,4.527891156462585,350.3439636230469,0.9168367385864258,0.031338732689619064,0.000982116092927754,0.05443567782640457,0.1274258941411972,0,0,0
V03,200192,512,0,4.539501133786848,350.8592224121094,0.8963332772254944,0.030558431521058083,0.0009338177624158561,0.0638333261013031,0.10348914563655853,0,0,0
V03,200704,512,0,4.551111111111111,351.6169738769531,0.8673518896102905,0.031486768275499344,0.0009914165129885077,0.06273271888494492,0.12777464091777802,0,0,0
V03,201216,512,0,4.562721088435374,174.37901306152344,0.9504688382148743,0.03140021860599518,0.0009859736310318112,0.05898642912507057,0.11127997189760208,0,0,0
V03,201728,512,0,4.574331065759637,174.42642211914062,0.9432152509689331,0.02801455371081829,0.0007848152308724821,0.0553915835916996,0.11122402548789978,0,0,0
V03,202240,512,0,4.5859410430839,174.4068145751953,0.9420661926269531,0.024097856134176254,0.0005807066918350756,0.0396968312561512,0.07624904066324234,0,0,0
V03,202752,512,0,4.597551020408163,174.3444366455078,0.9336448907852173,0.025186846032738686,0.0006343771819956601,0.05169636383652687,0.17480306327342987,0,0,0
V03,203264,512,0,4.609160997732427,174.36123657226562,0.8936049938201904,0.029196742922067642,0.0008524497970938683,0.0647953599691391,0.18544122576713562,0,0,0
V03,203776,512,0,4.620770975056689,173.8402862548828,0.8708176016807556,0.026230892166495323,0.0006880596629343927,0.05981528386473656,0.1611674278974533,0,0,0
V03,204288,512,0,4.632380952380952,0.0,0.0,0.022601492702960968,0.0005108274635858834,0.06351859867572784,0.1812012642621994,0,0,0
V03,204800,512,0,4.6439909297052155,0.0,0.0,0.021633431315422058,0.00046800533891655505,0.04501529783010483,0.15003375709056854,0,0,0
V03,205312,512,0,4.655600907029479,0.0,0.0,0.020060669630765915,0.00040243047988042235,0.04243946820497513,0.127048522233963,0,0,0
V03,205824,512,0,4.667210884353741,0.0,0.0,0.014903616160154343,0.00022211778559722006,0.034411996603012085,0.11675411462783813,0,0,0
V03,206336,512,0,4.6788208616780045,0.0,0.0,0.010923800058662891,0.0001193294083350338,0.0210389643907547,0.10779993236064911,0,0,0
V03,206848,512,0,4.690430839002268,0.0,0.0,0.010801093652844429,0.00011666362115647644,0.023769456893205643,0.1428096890449524,0,0,0
V03,207360,512,0,4.702040816326531,0.0,0.0,0.016140148043632507,0.00026050437008962035,0.02860151045024395,0.11457314342260361,0,0,0
V03,207872,512,0,4.713650793650793,0.0,0.0,0.010824080556631088,0.00011716072185663506,0.023272143676877022,0.10810260474681854,0,0,0
V03,208384,512,0,4.725260770975057,0.0,0.0,0.013258613646030426,0.00017579083214513958,0.025463078171014786,0.19131605327129364,0,0,0
V03,208896,512,0,4.73687074829932,0.0,0.0,0.00774476770311594,0.000059981430240441114,0.014302156865596771,0.12148819118738174,0,0,0
V03,209408,512,0,4.748480725623582,0.0,0.0,0.007997119799256325,0.00006395392119884491,0.01794329844415188,0.19006316363811493,0,0,0
V03,209920,512,0,4.760090702947846,0.0,0.0,0.006426009815186262,0.0000412936024076771,0.01387875061482191,0.09426973015069962,0,0,0
V03,210432,512,0,4.771700680272109,0.0,0.0,0.006118766497820616,0.000037439305742736906,0.012089943513274193,0.11923576891422272,0,0,0
V03,210944,512,0,4.783310657596372,0.0,0.0,0.00898623839020729,0.00008075247751548886,0.01773974299430847,0.16895318031311035,0,0,0
V03,211456,512,0,4.794920634920635,0.0,0.0,0.004154454451054335,0.00001725949186948128,0.009305058978497982,0.18616777658462524,0,0,0
V03,211968,512,0,4.806530612244898,0.0,0.0,0.004990851506590843,0.000024908596969908103,0.01206004898995161,0.14858649671077728,0,0,0
V03,212480,512,0,4.818140589569161,0.0,0.0,0.008124234154820442,0.00006600318010896444,0.0152442567050457,0.14164620637893677,0,0,0
V03,212992,512,0,4.829750566893424,0.0,0.0,0.006616820115596056,0.00004378230732982047,0.011737641878426075,0.15106789767742157,0,0,0
V03,213504,512,0,4.841360544217687,0.0,0.0,0.007133652456104755,0.00005088899706606753,0.012664794921875,0.11772221326828003,0,0,0
V03,214016,512,0,4.85297052154195,0.0,0.0,0.007678167428821325,0.00005895425420021638,0.015923013910651207,0.20651216804981232,0,0,0
V03,214528,512,0,4.864580498866213,0.0,0.0,0.007147590629756451,0.00005108805271447636,0.012669154442846775,0.16101375222206116,0,0,0
V03,215040,512,0,4.876190476190477,0.0,0.0,0.007505518384277821,0.00005633280306938104,0.012351315468549728,0.13939020037651062,0,0,0
V03,215552,512,0,4.887800453514739,0.0,0.0,0.006996849551796913,0.000048955902457237244,0.012619329616427422,0.15948298573493958,0,0,0
V03,216064,512,0,4.899410430839002,0.0,0.0,0.008352723903954029,0.0000697679934091866,0.015198999084532261,0.1590101718902588,0,0,0
V03,216576,512,0,4.911020408163266,0.0,0.0,0.0057313707657158375,0.000032848613045644015,0.010344213806092739,0.16582168638706207,0,0,0
V03,217088,512,0,4.922630385487528,0.0,0.0,0.00621609203517437,0.0000386398023692891,0.013265077956020832,0.13581927120685577,0,0,0
V03,217600,512,0,4.934240362811791,0.0,0.0,0.010485445149242878,0.00010994456533808261,0.0190713070333004,0.23261477053165436,0,0,0
V03,218112,512,0,4.9458503401360545,150.2018280029297,0.8673145771026611,0.01035484578460455,0.00010722283332142979,0.017409032210707664,0.18034674227237701,0,0,0
V03,218624,512,0,4.957460317460318,148.0345001220703,0.8976371884346008,0.011647189036011696,0.0001356570137431845,0.018588630482554436,0.19659726321697235,0,0,0
V03,219136,512,0,4.96907029478458,148.05874633789062,0.9020988345146179,0.008579500950872898,0.00007360783638432622,0.01336669921875,0.17119818925857544,0,0,0
V03,219648,512,0,4.9806802721088435,148.48255920410156,0.8813918232917786,0.005272082518786192,0.00002779485294013284,0.010737827979028225,0.16230663657188416,0,0,0
V03,220160,512,0,4.992290249433107,148.33309936523438,0.8742639422416687,0.0061590662226080894,0.00003793409632635303,0.010528564453125,0.13180950284004211,0,0,0
V03,220672,512,0,5.00390022675737,148.55145263671875,0.8741825819015503,0.0048115006648004055,0.000023150538254412822,0.008188779465854168,0.14005622267723083,0,0,0
V03,221184,512,0,5.015510204081632,147.79205322265625,0.8822938203811646,0.0060806297697126865,0.000036974059185013175,0.01079668290913105,0.17002245783805847,0,0,0
V03,221696,512,0,5.027120181405896,147.92555236816406,0.8528223633766174,0.0068943556398153305,0.000047532139433315024,0.011111512780189514,0.2132212370634079,0,0,0
V03,222208,512,0,5.038730158730159,0.0,0.0,0.005332732107490301,0.000028438031222322024,0.011625017039477825,0.1377640813589096,0,0,0
V03,222720,512,0,5.050340136054421,0.0,0.0,0.006207162979990244,0.00003852887311950326,0.010128513909876347,0.17275330424308777,0,0,0
V03,223232,512,0,5.061950113378685,0.0,0.0,0.0044998000375926495,0.000020248198779881932,0.0097503662109375,0.16848820447921753,0,0,0
V03,223744,512,0,5.073560090702948,0.0,0.0,0.0039854757487773895,0.000015884017557254992,0.0102691650390625,0.1549319177865982,0,0,0
V03,224256,512,0,5.085170068027211,0.0,0.0,0.0036423448473215103,0.000013266676432976965,0.008188571780920029,0.1401415467262268,0,0,0
V03,224768,512,0,5.0967800453514736,0.0,0.0,0.0033053176011890173,0.000010925124115601648,0.008776294998824596,0.17796143889427185,0,0,0
V03,225280,512,0,5.108390022675737,0.0,0.0,0.008148111402988434,0.00006639171624556184,0.01625787653028965,0.24144621193408966,0,0,0
V03,225792,512,0,5.12,0.0,0.0,0.005118998233228922,0.000026204144887742586,0.0117034912109375,0.14295780658721924,0,0,0
V03,226304,512,0,5.131609977324263,0.0,0.0,0.006115036550909281,0.00003739367093658075,0.010446353815495968,0.1601867526769638,0,0,0
V03,226816,512,0,5.143219954648526,0.0,0.0,0.0031476139556616545,0.000009907474122883286,0.007687730714678764,0.13540078699588776,0,0,0
V03,227328,512,0,5.154829931972789,0.0,0.0,0.005728317890316248,0.000032813626603456214,0.011810199357569218,0.16831932961940765,0,0,0
V03,227840,512,0,5.166439909297052,0.0,0.0,0.005876138340681791,0.00003452900273259729,0.011616402305662632,0.17498312890529633,0,0,0
V03,228352,512,0,5.178049886621316,0.0,0.0,0.005219266749918461,0.000027240746931056492,0.01125351246446371,0.17557156085968018,0,0,0
V03,228864,512,0,5.189659863945578,0.0,0.0,0.010164162144064903,0.00010331018711440265,0.016879852861166,0.23802097141742706,0,0,0
V03,229376,512,0,5.201269841269841,0.0,0.0,0.005055662244558334,0.000025559722416801378,0.01471040677279234,0.1446533352136612,0,0,0
V03,229888,512,0,5.2128798185941045,0.0,0.0,0.006340810563415289,0.00004020587948616594,0.012114647775888443,0.16242370009422302,0,0,0
V03,230400,512,0,5.224489795918367,0.0,0.0,0.006842746399343014,0.000046823177399346605,0.011792552657425404,0.1506456583738327,0,0,0
V03,230912,512,0,5.23609977324263,0.0,0.0,0.005740535911172628,0.00003295375427114777,0.0142059326171875,0.13409572839736938,0,0,0
V03,231424,512,0,5.2477097505668935,0.0,0.0,0.008463406935334206,0.00007162926340242848,0.015606834553182125,0.16972213983535767,0,0,0
V03,231936,512,0,5.259319727891157,0.0,0.0,0.0069024949334561825,0.00004764443656313233,0.016260886564850807,0.16409488022327423,0,0,0
V03,232448,512,0,5.270929705215419,0.0,0.0,0.007377707865089178,0.00005443057671072893,0.014567472040653229,0.1727496087551117,0,0,0
V03,232960,512,0,5.282539682539682,0.0,0.0,0.007293898146599531,0.000053200947149889544,0.01390802301466465,0.1978333741426468,0,0,0
V03,233472,512,0,5.294149659863946,0.0,0.0,0.009583746083080769,0.00009184818190988153,0.01623504050076008,0.1902817189693451,0,0,0
V03,233984,512,0,5.305759637188209,148.93133544921875,0.8543687462806702,0.013054310344159603,0.0001704150199657306,0.023467497900128365,0.21673940122127533,0,0,0
V03,234496,512,0,5.317369614512471,147.73268127441406,0.8729727268218994,0.011762055568397045,0.00013834596029482782,0.01872077025473118,0.1713143140077591,0,0,0
V03,235008,512,0,5.328979591836735,148.1416015625,0.8833075165748596,0.010771870613098145,0.00011603320308495313,0.02046826481819153,0.15329377353191376,0,0,0
V03,235520,512,0,5.340589569160998,149.08633422851562,0.8884627819061279,0.00701496098190546,0.00004920968058286235,0.013157747685909271,0.14961183071136475,0,0,0
V03,236032,512,0,5.352199546485261,149.39840698242188,0.8894104361534119,0.008552078157663345,0.00007313804235309362,0.0148606076836586,0.13968448340892792,0,0,0
V03,236544,512,0,5.363809523809524,148.0671844482422,0.878995418548584,0.010279391892254353,0.00010566590208327398,0.02106034755706787,0.14806818962097168,0,0,0
V03,237056,512,0,5.375419501133787,148.4813690185547,0.8615933656692505,0.009062754921615124,0.0000821335197542794,0.015395079739391804,0.16224050521850586,0,0,0
V03,237568,512,0,5.38702947845805,148.22723388671875,0.8568112254142761,0.009107875637710094,0.00008295339648611844,0.019788159057497978,0.188737154006958,0,0,0
V03,238080,512,0,5.3986394557823125,0.0,0.0,0.007001024205237627,0.000049014342948794365,0.01137599814683199,0.14288847148418427,0,0,0
V03,238592,512,0,5.410249433106576,0.0,0.0,0.0062057157047092915,0.00003851090878015384,0.0120697021484375,0.2048124372959137,0,0,0
V03,239104,512,0,5.421859410430839,0.0,0.0,0.009651773609220982,0.00009315672650700435,0.019700758159160614,0.15309356153011322,0,0,0
V03,239616,512,0,5.433469387755102,0.0,0.0,0.0090791629627347,0.00008243120100814849,0.016369150951504707,0.18479669094085693,0,0,0
V03,240128,512,0,5.445079365079365,0.0,0.0,0.006333733443170786,0.00004011617784271948,0.011464644223451614,0.11858558654785156,0,0,0
V03,240640,512,0,5.456689342403628,0.0,0.0,0.0036474927328526974,0.00001330420400336152,0.009140325710177422,0.1326238065958023,0,0,0
V03,241152,512,0,5.468299319727891,0.0,0.0,0.005516666918992996,0.000030433613574132323,0.011749267578125,0.1633286476135254,0,0,0
V03,241664,512,0,5.479909297052155,0.0,0.0,0.005386239383369684,0.00002901157313317526,0.011030755005776882,0.13783703744411469,0,0,0
V03,242176,512,0,5.491519274376417,0.0,0.0,0.006610189098864794,0.0000436946029367391,0.016465479508042336,0.18809710443019867,0,0,0
V03,242688,512,0,5.50312925170068,0.0,0.0,0.008186865597963333,0.0000670247754896991,0.01722831465303898,0.15948353707790375,0,0,0
V03,243200,512,0,5.5147392290249435,0.0,0.0,0.00621853768825531,0.00003867020859615877,0.01333524752408266,0.11426275968551636,0,0,0
V03,243712,512,0,5.526349206349207,0.0,0.0,0.0060738795436918736,0.00003689201548695564,0.011832723394036293,0.1810218244791031,0,0,0
V03,244224,512,0,5.537959183673469,0.0,0.0,0.0034637392964214087,0.00001199749021907337,0.007811462040990591,0.12755854427814484,0,0,0
V03,244736,512,0,5.5495691609977325,0.0,0.0,0.007110869977623224,0.00005056447480455972,0.013317497447133064,0.16336849331855774,0,0,0
V03,245248,512,0,5.561179138321996,0.0,0.0,0.008573638275265694,0.00007350726809818298,0.01978628896176815,0.18035632371902466,0,0,0
V03,245760,512,0,5.572789115646258,0.0,0.0,0.008761690929532051,0.00007676722452742979,0.016452711075544357,0.1782917082309723,0,0,0
V03,246272,512,0,5.584399092970521,0.0,0.0,0.010454198345541954,0.00010929026029771194,0.01700410433113575,0.19625835120677948,0,0,0
V03,246784,512,0,5.596009070294785,0.0,0.0,0.009995788335800171,0.00009991579281631857,0.01897933892905712,0.16071711480617523,0,0,0
V03,247296,512,0,5.607619047619048,0.0,0.0,0.009152800776064396,0.00008377376070711762,0.01641222834587097,0.15109257400035858,0,0,0
V03,247808,512,0,5.61922902494331,0.0,0.0,0.01031139399856329,0.00010632484190864488,0.019908152520656586,0.15682213008403778,0,0,0
V03,248320,512,0,5.630839002267574,0.0,0.0,0.006971322000026703,0.000048599333240417764,0.015661433339118958,0.168248251080513,0,0,0
V03,248832,512,0,5.642448979591837,0.0,0.0,0.008241351693868637,0.00006791987834731117,0.01774015836417675,0.18189261853694916,0,0,0
V03,249344,512,0,5.6540589569161,0.0,0.0,0.010822086594998837,0.00011711755360011011,0.018510987982153893,0.1598651111125946,0,0,0
V03,249856,512,0,5.6656689342403626,0.0,0.0,0.01117811631411314,0.00012495028204284608,0.019635984674096107,0.18929362297058105,0,0,0
V03,250368,512,0,5.677278911564626,149.01553344726562,0.8614217638969421,0.013184165582060814,0.00017382221994921565,0.023544207215309143,0.14538165926933289,0,0,0
V03,250880,512,0,5.688888888888889,149.16871643066406,0.8678115010261536,0.008759867399930954,0.00007673528307350352,0.0164366215467453,0.16027812659740448,0,0,0
V03,251392,512,0,5.7004988662131515,148.82684326171875,0.888283908367157,0.009623621590435505,0.00009261408558813855,0.019451219588518143,0.18170253932476044,0,0,0
V03,251904,512,0,5.712108843537415,148.56036376953125,0.9141629338264465,0.01122219953685999,0.00012593776045832783,0.018179133534431458,0.12337903678417206,0,0,0
V03,252416,512,0,5.723718820861678,148.31263732910156,0.9300054907798767,0.008550439029932022,0.00007311000808840618,0.01573804020881653,0.15725746750831604,0,0,0
V03,252928,512,0,5.735328798185941,147.79580688476562,0.9275748133659363,0.009734203107655048,0.00009475470869801939,0.01669342629611492,0.1655220091342926,0,0,0
V03,253440,512,0,5.746938775510204,148.45101928710938,0.9115185737609863,0.00516738835722208,0.00002670190042408649,0.011554017663002014,0.1677953451871872,0,0,0
V03,253952,512,0,5.758548752834467,149.5305633544922,0.9017468690872192,0.00693667633458972,0.00004811747567146085,0.011701622977852821,0.15559549629688263,0,0,0
V03,254464,512,0,5.77015873015873,149.03456115722656,0.8956582546234131,0.008024100214242935,0.00006438618584070355,0.01502118818461895,0.14330630004405975,0,0,0
V03,254976,512,0,5.7817687074829935,149.25527954101562,0.8935481905937195,0.009573102928698063,0.00009164429502561688,0.01573503017425537,0.1829311102628708,0,0,0
V03,255488,512,0,5.793378684807256,145.92645263671875,0.8545392751693726,0.011950383894145489,0.00014281166659202427,0.023824574425816536,0.23703615367412567,0,0,0
V03,256000,512,0,5.804988662131519,0.0,0.0,0.003685838310047984,0.000013585403394245077,0.010611501522362232,0.16752654314041138,0,0,0
V03,256512,512,0,5.8165986394557825,0.0,0.0,0.0034850304946303368,0.00001214543681271607,0.007537841796875,0.16042467951774597,0,0,0
V03,257024,512,0,5.828208616780046,0.0,0.0,0.008391756564378738,0.00007042158540571108,0.01483735628426075,0.14635154604911804,0,0,0
V03,257536,512,0,5.839818594104308,0.0,0.0,0.00556773180142045,0.00003099963942077011,0.011051204055547714,0.15353097021579742,0,0,0
V03,258048,512,0,5.851428571428571,0.0,0.0,0.006109053269028664,0.00003732052937266417,0.012760396115481853,0.1435472071170807,0,0,0
V03,258560,512,0,5.863038548752835,0.0,0.0,0.008008724078536034,0.00006413965456886217,0.01435198076069355,0.18164250254631042,0,0,0
V03,259072,512,0,5.874648526077097,0.0,0.0,0.005699273198843002,0.0000324817156069912,0.013447456993162632,0.1550121009349823,0,0,0
V03,259584,512,0,5.88625850340136,0.0,0.0,0.005432048346847296,0.00002950715133920312,0.01066423300653696,0.11385354399681091,0,0,0
V03,260096,512,0,5.897868480725624,0.0,0.0,0.004116125870496035,0.000016942492948146537,0.008160026744008064,0.15199881792068481,0,0,0
V03,260608,512,0,5.909478458049887,0.0,0.0,0.00565700838342309,0.000032001742511056364,0.011098225601017475,0.16556674242019653,0,0,0
V03,261120,512,0,5.921088435374149,0.0,0.0,0.004573143552988768,0.000020913641492370516,0.01149568147957325,0.17131708562374115,0,0,0
V03,261632,512,0,5.932698412698413,0.0,0.0,0.006094845477491617,0.00003714714330271818,0.010623231530189514,0.15864428877830505,0,0,0
V03,262144,512,0,5.944308390022676,0.0,0.0,0.008614662103354931,0.00007421240297844633,0.01775687001645565,0.15792185068130493,0,0,0
V03,262656,512,0,5.955918367346939,0.0,0.0,0.008683428168296814,0.00007540192018495873,0.01500883512198925,0.2072281837463379,0,0,0
V03,263168,512,0,5.9675283446712015,0.0,0.0,0.009712235070765018,0.00009432750812266022,0.01865713857114315,0.15213550627231598,0,0,0
V03,263680,512,0,5.979138321995465,0.0,0.0,0.006542184390127659,0.00004280017674318515,0.013458251953125,0.16383832693099976,0,0,0
V03,264192,512,0,5.990748299319728,0.0,0.0,0.008089364506304264,0.00006543782365042716,0.015338716097176075,0.14856484532356262,0,0,0
V03,264704,512,0,6.002358276643991,0.0,0.0,0.010317454114556313,0.00010644985741237178,0.02077665738761425,0.19657453894615173,0,0,0
V03,265216,512,0,6.013968253968254,0.0,0.0,0.010937289334833622,0.00011962428834522143,0.0198349729180336,0.1603197157382965,0,0,0
V03,265728,512,0,6.025578231292517,0.0,0.0,0.011041521094739437,0.00012191518908366561,0.018110105767846107,0.18603509664535522,0,0,0
V03,266240,512,0,6.03718820861678,0.0,0.0,0.009029964916408062,0.00008154027455020696,0.01752798818051815,0.1493678092956543,0,0,0
V03,266752,512,0,6.048798185941043,0.0,0.0,0.007785385008901358,0.00006061222302378155,0.0160028375685215,0.18697291612625122,0,0,0
V03,267264,512,0,6.060408163265306,0.0,0.0,0.0113678565248847,0.00012922816677019,0.022391805425286293,0.16250395774841309,0,0,0
V03,267776,512,0,6.072018140589569,148.91082763671875,0.8644354939460754,0.010593080893158913,0.00011221336899325252,0.016877466812729836,0.15079355239868164,0,0,0
V03,268288,512,0,6.0836281179138325,147.16944885253906,0.8706368803977966,0.013981491327285767,0.00019548210548236966,0.024192238226532936,0.19990718364715576,0,0,0
V03,268800,512,0,6.095238095238095,147.88735961914062,0.861396312713623,0.008800276555120945,0.00007744486356386915,0.017015106976032257,0.15770117938518524,0,0,0
V03,269312,512,0,6.106848072562358,0.0,0.0,0.00605916790664196,0.00003671351441880688,0.012451171875,0.1424780786037445,0,0,0
V03,269824,512,0,6.1184580498866215,0.0,0.0,0.005040081683546305,0.000025402421670150943,0.01186573226004839,0.1674601137638092,0,0,0
V03,270336,512,0,6.130068027210885,0.0,0.0,0.007537034805864096,0.000056806893553584814,0.01656917668879032,0.17641796171665192,0,0,0
V03,270848,512,0,6.141678004535147,0.0,0.0,0.009416898712515831,0.00008867798169376329,0.017306892201304436,0.17743606865406036,0,0,0
V03,271360,512,0,6.15328798185941,0.0,0.0,0.007549000903964043,0.00005698741369997151,0.015430684201419353,0.15469525754451752,0,0,0
V03,271872,512,0,6.164897959183674,0.0,0.0,0.007917867042124271,0.00006269261939451098,0.0135207399725914,0.15665891766548157,0,0,0
V03,272384,512,0,6.176507936507937,0.0,0.0,0.0033423786517232656,0.000011171494406880811,0.0072824908420443535,0.14998981356620789,0,0,0
V03,272896,512,0,6.188117913832199,0.0,0.0,0.006978425197303295,0.000048698417231207713,0.015658320859074593,0.1540270894765854,0,0,0
V03,273408,512,0,6.199727891156463,0.0,0.0,0.006487642414867878,0.000042089504859177396,0.0114905945956707,0.12384888529777527,0,0,0
V03,273920,512,0,6.211337868480726,0.0,0.0,0.005941092502325773,0.00003529657988110557,0.012435082346200943,0.1487179696559906,0,0,0
V03,274432,512,0,6.222947845804988,0.0,0.0,0.006260117050260305,0.00003918906440958381,0.013332445174455643,0.18551601469516754,0,0,0
V03,274944,512,0,6.2345578231292516,0.0,0.0,0.004829724319279194,0.00002332623625989072,0.0102836973965168,0.1408567577600479,0,0,0
V03,275456,512,0,6.246167800453515,0.0,0.0,0.0072636292316019535,0.00005276031151879579,0.011887841857969761,0.17495012283325195,0,0,0
V03,275968,512,0,6.257777777777778,0.0,0.0,0.0040134526789188385,0.000016107804185594432,0.00896272249519825,0.1467800885438919,0,0,0
V03,276480,512,0,6.2693877551020405,0.0,0.0,0.005275121424347162,0.000027826907171402127,0.013143734075129032,0.14858977496623993,0,0,0
V03,276992,512,0,6.280997732426304,0.0,0.0,0.007129963953047991,0.00005083638461655937,0.017301183193922043,0.16575923562049866,0,0,0
V03,277504,512,0,6.292607709750567,0.0,0.0,0.006517624016851187,0.000042479423427721485,0.012016348540782928,0.14298926293849945,0,0,0
V03,278016,512,0,6.30421768707483,0.0,0.0,0.006798531860113144,0.00004622003325494006,0.012952428311109543,0.1471533626317978,0,0,0
V03,278528,512,0,6.315827664399093,0.0,0.0,0.008444915525615215,0.00007131660095183179,0.019057292491197586,0.21905475854873657,0,0,0
V03,279040,512,0,6.327437641723356,0.0,0.0,0.0070528001524508,0.00004974198964191601,0.019835490733385086,0.15668614208698273,0,0,0
V03,279552,512,0,6.339047619047619,0.0,0.0,0.006253981031477451,0.00003911228122888133,0.0135040283203125,0.15155674517154694,0,0,0
V03,280064,512,0,6.350657596371882,0.0,0.0,0.008577253669500351,0.00007356928108492866,0.01774057373404503,0.19412948191165924,0,0,0
V03,280576,512,0,6.362267573696145,0.0,0.0,0.01034305989742279,0.00010697888501454145,0.020156964659690857,0.20522725582122803,0,0,0
V03,281088,512,0,6.373877551020408,0.0,0.0,0.01450186874717474,0.00021030419156886637,0.023937303572893143,0.19826236367225647,0,0,0
V03,281600,512,0,6.3854875283446715,0.0,0.0,0.013247977010905743,0.0001755089033395052,0.021561291068792343,0.18036633729934692,0,0,0
V03,282112,512,0,6.397097505668934,0.0,0.0,0.012635859660804272,0.0001596649526618421,0.02333110384643078,0.14194273948669434,0,0,0
V03,282624,512,0,6.408707482993197,148.66671752929688,0.8515943288803101,0.0073898788541555405,0.00005461030741571449,0.014735318720340729,0.1767619103193283,0,0,0
V03,283136,512,0,6.42031746031746,148.80467224121094,0.8687059283256531,0.008777621202170849,0.00007704662857577205,0.01752580888569355,0.14478394389152527,0,0,0
V03,283648,512,0,6.431927437641724,148.4002227783203,0.8822359442710876,0.01149322371929884,0.00013209418102633208,0.020724549889564514,0.16579017043113708,0,0,0
V03,284160,512,0,6.443537414965986,148.92950439453125,0.9076946973800659,0.013907759450376034,0.00019342577434144914,0.026586726307868958,0.24197976291179657,0,0,0
V03,284672,512,0,6.455147392290249,148.48548889160156,0.9178481698036194,0.014985021203756332,0.000224550865823403,0.02544906549155712,0.18019689619541168,0,0,0
V03,285184,512,0,6.466757369614513,149.28334045410156,0.89387446641922,0.007966632023453712,0.00006346723239403218,0.016143798828125,0.18174941837787628,0,0,0
V03,285696,512,0,6.478367346938776,149.1129913330078,0.8747348785400391,0.007859509438276291,0.00006177189061418176,0.016114838421344757,0.16570240259170532,0,0,0
V03,286208,512,0,6.489977324263038,148.74147033691406,0.8767979145050049,0.009637835435569286,0.00009288786532124504,0.018477562814950943,0.14387845993041992,0,0,0
V03,286720,512,0,6.501587301587302,148.9761962890625,0.860382616519928,0.008610191754996777,0.00007413539424305782,0.019266556948423386,0.1685328483581543,0,0,0
V03,287232,512,0,6.513197278911565,147.84051513671875,0.8607463240623474,0.006863873451948166,0.0000471127568744123,0.0129547119140625,0.14992749691009521,0,0,0
V03,287744,512,0,6.524807256235827,0.0,0.0,0.004805839620530605,0.000023096092263585888,0.012388787232339382,0.16173191368579865,0,0,0
V03,288256,512,0,6.5364172335600905,0.0,0.0,0.004659054800868034,0.00002170679363189265,0.010566659271717072,0.23083585500717163,0,0,0
V03,288768,512,0,6.548027210884354,0.0,0.0,0.007471442222595215,0.00005582244921242818,0.011614118702709675,0.10137267410755157,0,0,0
V03,289280,512,0,6.559637188208617,0.0,0.0,0.007889548316597939,0.00006224496610229835,0.014737810008227825,0.19074051082134247,0,0,0
V03,289792,512,0,6.5712471655328795,0.0,0.0,0.0069575197994709015,0.000048407084250357,0.013162833638489246,0.1685548573732376,0,0,0
V03,290304,512,0,6.582857142857143,0.0,0.0,0.003632012754678726,0.000013191516700317152,0.006807391997426748,0.16941235959529877,0,0,0
V03,290816,512,0,6.594467120181406,0.0,0.0,0.0043859295547008514,0.00001923637682921253,0.009490343742072582,0.17035792768001556,0,0,0
V03,291328,512,0,6.606077097505669,0.0,0.0,0.003368363482877612,0.000011345871826051734,0.007526942528784275,0.12483129650354385,0,0,0
V03,291840,512,0,6.617687074829932,0.0,0.0,0.004517328925430775,0.00002040625986410305,0.010276120156049728,0.16687163710594177,0,0,0
V03,292352,512,0,6.629297052154195,0.0,0.0,0.008217792958021164,0.00006753212073817849,0.018953388556838036,0.19878320395946503,0,0,0
V03,292864,512,0,6.640907029478458,0.0,0.0,0.0033696729224175215,0.000011354694834153634,0.008564229123294353,0.12524840235710144,0,0,0
V03,293376,512,0,6.6525170068027215,0.0,0.0,0.00532491784542799,0.000028354752430459484,0.012747316621243954,0.178461492061615,0,0,0
V03,293888,512,0,6.664126984126984,0.0,0.0,0.0061119007878005505,0.000037355333915911615,0.015837376937270164,0.1295090764760971,0,0,0
V03,294400,512,0,6.675736961451247,0.0,0.0,0.003368495963513851,0.000011346764949848875,0.006988525390625,0.11680622398853302,0,0,0
V03,294912,512,0,6.6873469387755105,0.0,0.0,0.006308790761977434,0.00003980084147769958,0.015134538523852825,0.15954865515232086,0,0,0
V03,295424,512,0,6.698956916099773,0.0,0.0,0.007402084302157164,0.00005479084938997403,0.0173456110060215,0.24350164830684662,0,0,0
V03,295936,512,0,6.710566893424036,0.0,0.0,0.011314057745039463,0.00012800790136680007,0.018470607697963715,0.2316424697637558,0,0,0
V03,296448,512,0,6.722176870748299,0.0,0.0,0.010180787183344364,0.00010364843183197081,0.022663764655590057,0.18592914938926697,0,0,0
V03,296960,512,0,6.733786848072563,0.0,0.0,0.005869855638593435,0.00003445520269451663,0.013182970695197582,0.11548127979040146,0,0,0
V03,297472,512,0,6.745396825396825,0.0,0.0,0.009620476514101028,0.00009255357144866139,0.019012451171875,0.1924683153629303,0,0,0
V03,297984,512,0,6.757006802721088,0.0,0.0,0.007730499841272831,0.000059760630392702296,0.01416742242872715,0.16564416885375977,0,0,0
V03,298496,512,0,6.768616780045352,0.0,0.0,0.011082111857831478,0.00012281320232432336,0.02081298828125,0.2191472202539444,0,0,0
V03,299008,512,0,6.780226757369615,0.0,0.0,0.01312886830419302,0.00017236717394553125,0.021861381828784943,0.19394727051258087,0,0,0
V03,299520,512,0,6.791836734693877,0.0,0.0,0.009541546925902367,0.00009104112541535869,0.01762826181948185,0.17705728113651276,0,0,0
V03,300032,512,0,6.8034467120181406,0.0,0.0,0.00704494072124362,0.000049631187721388415,0.01932447776198387,0.12789490818977356,0,0,0
V03,300544,512,0,6.815056689342404,0.0,0.0,0.006511389743536711,0.00004239819463691674,0.019455786794424057,0.18324154615402222,0,0,0
V03,301056,512,0,6.826666666666667,0.0,0.0,0.012136622332036495,0.00014729760005138814,0.02154136262834072,0.1956598460674286,0,0,0
V03,301568,512,0,6.8382766439909295,0.0,0.0,0.012192185036838055,0.00014864937111269683,0.02064950205385685,0.19744160771369934,0,0,0
V03,302080,512,0,6.849886621315193,0.0,0.0,0.008710761554539204,0.00007587736763525754,0.01953125,0.12669064104557037,0,0,0
V03,302592,512,0,6.861496598639456,0.0,0.0,0.006691974122077227,0.00004478251503314823,0.014226692728698254,0.15630467236042023,0,0,0
V03,303104,512,0,6.873106575963718,0.0,0.0,0.0038032529409974813,0.000014464732885244302,0.010380959138274193,0.15452681481838226,0,0,0
V03,303616,512,0,6.884716553287982,0.0,0.0,0.006536942441016436,0.000042731619032565504,0.013493752107024193,0.14265979826450348,0,0,0
V03,304128,512,0,6.896326530612245,0.0,0.0,0.0068441275507211685,0.000046842080337228253,0.011291919276118279,0.14496967196464539,0,0,0
V03,304640,512,0,6.907936507936508,0.0,0.0,0.006021341774612665,0.00003625655881478451,0.00975690595805645,0.18601837754249573,0,0,0
V03,305152,512,0,6.919546485260771,0.0,0.0,0.005872767418622971,0.000034489396057324484,0.01256358902901411,0.1552996188402176,0,0,0
V03,305664,512,0,6.931156462585034,0.0,0.0,0.005315257236361504,0.000028251959520275705,0.010727551765739918,0.13374391198158264,0,0,0
V03,306176,512,0,6.942766439909297,0.0,0.0,0.005316668190062046,0.000028266960725886747,0.010623750276863575,0.15248088538646698,0,0,0
V03,306688,512,0,6.9543764172335605,0.0,0.0,0.006064742803573608,0.00003678110442706384,0.012884645722806454,0.14572149515151978,0,0,0
V03,307200,512,0,6.965986394557823,0.0,0.0,0.005193843971937895,0.00002697601303225383,0.010110660456120968,0.15368056297302246,0,0,0
V03,307712,512,0,6.977596371882086,0.0,0.0,0.004725347738713026,0.00002232891165476758,0.01041427906602621,0.146729975938797,0,0,0
V03,308224,512,0,6.989206349206349,0.0,0.0,0.005319187417626381,0.000028293752620811574,0.00988603476434946,0.18422912061214447,0,0,0
V03,308736,512,0,7.000816326530612,0.0,0.0,0.004601059015840292,0.000021169742467463948,0.0097503662109375,0.1522446721792221,0,0,0
V03,309248,512,0,7.012426303854875,0.0,0.0,0.005720773246139288,0.00003272724643466063,0.011473986320197582,0.14721643924713135,0,0,0
V03,309760,512,0,7.024036281179138,0.0,0.0,0.006910897791385651,0.00004776050627697259,0.018747758120298386,0.18603113293647766,0,0,0
V03,310272,512,0,7.035646258503402,0.0,0.0,0.010615752078592777,0.00011269419337622821,0.018418189138174057,0.2499362975358963,0,0,0
V03,310784,512,0,7.047256235827664,0.0,0.0,0.007585854735225439,0.000057545188610674813,0.01567876897752285,0.19160175323486328,0,0,0
V03,311296,512,0,7.058866213151927,0.0,0.0,0.008101578801870346,0.00006563558417838067,0.0183686763048172,0.15363098680973053,0,0,0
V03,311808,512,0,7.070476190476191,0.0,0.0,0.003696501487866044,0.000013664123798662331,0.007762986700981855,0.1299256682395935,0,0,0
V03,312320,512,0,7.082086167800454,0.0,0.0,0.007464869413524866,0.000055724274716340005,0.014221502467989922,0.1676587164402008,0,0,0
V03,312832,512,0,7.093696145124716,0.0,0.0,0.011089058592915535,0.0001229672197951004,0.018594754859805107,0.18346978724002838,0,0,0
V03,313344,512,0,7.1053061224489795,0.0,0.0,0.011617934331297874,0.00013497639156412333,0.020417505875229836,0.1870078295469284,0,0,0
V03,313856,512,0,7.116916099773243,0.0,0.0,0.009738601744174957,0.00009484036127105355,0.018713191151618958,0.1501578390598297,0,0,0
V03,314368,512,0,7.128526077097506,0.0,0.0,0.008707746863365173,0.00007582485704915598,0.015453727915883064,0.20955482125282288,0,0,0
V03,314880,512,0,7.1401360544217685,148.13937377929688,0.8586357235908508,0.009832487441599369,0.00009667780250310898,0.016996629536151886,0.1460268348455429,0,0,0
V03,315392,512,0,7.151746031746032,148.09625244140625,0.8868850469589233,0.011887765489518642,0.00014131896023172885,0.02663063444197178,0.17957793176174164,0,0,0
V03,315904,205,0,7.163356009070295,148.5413055419922,0.8579424619674683,0.012210997752845287,0.00014910846948623657,0.017662515863776207,0.12263926863670349,0,0,1
V04,0,512,0,0.0,0.0,0.0,0.0000037478932881640503,1.4046703904202484e-11,0.0000152587890625,0.0,0,1,0
V04,512,512,0,0.011609977324263039,0.0,0.0,0.000006085355380491819,3.703155143641723e-11,0.0000152587890625,0.0,0,1,0
V04,1024,512,0,0.023219954648526078,0.0,0.0,0.00021781070972792804,4.744150672308933e-8,0.0012336783111095428,0.0,0,1,0
V04,1536,512,0,0.034829931972789115,0.0,0.0,0.0028776214458048344,0.000008280705515062436,0.006384505890309811,0.0,0,1,0
V04,2048,512,0,0.046439909297052155,0.0,0.0,0.002049448201432824,0.000004200237981422106,0.004266751930117607,0.0,0,1,0
V04,2560,512,0,0.058049886621315196,0.0,0.0,0.0037351350765675306,0.000013951234905107412,0.007766931317746639,1.0,0,0,0
V04,3072,512,0,0.06965986394557823,0.0,0.0,0.003875497030094266,0.000015019476450106595,0.009574111551046371,0.29379111528396606,0,0,0
V04,3584,512,0,0.08126984126984127,0.0,0.0,0.004496860317885876,0.000020221750673954375,0.007778557017445564,0.23499657213687897,0,0,0
V04,4096,512,0,0.09287981859410431,0.0,0.0,0.004481570795178413,0.000020084478819626383,0.009323431178927422,0.23434141278266907,0,0,0
V04,4608,512,0,0.10448979591836735,0.0,0.0,0.005078908521682024,0.000025795312467380427,0.008997495286166668,0.17490507662296295,0,0,0
V04,5120,512,0,0.11609977324263039,0.0,0.0,0.005726081784814596,0.00003278801159467548,0.01078142412006855,0.20530055463314056,0,0,0
V04,5632,512,0,0.12770975056689343,0.0,0.0,0.00507989851757884,0.000025805369659792632,0.009102127514779568,0.15706083178520203,0,0,0
V04,6144,512,0,0.13931972789115646,0.0,0.0,0.0071473680436611176,0.000051084873120998964,0.011459661647677422,0.21005745232105255,0,0,0
V04,6656,512,0,0.1509297052154195,0.0,0.0,0.008844906464219093,0.00007823237683624029,0.017650162801146507,0.2782483398914337,0,0,0
V04,7168,512,0,0.16253968253968254,0.0,0.0,0.009556351229548454,0.00009132384730037302,0.0173325315117836,0.2093106210231781,0,0,0
V04,7680,512,0,0.17414965986394557,0.0,0.0,0.007470438256859779,0.000055807446187827736,0.01260355208069086,0.16124744713306427,0,0,0
V04,8192,512,0,0.18575963718820862,149.12014770507812,0.8501157760620117,0.008348125964403152,0.00006969120295252651,0.01445858459919691,0.17859765887260437,0,0,0
V04,8704,512,0,0.19736961451247165,147.92295837402344,0.8648325800895691,0.009033983573317528,0.00008161286677932367,0.01700742542743683,0.17503830790519714,0,0,0
V04,9216,512,0,0.2089795918367347,148.822021484375,0.8664129376411438,0.008325653150677681,0.00006931649841135368,0.015837274491786957,0.1843053549528122,0,0,0
V04,9728,512,0,0.22058956916099773,147.95188903808594,0.8948047757148743,0.008700832724571228,0.00007570449815830216,0.0150161013007164,0.1737452745437622,0,0,0
V04,10240,512,0,0.23219954648526078,148.1531219482422,0.9061636328697205,0.009162742644548416,0.00008395585609832779,0.015496286563575268,0.14472930133342743,0,0,0
V04,10752,512,0,0.2438095238095238,148.30674743652344,0.9090775847434998,0.007396203000098467,0.00005470381802297197,0.013987950049340725,0.1441849172115326,0,0,0
V04,11264,512,0,0.25541950113378686,148.55982971191406,0.9167268872261047,0.006485532969236374,0.00004206213998259045,0.0103592649102211,0.12456436455249786,0,0,0
V04,11776,512,0,0.26702947845804986,148.40164184570312,0.9202154874801636,0.007228059694170952,0.000052244846301618963,0.013526968657970428,0.21636414527893066,0,0,0
V04,12288,512,0,0.2786394557823129,147.96060180664062,0.9197933077812195,0.00971489492803812,0.00009437918197363615,0.015785789117217064,0.16731469333171844,0,0,0
V04,12800,512,0,0.29024943310657597,148.13658142089844,0.9316835999488831,0.008651015348732471,0.00007484006346203387,0.015750600025057793,0.1412617564201355,0,0,0
V04,13312,512,0,0.301859410430839,148.85015869140625,0.9195356965065002,0.006734838243573904,0.00004535804328043014,0.012213882058858871,0.14749941229820251,0,0,0
V04,13824,512,0,0.313469387755102,148.31517028808594,0.9017226099967957,0.006241029594093561,0.00003895045301760547,0.01285371370613575,0.15531215071678162,0,0,0
V04,14336,512,0,0.3250793650793651,148.8657989501953,0.8806505799293518,0.0032203884329646826,0.000010370901691203471,0.007907893508672714,0.14071206748485565,0,0,0
V04,14848,512,0,0.33668934240362813,0.0,0.0,0.004204550292342901,0.000017678243239060976,0.008128575049340725,0.16239571571350098,0,0,0
V04,15360,512,0,0.34829931972789113,0.0,0.0,0.00488888518884778,0.00002390120062045753,0.010263248346745968,0.18254178762435913,0,0,0
V04,15872,512,0,0.3599092970521542,0.0,0.0,0.003775915363803506,0.000014257536349759903,0.00982499960809946,0.17737488448619843,0,0,0
V04,16384,512,0,0.37151927437641724,0.0,0.0,0.005261716898530722,0.000027685664463206194,0.011700999923050404,0.18388143181800842,0,0,0
V04,16896,512,0,0.3831292517006803,0.0,0.0,0.003029665444046259,0.000009178873369819485,0.006605498492717743,0.15504775941371918,0,0,0
V04,17408,512,0,0.3947392290249433,0.0,0.0,0.0038861017674207687,0.000015101787539606448,0.008015950210392475,0.1742067188024521,0,0,0
V04,17920,512,0,0.40634920634920635,0.0,0.0,0.002943350002169609,0.000008663309017720167,0.00627125846222043,0.0,0,1,0
V04,18432,512,0,0.4179591836734694,0.0,0.0,0.002515949308872223,0.000006330001269816421,0.005926326848566532,0.0,0,1,0
V04,18944,512,0,0.4295691609977324,0.0,0.0,0.0029976225923746824,0.000008985741260403302,0.007137584034353495,0.0,0,1,0
V04,19456,512,0,0.44117913832199546,0.0,0.0,0.0021225647069513798,0.000004505280685407342,0.007161873392760754,0.0,0,1,0
V04,19968,512,0,0.4527891156462585,0.0,0.0,0.003061834257096052,0.000009374829460284673,0.0077572776935994625,0.14490008354187012,0,0,0
V04,20480,512,0,0.46439909297052157,0.0,0.0,0.005187142174690962,0.000026906442144536413,0.00973458867520094,0.18502452969551086,0,0,0
V04,20992,512,0,0.47600907029478456,0.0,0.0,0.0038602626882493496,0.000014901627764629666,0.009383844211697578,0.18372800946235657,0,0,0
V04,21504,512,0,0.4876190476190476,0.0,0.0,0.00532106589525938,0.000028313743314356543,0.0109085813164711,0.2037566602230072,0,0,0
V04,22016,512,0,0.4992290249433107,0.0,0.0,0.004813272040337324,0.00002316758946108166,0.011161336675286293,0.18448558449745178,0,0,0
V04,22528,512,0,0.5108390022675737,0.0,0.0,0.005831593181937933,0.00003400747664272785,0.01256597600877285,0.1835668534040451,0,0,0
V04,23040,512,0,0.5224489795918368,0.0,0.0,0.005938780028373003,0.000035269105865154415,0.01077363919466734,0.2061418741941452,0,0,0
V04,23552,512,0,0.5340589569160997,0.0,0.0,0.008533586747944355,0.00007282210572157055,0.01688016578555107,0.23682597279548645,0,0,0
V04,24064,512,0,0.5456689342403628,0.0,0.0,0.009319831617176533,0.00008685925422469154,0.01851648837327957,0.19855305552482605,0,0,0
V04,24576,512,0,0.5572789115646258,0.0,0.0,0.008341096341609955,0.00006957388541195542,0.012841672636568546,0.17934419214725494,0,0,0
V04,25088,512,0,0.5688888888888889,0.0,0.0,0.007131930906325579,0.000050864437071140856,0.012818939983844757,0.1466328203678131,0,0,0
V04,25600,512,0,0.5804988662131519,0.0,0.0,0.007454819977283478,0.00005557433905778453,0.014692968688905239,0.22456340491771698,0,0,0
V04,26112,512,0,0.592108843537415,0.0,0.0,0.008093643933534622,0.00006550706893904135,0.01785247214138508,0.15046599507331848,0,0,0
V04,26624,512,0,0.603718820861678,0.0,0.0,0.007116669323295355,0.000050646980525925756,0.012723338790237904,0.1721963882446289,0,0,0
V04,27136,512,0,0.615328798185941,149.6158447265625,0.8618878126144409,0.0090682003647089,0.00008223226177506149,0.014416753314435482,0.18821462988853455,0,0,0
V04,27648,512,0,0.626938775510204,149.21524047851562,0.8823500275611877,0.00757163530215621,0.00005732966383220628,0.013147782534360886,0.16099023818969727,0,0,0
V04,28160,512,0,0.6385487528344671,150.2074432373047,0.891745924949646,0.006544973235577345,0.0000428366765845567,0.010867579840123653,0.1771443784236908,0,0,0
V04,28672,512,0,0.6501587301587302,151.41404724121094,0.8874949812889099,0.005858688149601221,0.00003432422818150371,0.0122847780585289,0.20449329912662506,0,0,0
V04,29184,512,0,0.6617687074829932,150.47018432617188,0.8799446821212769,0.006897721439599991,0.000047578560042893514,0.01296197809278965,0.15703758597373962,0,0,0
V04,29696,512,0,0.6733786848072563,150.4507293701172,0.8796176910400391,0.007571767549961805,0.00005733166472055018,0.01567980647087097,0.19583941996097565,0,0,0
V04,30208,512,0,0.6849886621315193,149.9164581298828,0.8775902390480042,0.004645783454179764,0.000021583304260275327,0.009386335499584675,0.14764581620693207,0,0,0
V04,30720,512,0,0.6965986394557823,0.0,0.0,0.004987211897969246,0.000024872284484445117,0.008837953209877014,0.18820852041244507,0,0,0
V04,31232,512,0,0.7082086167800453,0.0,0.0,0.003148759249597788,0.000009914684596878942,0.007184917572885752,0.1474597156047821,0,0,0
V04,31744,512,0,0.7198185941043084,0.0,0.0,0.00390657177194953,0.0000152613029058557,0.008316663093864918,0.12502068281173706,0,0,0
V04,32256,512,0,0.7314285714285714,0.0,0.0,0.003891931613907218,0.000015147132216952741,0.00902375765144825,0.16396144032478333,0,0,0
V04,32768,512,0,0.7430385487528345,0.0,0.0,0.003853133413940668,0.000014846637895971071,0.010469397529959679,0.18830737471580505,0,0,0
V04,33280,512,0,0.7546485260770975,0.0,0.0,0.004821861628443003,0.000023250348021974787,0.010511333122849464,0.14669954776763916,0,0,0
V04,33792,512,0,0.7662585034013606,0.0,0.0,0.0033885042648762465,0.00001148196042777272,0.007396879605948925,0.12343471497297287,0,0,0
V04,34304,512,0,0.7778684807256235,0.0,0.0,0.005042375531047583,0.00002542555012041703,0.012067521922290325,0.1591290533542633,0,0,0
V04,34816,512,0,0.7894784580498866,0.0,0.0,0.004336566664278507,0.000018805811123456806,0.008626301772892475,0.16834662854671478,0,0,0
V04,35328,512,0,0.8010884353741496,0.0,0.0,0.005311785265803337,0.000028215061320224777,0.010722050443291664,0.1759682446718216,0,0,0
V04,35840,512,0,0.8126984126984127,0.0,0.0,0.002846905030310154,0.000008104868356895167,0.005458909552544355,0.0,0,1,0
V04,36352,512,0,0.8243083900226758,0.0,0.0,0.0020361014176160097,0.00000414570922657731,0.004650089889764786,0.0,0,1,0
V04,36864,512,0,0.8359183673469388,0.0,0.0,0.006425516679883003,0.000041287265048595145,0.013343032449483871,0.24309754371643066,0,0,0
V04,37376,512,0,0.8475283446712019,0.0,0.0,0.005699960049241781,0.00003248954453738406,0.010810384526848793,0.20718543231487274,0,0,0
V04,37888,512,0,0.8591383219954648,0.0,0.0,0.009041412733495235,0.00008174715185305104,0.01538812555372715,0.2504986524581909,0,0,0
V04,38400,512,0,0.8707482993197279,0.0,0.0,0.007045724894851446,0.00004964223626302555,0.015444178134202957,0.18902771174907684,0,0,0
V04,38912,512,0,0.8823582766439909,0.0,0.0,0.005699985660612583,0.00003248983557568863,0.012359619140625,0.156335711479187,0,0,0
V04,39424,512,0,0.893968253968254,0.0,0.0,0.005786170717328787,0.000033479769626865163,0.010663713328540325,0.1424241065979004,0,0,0
V04,39936,512,0,0.905578231292517,0.0,0.0,0.0038825564552098513,0.000015074245311552659,0.00847516767680645,0.1600334346294403,0,0,0
V04,40448,512,0,0.9171882086167801,0.0,0.0,0.0117966802790761,0.00013916166790295392,0.021453857421875,0.2963049113750458,0,0,0
V04,40960,512,0,0.9287981859410431,0.0,0.0,0.00840340368449688,0.00007061719225021079,0.014581485651433468,0.14676903188228607,0,0,0
V04,41472,512,0,0.9404081632653061,0.0,0.0,0.00620687659829855,0.000038525315176229924,0.010792220011353493,0.12061503529548645,0,0,0
V04,41984,512,0,0.9520181405895691,0.0,0.0,0.008490636013448238,0.00007209089380921796,0.01801263727247715,0.19139280915260315,0,0,0
V04,42496,512,0,0.9636281179138322,0.0,0.0,0.008371262811124325,0.00007007803651504219,0.014501766301691532,0.1492774486541748,0,0,0
V04,43008,512,0,0.9752380952380952,149.0725860595703,0.8504071831703186,0.010119251906871796,0.00010239925904897973,0.017801504582166672,0.17650927603244781,0,0,0
V04,43520,512,0,0.9868480725623583,149.28741455078125,0.8696837425231934,0.009523029439151287,0.00009068808140000328,0.015348161570727825,0.2135622650384903,0,0,0
V04,44032,512,0,0.9984580498866213,149.1748504638672,0.9091363549232483,0.009145908057689667,0.00008364763198187575,0.01849697344005108,0.16158941388130188,0,0,0
V04,44544,512,0,1.0100680272108844,149.0776824951172,0.8994161486625671,0.011039936915040016,0.000121880199003499,0.023843882605433464,0.20848619937896729,0,0,0
V04,45056,512,0,1.0216780045351475,151.18617248535156,0.8968105912208557,0.011059564538300037,0.00012231396976858377,0.017879148945212364,0.14548881351947784,0,0,0
V04,45568,512,0,1.0332879818594105,149.3959197998047,0.8945809006690979,0.009077104739844799,0.00008239383168984205,0.015395495109260082,0.15662389993667603,0,0,0
V04,46080,512,0,1.0448979591836736,150.3934326171875,0.8853901624679565,0.00804303027689457,0.00006469034269684926,0.0141143798828125,0.16541600227355957,0,0,0
V04,46592,512,0,1.0565079365079366,151.24989318847656,0.8719797134399414,0.006072888616472483,0.00003687997377710417,0.012814060784876347,0.1377139687538147,0,0,0
V04,47104,512,0,1.0681179138321995,0.0,0.0,0.006341695319861174,0.00004021709901280701,0.012801500968635082,0.16460201144218445,0,0,0
V04,47616,512,0,1.0797278911564625,0.0,0.0,0.007074709516018629,0.000050051516154780984,0.014127770438790321,0.21480323374271393,0,0,0
V04,48128,512,0,1.0913378684807256,0.0,0.0,0.010654517449438572,0.00011351874854881316,0.019127877429127693,0.17816409468650818,0,0,0
V04,48640,512,0,1.1029478458049886,0.0,0.0,0.007513490505516529,0.000056452536227880046,0.016518522053956985,0.18371817469596863,0,0,0
V04,49152,512,0,1.1145578231292517,0.0,0.0,0.006788622587919235,0.00004608539893524721,0.014265410602092743,0.15265843272209167,0,0,0
V04,49664,512,0,1.1261678004535147,0.0,0.0,0.003660536138340831,0.000013399525414570235,0.009530826471745968,0.11783503741025925,0,0,0
V04,50176,512,0,1.1377777777777778,0.0,0.0,0.004874544683843851,0.00002376118573010899,0.010723295621573925,0.1790328323841095,0,0,0
V04,50688,512,0,1.1493877551020408,0.0,0.0,0.006224839948117733,0.00003874863250530325,0.01571115478873253,0.1604575216770172,0,0,0
V04,51200,512,0,1.1609977324263039,0.0,0.0,0.005174548830837011,0.000026775953301694244,0.01284042652696371,0.1661108434200287,0,0,0
V04,51712,512,0,1.172607709750567,0.0,0.0,0.009194641374051571,0.00008454143244307488,0.01799914240837097,0.220131978392601,0,0,0
V04,52224,512,0,1.18421768707483,0.0,0.0,0.007850343361496925,0.00006162788486108184,0.01629638671875,0.14489679038524628,0,0,0
V04,52736,512,0,1.195827664399093,0.0,0.0,0.007776352576911449,0.00006047165879863314,0.016604365780949593,0.17552702128887177,0,0,0
V04,53248,512,0,1.207437641723356,0.0,0.0,0.009846261702477932,0.00009694886102806777,0.017598677426576614,0.16695183515548706,0,0,0
V04,53760,512,0,1.2190476190476192,0.0,0.0,0.006611192598938942,0.00004370786700746976,0.016942549496889114,0.17920702695846558,0,0,0
V04,54272,512,0,1.230657596371882,0.0,0.0,0.01067022979259491,0.0001138537991209887,0.019357798621058464,0.17410241067409515,0,0,0
V04,54784,512,0,1.242267573696145,0.0,0.0,0.012730006128549576,0.0001620530674699694,0.0201227106153965,0.24114704132080078,0,0,0
V04,55296,512,0,1.253877551020408,0.0,0.0,0.011358138173818588,0.00012900729780085385,0.019697850570082664,0.14818620681762695,0,0,0
V04,55808,512,0,1.2654875283446712,148.22769165039062,0.8551948070526123,0.013303890824317932,0.0001769935042830184,0.023354459553956985,0.17667803168296814,0,0,0
V04,56320,512,0,1.2770975056689342,148.55665588378906,0.8931390643119812,0.013072897680103779,0.0001709006610326469,0.022950153797864914,0.1957622617483139,0,0,0
V04,56832,512,0,1.2887074829931973,148.27383422851562,0.9040243625640869,0.011539725586771965,0.0001331652601948008,0.0199737548828125,0.15924905240535736,0,0,0
V04,57344,512,0,1.3003174603174603,148.82276916503906,0.9123656749725342,0.011003406718373299,0.00012107496877433732,0.019257526844739914,0.12428627908229828,0,0,0
V04,57856,512,0,1.3119274376417234,148.7503662109375,0.9263071417808533,0.010783999226987362,0.00011629463551798835,0.01856662519276142,0.1928422749042511,0,0,0
V04,58368,512,0,1.3235374149659864,149.1797637939453,0.9313859939575195,0.014896251261234283,0.00022189831361174583,0.025755487382411957,0.20060381293296814,0,0,0
V04,58880,512,0,1.3351473922902495,149.09890747070312,0.9316214919090271,0.012833192013204098,0.0001646908203838393,0.020428093150258064,0.13629497587680817,0,0,0
V04,59392,512,0,1.3467573696145125,148.2410430908203,0.9378973245620728,0.014475365169346333,0.00020953619969077408,0.02513994462788105,0.15910270810127258,0,0,0
V04,59904,512,0,1.3583673469387756,148.4541015625,0.9280247688293457,0.010542170144617558,0.00011113735672552139,0.019266348332166672,0.1499849408864975,0,0,0
V04,60416,512,0,1.3699773242630386,148.51193237304688,0.9155582785606384,0.007840785197913647,0.00006147790554678068,0.015070182271301746,0.15335799753665924,0,0,0
V04,60928,512,0,1.3815873015873017,148.21421813964844,0.9145503640174866,0.006747928448021412,0.000045534536184277385,0.013167296536266804,0.11076816916465759,0,0,0
V04,61440,512,0,1.3931972789115645,148.50514221191406,0.9100342392921448,0.007325035519897938,0.00005365614561014809,0.016661975532770157,0.148501455783844,0,0,0
V04,61952,512,0,1.4048072562358276,148.42572021484375,0.8834114670753479,0.007819431833922863,0.00006114351708674803,0.014072444289922714,0.19642943143844604,0,0,0
V04,62464,512,0,1.4164172335600906,147.88623046875,0.8552190065383911,0.007763796951621771,0.000060276543081272393,0.014849604107439518,0.18941672146320343,0,0,0
V04,62976,512,0,1.4280272108843537,0.0,0.0,0.006456929724663496,0.000041691942897159606,0.01232889387756586,0.1375209540128708,0,0,0
V04,63488,512,0,1.4396371882086167,0.0,0.0,0.0032876026816666126,0.000010808331353473477,0.007555903401225805,0.12895332276821136,0,0,0
V04,64000,512,0,1.4512471655328798,0.0,0.0,0.004448304884135723,0.000019787417841143906,0.0108192078769207,0.16062231361865997,0,0,0
V04,64512,512,0,1.4628571428571429,0.0,0.0,0.004032850731164217,0.000016263884390355088,0.00909423828125,0.13916032016277313,0,0,0
V04,65024,512,0,1.474467120181406,0.0,0.0,0.004455849528312683,0.000019854593119816855,0.009174996055662632,0.13410797715187073,0,0,0
V04,65536,512,0,1.486077097505669,0.0,0.0,0.004305239301174879,0.00001853508729254827,0.009672204032540321,0.16723349690437317,0,0,0
V04,66048,512,0,1.497687074829932,0.0,0.0,0.008240213617682457,0.00006790111365262419,0.01679525524377823,0.21015943586826324,0,0,0
V04,66560,512,0,1.509297052154195,0.0,0.0,0.0060092490166425705,0.000036111076042288914,0.014873893931508064,0.16717812418937683,0,0,0
V04,67072,512,0,1.5209070294784581,0.0,0.0,0.007679314352571964,0.00005897186929360032,0.017121918499469757,0.1891685277223587,0,0,0
V04,67584,512,0,1.5325170068027212,0.0,0.0,0.005598217248916626,0.00003134003418381326,0.0098869688808918,0.152999609708786,0,0,0
V04,68096,512,0,1.5441269841269842,0.0,0.0,0.0061823646537959576,0.00003822163489530794,0.013241203501820564,0.1637423187494278,0,0,0
V04,68608,512,0,1.555736961451247,0.0,0.0,0.008108658716082573,0.00006575034785782918,0.02070150524377823,0.21022868156433105,0,0,0
V04,69120,512,0,1.5673469387755101,0.0,0.0,0.007312073837965727,0.00005346642137737945,0.015955710783600807,0.16841936111450195,0,0,0
V04,69632,512,0,1.5789569160997732,0.0,0.0,0.013536887243390083,0.00018324732081964612,0.027282921597361565,0.22264385223388672,0,0,0
V04,70144,512,0,1.5905668934240362,0.0,0.0,0.010178916156291962,0.00010361033491790295,0.0209466852247715,0.18214935064315796,0,0,0
V04,70656,512,0,1.6021768707482993,0.0,0.0,0.01121656596660614,0.00012581136252265424,0.021092940121889114,0.1720704883337021,0,0,0
V04,71168,512,0,1.6137868480725623,0.0,0.0,0.008596604689955711,0.0000739016177249141,0.015114298090338707,0.1377132087945938,0,0,0
V04,71680,512,0,1.6253968253968254,0.0,0.0,0.007773927878588438,0.000060433954786276445,0.013888404704630375,0.15054140985012054,0,0,0
V04,72192,512,0,1.6370068027210884,0.0,0.0,0.014539754949510098,0.00021140447643119842,0.024972721934318542,0.2188529372215271,0,0,0
V04,72704,512,0,1.6486167800453515,148.92567443847656,0.8625792860984802,0.014818957075476646,0.00021960149751976132,0.028644172474741936,0.24954824149608612,0,0,0
V04,73216,512,0,1.6602267573696146,149.23658752441406,0.8710613250732422,0.015440932475030422,0.00023842239170335233,0.028944261372089386,0.17036128044128418,0,0,0
V04,73728,512,0,1.6718367346938776,148.67172241210938,0.8683409690856934,0.014907801523804665,0.00022224255371838808,0.028903882950544357,0.17259183526039124,0,0,0
V04,74240,512,0,1.6834467120181407,149.75636291503906,0.8539022207260132,0.012621616013348103,0.0001593051856616512,0.027491355314850807,0.19534249603748322,0,0,0
V04,74752,512,74752,1.6950566893424037,0.0,0.0,0.1771903932094574,0.03139643371105194,0.47703489661216736,0.8780504465103149,1,0,0
V04,75264,512,0,1.7066666666666668,0.0,0.0,0.275273859500885,0.07577569037675858,0.6114938855171204,0.5202544331550598,0,0,0
V04,75776,512,0,1.7182766439909296,0.0,0.0,0.15956413745880127,0.02546071633696556,0.32597485184669495,0.20907633006572723,0,0,0
V04,76288,512,0,1.7298866213151927,0.0,0.0,0.136488139629364,0.018629010766744614,0.3014414310455322,0.15528295934200287,0,0,0
V04,76800,512,0,1.7414965986394557,0.0,0.0,0.13512249290943146,0.01825808733701706,0.29225221276283264,0.13953852653503418,0,0,0
V04,77312,512,0,1.7531065759637188,0.0,0.0,0.19440527260303497,0.03779341280460358,0.4024135172367096,0.16001686453819275,0,0,0
V04,77824,512,0,1.7647165532879818,0.0,0.0,0.139287069439888,0.019400887191295624,0.2863834798336029,0.10724617540836334,0,0,0
V04,78336,512,0,1.7763265306122449,0.0,0.0,0.15313023328781128,0.023448869585990906,0.34872281551361084,0.1289948970079422,0,0,0
V04,78848,512,0,1.787936507936508,0.0,0.0,0.15432621538639069,0.023816579952836037,0.3169604539871216,0.18652424216270447,0,0,0
V04,79360,512,0,1.799546485260771,351.74139404296875,0.855526328086853,0.16734305024147034,0.028003696352243423,0.3329271674156189,0.152437224984169,0,0,0
V04,79872,512,0,1.811156462585034,351.79730224609375,0.8885113596916199,0.16606351733207703,0.02757709100842476,0.3145214319229126,0.11153257638216019,0,0,0
V04,80384,512,0,1.822766439909297,351.6313171386719,0.9128989577293396,0.1539216935634613,0.02369188889861107,0.2681889832019806,0.0901598408818245,0,0,0
V04,80896,512,0,1.8343764172335602,351.4781494140625,0.9413459300994873,0.1551239788532257,0.02406344935297966,0.29472827911376953,0.13997453451156616,0,0,0
V04,81408,512,0,1.8459863945578232,351.6129150390625,0.9526966214179993,0.1510484516620636,0.022815635427832603,0.2660660445690155,0.06673379242420197,0,0,0
V04,81920,512,0,1.8575963718820863,351.6106872558594,0.9557106494903564,0.15352696180343628,0.023570530116558075,0.2753850221633911,0.09786835312843323,0,0,0
V04,82432,512,0,1.8692063492063493,351.54345703125,0.9616249203681946,0.15005527436733246,0.022516585886478424,0.25586000084877014,0.08800125122070312,0,0,0
V04,82944,512,0,1.8808163265306121,351.45782470703125,0.9675613641738892,0.14987577497959137,0.022462747991085052,0.25982314348220825,0.11313463002443314,0,0,0
V04,83456,512,0,1.8924263038548752,351.2076721191406,0.9677179455757141,0.1450379490852356,0.02103600651025772,0.24130123853683472,0.07094496488571167,0,0,0
V04,83968,512,0,1.9040362811791383,351.4112243652344,0.9730295538902283,0.14046943187713623,0.019731663167476654,0.23605959117412567,0.0944579541683197,0,0,0
V04,84480,512,0,1.9156462585034013,351.1612548828125,0.9748203754425049,0.13367247581481934,0.01786833256483078,0.22001679241657257,0.054020173847675323,0,0,0
V04,84992,512,0,1.9272562358276644,351.23065185546875,0.9763484597206116,0.1335708200931549,0.017841162160038948,0.228641539812088,0.0674462839961052,0,0,0
V04,85504,512,0,1.9388662131519274,350.9827880859375,0.9830859899520874,0.13090793788433075,0.017136888578534126,0.2305951863527298,0.06353417783975601,0,0,0
V04,86016,512,0,1.9504761904761905,351.1451110839844,0.986827552318573,0.13014496862888336,0.01693771220743656,0.2344716340303421,0.06673460453748703,0,0,0
V04,86528,512,0,1.9620861678004535,351.02001953125,0.9842277765274048,0.12541641294956207,0.015729276463389397,0.23162250220775604,0.05453648418188095,0,0,0
V04,87040,512,0,1.9736961451247166,351.0666198730469,0.9862692356109619,0.12671655416488647,0.016057085245847702,0.2101202756166458,0.087934210896492,0,0,0
V04,87552,512,0,1.9853061224489796,350.7748718261719,0.9876871109008789,0.12102518230676651,0.014647095464169979,0.1844867467880249,0.06656111776828766,0,0,0
V04,88064,512,0,1.9969160997732427,350.8587951660156,0.9898765087127686,0.12249763309955597,0.015005670487880707,0.18527927994728088,0.09483492374420166,0,0,0
V04,88576,512,0,2.0085260770975055,350.7791442871094,0.9898313879966736,0.12400247901678085,0.015376615338027477,0.19445645809173584,0.06622788310050964,0,0,0
V04,89088,512,0,2.020136054421769,350.7554626464844,0.9883164167404175,0.11884113401174545,0.014123214408755302,0.1943533718585968,0.06618398427963257,0,0,0
V04,89600,512,0,2.0317460317460316,350.46783447265625,0.9865731000900269,0.11899860948324203,0.014160668477416039,0.2013092041015625,0.07728748023509979,0,0,0
V04,90112,512,0,2.043356009070295,350.5866394042969,0.9859095811843872,0.11536948382854462,0.013310117647051811,0.19355888664722443,0.05901213735342026,0,0,0
V04,90624,512,0,2.0549659863945577,350.44720458984375,0.9884316325187683,0.1149216890335083,0.013206995092332363,0.18865126371383667,0.0679870992898941,0,0,0
V04,91136,512,0,2.066575963718821,350.4437561035156,0.9894075393676758,0.11026252061128616,0.012157822959125042,0.17765496671199799,0.04509006440639496,0,0,0
V04,91648,512,0,2.078185941043084,350.3719177246094,0.9881564378738403,0.11011938005685806,0.012126277200877666,0.1847897469997406,0.06107005476951599,0,0,0
V04,92160,512,0,2.089795918367347,350.3377380371094,0.9857184290885925,0.10762197524309158,0.011582489125430584,0.1777821183204651,0.07466815412044525,0,0,0
V04,92672,512,0,2.10140589569161,350.4455261230469,0.984734058380127,0.10483503341674805,0.010990384966135025,0.17784824967384338,0.06640904396772385,0,0,0
V04,93184,512,0,2.1130158730158732,350.3084411621094,0.9866050481796265,0.10690358281135559,0.011428376659750938,0.17974406480789185,0.05621428042650223,0,0,0
V04,93696,512,0,2.124625850340136,350.3548889160156,0.9875704646110535,0.10281828790903091,0.010571600869297981,0.15808042883872986,0.0457117073237896,0,0,0
V04,94208,512,0,2.136235827664399,350.21673583984375,0.9883115887641907,0.09654814749956131,0.009321545250713825,0.1539420783519745,0.05490187555551529,0,0,0
V04,94720,512,0,2.147845804988662,350.2117919921875,0.9876023530960083,0.09394866973161697,0.008826352655887604,0.15218006074428558,0.05055198445916176,0,0,0
V04,95232,512,0,2.159455782312925,350.2071228027344,0.9870499968528748,0.09559748321771622,0.009138879366219044,0.16275741159915924,0.06204606965184212,0,0,0
V04,95744,512,0,2.1710657596371883,350.1734313964844,0.9890153408050537,0.0987308919429779,0.009747789241373539,0.1637093722820282,0.06059709191322327,0,0,0
V04,96256,512,0,2.182675736961451,349.9626159667969,0.9913681149482727,0.09431730210781097,0.0088957529515028,0.159744992852211,0.06137317419052124,0,0,0
V04,96768,512,0,2.1942857142857144,349.8941345214844,0.9926282167434692,0.09445246309041977,0.008921267464756966,0.15839515626430511,0.07144363969564438,0,0,0
V04,97280,512,0,2.2058956916099772,350.0217590332031,0.9925755858421326,0.08611495792865753,0.007415786385536194,0.1349261999130249,0.07210256904363632,0,0,0
V04,97792,512,0,2.2175056689342405,349.9812316894531,0.9934139251708984,0.08860182017087936,0.007850282825529575,0.1363600194454193,0.0778508186340332,0,0,0
V04,98304,512,0,2.2291156462585033,349.91278076171875,0.9941198229789734,0.08480958640575409,0.007192665711045265,0.13492880761623383,0.05322258546948433,0,0,0
V04,98816,512,0,2.2407256235827666,349.86383056640625,0.9945412874221802,0.0847259908914566,0.007178493309766054,0.1418159157037735,0.07408855110406876,0,0,0
V04,99328,512,0,2.2523356009070294,349.7618103027344,0.9950527548789978,0.08383446931838989,0.007028218824416399,0.1354718953371048,0.06960484385490417,0,0,0
V04,99840,512,0,2.2639455782312927,349.8676452636719,0.9948518872261047,0.08118203282356262,0.006590522825717926,0.1369890421628952,0.040920522063970566,0,0,0
V04,100352,512,0,2.2755555555555556,349.6569519042969,0.9940110445022583,0.08176577836275101,0.006685642059892416,0.14423219859600067,0.06364671140909195,0,0,0
V04,100864,512,0,2.2871655328798184,349.8560485839844,0.9946070313453674,0.0769997164607048,0.005928956903517246,0.12735888361930847,0.06047448515892029,0,0,0
V04,101376,512,0,2.2987755102040817,349.6532897949219,0.9935755133628845,0.07852454483509064,0.006166104692965746,0.1254170686006546,0.07895752042531967,0,0,0
V04,101888,512,0,2.3103854875283445,349.6868896484375,0.9929639101028442,0.0742533728480339,0.0055135637521743774,0.11874835938215256,0.07903346419334412,0,0,0
V04,102400,512,0,2.3219954648526078,349.7575378417969,0.9908571243286133,0.0734541043639183,0.005395505111664534,0.1221945658326149,0.07938428223133087,0,0,0
V04,102912,512,0,2.3336054421768706,349.9342346191406,0.9870613217353821,0.07522165030241013,0.0056582968682050705,0.12333274632692337,0.06613708287477493,0,0,0
V04,103424,512,0,2.345215419501134,349.76220703125,0.9820808172225952,0.07231879234313965,0.005230007693171501,0.12542101740837097,0.056387294083833694,0,0,0
V04,103936,512,0,2.3568253968253967,349.6980895996094,0.9782513976097107,0.07484827190637589,0.0056022643111646175,0.12642529606819153,0.0798344835639,0,0,0
V04,104448,512,0,2.36843537414966,349.8851318359375,0.9773207902908325,0.06970540434122086,0.004858843516558409,0.11519887298345566,0.046549104154109955,0,0,0
V04,104960,512,0,2.380045351473923,349.73193359375,0.9740771055221558,0.07024573534727097,0.004934463184326887,0.11836543679237366,0.0760105699300766,0,0,0
V04,105472,512,0,2.391655328798186,349.8599853515625,0.971420168876648,0.06673910468816757,0.004454107955098152,0.11554847657680511,0.0654502883553505,0,0,0
V04,105984,512,0,2.403265306122449,349.82562255859375,0.9691246747970581,0.06699381023645401,0.004488170612603426,0.1098211407661438,0.0836934819817543,0,0,0
V04,106496,512,0,2.414875283446712,349.8229675292969,0.9667720794677734,0.06460679322481155,0.004174037370830774,0.10535819828510284,0.08573562651872635,0,0,0
V04,107008,512,0,2.426485260770975,349.88128662109375,0.9703389406204224,0.06316692382097244,0.003990060184150934,0.0968649759888649,0.10855954885482788,0,0,0
V04,107520,512,0,2.4380952380952383,349.5776672363281,0.9738028645515442,0.05933227017521858,0.0035203180741518736,0.09194479137659073,0.053134024143218994,0,0,0
V04,108032,512,0,2.449705215419501,349.71942138671875,0.9701816439628601,0.06001858785748482,0.0036022306885570288,0.1001608744263649,0.08239893615245819,0,0,0
V04,108544,512,108544,2.461315192743764,174.12818908691406,0.9200647473335266,0.09539905935525894,0.009100981056690216,0.2467629611492157,0.4017982482910156,1,0,0
V04,109056,512,0,2.4729251700680273,0.0,0.0,0.13539204001426697,0.018331006169319153,0.34164801239967346,0.3558869957923889,0,0,0
V04,109568,512,0,2.48453514739229,0.0,0.0,0.15235769748687744,0.023212868720293045,0.34942200779914856,0.31601765751838684,0,0,0
V04,110080,512,0,2.4961451247165534,0.0,0.0,0.22578899562358856,0.050980668514966965,0.4170474112033844,0.2788403332233429,0,0,0
V04,110592,512,0,2.507755102040816,0.0,0.0,0.18157540261745453,0.032969627529382706,0.3545992970466614,0.195585235953331,0,0,0
V04,111104,512,0,2.5193650793650795,0.0,0.0,0.17595581710338593,0.03096044808626175,0.37876519560813904,0.18352095782756805,0,0,0
V04,111616,512,0,2.5309750566893423,166.12628173828125,0.8562833666801453,0.20683811604976654,0.0427820049226284,0.382140189409256,0.19617360830307007,0,0,0
V04,112128,512,0,2.5425850340136056,165.85357666015625,0.8836918473243713,0.22910580039024353,0.052489470690488815,0.4270437955856323,0.1534672975540161,0,0,0
V04,112640,512,0,2.5541950113378684,331.4967346191406,0.8908968567848206,0.1998668909072876,0.0399467758834362,0.3809869587421417,0.13943955302238464,0,0,0
V04,113152,512,0,2.5658049886621317,331.582275390625,0.9389405250549316,0.15057924389839172,0.022674109786748886,0.27519381046295166,0.11748842149972916,0,0,0
V04,113664,512,0,2.5774149659863945,331.218994140625,0.9443478584289551,0.15907418727874756,0.02530459687113762,0.30607813596725464,0.16489838063716888,0,0,0
V04,114176,512,0,2.589024943310658,330.7183837890625,0.9432246088981628,0.17674148082733154,0.03123755007982254,0.3022043704986572,0.12196523696184158,0,0,0
V04,114688,512,0,2.6006349206349206,331.0653991699219,0.951413631439209,0.16793282330036163,0.028201434761285782,0.2700766324996948,0.12818998098373413,0,0,0
V04,115200,512,0,2.6122448979591835,331.0912170410156,0.9664458632469177,0.14114020764827728,0.019920559599995613,0.25917354226112366,0.09332576394081116,0,0,0
V04,115712,512,0,2.6238548752834467,331.3191833496094,0.9683541655540466,0.13181741535663605,0.017375832423567772,0.23661887645721436,0.15144243836402893,0,0,0
V04,116224,512,0,2.6354648526077096,331.29376220703125,0.9663143157958984,0.13797248899936676,0.01903640665113926,0.24867062270641327,0.091183140873909,0,0,0
V04,116736,512,0,2.647074829931973,330.9967041015625,0.9687313437461853,0.1456177979707718,0.021204544231295586,0.25988924503326416,0.06637463718652725,0,0,0
V04,117248,512,0,2.6586848072562357,331.28167724609375,0.9708783030509949,0.14296980202198029,0.020440366119146347,0.22676241397857666,0.14168670773506165,0,0,0
V04,117760,512,0,2.670294784580499,331.2610778808594,0.9773870706558228,0.1229390799999237,0.015114016830921173,0.2080068737268448,0.07601363211870193,0,0,0
V04,118272,512,0,2.681904761904762,330.9732360839844,0.9793892502784729,0.12185420840978622,0.01484844833612442,0.2035282701253891,0.08539846539497375,0,0,0
V04,118784,512,0,2.693514739229025,330.7372131347656,0.9792112112045288,0.13211628794670105,0.017454715445637703,0.2128811776638031,0.10667601227760315,0,0,0
V04,119296,512,0,2.705124716553288,330.7732238769531,0.9796907901763916,0.12075375020503998,0.01458146795630455,0.19788531959056854,0.07305624336004257,0,0,0
V04,119808,512,0,2.716734693877551,330.8187255859375,0.9801393747329712,0.11079196631908417,0.012274859473109245,0.19057822227478027,0.08768828213214874,0,0,0
V04,120320,512,0,2.728344671201814,330.57904052734375,0.9839550852775574,0.10960066318511963,0.012012304738163948,0.19077648222446442,0.12119478732347488,0,0,0
V04,120832,512,0,2.7399546485260773,330.5989990234375,0.9884030818939209,0.10812558978796005,0.011691143736243248,0.2033177614212036,0.060842618346214294,0,0,0
V04,121344,512,0,2.75156462585034,330.5421447753906,0.9891692399978638,0.11100804060697556,0.012322784401476383,0.20830675959587097,0.06357230991125107,0,0,0
V04,121856,512,0,2.7631746031746034,330.607666015625,0.9881797432899475,0.10419078916311264,0.0108557203784585,0.20059941709041595,0.09821182489395142,0,0,0
V04,122368,512,0,2.7747845804988662,330.7485656738281,0.9873629212379456,0.10074754059314728,0.010150066576898098,0.18998676538467407,0.08453652262687683,0,0,0
V04,122880,512,0,2.786394557823129,330.6387023925781,0.9875399470329285,0.10012899339199066,0.010025815106928349,0.16989104449748993,0.057722385972738266,0,0,0
V04,123392,512,0,2.7980045351473923,330.4479675292969,0.9894471764564514,0.10120925307273865,0.010243313387036324,0.16547659039497375,0.09655067324638367,0,0,0
V04,123904,512,0,2.809614512471655,330.54486083984375,0.9899191856384277,0.09780257940292358,0.009565345011651516,0.15527582168579102,0.07662704586982727,0,0,0
V04,124416,512,0,2.8212244897959184,330.5833740234375,0.9889633059501648,0.10274595767259598,0.01055673137307167,0.15980654954910278,0.06663792580366135,0,0,0
V04,124928,512,0,2.8328344671201813,330.37445068359375,0.9880049824714661,0.09409460425376892,0.008853794075548649,0.15166769921779633,0.07513497024774551,0,0,0
V04,125440,512,0,2.8444444444444446,330.30340576171875,0.9887959361076355,0.09413344413042068,0.008861105889081955,0.14829331636428833,0.058444418013095856,0,0,0
V04,125952,512,0,2.8560544217687074,330.3306884765625,0.9912481307983398,0.09006334096193314,0.008111405186355114,0.15281137824058533,0.06512507796287537,0,0,0
V04,126464,512,0,2.8676643990929707,330.37896728515625,0.9920259714126587,0.08941621333360672,0.007995259016752243,0.16169261932373047,0.11238930374383926,0,0,0
V04,126976,512,0,2.8792743764172335,330.49822998046875,0.9918565154075623,0.08273570239543915,0.00684519624337554,0.15075434744358063,0.08210378885269165,0,0,0
V04,127488,512,0,2.8908843537414968,330.4244079589844,0.9916424751281738,0.08705207705497742,0.007578063756227493,0.15418653190135956,0.10172505676746368,0,0,0
V04,128000,512,0,2.9024943310657596,330.31378173828125,0.9925107359886169,0.08257205039262772,0.006818144116550684,0.14749176800251007,0.05999104306101799,0,0,0
V04,128512,512,0,2.914104308390023,330.29779052734375,0.9931210279464722,0.07963521778583527,0.006341768428683281,0.1412707418203354,0.0821857750415802,0,0,0
V04,129024,512,0,2.9257142857142857,330.1787414550781,0.9935007691383362,0.08096589893102646,0.006555476691573858,0.12923011183738708,0.09353876113891602,0,0,0
V04,129536,512,0,2.9373242630385485,330.3472900390625,0.9938598275184631,0.0744902715086937,0.005548800807446241,0.1278642863035202,0.08830861002206802,0,0,0
V04,130048,512,0,2.948934240362812,330.2960510253906,0.9942652583122253,0.07665678858757019,0.00587626313790679,0.14212876558303833,0.0751313790678978,0,0,0
V04,130560,512,0,2.9605442176870747,330.2041015625,0.9943708181381226,0.07345502078533173,0.0053956396877765656,0.13825418055057526,0.10128883272409439,0,0,0
V04,131072,512,0,2.972154195011338,330.30078125,0.9953464865684509,0.068633534014225,0.004710561595857143,0.12980277836322784,0.06332017481327057,0,0,0
V04,131584,512,0,2.9837641723356008,330.2502746582031,0.9948905110359192,0.06953733414411545,0.004835441242903471,0.13204063475131989,0.0711648166179657,0,0,0
V04,132096,512,0,2.995374149659864,330.2657775878906,0.9943442940711975,0.0684928223490715,0.004691266920417547,0.1229531392455101,0.11854711174964905,0,0,0
V04,132608,512,0,3.006984126984127,330.344970703125,0.9944449663162231,0.06493856757879257,0.004217017441987991,0.11797992140054703,0.08264559507369995,0,0,0
V04,133120,512,0,3.01859410430839,330.3831787109375,0.9917272329330444,0.06185027211904526,0.0038254563696682453,0.12247534841299057,0.07021668553352356,0,0,0
V04,133632,512,0,3.030204081632653,330.3240051269531,0.9883559346199036,0.06041497364640236,0.0036499691195786,0.11472896486520767,0.14978115260601044,0,0,0
V04,134144,512,0,3.0418140589569163,330.37799072265625,0.9843805432319641,0.05997908115386963,0.0035974900238215923,0.118065245449543,0.06701856851577759,0,0,0
V04,134656,512,0,3.053424036281179,330.42742919921875,0.9830635190010071,0.06122535839676857,0.0037485447246581316,0.10645060986280441,0.05825543776154518,0,0,0
V04,135168,512,0,3.0650340136054424,330.40850830078125,0.9822359085083008,0.05928829684853554,0.003515101969242096,0.09517426043748856,0.12219101935625076,0,0,0
V04,135680,512,0,3.076643990929705,330.2490539550781,0.9765051007270813,0.058511536568403244,0.0034235999919474125,0.1111958846449852,0.07279287278652191,0,0,0
V04,136192,512,0,3.0882539682539685,330.43414306640625,0.9675220251083374,0.0572163462638855,0.003273710375651717,0.1112409308552742,0.06054883450269699,0,0,0
V04,136704,512,0,3.0998639455782313,330.6680908203125,0.9601803421974182,0.052577078342437744,0.002764349104836583,0.100341796875,0.13551552593708038,0,0,0
V04,137216,512,0,3.111473922902494,330.78204345703125,0.9562433362007141,0.0518474355340004,0.0026881566736847162,0.1023821160197258,0.0791100338101387,0,0,0
V04,137728,512,0,3.1230839002267574,330.64697265625,0.958779513835907,0.05271068215370178,0.002778416033834219,0.09055592864751816,0.07703797519207001,0,0,0
V04,138240,512,0,3.1346938775510202,330.54327392578125,0.9580563306808472,0.051663707941770554,0.0026691388338804245,0.091841921210289,0.11065293848514557,0,0,0
V04,138752,512,0,3.1463038548752835,330.6689453125,0.9538401961326599,0.0513976514339447,0.002641718601807952,0.09481603652238846,0.092497818171978,0,0,0
V04,139264,512,0,3.1579138321995464,330.646728515625,0.9473753571510315,0.05182754620909691,0.0026860947255045176,0.08838046342134476,0.07449187338352203,0,0,0
V04,139776,512,0,3.1695238095238096,330.3529968261719,0.9492464661598206,0.04724748060107231,0.002232324331998825,0.08116503059864044,0.06489422917366028,0,0,0
V04,140288,512,0,3.1811337868480725,330.4659118652344,0.9576932787895203,0.04514458030462265,0.002038032980635762,0.07070548832416534,0.06914162635803223,0,0,0
V04,140800,512,0,3.1927437641723357,330.4560241699219,0.9652630090713501,0.04599066451191902,0.0021151413675397635,0.07248516380786896,0.09200285375118256,0,0,0
V04,141312,512,0,3.2043537414965986,330.34716796875,0.9688273668289185,0.04370187968015671,0.001909854356199503,0.0836770161986351,0.08383696526288986,0,0,0
V04,141824,512,0,3.215963718820862,330.68109130859375,0.96590256690979,0.040208183228969574,0.0016166979912668467,0.07302545011043549,0.08854210376739502,0,0,0
V04,142336,512,0,3.2275736961451247,330.60760498046875,0.9653998017311096,0.04422810673713684,0.0019561254885047674,0.08167002350091934,0.1235664039850235,0,0,0
V04,142848,512,0,3.239183673469388,330.5042419433594,0.9702357053756714,0.04030992463231087,0.0016248899046331644,0.07227558642625809,0.06369500607252121,0,0,0
V04,143360,512,0,3.250793650793651,330.49298095703125,0.9759138822555542,0.03974749147891998,0.0015798630192875862,0.0693272203207016,0.11630765348672867,0,0,0
V04,143872,512,0,3.2624036281179136,330.3475036621094,0.9794546365737915,0.04078807309269905,0.0016636670334264636,0.0705668106675148,0.11287871748209,0,0,0
V04,144384,512,0,3.274013605442177,330.3298645019531,0.9760676026344299,0.035545896738767624,0.0012635107850655913,0.05900200083851814,0.07640678435564041,0,0,0
V04,144896,512,0,3.2856235827664397,330.42626953125,0.9724902510643005,0.03518376126885414,0.0012378969695419073,0.061004638671875,0.09097690880298615,0,0,0
V04,145408,512,0,3.297233560090703,330.319580078125,0.9717168211936951,0.037231046706438065,0.0013861507177352905,0.0610831119120121,0.12249046564102173,0,0,0
V04,145920,512,0,3.308843537414966,330.5148620605469,0.9725653529167175,0.03548310324549675,0.001259050564840436,0.055741291493177414,0.07633528113365173,0,0,0
V04,146432,512,0,3.320453514739229,330.54742431640625,0.9765303730964661,0.035432543605566025,0.00125546520575881,0.05686888471245766,0.087009496986866,0,0,0
V04,146944,512,0,3.332063492063492,330.4663391113281,0.9721143841743469,0.03623310104012489,0.0013128375867381692,0.06540508568286896,0.10772784054279327,0,0,0
V04,147456,512,0,3.3436734693877552,330.63165283203125,0.9681363105773926,0.03302855044603348,0.0010908852564170957,0.06065846234560013,0.09076843410730362,0,0,0
V04,147968,512,0,3.355283446712018,330.70745849609375,0.9699293971061707,0.03347475081682205,0.0011205588234588504,0.0592476986348629,0.0943724513053894,0,0,0
V04,148480,512,0,3.3668934240362813,330.720947265625,0.9626240730285645,0.03614893928170204,0.0013067456893622875,0.06448084115982056,0.15841123461723328,0,0,0
V04,148992,512,0,3.378503401360544,330.65411376953125,0.9637255072593689,0.033143021166324615,0.001098459935747087,0.0603572316467762,0.11263987421989441,0,0,0
V04,149504,512,0,3.3901133786848074,330.6855773925781,0.9539773464202881,0.03370508924126625,0.001136033097282052,0.0622079037129879,0.08351653814315796,0,0,0
V04,150016,512,0,3.4017233560090703,330.731689453125,0.9425199627876282,0.03142932802438736,0.000987802748568356,0.05745048448443413,0.08841037005186081,0,0,0
V04,150528,512,0,3.4133333333333336,330.6177062988281,0.9380895495414734,0.03142177313566208,0.0009873277740553021,0.05159785598516464,0.08847830444574356,0,0,0
V04,151040,512,0,3.4249433106575964,330.7602844238281,0.9177793264389038,0.034549012780189514,0.001193634350784123,0.06699729710817337,0.09770287573337555,0,0,0
V04,151552,512,0,3.436553287981859,330.7164306640625,0.8983075618743896,0.032903920859098434,0.0010826680809259415,0.06233153119683266,0.11502309888601303,0,0,0
V04,152064,512,0,3.4481632653061225,331.392333984375,0.8729864954948425,0.031520724296569824,0.000993556110188365,0.06121826171875,0.10152119398117065,0,0,0
V04,152576,512,0,3.4597732426303853,331.4590759277344,0.8647116422653198,0.033715806901454926,0.0011367556871846318,0.06309934705495834,0.09514748305082321,0,0,0
V04,153088,512,0,3.4713832199546486,331.61761474609375,0.8596532940864563,0.03194303438067436,0.0010203573619946837,0.05854735150933266,0.09668423980474472,0,0,0
V04,153600,512,0,3.4829931972789114,331.7326354980469,0.8528905510902405,0.028727978467941284,0.0008252967963926494,0.05895134434103966,0.14342238008975983,0,0,0
V04,154112,512,0,3.4946031746031747,164.93992614746094,0.974142849445343,0.03461550548672676,0.0011982332216575742,0.06115245074033737,0.1476840078830719,0,0,0
V04,154624,512,0,3.5062131519274375,164.76715087890625,0.9716601967811584,0.03129279986023903,0.0009792392374947667,0.06094806641340256,0.0802529901266098,0,0,0
V04,155136,512,0,3.517823129251701,164.83843994140625,0.9730571508407593,0.030312953516840935,0.0009188750991597772,0.05084456875920296,0.07296589761972427,0,0,0
V04,155648,512,0,3.5294331065759637,164.89784240722656,0.9761260151863098,0.02793782949447632,0.000780522299464792,0.04708706587553024,0.10028350353240967,0,0,0
V04,156160,512,0,3.541043083900227,331.23858642578125,0.8550477027893066,0.029526567086577415,0.0008718181634321809,0.05143727362155914,0.11465181410312653,0,0,0
V04,156672,512,0,3.5526530612244898,331.2009582519531,0.8571870923042297,0.02823498472571373,0.0007972143939696252,0.05799097567796707,0.09637408703565598,0,0,0
V04,157184,512,0,3.564263038548753,164.84051513671875,0.973701000213623,0.028772883117198944,0.0008278788300231099,0.055125437676906586,0.13290739059448242,0,0,0
V04,157696,512,0,3.575873015873016,164.88633728027344,0.9709505438804626,0.028355423361063004,0.000804030045401305,0.05570921674370766,0.11129853129386902,0,0,0
V04,158208,512,0,3.5874829931972787,164.91734313964844,0.9734203815460205,0.026664331555366516,0.0007109865546226501,0.048840269446372986,0.11394481360912323,0,0,0
V04,158720,512,0,3.599092970521542,331.365966796875,0.8606739044189453,0.026343490928411484,0.0006939795566722751,0.0453534796833992,0.11819987744092941,0,0,0
V04,159232,512,0,3.610702947845805,331.3265380859375,0.8757257461547852,0.02589358389377594,0.0006704776897095144,0.04627201706171036,0.09858441352844238,0,0,0
V04,159744,512,0,3.622312925170068,331.17181396484375,0.878801167011261,0.024730922654271126,0.0006116185686551034,0.04154936969280243,0.11248952895402908,0,0,0
V04,160256,512,0,3.633922902494331,330.9960632324219,0.8782428503036499,0.026846108958125114,0.0007207135786302388,0.049171604216098785,0.12232401967048645,0,0,0
V04,160768,512,0,3.645532879818594,330.8610534667969,0.8925049304962158,0.024813329800963402,0.000615701312199235,0.04254088178277016,0.07391025871038437,0,0,0
V04,161280,512,0,3.657142857142857,330.7610778808594,0.9108216762542725,0.02521432191133499,0.0006357620586641133,0.045602913945913315,0.09353907406330109,0,0,0
V04,161792,512,0,3.6687528344671203,330.7905578613281,0.9338844418525696,0.024994371458888054,0.0006247186101973057,0.04402773082256317,0.13570548593997955,0,0,0
V04,162304,512,0,3.680362811791383,330.88885498046875,0.9304162263870239,0.0222183745354414,0.0004936562036164105,0.0449000783264637,0.09381305426359177,0,0,0
V04,162816,512,0,3.6919727891156464,330.9327392578125,0.9219030737876892,0.021517790853977203,0.00046301528345793486,0.0440579354763031,0.11643997579813004,0,0,0
V04,163328,512,0,3.7035827664399092,330.643798828125,0.9075331091880798,0.02085183747112751,0.00043479911983013153,0.0414930060505867,0.13020983338356018,0,0,0
V04,163840,512,0,3.7151927437641725,164.937255859375,0.9462358951568604,0.028531299903988838,0.0008140350691974163,0.062198977917432785,0.21018476784229279,0,0,0
V04,164352,512,0,3.7268027210884354,164.75352478027344,0.9203764200210571,0.020643798634409904,0.00042616642895154655,0.041500478982925415,0.14362145960330963,0,0,0
V04,164864,512,0,3.7384126984126986,164.6925506591797,0.8903328776359558,0.013231760822236538,0.00017507950542494655,0.0296928770840168,0.11808297038078308,0,0,0
V04,165376,512,0,3.7500226757369615,164.59007263183594,0.8730373978614807,0.009761665016412735,0.00009529011003905907,0.018077928572893143,0.09471920132637024,0,0,0
V04,165888,512,0,3.7616326530612243,164.47479248046875,0.8531273603439331,0.012343106791377068,0.0001523522805655375,0.02481193281710148,0.12799261510372162,0,0,0
V04,166400,512,0,3.7732426303854876,0.0,0.0,0.012155303731560707,0.00014775140152778476,0.02538294345140457,0.13425956666469574,0,0,0
V04,166912,512,0,3.7848526077097504,0.0,0.0,0.009543061256408691,0.000091070010967087,0.022747844457626343,0.12356461584568024,0,0,0
V04,167424,512,0,3.7964625850340137,0.0,0.0,0.010174986906349659,0.00010353035759180784,0.019573912024497986,0.14453846216201782,0,0,0
V04,167936,512,0,3.8080725623582765,0.0,0.0,0.006726620718836784,0.0000452474232588429,0.01722032204270363,0.11807684600353241,0,0,0
V04,168448,512,0,3.81968253968254,0.0,0.0,0.0042753578163683414,0.000018278686184203252,0.009075865149497986,0.11261454224586487,0,0,0
V04,168960,512,0,3.8312925170068026,0.0,0.0,0.007801189087331295,0.00006085855056880973,0.018628593534231186,0.128946915268898,0,0,0
V04,169472,512,0,3.842902494331066,0.0,0.0,0.007716722786426544,0.00005954780863248743,0.015050251968204975,0.15843454003334045,0,0,0
V04,169984,512,0,3.8545124716553287,0.0,0.0,0.009171338751912117,0.000084113453340251,0.017568886280059814,0.17089411616325378,0,0,0
V04,170496,512,0,3.866122448979592,0.0,0.0,0.009265860542654991,0.00008585617615608498,0.017871156334877014,0.15399472415447235,0,0,0
V04,171008,512,0,3.877732426303855,0.0,0.0,0.007060946896672249,0.00004985697160009295,0.014375024475157261,0.15775607526302338,0,0,0
V04,171520,512,0,3.889342403628118,0.0,0.0,0.006991506088525057,0.00004888115654466674,0.01316272933036089,0.15160506963729858,0,0,0
V04,172032,512,0,3.900952380952381,0.0,0.0,0.0049302829429507256,0.000024307692001457326,0.00861322320997715,0.10264294594526291,0,0,0
V04,172544,512,0,3.912562358276644,0.0,0.0,0.004765716381371021,0.000022712054487783462,0.009210080839693546,0.15100429952144623,0,0,0
V04,173056,512,0,3.924172335600907,0.0,0.0,0.006127089727669954,0.00003754122735699639,0.013449948281049728,0.1868983954191208,0,0,0
V04,173568,512,0,3.93578231292517,0.0,0.0,0.005677372682839632,0.00003223256135242991,0.012620263732969761,0.17424143850803375,0,0,0
V04,174080,512,0,3.947392290249433,0.0,0.0,0.007157833781093359,0.00005123458686284721,0.015232112258672714,0.1816185563802719,0,0,0
V04,174592,512,0,3.959002267573696,0.0,0.0,0.005235078278928995,0.000027406043955124915,0.012646421790122986,0.14711616933345795,0,0,0
V04,175104,512,0,3.9706122448979593,0.0,0.0,0.005833253264427185,0.000034026841603918,0.009783375076949596,0.16325640678405762,0,0,0
V04,175616,512,0,3.982222222222222,0.0,0.0,0.004065494518727064,0.00001652824539633002,0.00856111478060484,0.14955660700798035,0,0,0
V04,176128,512,0,3.9938321995464854,0.0,0.0,0.0033140552695840597,0.000010982962521666195,0.007390547543764114,0.11974616348743439,0,0,0
V04,176640,512,0,4.005442176870749,0.0,0.0,0.003932910971343517,0.000015467789125978015,0.007379025686532259,0.15375982224941254,0,0,0
V04,177152,512,0,4.017052154195011,0.0,0.0,0.004269198514521122,0.00001822605736379046,0.009031645953655243,0.183968648314476,0,0,0
V04,177664,512,0,4.028662131519274,0.0,0.0,0.005164851900190115,0.000026675696062739007,0.012600853107869625,0.14756320416927338,0,0,0
V04,178176,512,0,4.040272108843538,0.0,0.0,0.004395106807351112,0.000019316963516757824,0.009520239196717739,0.14757759869098663,0,0,0
V04,178688,512,0,4.051882086167801,0.0,0.0,0.004670731257647276,0.000021815729269292206,0.011804593726992607,0.14183621108531952,0,0,0
V04,179200,512,0,4.063492063492063,0.0,0.0,0.0023460183292627335,0.0000055038021855580155,0.006750301457941532,0.0,0,1,0
V04,179712,512,0,4.0751020408163265,0.0,0.0,0.0039085932075977325,0.0000152771026478149,0.00794111005961895,0.14385510981082916,0,0,0
V04,180224,512,0,4.08671201814059,0.0,0.0,0.004501802381128073,0.000020266223145881668,0.008410084061324596,0.1633789986371994,0,0,0
V04,180736,512,0,4.098321995464852,0.0,0.0,0.004339840728789568,0.000018834216461982578,0.009517435915768147,0.17088399827480316,0,0,0
V04,181248,512,0,4.1099319727891155,0.0,0.0,0.004842819180339575,0.000023452896130038425,0.009795831516385078,0.1736861765384674,0,0,0
V04,181760,512,0,4.121541950113379,0.0,0.0,0.006240255199372768,0.000038940786907915026,0.012157829478383064,0.18283051252365112,0,0,0
V04,182272,512,0,4.133151927437642,0.0,0.0,0.004997996147722006,0.000024979965019156225,0.009674072265625,0.19050393998622894,0,0,0
V04,182784,512,0,4.144761904761904,0.0,0.0,0.00671240221709013,0.00004505634569795802,0.01378522627055645,0.17457884550094604,0,0,0
V04,183296,512,0,4.156371882086168,0.0,0.0,0.007176130544394255,0.00005149685239302926,0.012758631259202957,0.21493303775787354,0,0,0
V04,183808,512,0,4.167981859410431,0.0,0.0,0.004654532298445702,0.000021664669475285336,0.00790384504944086,0.12479965388774872,0,0,0
V04,184320,512,0,4.179591836734694,0.0,0.0,0.005966539494693279,0.00003559959077392705,0.01359537336975336,0.19054120779037476,0,0,0
V04,184832,512,0,4.191201814058957,0.0,0.0,0.006539853289723396,0.0000427696795668453,0.013649765402078629,0.1819871962070465,0,0,0
V04,185344,512,0,4.20281179138322,0.0,0.0,0.009130561724305153,0.0000833671583677642,0.017404258251190186,0.20883622765541077,0,0,0
V04,185856,512,0,4.214421768707483,0.0,0.0,0.010228008963167667,0.00010461216152179986,0.0192268006503582,0.18039244413375854,0,0,0
V04,186368,512,0,4.2260317460317465,0.0,0.0,0.00809449516236782,0.00006552084960276261,0.01639271341264248,0.15241855382919312,0,0,0
V04,186880,512,0,4.237641723356009,149.25506591796875,0.8662746548652649,0.006176457740366459,0.000038148631574586034,0.010379609651863575,0.15580742061138153,0,0,0
V04,187392,512,0,4.249251700680272,150.6487274169922,0.8647685050964355,0.0048424964770674706,0.000023449772925232537,0.010536661371588707,0.14804430305957794,0,0,0
V04,187904,512,0,4.260861678004535,149.7234649658203,0.8801850080490112,0.008265786804258823,0.00006832323560956866,0.01446533203125,0.16681063175201416,0,0,0
V04,188416,512,0,4.272471655328798,149.49574279785156,0.8885801434516907,0.0076230233535170555,0.000058110483223572373,0.013761559501290321,0.22961285710334778,0,0,0
V04,188928,512,0,4.284081632653061,149.096923828125,0.894839346408844,0.007543530315160751,0.000056904849770944566,0.014721409417688847,0.15918144583702087,0,0,0
V04,189440,512,0,4.295691609977324,149.50872802734375,0.8828021883964539,0.005155300721526146,0.000026577125026960857,0.012518123723566532,0.1753203421831131,0,0,0
V04,189952,512,0,4.307301587301588,0.0,0.0,0.005180622451007366,0.000026838846679311246,0.010239892639219761,0.1664055585861206,0,0,0
V04,190464,512,0,4.31891156462585,0.0,0.0,0.005102450959384441,0.00002603500433906447,0.010608699172735214,0.13332904875278473,0,0,0
V04,190976,512,0,4.330521541950113,0.0,0.0,0.004860294982790947,0.000023622465960215777,0.010381893254816532,0.19023270905017853,0,0,0
V04,191488,512,0,4.342131519274377,0.0,0.0,0.003932568710297346,0.000015465097021660767,0.00970458984375,0.14405737817287445,0,0,0
V04,192000,512,0,4.35374149659864,0.0,0.0,0.005115115083754063,0.00002616439996927511,0.008578346110880375,0.15780936181545258,0,0,0
V04,192512,512,0,4.365351473922902,0.0,0.0,0.004599069710820913,0.000021151441615074873,0.00930225569754839,0.1886877417564392,0,0,0
V04,193024,512,0,4.3769614512471655,0.0,0.0,0.003804938867688179,0.000014477559489023406,0.0070502869784832,0.12118136137723923,0,0,0
V04,193536,512,0,4.388571428571429,0.0,0.0,0.005120822228491306,0.000026222820451948792,0.00914779957383871,0.17264454066753387,0,0,0
V04,194048,512,0,4.400181405895691,0.0,0.0,0.004029352217912674,0.00001623568095965311,0.009196793660521507,0.1600419580936432,0,0,0
V04,194560,512,0,4.4117913832199545,0.0,0.0,0.0032564711291342974,0.000010604604540276341,0.007569916546344757,0.1473672240972519,0,0,0
V04,195072,512,0,4.423401360544218,0.0,0.0,0.003560083918273449,0.000012674197932938114,0.008991682901978493,0.17670848965644836,0,0,0
V04,195584,512,0,4.435011337868481,0.0,0.0,0.00548554165288806,0.00003009116517205257,0.009543698281049728,0.17095734179019928,0,0,0
V04,196096,512,0,4.446621315192743,0.0,0.0,0.005100885406136513,0.000026019029974122532,0.012084649875760078,0.1943802535533905,0,0,0
V04,196608,512,0,4.458231292517007,0.0,0.0,0.006303946953266859,0.00003973974889959209,0.01290872786194086,0.1961788833141327,0,0,0
V04,197120,512,0,4.46984126984127,0.0,0.0,0.00464222626760602,0.000021550265955738723,0.008687336929142475,0.16857758164405823,0,0,0
V04,197632,512,0,4.481451247165533,0.0,0.0,0.004938231781125069,0.000024386132281506434,0.0091400146484375,0.2037781924009323,0,0,0
V04,198144,512,0,4.493061224489796,0.0,0.0,0.010057227686047554,0.00010114783071912825,0.020365189760923386,0.23512998223304749,0,0,0
V04,198656,512,0,4.504671201814059,0.0,0.0,0.00870404951274395,0.00007576047937618569,0.023193981498479843,0.2665517032146454,0,0,0
V04,199168,512,0,4.516281179138322,0.0,0.0,0.014665327966213226,0.00021507185010705143,0.024945421144366264,0.2484920769929886,0,0,0
V04,199680,512,0,4.527891156462585,0.0,0.0,0.008065338246524334,0.00006504968041554093,0.019085941836237907,0.13003228604793549,0,0,0
V04,200192,512,0,4.539501133786848,0.0,0.0,0.005718256812542677,0.00003269846274633892,0.011676606722176075,0.1430165320634842,0,0,0
V04,200704,512,0,4.551111111111111,0.0,0.0,0.00920927431434393,0.00008481073018629104,0.0166778564453125,0.17484638094902039,0,0,0
V04,201216,512,0,4.562721088435374,0.0,0.0,0.009951045736670494,0.00009902331657940522,0.019911784678697586,0.18601545691490173,0,0,0
V04,201728,512,0,4.574331065759637,0.0,0.0,0.011500661261379719,0.00013226520968601108,0.01893875189125538,0.2037016749382019,0,0,0
V04,202240,512,0,4.5859410430839,0.0,0.0,0.012774603441357613,0.00016319050337187946,0.0238494873046875,0.19585123658180237,0,0,0
V04,202752,512,0,4.597551020408163,149.33200073242188,0.8840203285217285,0.011587831191718578,0.00013427782687358558,0.021422717720270157,0.16216012835502625,0,0,0
V04,203264,512,0,4.609160997732427,147.748046875,0.873500645160675,0.01013854704797268,0.0001027901453198865,0.018496455624699593,0.17013750970363617,0,0,0
V04,203776,512,0,4.620770975056689,148.14932250976562,0.8678749203681946,0.004483827855437994,0.000020104713257751428,0.009196482598781586,0.11082540452480316,0,0,0
V04,204288,512,0,4.632380952380952,147.78948974609375,0.8770930767059326,0.00580452149733901,0.00003369246769580059,0.011584327556192875,0.1254006326198578,0,0,0
V04,204800,512,0,4.6439909297052155,147.59820556640625,0.8658140301704407,0.007816464640200138,0.00006109711830504239,0.018500296398997307,0.19469495117664337,0,0,0
V04,205312,512,0,4.655600907029479,148.19168090820312,0.8635636568069458,0.007313626818358898,0.000053489140555029735,0.014050022698938847,0.16691485047340393,0,0,0
V04,205824,512,0,4.667210884353741,0.0,0.0,0.010881606489419937,0.0001184093562187627,0.023008905351161957,0.227659210562706,0,0,0
V04,206336,512,0,4.6788208616780045,0.0,0.0,0.007206758949905634,0.000051937371608801186,0.01566164195537567,0.1707383394241333,0,0,0
V04,206848,512,0,4.690430839002268,0.0,0.0,0.005147522781044245,0.00002649699308676645,0.010678038001060486,0.13962823152542114,0,0,0
V04,207360,512,0,4.702040816326531,0.0,0.0,0.005088113248348236,0.000025888897653203458,0.010416666977107525,0.15177682042121887,0,0,0
V04,207872,512,0,4.713650793650793,0.0,0.0,0.007227391470223665,0.000052235187467886135,0.017205167561769485,0.1531018316745758,0,0,0
V04,208384,512,0,4.725260770975057,0.0,0.0,0.006245054304599762,0.000039000704418867826,0.012644450180232525,0.14506949484348297,0,0,0
V04,208896,512,0,4.73687074829932,0.0,0.0,0.004855927079916,0.000023580028937431052,0.012483246624469757,0.14935392141342163,0,0,0
V04,209408,512,0,4.748480725623582,0.0,0.0,0.00740234786644578,0.00005479475294123404,0.014339732937514782,0.1940254420042038,0,0,0
V04,209920,512,0,4.760090702947846,0.0,0.0,0.00490422872826457,0.000024051458240137435,0.015938999131321907,0.2009764164686203,0,0,0
V04,210432,512,0,4.771700680272109,0.0,0.0,0.005592228379100561,0.00003127301897620782,0.01532854326069355,0.12477345019578934,0,0,0
V04,210944,512,0,4.783310657596372,0.0,0.0,0.0063934409990906715,0.00004087608976988122,0.016815185546875,0.1458570957183838,0,0,0
V04,211456,512,0,4.794920634920635,0.0,0.0,0.006475511007010937,0.000041932242311304435,0.012084337882697582,0.17112304270267487,0,0,0
V04,211968,512,0,4.806530612244898,0.0,0.0,0.005153384990990162,0.000026557378077995963,0.012740777805447578,0.1398126184940338,0,0,0
V04,212480,512,0,4.818140589569161,0.0,0.0,0.0093297827988863,0.00008704484935151413,0.017466330900788307,0.21139371395111084,0,0,0
V04,212992,512,0,4.829750566893424,0.0,0.0,0.01085845846682787,0.00011790612916229293,0.019610553979873657,0.19216051697731018,0,0,0
V04,213504,512,0,4.841360544217687,0.0,0.0,0.01331022847443819,0.0001771621755324304,0.02212337590754032,0.22734783589839935,0,0,0
V04,214016,512,0,4.85297052154195,0.0,0.0,0.006139310076832771,0.0000376911302737426,0.016088679432868958,0.1408481001853943,0,0,0
V04,214528,512,0,4.864580498866213,0.0,0.0,0.006215392611920834,0.000038631103961961344,0.012259450741112232,0.15111130475997925,0,0,0
V04,215040,512,0,4.876190476190477,0.0,0.0,0.004185892175883055,0.0000175216919160448,0.011394266970455647,0.14069268107414246,0,0,0
V04,215552,512,0,4.887800453514739,0.0,0.0,0.0057025933638215065,0.0000325195724144578,0.014769262634217739,0.15716411173343658,0,0,0
V04,216064,512,0,4.899410430839002,0.0,0.0,0.017428239807486534,0.0003037435235455632,0.028956199064850807,0.2647068202495575,0,0,0
V04,216576,512,0,4.911020408163266,0.0,0.0,0.01790674775838852,0.00032065159757621586,0.031136441975831985,0.18527278304100037,0,0,0
V04,217088,512,0,4.922630385487528,0.0,0.0,0.010652605444192886,0.00011347801046213135,0.018185673281550407,0.11178324371576309,0,0,0
V04,217600,512,0,4.934240362811791,0.0,0.0,0.006828365847468376,0.00004662657738663256,0.0147232785820961,0.18320244550704956,0,0,0
V04,218112,512,0,4.9458503401360545,0.0,0.0,0.014161663129925728,0.00020055270579177886,0.021129997447133064,0.2155119925737381,0,0,0
V04,218624,512,0,4.957460317460318,144.06771850585938,0.8606494069099426,0.013795970939099789,0.00019032882119063288,0.025617016479372978,0.14750297367572784,0,0,0
V04,219136,512,0,4.96907029478458,143.84588623046875,0.8554376363754272,0.005599223077297211,0.00003135130100417882,0.011347556486725807,0.1020127683877945,0,0,0
V04,219648,512,0,4.9806802721088435,144.22662353515625,0.8616836071014404,0.008108196780085564,0.00006574285362148657,0.016753528267145157,0.19895610213279724,0,0,0
V04,220160,512,0,4.992290249433107,0.0,0.0,0.008367741480469704,0.0000700191012583673,0.0173005610704422,0.19101449847221375,0,0,0
V04,220672,512,0,5.00390022675737,0.0,0.0,0.005808150861412287,0.00003373461731825955,0.0108780637383461,0.13426873087882996,0,0,0
V04,221184,512,0,5.015510204081632,0.0,0.0,0.009611155837774277,0.00009237432095687836,0.01991894841194153,0.16815300285816193,0,0,0
V04,221696,512,0,5.027120181405896,0.0,0.0,0.01243152841925621,0.0001545428967801854,0.023006828501820564,0.2236453890800476,0,0,0
V04,222208,512,0,5.038730158730159,0.0,0.0,0.009050675667822361,0.0000819147244328633,0.019750062376260757,0.14658509194850922,0,0,0
V04,222720,512,0,5.050340136054421,0.0,0.0,0.008257064037024975,0.0000681791061651893,0.016066569834947586,0.15271931886672974,0,0,0
V04,223232,512,0,5.061950113378685,0.0,0.0,0.006251592189073563,0.000039082402508938685,0.01500032376497984,0.1516226828098297,0,0,0
V04,223744,512,0,5.073560090702948,0.0,0.0,0.013253232464194298,0.0001756481797201559,0.023863499984145164,0.2044939398765564,0,0,0
V04,224256,512,0,5.085170068027211,0.0,0.0,0.005953699350357056,0.000035446533729555085,0.011587440967559814,0.14324861764907837,0,0,0
V04,224768,512,0,5.0967800453514736,0.0,0.0,0.005924365483224392,0.000035098106309305876,0.0144500732421875,0.12498386949300766,0,0,0
V04,225280,512,0,5.108390022675737,0.0,0.0,0.005108360666781664,0.0000260953474935377,0.013180687092244625,0.19428500533103943,0,0,0
V04,225792,512,0,5.12,0.0,0.0,0.003445633687078953,0.000011872391041833907,0.007172772660851479,0.15686757862567902,0,0,0
V04,226304,512,0,5.131609977324263,0.0,0.0,0.007319833617657423,0.00005357996269594878,0.0126495361328125,0.1507481187582016,0,0,0
V04,226816,512,0,5.143219954648526,0.0,0.0,0.004763330798596144,0.000022689318939228542,0.009458268992602825,0.1220153272151947,0,0,0
V04,227328,512,0,5.154829931972789,0.0,0.0,0.008351045660674572,0.00006973996642045677,0.015500438399612904,0.2082746922969818,0,0,0
V04,227840,512,0,5.166439909297052,0.0,0.0,0.005253187846392393,0.000027595984647632577,0.012388891540467739,0.16684263944625854,0,0,0
V04,228352,512,0,5.178049886621316,0.0,0.0,0.0056543960236012936,0.000031972194847185165,0.011444402858614922,0.15826697647571564,0,0,0
V04,228864,512,0,5.189659863945578,0.0,0.0,0.009120253846049309,0.00008317903120769188,0.01691691018640995,0.1938561499118805,0,0,0
V04,229376,512,0,5.201269841269841,0.0,0.0,0.0068543641828000546,0.00004698230986832641,0.015307679772377014,0.15999436378479004,0,0,0
V04,229888,512,0,5.2128798185941045,0.0,0.0,0.012361454777419567,0.00015280557272490114,0.02368195168673992,0.24577121436595917,0,0,0
V04,230400,512,0,5.224489795918367,0.0,0.0,0.007719811983406544,0.000059595498896669596,0.0167694091796875,0.17503151297569275,0,0,0
V04,230912,512,0,5.23609977324263,0.0,0.0,0.00972928386181593,0.00009465895709581673,0.022619130089879036,0.1717085838317871,0,0,0
V04,231424,512,0,5.2477097505668935,0.0,0.0,0.010024627670645714,0.00010049315460491925,0.021951066330075264,0.2077079564332962,0,0,0
V04,231936,512,0,5.259319727891157,0.0,0.0,0.013212905265390873,0.0001745808549458161,0.02358572743833065,0.20444504916667938,0,0,0
V04,232448,512,0,5.270929705215419,0.0,0.0,0.01200095284730196,0.00014402286615222692,0.021636962890625,0.16341152787208557,0,0,0
V04,232960,512,0,5.282539682539682,0.0,0.0,0.011058115400373936,0.0001222819264512509,0.021660422906279564,0.17925070226192474,0,0,0
V04,233472,512,0,5.294149659863946,0.0,0.0,0.011734616942703724,0.00013770123769063503,0.023495420813560486,0.1708255410194397,0,0,0
V04,233984,275,0,5.305759637188209,0.0,0.0,0.009781110100448132,0.00009567011147737503,0.01710074208676815,0.1267426460981369,0,0,1
